customer_id,churn_probability_ground_truth,churned,churn_date
C00001,0.870116187772296,1,2026-10-08
C00002,0.7379504467636632,0,
C00003,0.3667350240852151,1,2026-09-22
C00004,0.2499040307411092,0,
C00005,0.5023208818159056,1,2026-09-22
C00006,0.3969145890621811,0,
C00007,0.08160046733992882,0,
C00008,0.7042159327204306,0,
C00009,0.956960866359293,1,2026-09-30
C00010,0.042086991649347594,0,
C00011,0.18587360281501905,1,2026-09-20
C00012,0.7194649758479372,1,2026-10-12
C00013,0.2846496826863526,0,
C00014,0.9893562246604741,1,2026-09-17
C00015,0.9655030040013849,1,2026-09-17
C00016,0.1782715463258302,0,
C00017,0.7240282646394134,1,2026-10-10
C00018,0.5532869800752866,0,
C00019,0.010857279555187754,0,
C00020,0.13951893664500475,1,2026-10-04
C00021,0.6194441170406773,1,2026-10-06
C00022,0.30297313018379346,0,
C00023,0.5954459152092676,0,
C00024,0.28882845490930964,1,2026-10-10
C00025,0.45666303517370954,1,2026-09-30
C00026,0.08339530180422541,0,
C00027,0.8875375179937234,1,2026-09-24
C00028,0.20608666266223027,0,
C00029,0.7708345541260591,0,
C00030,0.5399923627535231,1,2026-09-29
C00031,0.47816588862195497,0,
C00032,0.2863770402097462,0,
C00033,0.509088950259691,1,2026-10-07
C00034,0.543646554009774,0,
C00035,0.8590503772174257,1,2026-10-09
C00036,0.33983647248740867,0,
C00037,0.01,0,
C00038,0.5364882997680371,1,2026-10-13
C00039,0.99,1,2026-09-21
C00040,0.5483853537826265,0,
C00041,0.99,1,2026-10-04
C00042,0.2045804527421032,1,2026-09-25
C00043,0.99,1,2026-10-07
C00044,0.6184684836356347,0,
C00045,0.519204086633173,0,
C00046,0.8607629667221267,1,2026-10-09
C00047,0.4803628651706435,1,2026-09-24
C00048,0.7365749800288385,0,
C00049,0.9320899127098419,1,2026-09-30
C00050,0.3175411838304244,0,
C00051,0.99,1,2026-10-09
C00052,0.01,0,
C00053,0.01417268193799115,0,
C00054,0.6438028527258587,1,2026-10-12
C00055,0.7485129521578092,1,2026-10-07
C00056,0.1478353593303696,1,2026-09-26
C00057,0.7434238558478306,1,2026-10-11
C00058,0.246904970873308,0,
C00059,0.19079510898186156,0,
C00060,0.43579339372217685,0,
C00061,0.12327620077727192,0,
C00062,0.43621402307410995,1,2026-10-13
C00063,0.35014091333204433,0,
C00064,0.18942301829800853,0,
C00065,0.870432358370027,1,2026-10-03
C00066,0.718474749048009,1,2026-10-04
C00067,0.5249508423024674,0,
C00068,0.5217042482234485,0,
C00069,0.01,0,
C00070,0.44912723713722574,1,2026-10-08
C00071,0.8536354932363338,1,2026-09-30
C00072,0.8982895107607706,1,2026-09-18
C00073,0.13477102725510054,0,
C00074,0.10309719064580908,0,
C00075,0.8612450460281583,1,2026-10-07
C00076,0.09990584534360711,1,2026-09-30
C00077,0.6004140873712731,1,2026-09-23
C00078,0.01,0,
C00079,0.5432975574322864,0,
C00080,0.01,0,
C00081,0.6437571480993103,1,2026-09-22
C00082,0.01,0,
C00083,0.3066718764438576,0,
C00084,0.4121410776433252,0,
C00085,0.01,0,
C00086,0.09561277372189855,1,2026-09-22
C00087,0.1361723032091665,0,
C00088,0.09057503078850043,0,
C00089,0.8709967702164126,0,
C00090,0.3501662835127005,1,2026-10-08
C00091,0.758935824585478,0,
C00092,0.4082227592537587,1,2026-10-07
C00093,0.042591969484754744,0,
C00094,0.7456537711305511,0,
C00095,0.01,0,
C00096,0.4527822218009774,0,
C00097,0.039112017221539536,0,
C00098,0.6708169732531327,0,
C00099,0.8927039025138329,1,2026-10-05
C00100,0.99,1,2026-10-08
C00101,0.5777763513504874,1,2026-09-28
C00102,0.33270372149205246,0,
C00103,0.08827904682605187,1,2026-10-15
C00104,0.8198761428789026,1,2026-09-27
C00105,0.99,1,2026-10-11
C00106,0.4882341238205753,0,
C00107,0.6936920969109724,0,
C00108,0.6974564902529456,1,2026-10-10
C00109,0.5857008567790105,0,
C00110,0.6586809663987906,1,2026-09-21
C00111,0.2650967366735957,0,
C00112,0.751424870163106,0,
C00113,0.1443953811426587,0,
C00114,0.612503036424561,1,2026-09-25
C00115,0.01,0,
C00116,0.9688250381679132,1,2026-09-26
C00117,0.727388811793592,0,
C00118,0.5829634607290247,0,
C00119,0.09446777906975468,0,
C00120,0.8749885515593165,0,
C00121,0.7751738143940646,1,2026-09-18
C00122,0.7379878035234845,1,2026-09-28
C00123,0.99,1,2026-10-01
C00124,0.24287936845728872,1,2026-09-23
C00125,0.8586495819268755,1,2026-09-23
C00126,0.42479603465092164,1,2026-10-12
C00127,0.1956061288107682,0,
C00128,0.7084141132768267,1,2026-09-22
C00129,0.849528225126761,1,2026-09-20
C00130,0.2147482411411867,0,
C00131,0.6934907105441765,0,
C00132,0.14297062266970545,0,
C00133,0.6414001110406539,1,2026-10-13
C00134,0.6984701094378825,1,2026-09-26
C00135,0.19595683414299156,0,
C00136,0.6215190947145378,1,2026-09-22
C00137,0.4248782139325751,0,
C00138,0.5072753871796142,0,
C00139,0.42422170040996476,1,2026-10-04
C00140,0.1509118689221046,0,
C00141,0.01,0,
C00142,0.9147001870307226,1,2026-09-19
C00143,0.05645431795312236,0,
C00144,0.12311425121332797,0,
C00145,0.01,0,
C00146,0.01,0,
C00147,0.01,0,
C00148,0.06040583596478874,0,
C00149,0.09272743490335053,0,
C00150,0.1697240602612736,0,
C00151,0.01,0,
C00152,0.09415585392028991,0,
C00153,0.5914767257001557,1,2026-09-22
C00154,0.7686864427149058,1,2026-10-04
C00155,0.6801871773665716,1,2026-09-28
C00156,0.7067063689611975,1,2026-10-04
C00157,0.5905637721449968,0,
C00158,0.5339802481057929,0,
C00159,0.8018667707279968,1,2026-10-14
C00160,0.6774184214806878,1,2026-09-27
C00161,0.01,0,
C00162,0.6204188883132233,1,2026-09-24
C00163,0.42421445807162395,1,2026-10-05
C00164,0.60202324751568,0,
C00165,0.4687953100031541,0,
C00166,0.37261766280543396,1,2026-10-13
C00167,0.08726009309778499,0,
C00168,0.4802008939925013,0,
C00169,0.7172280331031875,0,
C00170,0.5807772030827503,1,2026-09-27
C00171,0.01,0,
C00172,0.6750699910960956,1,2026-10-12
C00173,0.99,1,2026-09-18
C00174,0.9018439579993275,1,2026-09-26
C00175,0.2625687995640844,0,
C00176,0.43482383868545005,0,
C00177,0.6413121563637304,0,
C00178,0.6157985863286739,1,2026-09-18
C00179,0.716068791706841,0,
C00180,0.09907146656826912,0,
C00181,0.843038389764221,1,2026-09-18
C00182,0.8491823932278791,1,2026-10-10
C00183,0.4043515735784632,1,2026-09-17
C00184,0.030914699209292767,0,
C00185,0.6585667462586574,1,2026-10-08
C00186,0.2572599279370106,0,
C00187,0.7913906287144535,1,2026-09-29
C00188,0.21565710510908218,0,
C00189,0.16299927582891224,0,
C00190,0.7677103715760776,0,
C00191,0.5158205355576582,0,
C00192,0.08599164334891518,0,
C00193,0.389362847248763,0,
C00194,0.8027335514013053,0,
C00195,0.2852036134333069,0,
C00196,0.967656347628024,1,2026-10-07
C00197,0.37285824655741817,0,
C00198,0.8405738497374001,1,2026-09-24
C00199,0.01,0,
C00200,0.6091959811824065,0,
C00201,0.21756986563646255,1,2026-10-06
C00202,0.99,1,2026-10-01
C00203,0.4583556093405945,0,
C00204,0.07929066347870692,0,
C00205,0.6332088631001624,1,2026-09-19
C00206,0.09204416186379,0,
C00207,0.5849560288420036,0,
C00208,0.010589493418451473,0,
C00209,0.5720124379700259,0,
C00210,0.6134153177216463,0,
C00211,0.23632334059448654,1,2026-10-09
C00212,0.7447414399072858,1,2026-09-23
C00213,0.7437049693956651,1,2026-09-23
C00214,0.09515589037219033,0,
C00215,0.22536353012290541,0,
C00216,0.01,0,
C00217,0.6403635609608673,1,2026-09-18
C00218,0.36404294633312684,0,
C00219,0.2205605485389965,1,2026-09-27
C00220,0.9499479823858038,1,2026-10-03
C00221,0.3227975890242043,0,
C00222,0.5765651106968744,0,
C00223,0.9748960221025991,1,2026-09-24
C00224,0.5227399488268741,0,
C00225,0.01,0,
C00226,0.8686239900391372,1,2026-09-30
C00227,0.11341533721810512,0,
C00228,0.2532776258508198,0,
C00229,0.99,1,2026-09-26
C00230,0.3049778594456094,0,
C00231,0.5548348906748201,1,2026-09-21
C00232,0.21071918713121449,1,2026-10-10
C00233,0.2694286686683304,0,
C00234,0.4976253284562725,1,2026-10-02
C00235,0.99,1,2026-09-30
C00236,0.3324555647977562,0,
C00237,0.0473660070431437,0,
C00238,0.01,0,
C00239,0.2521088033119766,0,
C00240,0.2624125548696107,1,2026-10-09
C00241,0.2128757569783529,0,
C00242,0.4636087787025711,1,2026-10-04
C00243,0.17676436057506825,0,
C00244,0.2110763989919864,0,
C00245,0.01,0,
C00246,0.8357255016134927,1,2026-10-07
C00247,0.35709756170129947,1,2026-10-11
C00248,0.01,0,
C00249,0.8361543253914008,0,
C00250,0.5520363771903328,0,
C00251,0.7201209154888203,0,
C00252,0.2124895831368173,0,
C00253,0.6500377757737882,1,2026-10-15
C00254,0.5953573021401242,1,2026-10-10
C00255,0.5579063506309532,0,
C00256,0.30165118535141067,0,
C00257,0.19680215062624198,1,2026-09-21
C00258,0.8293275175924675,1,2026-09-30
C00259,0.31468277829469093,0,
C00260,0.684404746420473,1,2026-09-18
C00261,0.7643019192182636,0,
C00262,0.7489267656439594,1,2026-10-09
C00263,0.5209368360406006,1,2026-09-28
C00264,0.053790080438445964,0,
C00265,0.653511072664483,0,
C00266,0.9090851179232865,1,2026-10-12
C00267,0.3526178754545597,0,
C00268,0.5745470241127357,1,2026-10-07
C00269,0.4595913257775841,1,2026-09-22
C00270,0.7908117587256512,1,2026-10-01
C00271,0.99,1,2026-09-30
C00272,0.01,0,
C00273,0.01,0,
C00274,0.99,1,2026-09-22
C00275,0.34047463783905674,0,
C00276,0.31235369331953466,0,
C00277,0.903440944819338,1,2026-10-10
C00278,0.7920962301667163,1,2026-09-25
C00279,0.6971941931347221,0,
C00280,0.47189153801389183,1,2026-10-15
C00281,0.7260782509111123,1,2026-10-08
C00282,0.8796460163159877,0,
C00283,0.7508145164357192,1,2026-09-25
C00284,0.027304047050166175,0,
C00285,0.17795860462031585,0,
C00286,0.29759475910666455,0,
C00287,0.565498262669918,0,
C00288,0.19567141468796495,0,
C00289,0.28888504745049637,1,2026-09-29
C00290,0.08314297977827273,0,
C00291,0.7425079412233755,0,
C00292,0.31893376292112163,1,2026-10-15
C00293,0.22922899891564283,0,
C00294,0.5808262211269706,1,2026-10-04
C00295,0.022919786692922134,0,
C00296,0.2973583580971565,1,2026-10-09
C00297,0.75178573799957,1,2026-10-12
C00298,0.6361174491492485,0,
C00299,0.9218963632997901,1,2026-09-21
C00300,0.36741709210222906,1,2026-09-24
C00301,0.5189137242375476,0,
C00302,0.731440498555537,0,
C00303,0.17329103788778633,1,2026-10-05
C00304,0.6251377801454165,0,
C00305,0.7879472934965286,1,2026-09-25
C00306,0.33615227829411365,0,
C00307,0.24779542221686554,0,
C00308,0.5625246047037462,0,
C00309,0.21639068191539768,0,
C00310,0.7707685182029015,1,2026-10-10
C00311,0.29441690100751927,1,2026-09-27
C00312,0.21396592146376722,0,
C00313,0.9384195415912141,1,2026-10-08
C00314,0.1056216199692914,0,
C00315,0.7847840258666641,0,
C00316,0.20980295939683946,0,
C00317,0.9618056614440212,1,2026-10-12
C00318,0.11764190309614769,1,2026-09-25
C00319,0.29623459146816566,0,
C00320,0.627189771013983,1,2026-10-06
C00321,0.2692235033229837,1,2026-09-18
C00322,0.2017496870382438,1,2026-10-10
C00323,0.3883537980893472,0,
C00324,0.6132293432218552,0,
C00325,0.731900638090606,1,2026-10-15
C00326,0.7207618315441728,1,2026-10-14
C00327,0.6568172484004919,1,2026-09-28
C00328,0.05543515248519143,0,
C00329,0.47660394712207477,0,
C00330,0.16897217763132544,0,
C00331,0.22347582588372925,0,
C00332,0.6358820482340662,0,
C00333,0.8434798704255391,1,2026-10-13
C00334,0.7146166468247502,1,2026-10-07
C00335,0.8903107953631122,1,2026-09-23
C00336,0.5900481909412298,1,2026-10-11
C00337,0.99,1,2026-09-18
C00338,0.6337226403118411,0,
C00339,0.99,1,2026-09-19
C00340,0.11294076490298144,0,
C00341,0.04892350059542813,1,2026-10-02
C00342,0.5903494445741644,0,
C00343,0.12413477192173794,0,
C00344,0.01,0,
C00345,0.01,0,
C00346,0.8375368648371563,1,2026-10-06
C00347,0.927458005346795,1,2026-10-12
C00348,0.3834673224405343,0,
C00349,0.8747558404792268,1,2026-10-03
C00350,0.8095504663298836,1,2026-09-30
C00351,0.12610771662955986,0,
C00352,0.7361149989869856,1,2026-10-01
C00353,0.9817934146013452,1,2026-09-28
C00354,0.99,1,2026-10-10
C00355,0.41335908278964706,0,
C00356,0.4563229351621889,0,
C00357,0.7192541482490389,1,2026-10-04
C00358,0.5991651967315708,1,2026-10-06
C00359,0.21344251533081413,1,2026-09-22
C00360,0.37783255838381147,1,2026-09-26
C00361,0.8118129773737526,1,2026-09-18
C00362,0.2031588841393037,0,
C00363,0.8487162074067506,0,
C00364,0.6099287614675898,1,2026-09-18
C00365,0.17074635496133891,0,
C00366,0.4480305718317844,1,2026-09-23
C00367,0.8354506645712664,1,2026-09-27
C00368,0.8991757878149635,1,2026-09-26
C00369,0.9378106555662223,1,2026-09-25
C00370,0.41626518977236615,0,
C00371,0.21313993085084493,0,
C00372,0.29125591261684725,1,2026-09-25
C00373,0.8221042901500023,1,2026-10-09
C00374,0.01,0,
C00375,0.013776253265509658,0,
C00376,0.47429411575807845,0,
C00377,0.1371961474432654,0,
C00378,0.99,1,2026-09-24
C00379,0.14215290059722302,0,
C00380,0.2236863625487819,0,
C00381,0.8651104275461832,1,2026-10-12
C00382,0.5124275936363641,0,
C00383,0.7116144412331372,0,
C00384,0.6412010385838265,0,
C00385,0.0899830105557356,0,
C00386,0.99,1,2026-10-10
C00387,0.01,0,
C00388,0.2318375268026592,1,2026-09-25
C00389,0.388953577572419,0,
C00390,0.7523562326336654,1,2026-09-24
C00391,0.13148325165839678,1,2026-10-14
C00392,0.049861237129968705,0,
C00393,0.05741284650090861,0,
C00394,0.15657702010113247,0,
C00395,0.18527385555252038,0,
C00396,0.4224331104816309,0,
C00397,0.323073084049458,0,
C00398,0.24431433768409647,1,2026-10-08
C00399,0.3444871308094971,0,
C00400,0.792539208250641,0,
C00401,0.27739952687216096,1,2026-10-13
C00402,0.5250637739201018,0,
C00403,0.8653551925112323,1,2026-09-18
C00404,0.99,0,
C00405,0.6073061700965334,0,
C00406,0.48232036728374694,1,2026-10-08
C00407,0.5315331291787108,0,
C00408,0.5362956605546834,1,2026-10-03
C00409,0.16475664254342715,1,2026-10-09
C00410,0.3594471820740579,1,2026-10-07
C00411,0.8791003059199608,1,2026-09-28
C00412,0.79042864632462,1,2026-10-05
C00413,0.18343225890538004,0,
C00414,0.99,1,2026-09-28
C00415,0.43858165308663843,0,
C00416,0.09012137643236265,0,
C00417,0.516599492032068,1,2026-09-20
C00418,0.6189737163953162,1,2026-09-25
C00419,0.29043657146925206,0,
C00420,0.6170803246619584,1,2026-09-26
C00421,0.2325130256104649,0,
C00422,0.7377804506899652,1,2026-10-04
C00423,0.17250286644162846,1,2026-10-04
C00424,0.8002511299527337,1,2026-09-19
C00425,0.06116702531299398,0,
C00426,0.20598199140890358,0,
C00427,0.23333178737136703,0,
C00428,0.8904121754603996,1,2026-10-07
C00429,0.4898219847365176,0,
C00430,0.9275541923222566,1,2026-09-20
C00431,0.45537798382947936,0,
C00432,0.99,1,2026-10-11
C00433,0.0773813512461817,0,
C00434,0.3048741293313153,1,2026-09-18
C00435,0.7973820672427258,1,2026-09-22
C00436,0.6285561427135359,0,
C00437,0.99,1,2026-10-11
C00438,0.6007079813871989,1,2026-10-10
C00439,0.8764385489766092,0,
C00440,0.07579712436995376,0,
C00441,0.3120638943503272,1,2026-09-25
C00442,0.5940685773895937,0,
C00443,0.9016177118347076,1,2026-10-07
C00444,0.47655939206864084,1,2026-09-30
C00445,0.5274589377341816,0,
C00446,0.2958116019202941,0,
C00447,0.7057203891170976,0,
C00448,0.35028758624801337,0,
C00449,0.6437694780399555,0,
C00450,0.5778901883382669,1,2026-09-18
C00451,0.5532418251759872,1,2026-09-23
C00452,0.7051280566077801,0,
C00453,0.17847660802454965,0,
C00454,0.7414999885565322,1,2026-10-07
C00455,0.3479652295722554,1,2026-09-27
C00456,0.6930225695748532,1,2026-09-25
C00457,0.30505949158535217,0,
C00458,0.0879064670961622,0,
C00459,0.2894894730848725,0,
C00460,0.6973669529903753,1,2026-09-18
C00461,0.7535180352854723,1,2026-10-05
C00462,0.40103120186597196,1,2026-10-07
C00463,0.9378687244109507,1,2026-09-19
C00464,0.3087761858508744,0,
C00465,0.25075272829334194,0,
C00466,0.2947189109541205,0,
C00467,0.01,0,
C00468,0.4999024038514832,1,2026-09-30
C00469,0.01,0,
C00470,0.5126349578887536,1,2026-09-26
C00471,0.99,1,2026-09-24
C00472,0.37611665269472727,0,
C00473,0.18058097827158573,0,
C00474,0.25344062096656506,0,
C00475,0.1662955759483966,0,
C00476,0.372328858510676,0,
C00477,0.6179884795511597,1,2026-10-03
C00478,0.491793114394393,0,
C00479,0.12018779267561838,0,
C00480,0.2989203742316824,0,
C00481,0.5686826843865062,1,2026-09-26
C00482,0.6604620385099504,1,2026-09-25
C00483,0.21976936004243638,0,
C00484,0.27135692001523937,1,2026-10-01
C00485,0.5304669993217748,1,2026-10-02
C00486,0.4138121707376775,0,
C00487,0.7567465911944677,0,
C00488,0.21100302038731777,0,
C00489,0.8209428760912498,1,2026-10-09
C00490,0.31203350741750946,0,
C00491,0.7347712444967796,1,2026-10-09
C00492,0.3336337083146864,1,2026-10-05
C00493,0.15109095759958877,0,
C00494,0.5167646045671427,0,
C00495,0.4067989598960614,0,
C00496,0.5359801885462422,0,
C00497,0.5925194274537886,0,
C00498,0.37243721745505676,0,
C00499,0.720167561752145,0,
C00500,0.2808437309385098,0,
C00501,0.6149714836366611,0,
C00502,0.5798137142806981,1,2026-10-12
C00503,0.3864726400357913,1,2026-10-09
C00504,0.027650399967924816,0,
C00505,0.3282644794966234,0,
C00506,0.19529657861958202,0,
C00507,0.13381265390993488,0,
C00508,0.9541797265204024,1,2026-09-26
C00509,0.9656415578490433,1,2026-09-24
C00510,0.5461332138392505,0,
C00511,0.25567258324022335,0,
C00512,0.8111383650729892,0,
C00513,0.649406532856174,0,
C00514,0.03877183895403713,0,
C00515,0.3907115217364936,0,
C00516,0.6549446231076604,1,2026-10-05
C00517,0.06647336406342763,0,
C00518,0.09983103115572461,0,
C00519,0.5135239584851806,1,2026-10-11
C00520,0.05195171333762766,0,
C00521,0.01,0,
C00522,0.21513766381193986,1,2026-10-05
C00523,0.99,1,2026-10-10
C00524,0.7662835270127075,1,2026-09-24
C00525,0.15042600423728672,0,
C00526,0.379205667473663,0,
C00527,0.386024549105935,0,
C00528,0.3743865363248128,0,
C00529,0.01,0,
C00530,0.6387313750670096,0,
C00531,0.10774982564429975,0,
C00532,0.5360931324480291,0,
C00533,0.99,1,2026-09-19
C00534,0.26737970002803346,1,2026-10-13
C00535,0.6066279124720684,1,2026-10-03
C00536,0.04632792555107412,0,
C00537,0.99,1,2026-10-02
C00538,0.38208638032214914,1,2026-09-18
C00539,0.9689896188867366,1,2026-09-28
C00540,0.6682239646072395,1,2026-09-18
C00541,0.01,0,
C00542,0.9763645136096023,1,2026-10-01
C00543,0.626670184829193,1,2026-09-25
C00544,0.6259370506078472,0,
C00545,0.32911189299692756,1,2026-09-23
C00546,0.08459390940853634,0,
C00547,0.43006956964695875,1,2026-10-13
C00548,0.41605770881121806,1,2026-10-12
C00549,0.99,1,2026-10-12
C00550,0.0787985419677571,0,
C00551,0.4300914848769988,0,
C00552,0.8865648885727306,1,2026-10-14
C00553,0.07760637138298326,0,
C00554,0.18230267626484573,0,
C00555,0.10152255663438808,0,
C00556,0.49500376981154326,0,
C00557,0.36673607439173217,0,
C00558,0.99,1,2026-09-29
C00559,0.6662936059356734,1,2026-10-03
C00560,0.26180200469050907,0,
C00561,0.8172397653455634,0,
C00562,0.27357540607091635,0,
C00563,0.4622422595228076,0,
C00564,0.542782634958325,0,
C00565,0.2321142343109361,0,
C00566,0.8320597863739561,1,2026-10-14
C00567,0.7502347322619081,1,2026-10-15
C00568,0.9381058496798794,1,2026-09-27
C00569,0.8825373869016238,1,2026-09-23
C00570,0.5296539622981299,0,
C00571,0.5036598420860968,0,
C00572,0.6275597355853479,1,2026-10-02
C00573,0.9771230488029521,1,2026-10-10
C00574,0.29722358410768746,0,
C00575,0.013817170990364613,0,
C00576,0.23594757126722452,0,
C00577,0.01,0,
C00578,0.4869523113285582,1,2026-10-09
C00579,0.07741020374939178,0,
C00580,0.1201977371397733,0,
C00581,0.01,0,
C00582,0.5367527782580385,1,2026-09-29
C00583,0.26677707208630164,0,
C00584,0.5210072981786155,1,2026-09-24
C00585,0.01,0,
C00586,0.5168706660150371,1,2026-09-20
C00587,0.01,0,
C00588,0.01,0,
C00589,0.36001955065575175,0,
C00590,0.874417476462594,1,2026-09-28
C00591,0.838521402927364,1,2026-09-18
C00592,0.99,1,2026-09-30
C00593,0.6101952643851598,0,
C00594,0.21244142302970045,0,
C00595,0.9709067318565966,1,2026-10-04
C00596,0.43176807826785124,1,2026-10-04
C00597,0.01,0,
C00598,0.8701086138117491,1,2026-10-03
C00599,0.31921054096658263,0,
C00600,0.7679124285673626,0,
C00601,0.01,0,
C00602,0.01,0,
C00603,0.633563553295816,1,2026-10-09
C00604,0.11789802647982622,0,
C00605,0.9386308956869861,0,
C00606,0.5498690612685639,1,2026-10-07
C00607,0.4781853120201699,1,2026-10-13
C00608,0.49752041439670347,0,
C00609,0.7155267352531023,1,2026-09-30
C00610,0.8053991886279119,1,2026-09-22
C00611,0.2956759544878781,0,
C00612,0.9488002207361929,1,2026-10-14
C00613,0.8417847300469746,1,2026-09-30
C00614,0.34571525122601743,0,
C00615,0.7112387997391094,0,
C00616,0.4126805110023418,0,
C00617,0.8881380641373822,1,2026-09-19
C00618,0.3247542682438884,0,
C00619,0.5611975415702605,1,2026-09-28
C00620,0.3853797782522461,0,
C00621,0.9011017523966907,1,2026-09-19
C00622,0.6317335031470912,0,
C00623,0.38094511188940194,1,2026-09-30
C00624,0.5926816102729305,1,2026-10-05
C00625,0.25234527112655736,1,2026-10-03
C00626,0.6653548721730844,1,2026-09-23
C00627,0.758436066815243,1,2026-10-06
C00628,0.7006063044549035,1,2026-10-07
C00629,0.10750663151092216,1,2026-09-27
C00630,0.8761192135636356,1,2026-09-29
C00631,0.6997412629125185,1,2026-09-28
C00632,0.32346647608386725,0,
C00633,0.01,0,
C00634,0.9880964097028249,1,2026-10-07
C00635,0.29901739344277245,0,
C00636,0.01,0,
C00637,0.5411238011176798,1,2026-10-14
C00638,0.4475404802809516,0,
C00639,0.99,1,2026-09-23
C00640,0.5426609451742822,1,2026-09-23
C00641,0.5346676654906025,1,2026-09-30
C00642,0.6945997077222845,0,
C00643,0.2909115646636563,1,2026-10-15
C00644,0.19651834837675164,0,
C00645,0.9183987019292634,1,2026-09-21
C00646,0.9101086379505067,1,2026-10-01
C00647,0.01,0,
C00648,0.7599000609130977,1,2026-10-05
C00649,0.4878631958174807,1,2026-10-12
C00650,0.28913347787944776,0,
C00651,0.08918033716547596,0,
C00652,0.10552276985761141,0,
C00653,0.3828698009184601,1,2026-09-29
C00654,0.01,0,
C00655,0.2387900649536656,0,
C00656,0.7368404424021281,1,2026-09-26
C00657,0.6868608162329464,1,2026-10-02
C00658,0.8198389172392538,1,2026-10-08
C00659,0.01,0,
C00660,0.09303016652794244,0,
C00661,0.36858987123909437,0,
C00662,0.4927847351071537,0,
C00663,0.6767330799537848,1,2026-09-19
C00664,0.5388267592294684,1,2026-09-28
C00665,0.9811803099044244,1,2026-10-14
C00666,0.11120639096181201,1,2026-09-18
C00667,0.26367636529313043,1,2026-10-06
C00668,0.4052406014353258,0,
C00669,0.01,0,
C00670,0.7330158814917501,0,
C00671,0.19020244472908296,0,
C00672,0.7127251285519717,1,2026-10-03
C00673,0.03744316076552279,0,
C00674,0.5734720559435075,0,
C00675,0.11502697157865122,0,
C00676,0.35634941484505567,0,
C00677,0.05538539882185886,0,
C00678,0.28312224515042783,0,
C00679,0.6212156891979681,0,
C00680,0.8242510419425093,1,2026-09-29
C00681,0.7391990870849491,1,2026-10-07
C00682,0.303991851264783,1,2026-09-21
C00683,0.99,1,2026-10-06
C00684,0.38996891758650565,1,2026-10-01
C00685,0.045279561145263936,0,
C00686,0.6965054216462622,0,
C00687,0.7772768052801333,0,
C00688,0.29183597448473797,0,
C00689,0.3590391782865048,1,2026-09-24
C00690,0.28849884891970556,0,
C00691,0.5708854450927766,1,2026-09-30
C00692,0.6761032042660363,1,2026-10-01
C00693,0.01,0,
C00694,0.5876704005373576,0,
C00695,0.01,0,
C00696,0.7441107444098314,1,2026-09-29
C00697,0.6821182222463141,1,2026-10-13
C00698,0.99,1,2026-10-02
C00699,0.9029822322281703,1,2026-10-11
C00700,0.6472286573810349,1,2026-09-30
C00701,0.19117714944129824,0,
C00702,0.4423956527359433,0,
C00703,0.1644447361122344,0,
C00704,0.9051623998820896,1,2026-09-20
C00705,0.23006774929063922,0,
C00706,0.5653666801841154,1,2026-10-04
C00707,0.20390255666730636,0,
C00708,0.01,0,
C00709,0.4542361387283368,0,
C00710,0.8575541572400274,1,2026-10-10
C00711,0.5252155689941381,0,
C00712,0.15747248738311012,0,
C00713,0.03705901725934632,0,
C00714,0.5285296726365011,0,
C00715,0.33854351831368346,1,2026-09-19
C00716,0.5517354114060139,1,2026-09-29
C00717,0.6222531904898233,0,
C00718,0.01,0,
C00719,0.17834299915086202,0,
C00720,0.1523631055796931,0,
C00721,0.6004116834099612,0,
C00722,0.7470972670277709,1,2026-10-11
C00723,0.6825380029049656,1,2026-10-09
C00724,0.689875475575091,1,2026-09-27
C00725,0.31096094608106795,0,
C00726,0.99,1,2026-09-18
C00727,0.136408536810584,0,
C00728,0.8710953368618649,1,2026-09-20
C00729,0.01,0,
C00730,0.01,0,
C00731,0.5454140281669047,1,2026-09-21
C00732,0.01,0,
C00733,0.2941713454432249,0,
C00734,0.5001143821948678,0,
C00735,0.7971720817633897,1,2026-09-21
C00736,0.6180134302196016,1,2026-09-29
C00737,0.09049530043077436,0,
C00738,0.18806847883423958,0,
C00739,0.5758913223650806,0,
C00740,0.4279913870992339,1,2026-10-15
C00741,0.6846367535330684,0,
C00742,0.99,1,2026-10-11
C00743,0.4377415317496024,0,
C00744,0.09619252147198062,0,
C00745,0.5806411394056382,0,
C00746,0.8656780614131313,1,2026-10-14
C00747,0.6523607781724344,1,2026-10-04
C00748,0.8418145899678007,1,2026-10-13
C00749,0.5639314051554647,1,2026-09-26
C00750,0.30735225842512626,0,
C00751,0.18427792393698847,0,
C00752,0.2237425820020655,0,
C00753,0.5297674890756099,0,
C00754,0.396528573758675,0,
C00755,0.8428837681640671,0,
C00756,0.01,0,
C00757,0.01,0,
C00758,0.08713726776657937,0,
C00759,0.8280926696559325,1,2026-10-10
C00760,0.4944734776727736,1,2026-10-04
C00761,0.6822203280792704,0,
C00762,0.05692145911651267,0,
C00763,0.5163527679949552,0,
C00764,0.6676700310259888,1,2026-10-14
C00765,0.7338763625169423,1,2026-09-18
C00766,0.1386878048549625,0,
C00767,0.01,0,
C00768,0.7706502139259771,0,
C00769,0.5762043418439843,1,2026-10-02
C00770,0.9396607597953665,1,2026-10-01
C00771,0.4887001113280116,0,
C00772,0.2870130249376055,0,
C00773,0.30741301024116074,0,
C00774,0.318149327399449,0,
C00775,0.7642231331900097,1,2026-10-15
C00776,0.6689109882559848,0,
C00777,0.29264063185229683,0,
C00778,0.2377219206621964,0,
C00779,0.01,0,
C00780,0.8344997790115172,1,2026-09-25
C00781,0.06394885370608569,0,
C00782,0.3957432605397644,1,2026-10-02
C00783,0.5358676202824806,0,
C00784,0.6062034856211637,0,
C00785,0.99,1,2026-10-06
C00786,0.1628838434391526,0,
C00787,0.01,0,
C00788,0.4664096498841065,1,2026-10-12
C00789,0.46320145752353015,0,
C00790,0.2737756619657826,0,
C00791,0.0919018059686301,0,
C00792,0.5514550010775153,1,2026-09-18
C00793,0.736668319695967,1,2026-10-08
C00794,0.8555013056427091,1,2026-09-30
C00795,0.9052806677850882,0,
C00796,0.01,0,
C00797,0.14938770272591217,1,2026-10-13
C00798,0.6321926434389624,1,2026-10-10
C00799,0.6448439233289764,0,
C00800,0.7239445778932293,1,2026-10-09
C00801,0.6169313859191514,0,
C00802,0.9613647097173507,1,2026-09-20
C00803,0.5351429452956811,1,2026-09-23
C00804,0.07556742867556038,1,2026-09-25
C00805,0.08301593702150356,0,
C00806,0.4820847290877788,1,2026-09-26
C00807,0.8598495654450867,1,2026-10-09
C00808,0.43190140073621197,0,
C00809,0.020079315724721297,0,
C00810,0.8987424104679784,1,2026-09-30
C00811,0.5688743652610482,0,
C00812,0.2663147914755377,0,
C00813,0.3145559387901772,0,
C00814,0.5627823798995116,1,2026-09-20
C00815,0.7196038782618137,1,2026-09-17
C00816,0.6633205890627516,1,2026-09-18
C00817,0.34718551107906875,0,
C00818,0.8514390047883414,1,2026-10-12
C00819,0.12826762335773542,0,
C00820,0.3153935959651816,1,2026-10-03
C00821,0.01,0,
C00822,0.46858976716629397,1,2026-10-06
C00823,0.2842165202306922,0,
C00824,0.8494932393901081,1,2026-10-10
C00825,0.4082324355368804,0,
C00826,0.8847892593470771,1,2026-09-22
C00827,0.8165936595147143,1,2026-09-20
C00828,0.1972720499829865,0,
C00829,0.99,1,2026-09-18
C00830,0.6309657501725457,1,2026-09-29
C00831,0.6465505272980037,0,
C00832,0.06170544409259976,0,
C00833,0.3992107936435272,0,
C00834,0.01,0,
C00835,0.23538081185015533,0,
C00836,0.14862098258724504,0,
C00837,0.37820592304841005,0,
C00838,0.7957115021328681,1,2026-09-25
C00839,0.7573815460264862,1,2026-09-25
C00840,0.01,0,
C00841,0.798461192783881,1,2026-09-26
C00842,0.36084714050660094,0,
C00843,0.08263077788804812,0,
C00844,0.2738264602632393,0,
C00845,0.835185527967801,1,2026-10-01
C00846,0.8832997389231221,1,2026-10-10
C00847,0.23835112314589277,0,
C00848,0.08799906487772441,0,
C00849,0.2952019439858917,0,
C00850,0.8449268971961675,1,2026-10-10
C00851,0.9883904820237822,1,2026-09-22
C00852,0.2728856349285558,1,2026-10-11
C00853,0.1411038549694867,0,
C00854,0.40208615518110946,1,2026-09-23
C00855,0.8987913721892536,1,2026-10-07
C00856,0.7386690124911939,0,
C00857,0.99,1,2026-09-19
C00858,0.599414710718213,1,2026-10-04
C00859,0.22608856459144006,0,
C00860,0.7931295600944367,1,2026-09-23
C00861,0.7951804630446948,0,
C00862,0.19436483303609084,0,
C00863,0.675385856811627,1,2026-09-24
C00864,0.8193095194532702,1,2026-09-17
C00865,0.7985196768787926,1,2026-09-24
C00866,0.7068336174251361,0,
C00867,0.5873583353944966,1,2026-10-07
C00868,0.826749264321135,1,2026-09-22
C00869,0.41615584139371664,1,2026-09-20
C00870,0.37123406941650006,1,2026-10-15
C00871,0.30893849371320103,1,2026-10-15
C00872,0.4406572246613244,1,2026-09-30
C00873,0.15595488051397446,0,
C00874,0.5744952680338328,0,
C00875,0.16069690853722904,0,
C00876,0.7405831214766636,0,
C00877,0.7120744197562253,1,2026-10-07
C00878,0.9568488936824733,0,
C00879,0.5899874226629332,1,2026-09-21
C00880,0.6560708023670083,0,
C00881,0.21938532596673307,0,
C00882,0.021062694762516515,0,
C00883,0.07964109040330056,0,
C00884,0.8962651218176415,1,2026-09-29
C00885,0.45614988593722416,1,2026-10-08
C00886,0.5053152315296688,0,
C00887,0.8121594237801232,1,2026-09-17
C00888,0.024077915527169286,0,
C00889,0.01,0,
C00890,0.21096480987347163,0,
C00891,0.29889433405009147,1,2026-09-27
C00892,0.4573308297682047,0,
C00893,0.9735693471265043,1,2026-10-11
C00894,0.6177457427960938,0,
C00895,0.48911190466334153,0,
C00896,0.55566928779626,0,
C00897,0.2977254654992276,0,
C00898,0.99,1,2026-09-17
C00899,0.6732614213458427,1,2026-09-28
C00900,0.6692453128051826,1,2026-09-19
C00901,0.2116921679641498,0,
C00902,0.780196829229165,1,2026-09-18
C00903,0.15091988356835148,1,2026-10-04
C00904,0.7798948255198608,0,
C00905,0.3572151415608351,0,
C00906,0.08921567306033445,0,
C00907,0.8039070102347798,1,2026-09-27
C00908,0.9610928445216608,1,2026-10-07
C00909,0.9573945351656351,1,2026-10-04
C00910,0.0924667983561602,0,
C00911,0.13298190127329207,0,
C00912,0.99,1,2026-09-27
C00913,0.10642394408708655,0,
C00914,0.5833047435213964,0,
C00915,0.38552248561330216,1,2026-10-05
C00916,0.20189863040315867,1,2026-09-23
C00917,0.8865774927794661,1,2026-09-17
C00918,0.01,0,
C00919,0.7427069608195618,0,
C00920,0.21818088234304076,1,2026-10-09
C00921,0.11798114017694641,0,
C00922,0.11135961422904991,0,
C00923,0.5246690653988129,1,2026-09-23
C00924,0.6886774849256588,0,
C00925,0.8835430976742426,0,
C00926,0.5832058565765992,0,
C00927,0.656381280639202,0,
C00928,0.9892866782545305,1,2026-10-12
C00929,0.47254709506175774,0,
C00930,0.6170442057761589,1,2026-09-26
C00931,0.9454827553189197,1,2026-09-27
C00932,0.7459473341004579,1,2026-09-29
C00933,0.18602320538784975,0,
C00934,0.829535760528217,1,2026-10-09
C00935,0.022706316886867195,0,
C00936,0.8975269932920499,1,2026-09-27
C00937,0.7882993222843766,0,
C00938,0.8307459855058849,1,2026-10-13
C00939,0.07359254602996529,0,
C00940,0.6724488341223395,1,2026-10-14
C00941,0.5141320277331615,0,
C00942,0.8500483931837033,1,2026-09-28
C00943,0.2665591033710407,1,2026-10-07
C00944,0.23974931617477277,0,
C00945,0.34614836737353105,1,2026-10-13
C00946,0.01,0,
C00947,0.44251494327021434,0,
C00948,0.04358915520965853,0,
C00949,0.4675173846094851,0,
C00950,0.6749162219492589,1,2026-10-05
C00951,0.14208069796887726,0,
C00952,0.15632484031428062,0,
C00953,0.432707376699472,1,2026-10-04
C00954,0.9286719742469592,1,2026-09-28
C00955,0.35804779271036524,0,
C00956,0.3427294581437266,0,
C00957,0.5297639582782857,1,2026-10-15
C00958,0.31886226581011634,0,
C00959,0.01,0,
C00960,0.13649056841699378,0,
C00961,0.3944046973123535,0,
C00962,0.5163310727915508,0,
C00963,0.36995691156033905,0,
C00964,0.595713706371828,0,
C00965,0.19031409142449815,1,2026-10-01
C00966,0.04747170415727911,0,
C00967,0.8236297930001174,1,2026-10-06
C00968,0.6602309900809687,0,
C00969,0.57285589438233,0,
C00970,0.8485602571175489,1,2026-09-22
C00971,0.9220773011229437,1,2026-09-26
C00972,0.15371109264666702,0,
C00973,0.3728859298168491,0,
C00974,0.23505218291513044,0,
C00975,0.902190754704164,1,2026-10-05
C00976,0.7090206687505268,1,2026-09-26
C00977,0.30271549057184255,1,2026-10-09
C00978,0.597539113819671,0,
C00979,0.01,0,
C00980,0.53413737047778,0,
C00981,0.46599937447120665,0,
C00982,0.35171720951546515,0,
C00983,0.01,0,
C00984,0.558134476843894,1,2026-09-21
C00985,0.43063689034453567,1,2026-10-12
C00986,0.5196309472564977,1,2026-10-04
C00987,0.8974200512678578,1,2026-09-26
C00988,0.6645384605750658,1,2026-09-27
C00989,0.4468744090663498,0,
C00990,0.7934030873387078,1,2026-09-19
C00991,0.2584183482097858,0,
C00992,0.5425508200736978,1,2026-09-24
C00993,0.6494340036514784,1,2026-10-03
C00994,0.49076668966808423,1,2026-09-22
C00995,0.41141821371646004,0,
C00996,0.012394251696049657,0,
C00997,0.6858994777582603,0,
C00998,0.19260636530923292,0,
C00999,0.18825497628512874,0,
C01000,0.18215289237959764,0,
C01001,0.5884804969054397,0,
C01002,0.18835923341665725,0,
C01003,0.8762360118111401,0,
C01004,0.7585413763981187,1,2026-10-07
C01005,0.44273470788046576,1,2026-09-21
C01006,0.7432827520769848,1,2026-09-23
C01007,0.01,0,
C01008,0.8945319362289763,1,2026-09-24
C01009,0.17121156902987064,0,
C01010,0.01,0,
C01011,0.8081189005187965,1,2026-10-13
C01012,0.3295816626446961,0,
C01013,0.46754115820319375,0,
C01014,0.7440315493019054,1,2026-09-25
C01015,0.8259313606594451,1,2026-09-27
C01016,0.23683679236683006,0,
C01017,0.9186965865295401,1,2026-09-24
C01018,0.4388499144932071,1,2026-09-26
C01019,0.5000238218891654,1,2026-09-17
C01020,0.662458670148901,1,2026-10-01
C01021,0.2209808209353947,1,2026-10-06
C01022,0.6471638362869565,1,2026-10-08
C01023,0.6274172408263841,0,
C01024,0.9234944749195747,1,2026-10-06
C01025,0.5036638729868123,1,2026-09-30
C01026,0.3921886780077959,1,2026-09-18
C01027,0.3765145262728119,0,
C01028,0.7373316495357487,0,
C01029,0.4618942373095669,0,
C01030,0.28820667198300287,1,2026-10-06
C01031,0.34789162977885746,0,
C01032,0.11378576343232588,0,
C01033,0.43932631350666196,0,
C01034,0.8829483228313943,1,2026-10-06
C01035,0.09567300488093694,0,
C01036,0.5754274910525516,0,
C01037,0.4659800333751811,0,
C01038,0.1388278810014493,0,
C01039,0.5027337357677981,0,
C01040,0.7103567334955356,1,2026-09-25
C01041,0.5337256403213269,1,2026-10-05
C01042,0.9696521339515619,1,2026-10-11
C01043,0.6908737976810094,0,
C01044,0.12179665956735758,0,
C01045,0.99,1,2026-10-03
C01046,0.19681070169138778,1,2026-10-13
C01047,0.6844599000154783,1,2026-09-23
C01048,0.42690568647180194,0,
C01049,0.790892454269171,1,2026-09-18
C01050,0.41342988418136395,0,
C01051,0.2089702003326077,0,
C01052,0.5249259296895471,0,
C01053,0.620685982040526,1,2026-10-15
C01054,0.5288822185326776,0,
C01055,0.8730444421837911,1,2026-10-05
C01056,0.7563246983735529,1,2026-10-14
C01057,0.4364391313959678,1,2026-09-18
C01058,0.01,0,
C01059,0.8384152011138649,0,
C01060,0.9392904564645229,0,
C01061,0.5136380403720868,1,2026-10-07
C01062,0.5323769360206148,0,
C01063,0.99,1,2026-10-04
C01064,0.29035607903637983,0,
C01065,0.4487320836244778,0,
C01066,0.657656554220091,1,2026-09-27
C01067,0.01,0,
C01068,0.8385789951532323,1,2026-09-18
C01069,0.08855986618074282,0,
C01070,0.4831531849872178,0,
C01071,0.3144928139029377,0,
C01072,0.6385103296144475,0,
C01073,0.11548403790747602,0,
C01074,0.39086173675362657,1,2026-10-13
C01075,0.3243617364724276,1,2026-09-18
C01076,0.01,0,
C01077,0.7416534412184173,1,2026-09-21
C01078,0.2359349358831263,0,
C01079,0.06643836293895819,0,
C01080,0.6979652627344818,0,
C01081,0.01,0,
C01082,0.99,1,2026-09-23
C01083,0.5869016623038643,1,2026-09-21
C01084,0.17174634742123218,0,
C01085,0.05010302659389945,0,
C01086,0.99,1,2026-10-15
C01087,0.5188445822239691,1,2026-10-01
C01088,0.6087176368883701,1,2026-09-27
C01089,0.5530710921126518,1,2026-10-11
C01090,0.46273775552819363,0,
C01091,0.01,0,
C01092,0.01,0,
C01093,0.6873106443788626,1,2026-10-10
C01094,0.9339413184952315,1,2026-09-28
C01095,0.2002108866515808,0,
C01096,0.6534035698760425,1,2026-09-23
C01097,0.99,1,2026-09-28
C01098,0.01,0,
C01099,0.2902139285553036,0,
C01100,0.16352159605851974,0,
C01101,0.03258583615959232,0,
C01102,0.4095169739840975,1,2026-09-27
C01103,0.01,0,
C01104,0.17859759705364972,0,
C01105,0.7104159993820556,1,2026-10-15
C01106,0.6657604438085839,0,
C01107,0.99,1,2026-10-14
C01108,0.9841323928637208,1,2026-09-28
C01109,0.9190659601327688,1,2026-10-15
C01110,0.022494670692109947,0,
C01111,0.2736288340460139,0,
C01112,0.12247529471092222,1,2026-10-14
C01113,0.3535245309445938,0,
C01114,0.024071845618372917,0,
C01115,0.7032772966143914,0,
C01116,0.7167154923709671,1,2026-10-08
C01117,0.20959369289795435,0,
C01118,0.6715760503809897,0,
C01119,0.07298940660615866,0,
C01120,0.4343702694606538,1,2026-09-28
C01121,0.3353390540826978,1,2026-10-03
C01122,0.99,1,2026-09-22
C01123,0.99,1,2026-10-10
C01124,0.01,0,
C01125,0.7173707913987049,0,
C01126,0.5687898373933475,0,
C01127,0.6266481275817577,0,
C01128,0.233764426059802,0,
C01129,0.7761565517557599,0,
C01130,0.3849567936974885,1,2026-09-17
C01131,0.11968258622736211,0,
C01132,0.11762693979569674,0,
C01133,0.4445055505312506,1,2026-10-10
C01134,0.6049139578808261,1,2026-09-22
C01135,0.942597630541634,1,2026-10-08
C01136,0.01,0,
C01137,0.98809436198905,1,2026-10-03
C01138,0.890565002891777,0,
C01139,0.14901682210583606,1,2026-10-11
C01140,0.24401748536427567,0,
C01141,0.6403106756930507,0,
C01142,0.2733258296399501,0,
C01143,0.537624687805585,0,
C01144,0.37592835672231206,1,2026-09-17
C01145,0.7121333236223517,0,
C01146,0.3640172445207246,0,
C01147,0.47988641841416924,0,
C01148,0.6259077359619822,1,2026-10-04
C01149,0.8692012627327904,1,2026-10-10
C01150,0.5418044683936021,0,
C01151,0.09692114938054475,0,
C01152,0.3189006207547982,1,2026-09-26
C01153,0.4697145442646298,1,2026-10-05
C01154,0.6401738201884857,1,2026-09-26
C01155,0.4968755517737966,1,2026-10-07
C01156,0.35910421991006825,0,
C01157,0.8394947563347981,1,2026-10-05
C01158,0.10433758371691149,0,
C01159,0.815739579943712,1,2026-09-26
C01160,0.7955797978350009,1,2026-10-06
C01161,0.8197123793973279,0,
C01162,0.99,1,2026-09-19
C01163,0.20959797541214306,1,2026-10-04
C01164,0.3290204927134368,0,
C01165,0.31268199907609295,0,
C01166,0.3771056270250779,0,
C01167,0.22982595900831168,0,
C01168,0.9197750188358739,1,2026-09-25
C01169,0.01,0,
C01170,0.10269860587482535,0,
C01171,0.7605582143053621,0,
C01172,0.6651947820705799,1,2026-09-21
C01173,0.6973770539835885,1,2026-10-08
C01174,0.01,0,
C01175,0.3537943812923666,1,2026-09-21
C01176,0.18447358815758852,0,
C01177,0.99,1,2026-10-06
C01178,0.99,1,2026-10-14
C01179,0.10089854291759964,1,2026-10-08
C01180,0.5677241284362072,1,2026-10-02
C01181,0.9630649404745361,1,2026-09-27
C01182,0.22477986896084698,0,
C01183,0.7436364362454069,0,
C01184,0.0876685348155016,0,
C01185,0.027959153272820808,0,
C01186,0.9253018167848877,1,2026-10-09
C01187,0.3425357244821906,1,2026-09-28
C01188,0.7169472402224771,0,
C01189,0.5827131734934679,1,2026-09-21
C01190,0.05472535687000421,0,
C01191,0.27665518496973285,0,
C01192,0.7816569529496115,1,2026-10-08
C01193,0.01,0,
C01194,0.3571776320451159,0,
C01195,0.25328659807413445,0,
C01196,0.3129957753981105,1,2026-09-28
C01197,0.01,0,
C01198,0.8982196934705148,1,2026-10-06
C01199,0.20951392000430866,0,
C01200,0.829674385808854,1,2026-10-09
C01201,0.355061777665305,0,
C01202,0.1573180916475966,1,2026-10-01
C01203,0.5128508396049618,0,
C01204,0.613148822220297,0,
C01205,0.6312998340891222,1,2026-10-15
C01206,0.6906880280370268,1,2026-09-26
C01207,0.8237684835511679,1,2026-10-13
C01208,0.058303179031402086,1,2026-10-05
C01209,0.20481043119910283,1,2026-09-24
C01210,0.42402534401961633,1,2026-09-17
C01211,0.2893398408908491,0,
C01212,0.7063709080987065,1,2026-10-05
C01213,0.6171573697138754,1,2026-10-12
C01214,0.4721123086995527,1,2026-09-26
C01215,0.01,0,
C01216,0.3352625383005754,1,2026-10-10
C01217,0.8164307285518512,1,2026-10-04
C01218,0.4099899912200442,0,
C01219,0.18749842354682802,0,
C01220,0.8675204117051156,1,2026-09-27
C01221,0.5717842842493336,0,
C01222,0.99,1,2026-10-08
C01223,0.077676550723491,0,
C01224,0.5185806766288314,1,2026-10-03
C01225,0.22341187460061707,0,
C01226,0.3042436529491883,0,
C01227,0.7297501722226325,1,2026-10-01
C01228,0.7289148988570235,1,2026-09-29
C01229,0.20573231471596823,0,
C01230,0.8644484364712965,1,2026-09-23
C01231,0.48259862938977577,1,2026-09-30
C01232,0.7210451064041696,1,2026-10-08
C01233,0.9319322465851133,1,2026-09-24
C01234,0.41197080195750424,1,2026-10-04
C01235,0.29539541448360307,0,
C01236,0.11277834944333051,0,
C01237,0.42091532091389916,0,
C01238,0.29663007504870975,0,
C01239,0.640091103770345,1,2026-09-28
C01240,0.01,0,
C01241,0.8142814750777598,1,2026-10-14
C01242,0.8081349315808446,1,2026-09-22
C01243,0.39941665308214713,0,
C01244,0.44966682676428094,1,2026-10-03
C01245,0.16269705215173955,1,2026-10-09
C01246,0.3397015759151686,0,
C01247,0.15962807335574467,0,
C01248,0.8188845152675877,1,2026-10-10
C01249,0.5593378630581285,1,2026-09-24
C01250,0.29678677992835434,0,
C01251,0.06808934852096588,0,
C01252,0.523920968672742,0,
C01253,0.6520870961781308,1,2026-10-09
C01254,0.766493785626302,0,
C01255,0.2144262042002698,0,
C01256,0.8950620117048977,1,2026-10-08
C01257,0.6187799162570897,1,2026-10-06
C01258,0.03200703670746588,0,
C01259,0.5428077470714808,0,
C01260,0.2744368492378877,0,
C01261,0.49335584834640644,0,
C01262,0.6532954378072907,1,2026-10-10
C01263,0.3094100974909274,1,2026-09-20
C01264,0.9168526575170329,1,2026-10-08
C01265,0.3767523780200951,0,
C01266,0.8006098243997138,1,2026-09-19
C01267,0.7532037649944385,1,2026-10-05
C01268,0.10500970158936013,0,
C01269,0.01,0,
C01270,0.8501064007498781,1,2026-10-13
C01271,0.5068237124569007,0,
C01272,0.23924507377078993,0,
C01273,0.99,1,2026-10-04
C01274,0.99,1,2026-09-25
C01275,0.8587482352412625,1,2026-10-07
C01276,0.7751295137487139,1,2026-09-27
C01277,0.01,0,
C01278,0.15597392623267123,0,
C01279,0.6709437918534042,1,2026-09-21
C01280,0.10956450419773803,0,
C01281,0.01,0,
C01282,0.7908696665320537,1,2026-09-23
C01283,0.46876507596079175,1,2026-09-22
C01284,0.5588250285358881,0,
C01285,0.16833574516707409,0,
C01286,0.07649771439312741,0,
C01287,0.6859245680654129,1,2026-10-09
C01288,0.6880859838775025,1,2026-10-09
C01289,0.05597678886620125,1,2026-10-03
C01290,0.79108215691806,1,2026-10-01
C01291,0.08156176311741922,0,
C01292,0.5728366348935942,1,2026-09-22
C01293,0.4271870234090279,0,
C01294,0.2138657578902182,0,
C01295,0.4004571989543778,1,2026-09-28
C01296,0.7183563892864221,1,2026-09-26
C01297,0.7144552006273498,1,2026-10-08
C01298,0.9722827271012008,1,2026-09-27
C01299,0.7620909309564656,1,2026-09-22
C01300,0.8851055817139484,1,2026-10-14
C01301,0.4953797631243839,1,2026-09-24
C01302,0.45051466431163656,1,2026-09-29
C01303,0.14009811438066097,0,
C01304,0.1439693703783594,0,
C01305,0.05092399865456296,0,
C01306,0.7266669740505197,1,2026-09-21
C01307,0.7042422972551021,1,2026-10-07
C01308,0.34229419610655265,0,
C01309,0.7921374837720002,1,2026-10-02
C01310,0.35228634530689656,0,
C01311,0.11901902925534463,0,
C01312,0.11145092493273506,1,2026-10-15
C01313,0.01,0,
C01314,0.11126336806296608,0,
C01315,0.7874373414282632,1,2026-10-01
C01316,0.8284483791836348,1,2026-09-24
C01317,0.2017241390172052,0,
C01318,0.2484923522506577,0,
C01319,0.6367880229122974,1,2026-10-03
C01320,0.99,1,2026-09-29
C01321,0.2167291235732078,0,
C01322,0.6754965735217054,1,2026-09-27
C01323,0.9403775487682021,1,2026-10-02
C01324,0.7706317672065411,1,2026-10-09
C01325,0.9415094582878126,1,2026-09-23
C01326,0.4280738506469658,0,
C01327,0.7409341479816053,1,2026-09-29
C01328,0.014012593859546202,0,
C01329,0.6662078579702585,1,2026-10-14
C01330,0.20402553651646357,1,2026-10-02
C01331,0.6014803144424896,0,
C01332,0.1418745729821087,0,
C01333,0.5655802690520757,1,2026-09-19
C01334,0.7085191352644183,0,
C01335,0.99,1,2026-09-17
C01336,0.7370765910320021,0,
C01337,0.42286428177508195,1,2026-10-11
C01338,0.48415965235531633,1,2026-10-07
C01339,0.3344331769223524,1,2026-10-08
C01340,0.577466485452632,1,2026-10-09
C01341,0.4245277264536992,1,2026-09-18
C01342,0.29254120108543413,0,
C01343,0.99,1,2026-09-29
C01344,0.25608971459645835,1,2026-09-23
C01345,0.13449116939490452,1,2026-10-13
C01346,0.3034743795240089,0,
C01347,0.14943713810990739,0,
C01348,0.2393041574854415,1,2026-09-19
C01349,0.01,0,
C01350,0.23953486385920914,0,
C01351,0.6779754705286681,1,2026-10-08
C01352,0.11744305310050246,0,
C01353,0.6131079254688636,0,
C01354,0.04382758390241548,0,
C01355,0.8846091692185655,1,2026-10-10
C01356,0.9713826460817875,1,2026-09-30
C01357,0.642357843599013,1,2026-10-06
C01358,0.46923116358043016,0,
C01359,0.49291093527408003,1,2026-10-14
C01360,0.3906628779916327,0,
C01361,0.2951407976601138,0,
C01362,0.758595816444815,0,
C01363,0.4299802176509616,1,2026-09-25
C01364,0.8202384581836579,1,2026-09-22
C01365,0.6756919464786636,0,
C01366,0.1103926706225232,0,
C01367,0.2610633050550756,1,2026-10-10
C01368,0.5369342410435716,1,2026-10-03
C01369,0.8680988616852913,1,2026-10-02
C01370,0.5909849598315892,1,2026-10-14
C01371,0.6573775064849106,0,
C01372,0.8290248719107034,1,2026-09-22
C01373,0.2894575196059913,1,2026-09-18
C01374,0.99,1,2026-09-17
C01375,0.01,0,
C01376,0.01,0,
C01377,0.31558973626123477,0,
C01378,0.20457594737876336,0,
C01379,0.44480032273215664,0,
C01380,0.01,0,
C01381,0.6096829747660347,1,2026-09-20
C01382,0.01,0,
C01383,0.10236034657547019,0,
C01384,0.2446495378128259,0,
C01385,0.99,1,2026-09-21
C01386,0.7053946842347482,1,2026-10-05
C01387,0.159941649859471,0,
C01388,0.49887305864425,0,
C01389,0.9816711188161945,1,2026-10-13
C01390,0.1392248226396338,0,
C01391,0.37054623186472635,1,2026-10-11
C01392,0.8413576597682259,1,2026-10-05
C01393,0.03580818298392738,0,
C01394,0.7850414854226854,0,
C01395,0.09916140007070967,0,
C01396,0.7658916587930649,1,2026-10-09
C01397,0.10436248507875262,0,
C01398,0.99,1,2026-09-17
C01399,0.6686088199188204,1,2026-10-12
C01400,0.3343329825394199,1,2026-09-19
C01401,0.4608558936831183,1,2026-09-24
C01402,0.6229697648433271,1,2026-09-20
C01403,0.11291739117486532,0,
C01404,0.813578367087645,1,2026-10-12
C01405,0.3601744231746067,0,
C01406,0.05645930545119954,0,
C01407,0.11242097047157928,0,
C01408,0.9347939295886697,1,2026-10-01
C01409,0.8826664681570786,1,2026-09-19
C01410,0.99,1,2026-09-18
C01411,0.4915366318403357,1,2026-09-25
C01412,0.99,1,2026-10-13
C01413,0.3068502191883937,0,
C01414,0.013696069263163996,0,
C01415,0.4909414963802655,0,
C01416,0.99,1,2026-09-20
C01417,0.6759455987762989,1,2026-10-02
C01418,0.3399987106252683,0,
C01419,0.5241790971696337,0,
C01420,0.47913582954995004,1,2026-10-13
C01421,0.09954859204175931,0,
C01422,0.01,0,
C01423,0.01,0,
C01424,0.3047922228302734,0,
C01425,0.7395650326494544,1,2026-10-14
C01426,0.24331859439535594,0,
C01427,0.5780563789310138,1,2026-09-21
C01428,0.601603718796935,0,
C01429,0.5986824173989762,1,2026-10-07
C01430,0.01,0,
C01431,0.2633419708907384,0,
C01432,0.49163050084962245,0,
C01433,0.2427533506884659,0,
C01434,0.6962637755487731,1,2026-10-02
C01435,0.5131536812736468,1,2026-10-06
C01436,0.08745024097539564,0,
C01437,0.4519740335305332,1,2026-10-06
C01438,0.21116371415734211,1,2026-10-13
C01439,0.6089653702387132,0,
C01440,0.6563022005202569,0,
C01441,0.7472622864274816,0,
C01442,0.3321858847123439,0,
C01443,0.9389204093438549,0,
C01444,0.6137578958135215,1,2026-09-25
C01445,0.43453591727824936,0,
C01446,0.7955133797711437,1,2026-09-18
C01447,0.04195952160000013,0,
C01448,0.5084821215272105,0,
C01449,0.6978096712411337,1,2026-09-21
C01450,0.99,1,2026-10-05
C01451,0.3725797296106478,0,
C01452,0.61124239953797,1,2026-09-27
C01453,0.01,0,
C01454,0.2708427957636236,0,
C01455,0.4809350066738628,1,2026-09-23
C01456,0.5424709064139807,0,
C01457,0.1239766905696203,0,
C01458,0.01,0,
C01459,0.5927020381942631,0,
C01460,0.30738900410162096,1,2026-10-06
C01461,0.06155993054333739,0,
C01462,0.16334419500914474,1,2026-09-18
C01463,0.7741944866254853,0,
C01464,0.41318256435708756,0,
C01465,0.08785307762224648,0,
C01466,0.01,0,
C01467,0.01,0,
C01468,0.4390190407946304,0,
C01469,0.5656173730431954,1,2026-10-12
C01470,0.8329165933371856,1,2026-10-08
C01471,0.4178863964584403,1,2026-10-10
C01472,0.6744235848712418,0,
C01473,0.6522484570158689,1,2026-09-21
C01474,0.48299544412749396,0,
C01475,0.3043876619135034,0,
C01476,0.3305486210150108,0,
C01477,0.1787709874251687,0,
C01478,0.03869543612373064,0,
C01479,0.8627178397352586,0,
C01480,0.45295296992332923,1,2026-10-05
C01481,0.25091452691106086,0,
C01482,0.24582761086331126,0,
C01483,0.3966638275803369,1,2026-09-21
C01484,0.7163166014700207,1,2026-10-14
C01485,0.7188836128611328,0,
C01486,0.6973146691542511,0,
C01487,0.9741557185478633,1,2026-09-27
C01488,0.44784734993460795,1,2026-09-21
C01489,0.5656575078434726,1,2026-09-19
C01490,0.4946082509742963,0,
C01491,0.06812129058475211,0,
C01492,0.09737854963929174,0,
C01493,0.040025077488451105,0,
C01494,0.39217683356935584,0,
C01495,0.7086192630542266,1,2026-10-03
C01496,0.7069165168489508,1,2026-09-24
C01497,0.2749015193823068,1,2026-10-03
C01498,0.21593056891920212,0,
C01499,0.6453548969345507,1,2026-09-19
C01500,0.01,0,
C01501,0.688664196216843,1,2026-10-08
C01502,0.22889230528013346,0,
C01503,0.9007111374968487,1,2026-10-04
C01504,0.40158765743376157,0,
C01505,0.37080586647349933,0,
C01506,0.5678204086001286,1,2026-10-13
C01507,0.2540308056716529,0,
C01508,0.01,0,
C01509,0.7271610404803034,1,2026-10-04
C01510,0.3532890746702646,1,2026-10-02
C01511,0.05224486476990417,0,
C01512,0.7961819542269964,1,2026-09-21
C01513,0.03343448172849425,0,
C01514,0.99,1,2026-10-02
C01515,0.49180980831740895,0,
C01516,0.7282222669343105,1,2026-10-13
C01517,0.15196772970649777,0,
C01518,0.18756266802177635,0,
C01519,0.658114031632843,0,
C01520,0.18935702129527884,0,
C01521,0.6824178329583132,1,2026-10-07
C01522,0.157372718396478,0,
C01523,0.04110827792235999,0,
C01524,0.45744561754192625,1,2026-10-11
C01525,0.9662393666340015,1,2026-09-17
C01526,0.6136330520037349,0,
C01527,0.2146688594976732,0,
C01528,0.6338646963579188,1,2026-10-05
C01529,0.4797710012591606,0,
C01530,0.5235655298870544,0,
C01531,0.40357816074272346,0,
C01532,0.7061616510424016,0,
C01533,0.42188869857568223,0,
C01534,0.01,0,
C01535,0.99,1,2026-09-23
C01536,0.6780267227673986,1,2026-09-21
C01537,0.4704390121306464,0,
C01538,0.3436787646044579,0,
C01539,0.5635965652419512,1,2026-10-07
C01540,0.23203062384535178,0,
C01541,0.5875346871044032,0,
C01542,0.13353048462091105,0,
C01543,0.05751378673555527,0,
C01544,0.9062643498999935,1,2026-09-17
C01545,0.01,0,
C01546,0.8117878166155729,1,2026-09-23
C01547,0.2517756689151528,0,
C01548,0.8347196430648147,0,
C01549,0.26038559465851807,0,
C01550,0.4088244706205737,0,
C01551,0.01,0,
C01552,0.7665815827161463,1,2026-10-10
C01553,0.4514845693118501,1,2026-10-13
C01554,0.0654263495001311,0,
C01555,0.6281612521900507,0,
C01556,0.49513913890897143,0,
C01557,0.859739297094657,1,2026-10-04
C01558,0.3331441777818177,0,
C01559,0.3111404801247529,0,
C01560,0.5040932152131321,1,2026-09-29
C01561,0.99,1,2026-10-10
C01562,0.7368225615265401,1,2026-09-26
C01563,0.5693624202356038,1,2026-09-25
C01564,0.4204108861557937,0,
C01565,0.9875155224406574,1,2026-09-23
C01566,0.9875205926373678,1,2026-09-18
C01567,0.9272842616431939,1,2026-09-27
C01568,0.39330494018426987,0,
C01569,0.11484004213321639,0,
C01570,0.25338951193082304,0,
C01571,0.5578010921506561,1,2026-09-25
C01572,0.5305912308809909,1,2026-10-14
C01573,0.5504116113967042,1,2026-09-20
C01574,0.11294238399355444,0,
C01575,0.3680481573827772,0,
C01576,0.6342012877684909,1,2026-09-17
C01577,0.1485687737355421,0,
C01578,0.5240589207724244,0,
C01579,0.44274122187453957,1,2026-09-23
C01580,0.3126723740602635,0,
C01581,0.6343380308342589,0,
C01582,0.4067390492598021,0,
C01583,0.99,1,2026-10-15
C01584,0.5909319191582786,1,2026-09-30
C01585,0.01,0,
C01586,0.9836247553381156,1,2026-09-30
C01587,0.7914320442178517,1,2026-10-07
C01588,0.8809745300950013,1,2026-10-07
C01589,0.6881485456392168,1,2026-10-14
C01590,0.7116156263248216,0,
C01591,0.9570579801644948,1,2026-09-23
C01592,0.27769834712122343,1,2026-09-30
C01593,0.01,0,
C01594,0.12507563898566465,0,
C01595,0.9200716426852568,1,2026-10-06
C01596,0.2629341958249606,1,2026-10-04
C01597,0.01,0,
C01598,0.041712068339884806,0,
C01599,0.4954235553646432,1,2026-10-06
C01600,0.9657340559105974,1,2026-10-04
C01601,0.7051767195615997,1,2026-10-12
C01602,0.7512530689440027,0,
C01603,0.8189447334110395,1,2026-10-12
C01604,0.01,0,
C01605,0.7201669042344766,0,
C01606,0.5189612903950607,0,
C01607,0.776412213246232,1,2026-09-21
C01608,0.5342827396340577,0,
C01609,0.18353905109721294,0,
C01610,0.12613466099046844,0,
C01611,0.99,1,2026-10-01
C01612,0.3746217564192197,1,2026-09-30
C01613,0.5823740923503427,1,2026-10-10
C01614,0.2571562664378909,0,
C01615,0.2688888986598533,0,
C01616,0.77057742318448,0,
C01617,0.25959936521692495,0,
C01618,0.25610561334229287,0,
C01619,0.4104991102674902,0,
C01620,0.47466108794229045,1,2026-09-29
C01621,0.4206882210265349,0,
C01622,0.22532200188791005,0,
C01623,0.6919690209010282,1,2026-09-21
C01624,0.9575400290973043,1,2026-09-21
C01625,0.09882887733228904,0,
C01626,0.7229538254626137,1,2026-09-28
C01627,0.5863845909184338,0,
C01628,0.2289389605399552,0,
C01629,0.6178306186616709,1,2026-09-20
C01630,0.10990888820796782,0,
C01631,0.983954833441952,1,2026-09-18
C01632,0.01,0,
C01633,0.46706297677406383,0,
C01634,0.2187801818794198,0,
C01635,0.7813607199240482,1,2026-09-30
C01636,0.6493662680408301,0,
C01637,0.8524880392708866,1,2026-09-30
C01638,0.8238203448511534,1,2026-10-01
C01639,0.034349551463680045,0,
C01640,0.99,1,2026-09-28
C01641,0.6262789280745675,1,2026-09-30
C01642,0.01,0,
C01643,0.01,0,
C01644,0.8673453908139097,1,2026-09-30
C01645,0.5183160896049592,0,
C01646,0.6451502709700828,0,
C01647,0.7912465387146744,1,2026-09-27
C01648,0.6038033368486656,1,2026-10-02
C01649,0.012705984686638389,0,
C01650,0.17364832294455873,0,
C01651,0.7952267692691485,1,2026-09-21
C01652,0.819854348343964,1,2026-09-28
C01653,0.7710088210358766,1,2026-09-19
C01654,0.15196720377283876,0,
C01655,0.7711945662058667,0,
C01656,0.6318514016619804,1,2026-10-12
C01657,0.31716706106856296,0,
C01658,0.9238587897339362,1,2026-10-11
C01659,0.21197698492874725,0,
C01660,0.5206257229780507,0,
C01661,0.4118354858063935,0,
C01662,0.0843952131049206,0,
C01663,0.42479489246392166,1,2026-09-18
C01664,0.20664313555565503,0,
C01665,0.01,0,
C01666,0.1985089160925939,0,
C01667,0.31885576919091196,0,
C01668,0.1513819993840617,0,
C01669,0.1374663410521198,1,2026-09-28
C01670,0.99,1,2026-10-05
C01671,0.01,0,
C01672,0.4260597283095574,1,2026-10-07
C01673,0.033410890483487304,0,
C01674,0.9892690922422499,1,2026-10-07
C01675,0.3811613995034432,0,
C01676,0.011119242113770106,0,
C01677,0.8188164424256409,1,2026-10-04
C01678,0.6807865877069391,0,
C01679,0.801199463341725,1,2026-09-24
C01680,0.6056553869086734,1,2026-10-10
C01681,0.20471627384105825,0,
C01682,0.4503115471029815,0,
C01683,0.434039858733711,0,
C01684,0.6485810502933661,1,2026-10-08
C01685,0.6409290085058164,1,2026-09-20
C01686,0.5252005207922246,1,2026-09-27
C01687,0.2304439178730898,0,
C01688,0.4870709939344533,1,2026-09-19
C01689,0.23210432698251587,0,
C01690,0.9809746115823699,1,2026-10-10
C01691,0.0191101628032726,0,
C01692,0.8660429420809548,1,2026-09-19
C01693,0.01,0,
C01694,0.01,0,
C01695,0.32817649315069297,0,
C01696,0.6007668939071331,1,2026-10-11
C01697,0.47844632375705093,0,
C01698,0.5278806441246453,0,
C01699,0.8245511027242678,1,2026-10-09
C01700,0.2823780531997343,0,
C01701,0.6838444448472837,1,2026-10-08
C01702,0.538037545770641,1,2026-09-21
C01703,0.354335512795114,0,
C01704,0.49445363505536755,0,
C01705,0.01,0,
C01706,0.8142988980954388,1,2026-09-21
C01707,0.7760046285323772,0,
C01708,0.3891867124199394,0,
C01709,0.4440797173072206,1,2026-10-03
C01710,0.43719077480717694,1,2026-10-07
C01711,0.10837151807940648,0,
C01712,0.26339589811261066,1,2026-09-30
C01713,0.9761343539650122,1,2026-10-15
C01714,0.4477222626071534,1,2026-10-07
C01715,0.6106275435901671,1,2026-09-19
C01716,0.8539798690202479,1,2026-10-01
C01717,0.99,1,2026-09-29
C01718,0.7187163778040279,1,2026-09-28
C01719,0.16899084898215375,0,
C01720,0.016931415232251806,0,
C01721,0.8636514256947542,1,2026-09-29
C01722,0.99,1,2026-09-25
C01723,0.3942849213467057,0,
C01724,0.01,0,
C01725,0.506224730533348,0,
C01726,0.36746139894187446,0,
C01727,0.30786066064738726,0,
C01728,0.9691433896389264,1,2026-09-29
C01729,0.13944905204770738,0,
C01730,0.7611615158461627,1,2026-10-12
C01731,0.4793778593026812,1,2026-10-12
C01732,0.6279208672882681,1,2026-10-15
C01733,0.7008349035094396,1,2026-10-13
C01734,0.17316002961855745,0,
C01735,0.5996117346567222,0,
C01736,0.30978855527584137,0,
C01737,0.8635844715114099,1,2026-10-10
C01738,0.5446888267273367,1,2026-10-12
C01739,0.49018121776785206,1,2026-10-03
C01740,0.22946014699479808,0,
C01741,0.014486992854695319,0,
C01742,0.11382183336792626,0,
C01743,0.6134662475960849,1,2026-10-04
C01744,0.6599044804825281,1,2026-10-14
C01745,0.35559594597783073,0,
C01746,0.7361156056235956,1,2026-10-13
C01747,0.3844128509641874,0,
C01748,0.8444341543553238,1,2026-10-13
C01749,0.831180150995576,0,
C01750,0.8979989506495608,1,2026-10-15
C01751,0.7497717072153083,1,2026-10-10
C01752,0.579062598627111,1,2026-09-23
C01753,0.6494234933956002,1,2026-09-22
C01754,0.6769071960476483,1,2026-10-13
C01755,0.21915940022235178,1,2026-10-02
C01756,0.3002448283355277,1,2026-09-27
C01757,0.10423973826554889,1,2026-09-25
C01758,0.23937136240683285,0,
C01759,0.6782872523011868,0,
C01760,0.9471104338753153,1,2026-10-07
C01761,0.7236354667308643,1,2026-09-25
C01762,0.7860477070406506,1,2026-09-17
C01763,0.01797668194100513,0,
C01764,0.99,1,2026-09-30
C01765,0.33878593582571936,0,
C01766,0.9441667249119622,1,2026-09-17
C01767,0.4980458381772582,0,
C01768,0.99,1,2026-09-29
C01769,0.9772727113763244,1,2026-10-15
C01770,0.3982096586020495,0,
C01771,0.16007978013576704,0,
C01772,0.99,1,2026-09-29
C01773,0.6211909735333869,1,2026-09-24
C01774,0.9081415493448842,1,2026-10-05
C01775,0.4371289145756714,1,2026-09-26
C01776,0.01,0,
C01777,0.01,0,
C01778,0.6704984793991049,1,2026-09-26
C01779,0.014462571171174415,0,
C01780,0.6454619956580702,1,2026-09-30
C01781,0.4694426079056825,1,2026-09-17
C01782,0.6131079176345221,1,2026-09-27
C01783,0.70121337611943,0,
C01784,0.3030714443031214,0,
C01785,0.31290254818650975,0,
C01786,0.6295573162382514,1,2026-09-29
C01787,0.8184277572298677,1,2026-09-28
C01788,0.19029976149494118,0,
C01789,0.5227229443964397,1,2026-09-25
C01790,0.6512139588594258,1,2026-09-22
C01791,0.5488521890409563,0,
C01792,0.99,1,2026-10-10
C01793,0.9397298514768487,0,
C01794,0.929342622428758,1,2026-09-25
C01795,0.658477084311003,1,2026-09-20
C01796,0.45209548630283847,1,2026-10-05
C01797,0.24675283789317168,0,
C01798,0.01,0,
C01799,0.1557671265011575,0,
C01800,0.03325957283696501,0,
C01801,0.15192337790804697,0,
C01802,0.1947566982782953,0,
C01803,0.09074094225619789,0,
C01804,0.31953500773364574,0,
C01805,0.05441759737586449,0,
C01806,0.31653264959908933,0,
C01807,0.9713272916730687,1,2026-10-12
C01808,0.8122438442032182,0,
C01809,0.904890429598096,1,2026-09-30
C01810,0.745599502587048,1,2026-10-02
C01811,0.29444195670897,1,2026-09-20
C01812,0.7523898964558223,1,2026-10-08
C01813,0.9038218957135326,1,2026-09-22
C01814,0.5931075414411047,1,2026-10-10
C01815,0.8570105962882534,1,2026-10-12
C01816,0.07126584257665969,0,
C01817,0.6447805869052159,0,
C01818,0.5298933800684901,1,2026-10-13
C01819,0.855211814999022,1,2026-10-14
C01820,0.1779605956358705,0,
C01821,0.11262397664149057,0,
C01822,0.5586919644553898,1,2026-09-30
C01823,0.99,1,2026-10-06
C01824,0.13319990215193173,0,
C01825,0.7433770240038562,1,2026-09-27
C01826,0.25539920200999566,0,
C01827,0.01,0,
C01828,0.3947661138435419,0,
C01829,0.6330528328432703,0,
C01830,0.8270179411721079,1,2026-10-14
C01831,0.6346918507400091,0,
C01832,0.6416671429261613,1,2026-10-07
C01833,0.335667366361304,1,2026-10-07
C01834,0.19255304333160425,0,
C01835,0.47057683126505434,1,2026-10-15
C01836,0.26405967503153394,0,
C01837,0.14647376737164708,0,
C01838,0.8697363789960311,1,2026-10-04
C01839,0.8610420292826048,1,2026-10-02
C01840,0.02023420333306722,0,
C01841,0.5094260828611032,1,2026-09-22
C01842,0.13918838726807045,0,
C01843,0.17575781487251704,0,
C01844,0.7322676560647224,1,2026-09-22
C01845,0.5586046039868029,0,
C01846,0.02388995169441821,0,
C01847,0.7954533020999587,1,2026-09-19
C01848,0.5356852406273721,0,
C01849,0.7870673884060989,1,2026-09-17
C01850,0.4235048110968108,0,
C01851,0.08488327270462101,0,
C01852,0.165573305793742,0,
C01853,0.3376723504526531,1,2026-09-29
C01854,0.29673543878693276,1,2026-10-12
C01855,0.6938781213058148,1,2026-09-23
C01856,0.14407965505520454,0,
C01857,0.5470145321365846,1,2026-10-13
C01858,0.5966453941191628,0,
C01859,0.859857472426585,1,2026-09-20
C01860,0.6828992626455531,1,2026-09-30
C01861,0.9362465707105531,1,2026-10-15
C01862,0.8923842825293897,1,2026-10-06
C01863,0.8374234240147816,1,2026-10-13
C01864,0.6641523727985167,1,2026-10-08
C01865,0.5860152548527771,0,
C01866,0.01,0,
C01867,0.43349881267677237,0,
C01868,0.7137169011387297,1,2026-09-18
C01869,0.3129400479349954,1,2026-09-19
C01870,0.28479661282461044,0,
C01871,0.5425264831661613,1,2026-10-04
C01872,0.8066399183945773,0,
C01873,0.16092836912466865,0,
C01874,0.2990548210729692,0,
C01875,0.6530878066490696,1,2026-09-20
C01876,0.08600725996607303,0,
C01877,0.8849035805176538,0,
C01878,0.6660672045881497,1,2026-09-27
C01879,0.25226205971643967,1,2026-09-19
C01880,0.6221670048248044,1,2026-10-12
C01881,0.07934653734444658,0,
C01882,0.8244608967348553,1,2026-09-19
C01883,0.01,0,
C01884,0.3267519873767417,0,
C01885,0.16163885786304497,0,
C01886,0.8667003873467657,1,2026-09-20
C01887,0.8027470629328185,0,
C01888,0.7418613805611891,0,
C01889,0.7015630421022108,1,2026-10-01
C01890,0.7953224176163041,1,2026-09-25
C01891,0.5887882692485022,0,
C01892,0.5780574161018998,1,2026-09-17
C01893,0.0811176690196756,1,2026-09-22
C01894,0.7807246085395253,1,2026-09-17
C01895,0.5847736512030317,0,
C01896,0.99,1,2026-10-12
C01897,0.7708588676193896,1,2026-10-04
C01898,0.3363766809412635,0,
C01899,0.1728802295944085,0,
C01900,0.7996387775735212,1,2026-10-04
C01901,0.3347091918213043,1,2026-09-22
C01902,0.16066120082843446,1,2026-10-13
C01903,0.01,0,
C01904,0.3484280459186545,1,2026-10-01
C01905,0.2492650505691971,0,
C01906,0.701686530096765,1,2026-10-06
C01907,0.6345438309817498,1,2026-10-03
C01908,0.1525152241433004,1,2026-09-21
C01909,0.6020869381917932,1,2026-09-23
C01910,0.12035241999696805,0,
C01911,0.7761212512835015,1,2026-09-25
C01912,0.40139304494146144,1,2026-10-09
C01913,0.05647636922800897,0,
C01914,0.36921715291475943,0,
C01915,0.6501923733892968,0,
C01916,0.08811517048358161,0,
C01917,0.99,1,2026-10-09
C01918,0.7966291443211349,1,2026-09-26
C01919,0.6782387287959541,1,2026-09-27
C01920,0.01,0,
C01921,0.2538372976333799,1,2026-10-01
C01922,0.01,0,
C01923,0.18762531840876914,0,
C01924,0.99,1,2026-09-26
C01925,0.19719763495279183,1,2026-10-04
C01926,0.36532754654300004,0,
C01927,0.9301414525677062,1,2026-09-22
C01928,0.19438536079855182,0,
C01929,0.36952797195373077,0,
C01930,0.99,1,2026-10-14
C01931,0.14728848296573913,0,
C01932,0.7530582169695831,1,2026-09-25
C01933,0.01,0,
C01934,0.600871941248288,1,2026-09-17
C01935,0.23904953309882346,0,
C01936,0.6995645320272685,1,2026-09-27
C01937,0.432890005435277,1,2026-09-18
C01938,0.2989986465546606,1,2026-09-20
C01939,0.6960078853341836,1,2026-09-26
C01940,0.03968691292071988,0,
C01941,0.7144319706485138,1,2026-10-15
C01942,0.9007093919816078,1,2026-09-29
C01943,0.694968171573501,0,
C01944,0.4170483012973949,1,2026-10-13
C01945,0.9652261606892888,1,2026-09-28
C01946,0.7844583999974136,1,2026-09-26
C01947,0.1848001324115168,0,
C01948,0.8567086086892394,1,2026-10-09
C01949,0.535019701732663,0,
C01950,0.02701261654684181,0,
C01951,0.014233244608730072,0,
C01952,0.7381050194336367,0,
C01953,0.3379119811239444,0,
C01954,0.6634825993214409,1,2026-09-24
C01955,0.18643387306741052,0,
C01956,0.35650193680544734,0,
C01957,0.3811286377843446,0,
C01958,0.03962626935695665,0,
C01959,0.8235031256342613,1,2026-10-07
C01960,0.8095426569395616,1,2026-09-27
C01961,0.7652122338665444,1,2026-09-29
C01962,0.01,0,
C01963,0.18490921564328397,0,
C01964,0.06096126643649716,0,
C01965,0.6908502238516318,1,2026-09-23
C01966,0.6555436816761115,1,2026-10-07
C01967,0.777854922027913,1,2026-10-05
C01968,0.6890883447380216,1,2026-10-02
C01969,0.4772998778194647,0,
C01970,0.4418449898367711,1,2026-09-24
C01971,0.21425017507722796,1,2026-10-12
C01972,0.32716324654542495,0,
C01973,0.4326331134961543,0,
C01974,0.7615201095682637,1,2026-10-05
C01975,0.27789635267831636,0,
C01976,0.3884549870514863,1,2026-10-10
C01977,0.28759628926066483,0,
C01978,0.01,0,
C01979,0.751022650094918,1,2026-10-02
C01980,0.5225683810552795,1,2026-09-20
C01981,0.47924991994044963,1,2026-10-15
C01982,0.4310196292654369,0,
C01983,0.5175374988665739,0,
C01984,0.6687168666307303,0,
C01985,0.9720241650726186,1,2026-10-15
C01986,0.3399891891984298,0,
C01987,0.10908860594689454,0,
C01988,0.21272755708445332,0,
C01989,0.5707088053140171,0,
C01990,0.7080922633778134,1,2026-09-22
C01991,0.99,1,2026-09-17
C01992,0.634323166769958,0,
C01993,0.3386108661948892,0,
C01994,0.6129406617279222,1,2026-09-27
C01995,0.99,0,
C01996,0.7233351800241498,1,2026-10-04
C01997,0.2785773087699437,1,2026-09-21
C01998,0.3931626183319463,0,
C01999,0.3486849610525695,0,
C02000,0.7568237789874163,1,2026-09-30
C02001,0.6611628481612074,1,2026-10-03
C02002,0.5101019962326655,1,2026-10-03
C02003,0.22624605343347767,1,2026-09-18
C02004,0.95803490496635,1,2026-10-13
C02005,0.10831099709560194,1,2026-09-24
C02006,0.42483718712074847,0,
C02007,0.014149044286431933,0,
C02008,0.08427949410697408,0,
C02009,0.99,1,2026-10-08
C02010,0.1284953313904757,0,
C02011,0.1954065773716108,0,
C02012,0.6248490262455201,1,2026-09-22
C02013,0.6101745639395534,0,
C02014,0.3069644086416732,1,2026-10-08
C02015,0.01,0,
C02016,0.685038959079244,0,
C02017,0.49272660547565583,1,2026-10-09
C02018,0.22301686632399206,0,
C02019,0.2607504254750801,0,
C02020,0.555277537974504,1,2026-09-22
C02021,0.45123282307816615,0,
C02022,0.7180987708704332,1,2026-09-20
C02023,0.6717037220699862,1,2026-10-13
C02024,0.9170586915202087,1,2026-09-29
C02025,0.6292979863202854,1,2026-10-07
C02026,0.8077869151430115,1,2026-10-13
C02027,0.7276015251949387,0,
C02028,0.7680234733881465,1,2026-10-09
C02029,0.5574542961060874,1,2026-10-13
C02030,0.4208442596064341,0,
C02031,0.4012959786388669,0,
C02032,0.16600597307977494,0,
C02033,0.7769517138350426,1,2026-10-08
C02034,0.8361558432172888,1,2026-09-21
C02035,0.34625996481470556,0,
C02036,0.6110449571784767,0,
C02037,0.1826225136010413,0,
C02038,0.665822862672667,1,2026-10-07
C02039,0.6096681731860393,0,
C02040,0.7236542846346953,0,
C02041,0.19299271994180442,1,2026-09-24
C02042,0.7094548053608013,1,2026-10-14
C02043,0.3059363373436279,0,
C02044,0.7347922032934238,1,2026-09-22
C02045,0.49314176503021123,1,2026-10-08
C02046,0.7037914461283672,1,2026-10-04
C02047,0.10023728680615801,0,
C02048,0.8918505702312233,0,
C02049,0.7952497285276757,1,2026-10-11
C02050,0.4748158231524108,0,
C02051,0.3088610442370844,0,
C02052,0.3925447039548394,1,2026-10-02
C02053,0.99,1,2026-10-09
C02054,0.9050682543415351,1,2026-10-09
C02055,0.4986187272366482,1,2026-09-26
C02056,0.8256066246254857,0,
C02057,0.2487692306192136,0,
C02058,0.4301380858165785,0,
C02059,0.8360568305268462,1,2026-09-26
C02060,0.99,1,2026-10-09
C02061,0.3271861144071557,0,
C02062,0.3001810519397775,0,
C02063,0.01,0,
C02064,0.09845248473997514,0,
C02065,0.5117990605316475,0,
C02066,0.07118195943770653,0,
C02067,0.01,0,
C02068,0.99,1,2026-09-23
C02069,0.8514173979083198,1,2026-10-11
C02070,0.2252767683489932,0,
C02071,0.7898694069333043,1,2026-10-13
C02072,0.99,1,2026-10-15
C02073,0.5147470677839906,0,
C02074,0.2736971057603652,1,2026-09-24
C02075,0.01,0,
C02076,0.19082237142510358,0,
C02077,0.7969331547370067,1,2026-09-21
C02078,0.38441581502626276,0,
C02079,0.5935076504505487,1,2026-10-14
C02080,0.4386934343853417,1,2026-10-03
C02081,0.0946683804234553,0,
C02082,0.02381573918426047,0,
C02083,0.23344898762893804,0,
C02084,0.8901739208538073,0,
C02085,0.8113979369585518,1,2026-09-24
C02086,0.01,1,2026-09-20
C02087,0.290276558375128,0,
C02088,0.6559012167332496,1,2026-10-09
C02089,0.4857328963663753,1,2026-09-17
C02090,0.7935910669585375,1,2026-10-12
C02091,0.6126757389940499,1,2026-10-14
C02092,0.5520673153948854,1,2026-10-09
C02093,0.20369655092428726,0,
C02094,0.9811192055302268,1,2026-10-12
C02095,0.01,0,
C02096,0.01,0,
C02097,0.2761530023888974,0,
C02098,0.8934959194307331,1,2026-10-09
C02099,0.01,0,
C02100,0.9245001740107143,1,2026-09-20
C02101,0.059089070443305886,0,
C02102,0.01,0,
C02103,0.7789703976190943,1,2026-09-22
C02104,0.7466787145536686,0,
C02105,0.6921828884592114,1,2026-09-29
C02106,0.2910288791877492,0,
C02107,0.879842726067651,1,2026-10-15
C02108,0.01,0,
C02109,0.34197746323905953,0,
C02110,0.36318312572777967,1,2026-09-23
C02111,0.01,0,
C02112,0.6298432785486162,0,
C02113,0.45938301706559026,0,
C02114,0.8921825749081836,1,2026-09-21
C02115,0.6216640027879551,1,2026-09-21
C02116,0.3975456768189961,0,
C02117,0.8401848475346279,1,2026-10-06
C02118,0.23496700417359725,0,
C02119,0.6828686543725369,1,2026-10-14
C02120,0.10546960679322076,0,
C02121,0.2226657744660447,0,
C02122,0.5781080147539941,1,2026-09-27
C02123,0.7523118937251868,1,2026-09-20
C02124,0.14903279037046274,0,
C02125,0.6971867291439169,1,2026-09-30
C02126,0.9501589866512644,1,2026-09-19
C02127,0.28103716556109415,0,
C02128,0.6653465807843041,1,2026-09-23
C02129,0.08034849116069429,1,2026-09-21
C02130,0.5734158717566895,1,2026-09-28
C02131,0.7976353650720744,1,2026-10-12
C02132,0.43649168557845885,0,
C02133,0.0763002520388209,1,2026-09-24
C02134,0.5899673752141849,0,
C02135,0.8946998729007388,1,2026-09-25
C02136,0.01,0,
C02137,0.01,0,
C02138,0.8590407759845863,1,2026-10-13
C02139,0.06713257867135575,0,
C02140,0.414343705738884,0,
C02141,0.08698202990459991,0,
C02142,0.01,0,
C02143,0.5145433569160066,0,
C02144,0.7022296493464929,0,
C02145,0.29240177641425236,0,
C02146,0.5027375562847749,1,2026-09-23
C02147,0.43819776434302515,1,2026-10-14
C02148,0.6950529164212854,1,2026-10-08
C02149,0.7620890248135873,1,2026-10-08
C02150,0.8151024194460167,0,
C02151,0.0544076496682005,1,2026-10-05
C02152,0.14955346112119255,1,2026-09-25
C02153,0.47937678005341244,0,
C02154,0.99,1,2026-10-05
C02155,0.01,0,
C02156,0.99,1,2026-10-05
C02157,0.16001365854113167,0,
C02158,0.01,0,
C02159,0.8134196971455978,1,2026-10-03
C02160,0.16197692599669145,0,
C02161,0.36377558163211576,1,2026-10-12
C02162,0.3759570441764918,0,
C02163,0.14763643466486653,0,
C02164,0.6321110149600365,0,
C02165,0.8636727141315075,1,2026-09-17
C02166,0.4581094468542239,0,
C02167,0.3536986827773304,0,
C02168,0.6117969558099174,1,2026-10-01
C02169,0.19324815546973348,0,
C02170,0.48001631069341033,0,
C02171,0.16945744614619798,0,
C02172,0.3599835714236381,1,2026-09-24
C02173,0.7895673024294249,1,2026-10-02
C02174,0.1184871454224401,1,2026-10-08
C02175,0.6827904754831741,1,2026-10-08
C02176,0.7543973265533442,1,2026-10-01
C02177,0.20171015569583217,0,
C02178,0.2645412419294888,0,
C02179,0.5606717927717816,0,
C02180,0.9225869583954948,1,2026-09-28
C02181,0.28333560138177294,0,
C02182,0.2598980085367667,1,2026-10-09
C02183,0.7399124828894812,1,2026-10-10
C02184,0.18532366513703333,0,
C02185,0.7162475047064852,0,
C02186,0.1588347508057827,0,
C02187,0.4113104594884124,0,
C02188,0.48867720972323164,1,2026-09-25
C02189,0.5099045561019581,1,2026-09-29
C02190,0.06923734835852918,0,
C02191,0.30638035710451406,0,
C02192,0.18833529088967413,0,
C02193,0.15128218282935943,0,
C02194,0.01,0,
C02195,0.0955154015663558,0,
C02196,0.99,1,2026-09-24
C02197,0.799819207678253,0,
C02198,0.8397417129131407,1,2026-10-02
C02199,0.1647838966201581,0,
C02200,0.4705097165983323,0,
C02201,0.01,0,
C02202,0.01,0,
C02203,0.5162811444402574,0,
C02204,0.5463435472978527,0,
C02205,0.11356236092479904,0,
C02206,0.06505971672699531,0,
C02207,0.09016700157450108,0,
C02208,0.41210364190015636,0,
C02209,0.2717956982955299,1,2026-10-02
C02210,0.4875313853242548,0,
C02211,0.47624902430070715,1,2026-09-26
C02212,0.4845900564236849,1,2026-10-04
C02213,0.33293533278018195,1,2026-10-12
C02214,0.4395984160777625,0,
C02215,0.3410656179122601,0,
C02216,0.4256533065761272,0,
C02217,0.6606476605576576,1,2026-10-15
C02218,0.2899475040155568,0,
C02219,0.8570354299756205,1,2026-10-08
C02220,0.23125101741851026,1,2026-09-21
C02221,0.6239608542398344,0,
C02222,0.7837757950891384,1,2026-09-24
C02223,0.99,1,2026-09-23
C02224,0.5023650700145322,1,2026-10-01
C02225,0.40660315790182755,0,
C02226,0.30576042875713616,1,2026-10-15
C02227,0.1839630105909471,0,
C02228,0.690596872154085,1,2026-10-05
C02229,0.7113448991499883,0,
C02230,0.49564052430406835,0,
C02231,0.4332575084152692,0,
C02232,0.4574282998979453,0,
C02233,0.01,0,
C02234,0.5876456175996108,1,2026-10-06
C02235,0.38683868055830073,1,2026-09-23
C02236,0.4092383020186551,0,
C02237,0.7469921486916286,1,2026-09-27
C02238,0.8223211095888427,1,2026-10-05
C02239,0.4351925411471611,1,2026-09-18
C02240,0.2551063267908019,0,
C02241,0.49643544206902723,0,
C02242,0.4007636712202066,0,
C02243,0.05160541670749905,0,
C02244,0.5457759748174168,0,
C02245,0.7415150025807379,1,2026-10-03
C02246,0.99,1,2026-10-02
C02247,0.35570447579535125,0,
C02248,0.99,1,2026-09-30
C02249,0.08709858550581936,0,
C02250,0.6566308329805839,1,2026-09-17
C02251,0.8947686429684876,1,2026-10-13
C02252,0.44032496939034066,1,2026-09-26
C02253,0.5023698958277194,1,2026-09-28
C02254,0.565252300963446,0,
C02255,0.8955111384836338,1,2026-10-10
C02256,0.9891104957867659,1,2026-09-23
C02257,0.5039265311480527,1,2026-10-08
C02258,0.6723700283475132,1,2026-09-20
C02259,0.99,1,2026-10-07
C02260,0.01,0,
C02261,0.5431605942333668,1,2026-09-25
C02262,0.99,1,2026-09-25
C02263,0.153478565211064,0,
C02264,0.6696879558776626,1,2026-09-20
C02265,0.6570315557571884,1,2026-10-15
C02266,0.05414842694784225,0,
C02267,0.7066170255444832,0,
C02268,0.3129006092580663,1,2026-09-25
C02269,0.5503234135683277,0,
C02270,0.5428424701678093,0,
C02271,0.3104846943711457,0,
C02272,0.3750824656470665,1,2026-09-18
C02273,0.246430728191143,0,
C02274,0.34678493418248335,0,
C02275,0.334129723862405,0,
C02276,0.01,0,
C02277,0.844743061362904,1,2026-09-21
C02278,0.5617072252702524,0,
C02279,0.08278400753822857,0,
C02280,0.6900237508387914,0,
C02281,0.01,0,
C02282,0.29934620056115,0,
C02283,0.7526637597298497,1,2026-09-18
C02284,0.24121040752918463,0,
C02285,0.03125942920841271,0,
C02286,0.11388302750940027,0,
C02287,0.99,1,2026-10-12
C02288,0.6550868248904224,1,2026-10-13
C02289,0.36271047036662973,0,
C02290,0.4855576755469285,0,
C02291,0.34862475463689013,1,2026-09-27
C02292,0.5076719585501444,1,2026-10-02
C02293,0.07134014406226014,0,
C02294,0.20709660656745374,0,
C02295,0.9338536449883659,1,2026-09-17
C02296,0.8882258656128097,1,2026-09-24
C02297,0.10595928608054092,0,
C02298,0.0634051142164368,0,
C02299,0.16862550571168586,1,2026-10-10
C02300,0.31425931173621147,0,
C02301,0.34934824722554925,0,
C02302,0.01,0,
C02303,0.5048687439182267,1,2026-09-20
C02304,0.10391890288336766,0,
C02305,0.01,0,
C02306,0.5579281387512656,0,
C02307,0.47250629240182196,0,
C02308,0.8763978978068722,0,
C02309,0.20228149971529072,1,2026-10-04
C02310,0.18582267738547684,0,
C02311,0.41016075493545845,0,
C02312,0.6787070515583997,1,2026-10-07
C02313,0.14173935514896593,0,
C02314,0.40500084992722885,0,
C02315,0.0475846840222682,0,
C02316,0.886514361846702,1,2026-09-19
C02317,0.99,1,2026-09-23
C02318,0.8080521383755662,1,2026-10-11
C02319,0.114818084286152,1,2026-09-25
C02320,0.816556337529079,1,2026-09-17
C02321,0.5839334295997206,1,2026-09-24
C02322,0.6495661385656588,1,2026-09-21
C02323,0.7604103604409608,1,2026-10-07
C02324,0.3684743672731636,0,
C02325,0.9136987435918413,1,2026-10-08
C02326,0.99,1,2026-09-22
C02327,0.44713050115259523,1,2026-09-22
C02328,0.38457155318829694,0,
C02329,0.4610358888263817,0,
C02330,0.555102740425469,0,
C02331,0.4489584724202075,0,
C02332,0.22281989035609592,0,
C02333,0.22283856197795512,1,2026-09-22
C02334,0.8016660740469307,1,2026-10-12
C02335,0.8566280304339884,1,2026-09-20
C02336,0.25154828053352773,0,
C02337,0.3925366528956067,0,
C02338,0.705709191300836,0,
C02339,0.12301147388662403,0,
C02340,0.99,1,2026-10-13
C02341,0.6781385752746263,0,
C02342,0.9108004659626285,0,
C02343,0.8880535433677245,1,2026-09-17
C02344,0.6771349355463758,1,2026-09-25
C02345,0.08290106028955874,0,
C02346,0.4564961155881945,0,
C02347,0.2518623946708116,1,2026-10-03
C02348,0.9213333276176038,1,2026-10-15
C02349,0.48028626679844894,1,2026-09-19
C02350,0.25707331182262616,0,
C02351,0.35959775006557615,0,
C02352,0.1193081692342986,0,
C02353,0.639996628307898,1,2026-10-06
C02354,0.418317975632316,1,2026-09-26
C02355,0.01,0,
C02356,0.4176905873654162,0,
C02357,0.01,0,
C02358,0.15729461328798353,0,
C02359,0.22530421446180868,0,
C02360,0.630643660352676,1,2026-10-15
C02361,0.07710740602267543,1,2026-10-14
C02362,0.6344729664013276,0,
C02363,0.30294195083281045,0,
C02364,0.5592048739774018,0,
C02365,0.01,0,
C02366,0.01,0,
C02367,0.01,0,
C02368,0.09339696425130592,0,
C02369,0.5328295529686163,1,2026-09-21
C02370,0.2860273861048629,1,2026-09-18
C02371,0.48400207870808654,1,2026-10-11
C02372,0.07930255303534445,0,
C02373,0.7775510976945484,1,2026-09-20
C02374,0.7781615988681535,1,2026-10-09
C02375,0.09758993998091098,1,2026-10-09
C02376,0.2180397663988226,0,
C02377,0.21777040904634234,1,2026-10-11
C02378,0.18724057422982884,1,2026-10-03
C02379,0.01,0,
C02380,0.15657847475567585,0,
C02381,0.962461789021413,1,2026-10-15
C02382,0.6113618018186121,0,
C02383,0.858438072242095,1,2026-09-28
C02384,0.440462106935388,0,
C02385,0.7790331356208997,0,
C02386,0.8665392075742577,1,2026-10-03
C02387,0.9249410555097594,1,2026-09-21
C02388,0.01,0,
C02389,0.7025156567896155,1,2026-09-22
C02390,0.5666289424426034,1,2026-09-21
C02391,0.4452157580791216,0,
C02392,0.6543839663749734,0,
C02393,0.695976544159194,1,2026-09-26
C02394,0.8680569265103342,1,2026-09-18
C02395,0.7289188325553815,1,2026-10-13
C02396,0.9203953735205573,1,2026-09-23
C02397,0.38390270523914094,0,
C02398,0.7406092702738085,1,2026-09-21
C02399,0.31556433257772654,1,2026-09-24
C02400,0.2602861443805907,0,
C02401,0.99,1,2026-09-19
C02402,0.9552112575710684,1,2026-09-27
C02403,0.7322201922917263,1,2026-10-12
C02404,0.7378421896027927,1,2026-09-29
C02405,0.41036373493227407,1,2026-10-09
C02406,0.43376062989282305,0,
C02407,0.8710162920323662,1,2026-09-29
C02408,0.3980502802706275,1,2026-09-19
C02409,0.03996761920917524,0,
C02410,0.25329834914945304,0,
C02411,0.2982303041467811,0,
C02412,0.30463620033954153,1,2026-10-07
C02413,0.1441242849404804,0,
C02414,0.8344220150001339,0,
C02415,0.6585331039016133,1,2026-09-27
C02416,0.4459239610045047,0,
C02417,0.6098895698897182,1,2026-09-28
C02418,0.15184996190188538,0,
C02419,0.6525508593137176,1,2026-09-28
C02420,0.5257847699644099,1,2026-09-25
C02421,0.6225682120308991,1,2026-09-30
C02422,0.5440232549431909,0,
C02423,0.23276460794952325,0,
C02424,0.7346915717220938,1,2026-10-06
C02425,0.47217662351679235,1,2026-09-20
C02426,0.9341974125137518,1,2026-10-10
C02427,0.01,0,
C02428,0.5153503393155136,0,
C02429,0.3418840195210152,1,2026-10-04
C02430,0.760895367570206,0,
C02431,0.99,1,2026-10-13
C02432,0.105827635609618,1,2026-10-14
C02433,0.6242828964599223,0,
C02434,0.01,0,
C02435,0.7575073663881267,1,2026-10-01
C02436,0.024524332186726866,0,
C02437,0.09500687254923065,0,
C02438,0.15162016220404947,0,
C02439,0.7778326865594152,1,2026-10-02
C02440,0.1925344560583296,1,2026-10-08
C02441,0.4960848594197047,0,
C02442,0.47194266718476996,1,2026-10-09
C02443,0.5522616196442157,0,
C02444,0.23948956462461315,0,
C02445,0.018191813761730263,0,
C02446,0.8761742517288794,1,2026-10-07
C02447,0.35707663971772496,1,2026-10-15
C02448,0.9302266228135913,1,2026-10-15
C02449,0.5687374394549914,1,2026-10-11
C02450,0.5139359178010393,0,
C02451,0.25729702820899336,0,
C02452,0.27232946305927874,1,2026-10-02
C02453,0.6407029679302678,1,2026-10-05
C02454,0.3173593931148666,0,
C02455,0.3231390319178963,0,
C02456,0.5902199453252603,0,
C02457,0.07091732463128148,0,
C02458,0.4417299838069392,1,2026-09-29
C02459,0.9729094104958854,1,2026-09-24
C02460,0.5874552495434162,0,
C02461,0.8818746200181259,1,2026-09-26
C02462,0.01,0,
C02463,0.01,0,
C02464,0.41910238530276156,0,
C02465,0.7268053042371657,1,2026-10-09
C02466,0.6609188370798701,1,2026-09-21
C02467,0.5188296863274179,0,
C02468,0.039358417098307424,0,
C02469,0.9785674786600339,1,2026-09-19
C02470,0.42970062542295295,1,2026-09-18
C02471,0.1526018231733732,0,
C02472,0.46419729475825156,0,
C02473,0.01,0,
C02474,0.11814026606953101,0,
C02475,0.611561795739014,1,2026-09-23
C02476,0.3735261684669171,0,
C02477,0.31310226227965743,1,2026-09-22
C02478,0.5143392348753101,0,
C02479,0.398485947081172,1,2026-09-21
C02480,0.5171426852137024,0,
C02481,0.5668443470811484,1,2026-09-21
C02482,0.1979591504547907,0,
C02483,0.5242667196337758,0,
C02484,0.89201075095965,1,2026-10-14
C02485,0.6643355666516073,0,
C02486,0.18756918583787216,1,2026-10-03
C02487,0.7277139544463166,1,2026-09-28
C02488,0.2299025576487271,0,
C02489,0.19151412251613076,0,
C02490,0.823551728423382,1,2026-10-08
C02491,0.10958633914151558,1,2026-10-01
C02492,0.8586259674204981,1,2026-09-18
C02493,0.38040961572196264,0,
C02494,0.8068434191835384,0,
C02495,0.15959651275778594,0,
C02496,0.3527352109525871,0,
C02497,0.11253177036071546,0,
C02498,0.01,0,
C02499,0.964604165713378,1,2026-09-24
C02500,0.7561627166193668,1,2026-09-30
C02501,0.7805741953936404,1,2026-09-25
C02502,0.01,0,
C02503,0.8109218215128496,1,2026-09-24
C02504,0.5358704089580174,0,
C02505,0.21169813032137982,1,2026-10-15
C02506,0.1704512988867102,1,2026-09-23
C02507,0.30791514961771393,1,2026-10-07
C02508,0.3401023389730813,0,
C02509,0.7467041886397946,0,
C02510,0.3178687515173588,0,
C02511,0.35236380313482896,0,
C02512,0.18038318808710127,0,
C02513,0.674839315890453,0,
C02514,0.01,0,
C02515,0.06118225686037304,0,
C02516,0.731579287168763,0,
C02517,0.7442889489381876,1,2026-10-05
C02518,0.09908004652782917,0,
C02519,0.9571846394004219,1,2026-10-11
C02520,0.5878140020976368,1,2026-09-18
C02521,0.6864280426545029,0,
C02522,0.8043475693456857,1,2026-09-19
C02523,0.4118869849310288,0,
C02524,0.4556424816859207,0,
C02525,0.7702148788036813,1,2026-10-14
C02526,0.07541901653148014,0,
C02527,0.852421155318045,1,2026-10-06
C02528,0.3475685454697004,1,2026-09-19
C02529,0.5139684845015536,1,2026-10-10
C02530,0.4756996310499041,0,
C02531,0.7570720374090072,0,
C02532,0.47567335513457504,1,2026-10-07
C02533,0.2107536415293941,1,2026-10-15
C02534,0.4657168770680302,1,2026-10-03
C02535,0.36491186269398157,0,
C02536,0.6819086688788346,1,2026-10-11
C02537,0.4452872924928818,0,
C02538,0.4295732123074507,0,
C02539,0.428931058388639,0,
C02540,0.5405675058786397,1,2026-09-21
C02541,0.8351778536220976,1,2026-09-21
C02542,0.11188774587525935,0,
C02543,0.01,0,
C02544,0.5619967541970712,1,2026-09-28
C02545,0.4038431208328361,0,
C02546,0.6099693095883153,1,2026-10-09
C02547,0.017476617363598707,0,
C02548,0.4226456209050302,0,
C02549,0.05077105003078761,0,
C02550,0.1557089697150348,0,
C02551,0.7993696809825839,0,
C02552,0.7573880362775477,1,2026-10-10
C02553,0.8838603603355235,1,2026-10-13
C02554,0.5974048335022857,1,2026-09-22
C02555,0.6839601234981093,1,2026-09-22
C02556,0.601564537696068,1,2026-10-13
C02557,0.2612357788679259,1,2026-09-30
C02558,0.9351508885227243,1,2026-10-05
C02559,0.1092728948690552,0,
C02560,0.4887658804040449,1,2026-09-20
C02561,0.6600628502239768,0,
C02562,0.8153521484600008,1,2026-09-22
C02563,0.4618897234256313,1,2026-10-07
C02564,0.11724835531494149,0,
C02565,0.12190996538224083,0,
C02566,0.7115182138103167,0,
C02567,0.05751928879697468,0,
C02568,0.01,0,
C02569,0.2497970684133168,1,2026-10-14
C02570,0.99,1,2026-10-07
C02571,0.3597485662888237,1,2026-09-18
C02572,0.7637145488867869,0,
C02573,0.8766499001887679,0,
C02574,0.6965828362741389,1,2026-10-13
C02575,0.377566186755942,1,2026-09-20
C02576,0.33041511535937573,0,
C02577,0.8879853126516387,1,2026-09-19
C02578,0.5627851314178909,0,
C02579,0.01,0,
C02580,0.2534575855218104,0,
C02581,0.286297938336593,0,
C02582,0.515486701563029,1,2026-10-14
C02583,0.726893723394609,1,2026-09-17
C02584,0.2665105963723867,0,
C02585,0.72501191638993,0,
C02586,0.5238355788370425,0,
C02587,0.4021787670522651,0,
C02588,0.12738918514664313,0,
C02589,0.21046635039251313,1,2026-10-05
C02590,0.7248001189847344,1,2026-09-27
C02591,0.1295629866493677,0,
C02592,0.589489814351494,1,2026-10-13
C02593,0.5797061496208644,1,2026-10-15
C02594,0.01,0,
C02595,0.01,0,
C02596,0.2194436216381702,0,
C02597,0.6610208856986332,0,
C02598,0.38459756227189035,1,2026-10-04
C02599,0.8548765095890778,1,2026-10-08
C02600,0.6519058152709047,1,2026-09-25
C02601,0.08274662832416507,0,
C02602,0.7460983748023947,1,2026-09-26
C02603,0.99,1,2026-09-28
C02604,0.12421520230828625,0,
C02605,0.2583506681186144,0,
C02606,0.6155529202644326,1,2026-09-17
C02607,0.7971755425613887,1,2026-10-06
C02608,0.7763037238169338,1,2026-09-19
C02609,0.14894786099419427,0,
C02610,0.5072370942799143,1,2026-10-15
C02611,0.5652037015151241,1,2026-10-15
C02612,0.6308320879207611,1,2026-10-05
C02613,0.5680602646117217,0,
C02614,0.34220389854171396,0,
C02615,0.7185061670661111,1,2026-09-25
C02616,0.8784512659615379,1,2026-09-17
C02617,0.2757662006558832,0,
C02618,0.4971555264847729,0,
C02619,0.11903054850374481,0,
C02620,0.444724032999011,0,
C02621,0.12825046653576655,0,
C02622,0.12271599148777762,0,
C02623,0.9278511956910956,1,2026-09-26
C02624,0.37627263229201846,1,2026-10-13
C02625,0.3490322100183676,1,2026-10-07
C02626,0.9281277245887563,1,2026-10-03
C02627,0.280772716271079,0,
C02628,0.5497320215077447,1,2026-10-10
C02629,0.5637469045732455,0,
C02630,0.4652830906765194,0,
C02631,0.5128429892060336,1,2026-10-09
C02632,0.6780174320901681,1,2026-09-21
C02633,0.11770331025868572,0,
C02634,0.5840844386294728,0,
C02635,0.5551273668765755,0,
C02636,0.01,0,
C02637,0.7519427212928785,1,2026-10-08
C02638,0.01,0,
C02639,0.585912498380981,1,2026-09-28
C02640,0.10214216022385178,0,
C02641,0.01,0,
C02642,0.21577163211802516,0,
C02643,0.42914068051340326,1,2026-10-06
C02644,0.9673011795486068,1,2026-10-14
C02645,0.4578456543015036,0,
C02646,0.9154355671695661,1,2026-10-15
C02647,0.8925388001724244,1,2026-09-25
C02648,0.01,0,
C02649,0.15571731313859904,0,
C02650,0.2938420254446179,0,
C02651,0.40968189325796733,0,
C02652,0.6334805685366283,0,
C02653,0.024081501760174512,0,
C02654,0.43204128416081766,1,2026-10-07
C02655,0.4807732325101336,0,
C02656,0.7108902425766358,1,2026-10-07
C02657,0.60009205037411,1,2026-10-14
C02658,0.8751716704473763,0,
C02659,0.5415904412488507,1,2026-10-15
C02660,0.99,1,2026-09-21
C02661,0.750924099942912,0,
C02662,0.5861102168517595,1,2026-10-15
C02663,0.1096845788294861,0,
C02664,0.01052070834275698,0,
C02665,0.01,0,
C02666,0.1896757410318879,0,
C02667,0.11644135239393491,0,
C02668,0.7920440813504607,1,2026-10-08
C02669,0.4360557980691734,0,
C02670,0.22453948226703033,1,2026-09-23
C02671,0.2023675537969278,0,
C02672,0.6886605463227378,1,2026-10-12
C02673,0.6629088813405845,1,2026-10-10
C02674,0.99,1,2026-09-26
C02675,0.5528420568562586,0,
C02676,0.01,0,
C02677,0.21527875775786973,0,
C02678,0.32100533898805794,1,2026-09-30
C02679,0.18918558358883394,1,2026-10-11
C02680,0.6705874091394969,1,2026-09-26
C02681,0.01,0,
C02682,0.310783482738363,0,
C02683,0.5667873636785483,0,
C02684,0.3896283684949995,0,
C02685,0.8690809909686904,1,2026-10-02
C02686,0.7631876978715013,1,2026-09-23
C02687,0.6445401717583016,0,
C02688,0.3431364683167796,0,
C02689,0.1067799743022913,0,
C02690,0.3364009582855213,1,2026-09-19
C02691,0.4267298601458225,0,
C02692,0.01,0,
C02693,0.1706408043257934,0,
C02694,0.6681083300081316,0,
C02695,0.28240242549329675,0,
C02696,0.7280107046877923,1,2026-10-01
C02697,0.4483013477960305,1,2026-10-08
C02698,0.8014638498259986,0,
C02699,0.8471698777045276,1,2026-09-25
C02700,0.30137203265928547,0,
C02701,0.5101615477633923,1,2026-09-22
C02702,0.803126749352159,1,2026-09-27
C02703,0.7620544973349286,1,2026-09-28
C02704,0.5409567626400108,0,
C02705,0.040714217542564296,0,
C02706,0.3084492288458105,1,2026-09-25
C02707,0.6375989537603833,0,
C02708,0.99,1,2026-09-17
C02709,0.9415289668103287,0,
C02710,0.35918614070877486,1,2026-09-27
C02711,0.8806733097204584,1,2026-10-01
C02712,0.6612878980093163,0,
C02713,0.3643427730222102,0,
C02714,0.0508871369210602,0,
C02715,0.5782027941643003,1,2026-10-10
C02716,0.6495976131592933,1,2026-10-09
C02717,0.5246638355378855,1,2026-10-10
C02718,0.6628381871361326,0,
C02719,0.2793454807970476,1,2026-10-03
C02720,0.6343872943494145,0,
C02721,0.2923829100898866,0,
C02722,0.1668766659629207,1,2026-10-15
C02723,0.2111943756569604,0,
C02724,0.7067388723093564,0,
C02725,0.7112233891922589,1,2026-09-30
C02726,0.5184629644987695,1,2026-09-22
C02727,0.3755871911257048,0,
C02728,0.4864974813474894,0,
C02729,0.597647296541009,0,
C02730,0.46768944689128544,0,
C02731,0.15073870552402455,0,
C02732,0.7714719747262383,1,2026-09-20
C02733,0.19231793782476034,0,
C02734,0.5748100815949779,0,
C02735,0.34421391174489036,0,
C02736,0.47800258626567405,1,2026-10-02
C02737,0.9051173764867456,1,2026-09-23
C02738,0.054272596741285456,0,
C02739,0.777635207036862,1,2026-09-30
C02740,0.01,0,
C02741,0.8213685806594213,1,2026-10-03
C02742,0.01,0,
C02743,0.7944136944198734,1,2026-09-20
C02744,0.11722049323822942,0,
C02745,0.32704842088585184,1,2026-09-22
C02746,0.633547395253158,0,
C02747,0.5588246734526852,1,2026-09-19
C02748,0.7488095933196741,1,2026-09-28
C02749,0.2508590752200226,1,2026-09-23
C02750,0.5660082278874625,1,2026-09-26
C02751,0.42850143526269835,0,
C02752,0.6159199217467427,1,2026-10-13
C02753,0.4472264898017375,0,
C02754,0.1681398661616964,0,
C02755,0.99,1,2026-10-15
C02756,0.5671411451089293,0,
C02757,0.20372536058994872,1,2026-10-12
C02758,0.3165334873458757,0,
C02759,0.3648757704059671,0,
C02760,0.6989220167912904,1,2026-10-02
C02761,0.022272605074152296,0,
C02762,0.758815134585405,1,2026-09-22
C02763,0.7619583074243618,1,2026-09-21
C02764,0.04219387777989145,0,
C02765,0.99,1,2026-10-14
C02766,0.7509122164102903,1,2026-09-27
C02767,0.5922567499970749,0,
C02768,0.274731710062316,0,
C02769,0.10748967428035114,0,
C02770,0.38912544286237194,0,
C02771,0.4072041461106416,1,2026-10-01
C02772,0.6518683454464771,1,2026-10-08
C02773,0.8016374547923306,1,2026-10-04
C02774,0.8344998699648972,1,2026-10-11
C02775,0.6962808938631864,1,2026-09-19
C02776,0.9590453225361039,1,2026-10-06
C02777,0.49936849942003037,1,2026-09-17
C02778,0.08888459391900644,0,
C02779,0.05183018050662436,0,
C02780,0.16848752566483058,0,
C02781,0.5139862169549562,0,
C02782,0.4852241500467992,0,
C02783,0.216143704594806,0,
C02784,0.99,1,2026-09-30
C02785,0.8849947719029213,1,2026-10-02
C02786,0.06664152669412121,1,2026-10-10
C02787,0.13942409239035053,1,2026-10-05
C02788,0.5493387554618503,0,
C02789,0.38766724783278905,0,
C02790,0.7821512143919871,0,
C02791,0.5543022039703365,1,2026-09-27
C02792,0.01,0,
C02793,0.4448832108719035,0,
C02794,0.2365325451613973,0,
C02795,0.8651126233058702,1,2026-10-15
C02796,0.4752790488315919,1,2026-10-06
C02797,0.8276637093163028,1,2026-10-01
C02798,0.08017459054079407,0,
C02799,0.01,0,
C02800,0.286269037944338,1,2026-10-15
C02801,0.786956705855573,1,2026-09-20
C02802,0.4446040794302353,1,2026-10-04
C02803,0.5241405248822241,0,
C02804,0.01,0,
C02805,0.11149430297597429,0,
C02806,0.24603882075199612,0,
C02807,0.6953034111177452,1,2026-10-07
C02808,0.9214170992146501,1,2026-10-09
C02809,0.5049993281843496,1,2026-09-20
C02810,0.19361553008450694,0,
C02811,0.6876120459118591,0,
C02812,0.24693397122856384,0,
C02813,0.7202877022583487,1,2026-09-25
C02814,0.25229172268589584,0,
C02815,0.8111350681407227,1,2026-10-15
C02816,0.9551666566984043,1,2026-09-19
C02817,0.5412554980396512,0,
C02818,0.18818260621830682,0,
C02819,0.3301854161321931,0,
C02820,0.13828485126405166,0,
C02821,0.32345583806795236,0,
C02822,0.01,0,
C02823,0.9197265059530425,1,2026-09-29
C02824,0.550164288377229,0,
C02825,0.15609807483565452,0,
C02826,0.5948880350068986,1,2026-09-19
C02827,0.5965032882875483,1,2026-09-19
C02828,0.44675439607043843,0,
C02829,0.15299909191315897,0,
C02830,0.03210772225683298,0,
C02831,0.6394759514842324,1,2026-09-26
C02832,0.2701774138570764,0,
C02833,0.503453757844929,1,2026-09-17
C02834,0.9158816165382949,1,2026-10-04
C02835,0.4930994382003471,1,2026-09-19
C02836,0.99,1,2026-10-15
C02837,0.5455018928287894,0,
C02838,0.3646031134312069,0,
C02839,0.7524673317659941,1,2026-09-17
C02840,0.46091237127009443,1,2026-10-14
C02841,0.8715703795219163,1,2026-09-29
C02842,0.5277319450607802,0,
C02843,0.6532470682622816,1,2026-10-02
C02844,0.01,0,
C02845,0.01,0,
C02846,0.01,0,
C02847,0.248368368086868,0,
C02848,0.4339560224032454,1,2026-09-29
C02849,0.314545655177468,1,2026-10-05
C02850,0.6394741894562697,0,
C02851,0.7186570401686123,1,2026-09-29
C02852,0.48824534041326967,0,
C02853,0.7326081212627535,1,2026-09-25
C02854,0.04896585439240672,0,
C02855,0.01,0,
C02856,0.01,0,
C02857,0.10379000383066517,0,
C02858,0.4291855359381388,1,2026-09-20
C02859,0.8673759386810711,1,2026-10-02
C02860,0.05322509778753873,0,
C02861,0.1529229291033223,0,
C02862,0.964396720093835,1,2026-10-13
C02863,0.968598019419543,1,2026-10-15
C02864,0.99,1,2026-09-19
C02865,0.9764512246683748,1,2026-09-25
C02866,0.5525160580479662,1,2026-09-21
C02867,0.12947644783591536,0,
C02868,0.49836695615161275,0,
C02869,0.01,0,
C02870,0.1057247322492117,0,
C02871,0.99,1,2026-09-30
C02872,0.53479030591605,0,
C02873,0.5582402238871367,0,
C02874,0.5092190260638908,1,2026-09-30
C02875,0.5014085574390068,1,2026-09-19
C02876,0.14443046490121983,0,
C02877,0.8151453175644294,1,2026-10-13
C02878,0.7165461289600619,0,
C02879,0.11259219845075594,0,
C02880,0.1917776292205596,0,
C02881,0.6606226401293537,0,
C02882,0.4710919190204653,0,
C02883,0.7661593537709837,1,2026-10-09
C02884,0.6276326213854861,1,2026-10-13
C02885,0.8585472124462105,1,2026-10-14
C02886,0.9302179108805163,1,2026-10-03
C02887,0.7665530942153159,1,2026-10-06
C02888,0.3928473885398368,1,2026-10-03
C02889,0.8728371990202122,1,2026-09-22
C02890,0.3355322051344013,0,
C02891,0.9608944844680726,1,2026-10-10
C02892,0.7242699647177867,0,
C02893,0.01,0,
C02894,0.6712806145993083,1,2026-10-10
C02895,0.4001141137920685,0,
C02896,0.8771127582524629,1,2026-10-06
C02897,0.35841893600901886,0,
C02898,0.01,0,
C02899,0.34313656307278784,0,
C02900,0.4802094239850634,0,
C02901,0.49191767799040176,1,2026-10-08
C02902,0.2021057839700475,0,
C02903,0.6650826272685321,0,
C02904,0.28347280208967135,0,
C02905,0.7366625578379449,1,2026-09-22
C02906,0.20240291081530734,1,2026-10-13
C02907,0.3495174439738924,1,2026-09-23
C02908,0.28861266364962634,0,
C02909,0.6822313707591212,1,2026-10-01
C02910,0.6361889846717717,1,2026-10-08
C02911,0.8256241324381823,1,2026-10-02
C02912,0.4650489957160312,0,
C02913,0.6878296950517654,1,2026-10-08
C02914,0.37224396231231804,0,
C02915,0.19409984176356618,0,
C02916,0.21971792444764024,0,
C02917,0.3436895659334531,0,
C02918,0.3392649330026619,0,
C02919,0.7376012424773637,1,2026-10-13
C02920,0.7363453609123942,0,
C02921,0.288959402590266,1,2026-09-18
C02922,0.08644851877310678,1,2026-09-27
C02923,0.01,0,
C02924,0.01,0,
C02925,0.838100151746316,1,2026-10-05
C02926,0.99,1,2026-09-18
C02927,0.10138407755634044,0,
C02928,0.40820870392663966,1,2026-09-21
C02929,0.8193451372953363,1,2026-10-10
C02930,0.07894539914167606,0,
C02931,0.5944371882052275,0,
C02932,0.5136173598395465,1,2026-10-13
C02933,0.758086429711447,1,2026-09-17
C02934,0.6064206771619143,0,
C02935,0.1317641772822296,0,
C02936,0.24839578457648345,1,2026-10-14
C02937,0.8673427767710997,1,2026-09-17
C02938,0.1927550632417384,0,
C02939,0.3539260735714209,0,
C02940,0.23417693465582065,0,
C02941,0.2555382846929598,0,
C02942,0.32353608755207564,0,
C02943,0.08951867383388654,0,
C02944,0.7772533541116465,0,
C02945,0.2244432837486848,1,2026-10-11
C02946,0.6735441683946658,1,2026-10-12
C02947,0.9423156128110944,1,2026-10-10
C02948,0.8526457076278734,1,2026-10-06
C02949,0.750424668043393,1,2026-09-29
C02950,0.1708959232689697,1,2026-09-19
C02951,0.29789781131769644,0,
C02952,0.8974706794318502,1,2026-10-01
C02953,0.8807073247870837,1,2026-10-04
C02954,0.07759497895118295,0,
C02955,0.6894685813654329,1,2026-10-15
C02956,0.17298537956513002,0,
C02957,0.3481853470971288,0,
C02958,0.7166236519805916,1,2026-10-05
C02959,0.4472246973231305,0,
C02960,0.5502611749467293,1,2026-09-21
C02961,0.46719587462148904,1,2026-10-05
C02962,0.01,0,
C02963,0.43093074785441765,1,2026-10-12
C02964,0.01,0,
C02965,0.44107834991235906,1,2026-10-13
C02966,0.6722888661055365,1,2026-09-19
C02967,0.99,1,2026-09-26
C02968,0.10278946921999055,0,
C02969,0.8822922382284434,1,2026-10-02
C02970,0.01,0,
C02971,0.1731486833446641,0,
C02972,0.048486722287409606,0,
C02973,0.1580219178588273,0,
C02974,0.3308349530771063,0,
C02975,0.01,0,
C02976,0.99,1,2026-10-02
C02977,0.8817959426719559,0,
C02978,0.18955653492947386,0,
C02979,0.7760031935908491,1,2026-10-09
C02980,0.01,0,
C02981,0.9578135982846049,1,2026-10-01
C02982,0.762987721822278,1,2026-10-06
C02983,0.30635276167105463,0,
C02984,0.5138825989735013,0,
C02985,0.40664610397562406,1,2026-10-04
C02986,0.5357548248117024,1,2026-09-25
C02987,0.375371777998587,0,
C02988,0.9228745916575913,1,2026-10-15
C02989,0.01,0,
C02990,0.2442823086944463,0,
C02991,0.7092867480866756,1,2026-10-05
C02992,0.48824303106809397,0,
C02993,0.06954498698396991,0,
C02994,0.01,0,
C02995,0.01,0,
C02996,0.11301362473626766,1,2026-09-25
C02997,0.48038717669133524,1,2026-09-21
C02998,0.2678079933573694,0,
C02999,0.4995148352372438,1,2026-10-07
C03000,0.29406805489675036,1,2026-10-08
C03001,0.8933205930452905,1,2026-09-30
C03002,0.5215161489093242,0,
C03003,0.6961007304197291,0,
C03004,0.5318263817820345,0,
C03005,0.6768443161142473,1,2026-10-06
C03006,0.20208757116482765,0,
C03007,0.45200072942309544,1,2026-10-01
C03008,0.01,0,
C03009,0.16543735286477287,0,
C03010,0.13152585623027752,0,
C03011,0.5914361315711533,0,
C03012,0.7473243572539771,1,2026-10-15
C03013,0.2126967106493197,0,
C03014,0.0266110617237183,0,
C03015,0.6072083925113755,0,
C03016,0.25743306716790815,1,2026-09-24
C03017,0.6226746878128461,1,2026-10-07
C03018,0.01,0,
C03019,0.4623421011780454,0,
C03020,0.671230746415754,1,2026-10-11
C03021,0.9211507704660503,1,2026-10-06
C03022,0.8041284425726265,1,2026-10-05
C03023,0.4996197199348672,0,
C03024,0.7685148028491138,1,2026-09-19
C03025,0.4375414072859619,1,2026-09-26
C03026,0.8133955560578191,1,2026-10-14
C03027,0.47206554955419755,0,
C03028,0.8758521690469178,1,2026-09-30
C03029,0.10493806764270608,1,2026-09-18
C03030,0.49070490668541544,1,2026-09-30
C03031,0.2423768054848958,0,
C03032,0.630768083582035,1,2026-09-25
C03033,0.5640276978998511,1,2026-10-14
C03034,0.10381068391882772,0,
C03035,0.32155260002905794,0,
C03036,0.6521502225529056,1,2026-10-04
C03037,0.7089532016326925,1,2026-10-05
C03038,0.01,0,
C03039,0.8210728280045265,1,2026-09-20
C03040,0.08408311503660576,0,
C03041,0.8729424035528168,0,
C03042,0.3663258202187776,1,2026-09-27
C03043,0.21634557272841756,0,
C03044,0.4960259954736509,1,2026-10-01
C03045,0.5949583598960435,0,
C03046,0.1596017836848187,0,
C03047,0.05498477999575796,0,
C03048,0.6615726847890749,0,
C03049,0.7768421435822576,1,2026-09-19
C03050,0.11239168479810921,0,
C03051,0.4730114352341639,0,
C03052,0.25360175051479716,0,
C03053,0.6000612576007611,0,
C03054,0.4157732950128433,1,2026-09-25
C03055,0.26242473988900616,0,
C03056,0.5350698517641826,0,
C03057,0.30184084816705103,1,2026-09-30
C03058,0.404259605194918,0,
C03059,0.8252588494034135,1,2026-09-22
C03060,0.6553647993250376,0,
C03061,0.28328344328237187,0,
C03062,0.2802618656216632,0,
C03063,0.7090116303008936,1,2026-10-11
C03064,0.7076896856124818,0,
C03065,0.9107646812891325,1,2026-10-10
C03066,0.5642812798695664,0,
C03067,0.416799857011912,0,
C03068,0.41964240133305075,0,
C03069,0.17576683370575252,0,
C03070,0.7521389353538882,1,2026-09-18
C03071,0.1239235044894898,0,
C03072,0.3030169007129474,0,
C03073,0.4896935140789579,0,
C03074,0.36070231518883156,0,
C03075,0.01,0,
C03076,0.7678548722322043,1,2026-09-23
C03077,0.07417412315198485,0,
C03078,0.07961168058899024,0,
C03079,0.5442368279638038,1,2026-09-18
C03080,0.939983031860934,1,2026-09-25
C03081,0.01,0,
C03082,0.5787869362884478,0,
C03083,0.22889303484252774,0,
C03084,0.8194179714517258,0,
C03085,0.99,1,2026-09-20
C03086,0.4185903156557108,1,2026-09-19
C03087,0.99,1,2026-10-15
C03088,0.5706263009172591,0,
C03089,0.5070559158320884,0,
C03090,0.9082366720884796,1,2026-10-03
C03091,0.7648880043346862,1,2026-09-28
C03092,0.5034686319581397,1,2026-09-18
C03093,0.37670768564367163,0,
C03094,0.7126040768415994,1,2026-09-24
C03095,0.3635188412201983,0,
C03096,0.7670792923398965,0,
C03097,0.01,0,
C03098,0.5722608594657457,0,
C03099,0.5929236445416614,1,2026-10-07
C03100,0.32579123058223824,0,
C03101,0.6829724953325222,1,2026-09-29
C03102,0.99,1,2026-10-05
C03103,0.23625309406668735,0,
C03104,0.01,0,
C03105,0.6765164169237312,1,2026-10-05
C03106,0.6521868625845239,0,
C03107,0.2413044536832609,0,
C03108,0.4854629766263735,0,
C03109,0.826142548700175,1,2026-09-21
C03110,0.23198568031595,0,
C03111,0.5822724995992992,1,2026-10-14
C03112,0.6420250716499077,0,
C03113,0.24264417475720754,0,
C03114,0.6691482565592469,0,
C03115,0.3464022512680025,0,
C03116,0.5202840233040518,1,2026-10-09
C03117,0.3801264126433137,0,
C03118,0.011833027704200139,0,
C03119,0.1416384947670561,0,
C03120,0.2823163318619323,0,
C03121,0.5121681867134421,1,2026-09-26
C03122,0.34206485152594135,1,2026-10-09
C03123,0.5886236642753964,1,2026-09-20
C03124,0.99,1,2026-10-06
C03125,0.04702371169755179,0,
C03126,0.7618193696255505,1,2026-09-24
C03127,0.27923600796297077,0,
C03128,0.38748000236292346,0,
C03129,0.7755282909356904,1,2026-10-14
C03130,0.5986385505538822,0,
C03131,0.34853591242389703,0,
C03132,0.6614082411877006,1,2026-10-02
C03133,0.01,0,
C03134,0.523101612367986,1,2026-09-20
C03135,0.6305586694939103,1,2026-09-22
C03136,0.456060520273184,1,2026-10-05
C03137,0.9378226242614253,1,2026-09-17
C03138,0.99,1,2026-10-09
C03139,0.34206087680729336,0,
C03140,0.35636425231564384,1,2026-10-13
C03141,0.842375550378639,1,2026-09-28
C03142,0.7439114008682629,1,2026-10-15
C03143,0.3179688048369085,0,
C03144,0.3490265929433144,0,
C03145,0.8206165297611285,1,2026-10-11
C03146,0.5268694883953222,0,
C03147,0.30523219260262413,0,
C03148,0.18553043110555076,0,
C03149,0.24294913754193528,1,2026-10-01
C03150,0.376448065451616,1,2026-09-26
C03151,0.5906067294228793,1,2026-10-15
C03152,0.44820906746415645,0,
C03153,0.7981364627635777,0,
C03154,0.1777728722071735,0,
C03155,0.01,0,
C03156,0.7529597607744121,1,2026-10-07
C03157,0.4341272028801829,0,
C03158,0.4636035750358989,0,
C03159,0.99,1,2026-09-23
C03160,0.2840936949781862,0,
C03161,0.20239212924667668,0,
C03162,0.4267035131904672,1,2026-09-30
C03163,0.5285309758322949,0,
C03164,0.9159784108779331,1,2026-09-21
C03165,0.3451882554966371,0,
C03166,0.246901767343339,0,
C03167,0.01,0,
C03168,0.7519779314082053,1,2026-10-11
C03169,0.6439323438996529,1,2026-09-17
C03170,0.35719136880275715,0,
C03171,0.5882686586643259,1,2026-09-17
C03172,0.8998138382317277,1,2026-10-09
C03173,0.3183014304739371,1,2026-09-30
C03174,0.6569652858904117,0,
C03175,0.8639193476849505,1,2026-09-17
C03176,0.6579678184122032,0,
C03177,0.01,0,
C03178,0.19026006939623927,0,
C03179,0.6691266057633231,1,2026-09-25
C03180,0.12267076668462579,0,
C03181,0.3765698118812816,0,
C03182,0.5542121992729171,0,
C03183,0.9263236906269642,1,2026-09-20
C03184,0.54999278815421,0,
C03185,0.6921385497664847,0,
C03186,0.08201820865306006,0,
C03187,0.01,0,
C03188,0.22225399436025614,1,2026-10-14
C03189,0.11221459830701658,0,
C03190,0.3277180248592836,0,
C03191,0.6183033372636122,1,2026-09-23
C03192,0.6444726975097004,1,2026-09-21
C03193,0.040771866421910635,0,
C03194,0.2647160974961892,0,
C03195,0.6983261625576153,1,2026-10-10
C03196,0.7265224947791882,0,
C03197,0.01,0,
C03198,0.7484046723239205,0,
C03199,0.7798055982244037,1,2026-09-17
C03200,0.08663910643648551,1,2026-09-30
C03201,0.30206574125692187,1,2026-09-26
C03202,0.6035474138252427,1,2026-10-09
C03203,0.6108011815260025,0,
C03204,0.955188663940378,1,2026-09-17
C03205,0.2585826381733387,1,2026-10-09
C03206,0.5993031465525255,1,2026-10-04
C03207,0.48253797849822455,1,2026-10-05
C03208,0.35867641772666276,1,2026-09-24
C03209,0.22290584537773248,0,
C03210,0.46125287443388197,1,2026-09-19
C03211,0.3888841212892876,0,
C03212,0.99,1,2026-09-18
C03213,0.5156885634876436,0,
C03214,0.33522787569054613,0,
C03215,0.5336875664225595,0,
C03216,0.9192825819693626,1,2026-10-08
C03217,0.6614538546344244,1,2026-10-09
C03218,0.4391433874880527,1,2026-09-24
C03219,0.99,1,2026-10-05
C03220,0.9798429415670628,1,2026-10-04
C03221,0.31431273386526226,0,
C03222,0.29339609215398377,0,
C03223,0.8664586700483475,1,2026-10-02
C03224,0.6910486888622195,1,2026-09-24
C03225,0.33174507769064987,0,
C03226,0.24540453527553382,0,
C03227,0.5344388397446181,1,2026-10-11
C03228,0.5312347247209462,1,2026-09-23
C03229,0.01,0,
C03230,0.01,0,
C03231,0.15537640502376035,0,
C03232,0.01,0,
C03233,0.0829927988660186,0,
C03234,0.7508076809625169,1,2026-10-05
C03235,0.01,0,
C03236,0.6611810258636206,0,
C03237,0.018359134005376226,0,
C03238,0.5935597702689782,1,2026-09-21
C03239,0.5856201517038281,1,2026-10-14
C03240,0.3086681157269886,0,
C03241,0.9065618926846152,1,2026-09-23
C03242,0.01,0,
C03243,0.4952181582727776,0,
C03244,0.8218640558900577,0,
C03245,0.6138968224944412,0,
C03246,0.883345821144994,1,2026-10-15
C03247,0.05210587646927606,0,
C03248,0.8843593145170207,1,2026-10-05
C03249,0.5134513562538228,0,
C03250,0.05248453065412734,0,
C03251,0.6154938213735075,0,
C03252,0.767437377139007,1,2026-10-03
C03253,0.33254669511078416,1,2026-10-07
C03254,0.7284771815123954,1,2026-09-18
C03255,0.1896684203321167,0,
C03256,0.9534524387896456,0,
C03257,0.4684633683212377,1,2026-10-10
C03258,0.01,0,
C03259,0.01,0,
C03260,0.99,1,2026-10-07
C03261,0.01,0,
C03262,0.1985425988942597,0,
C03263,0.4669118875750954,0,
C03264,0.11343978037563882,0,
C03265,0.3742321657352231,0,
C03266,0.6760340116507592,1,2026-10-14
C03267,0.19099458431204905,0,
C03268,0.01,0,
C03269,0.6211218000062737,0,
C03270,0.99,1,2026-10-07
C03271,0.831933976609196,0,
C03272,0.44856202947506496,1,2026-09-24
C03273,0.4748837530408758,0,
C03274,0.8251651708878457,0,
C03275,0.8162254383182044,1,2026-10-12
C03276,0.6206572412350033,0,
C03277,0.9298223189134779,1,2026-09-20
C03278,0.7517123634777715,1,2026-09-24
C03279,0.99,1,2026-09-27
C03280,0.7582904782951024,1,2026-09-20
C03281,0.7004452306955059,1,2026-10-15
C03282,0.9228362096151493,1,2026-09-21
C03283,0.24243895368408505,1,2026-10-01
C03284,0.8509270213570987,1,2026-10-15
C03285,0.01,0,
C03286,0.7953649150583347,1,2026-09-25
C03287,0.24805014988861895,1,2026-09-28
C03288,0.8490325116266806,1,2026-10-12
C03289,0.01,0,
C03290,0.38183689673639987,0,
C03291,0.30005616970155635,0,
C03292,0.670811472185411,0,
C03293,0.3919059302935537,0,
C03294,0.6096502525641686,1,2026-10-15
C03295,0.7650692097144772,1,2026-10-01
C03296,0.6682659886484968,0,
C03297,0.17047936918018933,1,2026-09-17
C03298,0.01,0,
C03299,0.8505577051866997,1,2026-10-11
C03300,0.12577384358251995,0,
C03301,0.8669418260791785,1,2026-09-22
C03302,0.042538137477644206,0,
C03303,0.20845128065380955,0,
C03304,0.9287387292602213,1,2026-10-04
C03305,0.739717833081473,1,2026-10-11
C03306,0.05424264390551503,0,
C03307,0.4980975102851637,1,2026-10-05
C03308,0.9598678421436105,1,2026-10-09
C03309,0.01,0,
C03310,0.15731948676815574,0,
C03311,0.5451958850455535,1,2026-09-22
C03312,0.15498348290230976,0,
C03313,0.34883825114041034,1,2026-10-03
C03314,0.5578227819168705,1,2026-10-02
C03315,0.7602540635070385,1,2026-10-06
C03316,0.99,1,2026-09-21
C03317,0.41223094794747883,1,2026-09-28
C03318,0.41036032170498227,0,
C03319,0.7267953384895708,0,
C03320,0.09250661664810853,0,
C03321,0.6408585406397819,0,
C03322,0.01,0,
C03323,0.05179387007228792,0,
C03324,0.6756663618033473,1,2026-10-02
C03325,0.3914846922807683,0,
C03326,0.4481152402980567,1,2026-09-24
C03327,0.12143717585733357,0,
C03328,0.10780239741526046,1,2026-10-09
C03329,0.7279831434226898,1,2026-09-21
C03330,0.5992494481902861,1,2026-10-09
C03331,0.1446537558430671,0,
C03332,0.10667983864715785,0,
C03333,0.4061927974768582,1,2026-09-26
C03334,0.7801609633663711,1,2026-09-21
C03335,0.5644890690964183,1,2026-10-09
C03336,0.9141146937065862,0,
C03337,0.133264617858727,0,
C03338,0.50575263687778,0,
C03339,0.6660145473300026,1,2026-10-04
C03340,0.837840788030123,0,
C03341,0.1508830373846942,0,
C03342,0.2896418507217863,0,
C03343,0.40459143216286175,1,2026-10-15
C03344,0.5907504250520416,1,2026-10-13
C03345,0.308612194406384,0,
C03346,0.7611172840151745,1,2026-09-18
C03347,0.99,1,2026-09-26
C03348,0.01,0,
C03349,0.4996806323076503,0,
C03350,0.11427331874880942,0,
C03351,0.5979551539368732,1,2026-10-09
C03352,0.14209854344521022,0,
C03353,0.99,1,2026-10-15
C03354,0.42775021193431095,1,2026-09-26
C03355,0.281936882650754,0,
C03356,0.7362804843597466,0,
C03357,0.4443564364923437,1,2026-10-02
C03358,0.13469360667903127,0,
C03359,0.6791438441942257,1,2026-10-05
C03360,0.5283635985600679,1,2026-10-11
C03361,0.845321605202606,1,2026-09-25
C03362,0.459118607579062,1,2026-10-04
C03363,0.8557729355302871,1,2026-09-30
C03364,0.7336035165419347,0,
C03365,0.981383815868042,1,2026-09-21
C03366,0.18427013857978677,0,
C03367,0.055702320032186364,0,
C03368,0.06341835916627608,0,
C03369,0.4590799207256321,1,2026-09-18
C03370,0.99,1,2026-09-17
C03371,0.614918033538338,1,2026-10-07
C03372,0.7112495727063342,1,2026-09-17
C03373,0.251835997837486,0,
C03374,0.01,0,
C03375,0.1724177216537356,0,
C03376,0.7206913590081748,1,2026-10-05
C03377,0.033842794467044274,0,
C03378,0.2753283677537274,0,
C03379,0.25367523911272527,0,
C03380,0.01,0,
C03381,0.3297841421451255,0,
C03382,0.99,1,2026-09-27
C03383,0.06995110878476446,0,
C03384,0.530542807218365,1,2026-09-20
C03385,0.6936216630143716,1,2026-10-10
C03386,0.1364052741176557,0,
C03387,0.9430553687430488,1,2026-09-27
C03388,0.3111448684773629,0,
C03389,0.8822973012492159,1,2026-09-23
C03390,0.9115513109431835,0,
C03391,0.9346975700428651,1,2026-10-01
C03392,0.1803983588147837,0,
C03393,0.7700624178454376,1,2026-10-01
C03394,0.99,1,2026-09-23
C03395,0.7190479790999954,1,2026-10-02
C03396,0.14136402324708747,0,
C03397,0.23477663240547428,0,
C03398,0.257605993626585,0,
C03399,0.75492566730886,1,2026-10-06
C03400,0.01,0,
C03401,0.6506457461969609,0,
C03402,0.5754492661134334,1,2026-09-18
C03403,0.05837244268355993,0,
C03404,0.4612289291905449,0,
C03405,0.6157861966738137,1,2026-10-14
C03406,0.17327908773252318,0,
C03407,0.01,0,
C03408,0.5181768499123524,1,2026-10-14
C03409,0.8199307265601878,1,2026-09-19
C03410,0.6063703349217948,0,
C03411,0.3740566394236403,1,2026-09-28
C03412,0.37249155944820067,1,2026-10-04
C03413,0.3871087461730789,0,
C03414,0.5419217005994221,1,2026-09-27
C03415,0.7994141349392717,1,2026-10-01
C03416,0.6677096816998916,1,2026-10-13
C03417,0.27251788400668986,0,
C03418,0.4468867902664986,0,
C03419,0.3079211911312806,1,2026-09-17
C03420,0.34540105770347385,0,
C03421,0.1331475543813502,0,
C03422,0.03434936229674454,0,
C03423,0.15592305912625268,0,
C03424,0.17967736406566745,0,
C03425,0.767516347099061,1,2026-09-24
C03426,0.15782721138047165,0,
C03427,0.8074272039930777,1,2026-09-27
C03428,0.99,1,2026-10-06
C03429,0.026279854076353776,1,2026-09-17
C03430,0.4976158953822436,0,
C03431,0.589067396878648,1,2026-09-30
C03432,0.5415349072337764,0,
C03433,0.99,1,2026-10-14
C03434,0.7616784866578242,1,2026-10-11
C03435,0.6418341029935551,1,2026-09-27
C03436,0.9203125293738945,1,2026-09-18
C03437,0.887380912950113,1,2026-10-06
C03438,0.8650441645445748,1,2026-10-13
C03439,0.01,0,
C03440,0.41443209153651683,1,2026-10-08
C03441,0.9327285673853216,1,2026-10-01
C03442,0.23145712247569958,0,
C03443,0.7514522916030558,1,2026-10-01
C03444,0.01,0,
C03445,0.47516669112474397,1,2026-09-19
C03446,0.7513281199933413,1,2026-09-29
C03447,0.33134835822534636,1,2026-10-13
C03448,0.789452527715971,1,2026-10-08
C03449,0.5303986699108694,1,2026-09-27
C03450,0.5472909784202843,1,2026-09-20
C03451,0.4166679158755233,0,
C03452,0.5258367432659001,0,
C03453,0.8416265796132119,1,2026-10-06
C03454,0.01,0,
C03455,0.6346512853510311,1,2026-09-30
C03456,0.1148104877978019,0,
C03457,0.5628079116451016,0,
C03458,0.9635960426817225,1,2026-09-21
C03459,0.10709789101129868,0,
C03460,0.4720068031963931,1,2026-10-05
C03461,0.8019712002760803,1,2026-10-05
C03462,0.3696915683703089,1,2026-10-03
C03463,0.5203147674640011,0,
C03464,0.01470780688144821,0,
C03465,0.3730732752393918,1,2026-09-26
C03466,0.5864252054507757,0,
C03467,0.5285875540145933,0,
C03468,0.5464563496658862,1,2026-09-26
C03469,0.6369208794785624,1,2026-10-08
C03470,0.5056574671741977,1,2026-10-08
C03471,0.7102082089353827,1,2026-10-07
C03472,0.99,1,2026-10-13
C03473,0.1328247341379412,0,
C03474,0.5296496301297099,1,2026-09-17
C03475,0.1898926663527225,0,
C03476,0.6152285476146202,0,
C03477,0.39958674483185497,1,2026-09-26
C03478,0.421921276205751,1,2026-10-14
C03479,0.3392979869831916,1,2026-09-18
C03480,0.47471242776220135,0,
C03481,0.01,0,
C03482,0.01,0,
C03483,0.1750083517959813,0,
C03484,0.34898640972169304,0,
C03485,0.11751603625796428,1,2026-09-17
C03486,0.19069549397230168,0,
C03487,0.7223395717796923,0,
C03488,0.5834932116618194,0,
C03489,0.24316498158411157,0,
C03490,0.6969675520109653,1,2026-09-30
C03491,0.9892459055414965,1,2026-09-25
C03492,0.24504242377830676,0,
C03493,0.2625899058370542,1,2026-10-03
C03494,0.99,1,2026-09-20
C03495,0.037882571305427354,0,
C03496,0.01,0,
C03497,0.42099116030791717,0,
C03498,0.5184291028176325,1,2026-09-29
C03499,0.01,0,
C03500,0.01,0,
C03501,0.41893666325447354,0,
C03502,0.8222096215636364,1,2026-10-04
C03503,0.707842354153918,1,2026-09-17
C03504,0.6145266384595228,1,2026-10-10
C03505,0.3324999369680527,0,
C03506,0.4593784225005004,0,
C03507,0.46318170077778686,0,
C03508,0.01,0,
C03509,0.25732008808193985,0,
C03510,0.11147111021610709,0,
C03511,0.11109003310945503,1,2026-10-07
C03512,0.4551306897236813,1,2026-10-12
C03513,0.8055202053067453,1,2026-09-27
C03514,0.01,0,
C03515,0.528414666712257,1,2026-09-22
C03516,0.7793327178468236,1,2026-09-24
C03517,0.01,0,
C03518,0.8172582831278852,1,2026-09-27
C03519,0.7185216434647635,1,2026-09-25
C03520,0.26457134491387013,1,2026-10-12
C03521,0.805343575594159,0,
C03522,0.9540157862488418,1,2026-10-13
C03523,0.01,0,
C03524,0.8805994473553175,0,
C03525,0.6921829386993777,1,2026-09-23
C03526,0.8659599085012466,1,2026-09-18
C03527,0.6676649968664014,1,2026-10-05
C03528,0.39185700848145744,0,
C03529,0.5011404695324961,0,
C03530,0.33618074066354886,1,2026-10-07
C03531,0.8162061475869147,1,2026-09-28
C03532,0.9806817585377591,1,2026-10-02
C03533,0.6632106688780471,0,
C03534,0.99,1,2026-10-10
C03535,0.678550938847229,1,2026-09-17
C03536,0.8107649988387525,0,
C03537,0.3194943333646497,1,2026-10-09
C03538,0.3662274321125898,1,2026-10-12
C03539,0.5123350762163681,0,
C03540,0.43971628933971907,1,2026-10-04
C03541,0.8614001350270544,0,
C03542,0.01,0,
C03543,0.3984435796936119,0,
C03544,0.0611605216268247,0,
C03545,0.5108933654192048,0,
C03546,0.08114426801096303,0,
C03547,0.355144257165554,0,
C03548,0.4447410229262515,0,
C03549,0.09218099000079183,0,
C03550,0.37671895026165636,0,
C03551,0.8090304980256465,1,2026-10-15
C03552,0.18747465337430355,0,
C03553,0.8835057563020331,1,2026-10-01
C03554,0.01,0,
C03555,0.01,0,
C03556,0.6748991141977306,1,2026-09-28
C03557,0.4075212828444925,0,
C03558,0.38035348940458735,0,
C03559,0.08665851143025202,0,
C03560,0.765495882156277,1,2026-09-26
C03561,0.22954161291048178,0,
C03562,0.7487310970845371,0,
C03563,0.5394995452960429,1,2026-09-28
C03564,0.598156828975612,1,2026-09-21
C03565,0.6335115922420599,1,2026-10-10
C03566,0.6729995812545662,0,
C03567,0.4431394864679242,0,
C03568,0.8580401662109294,1,2026-10-09
C03569,0.01,0,
C03570,0.8760443629471418,0,
C03571,0.1332079131024769,0,
C03572,0.18094634072877233,0,
C03573,0.015146137231442425,0,
C03574,0.99,1,2026-10-06
C03575,0.6391129321080172,0,
C03576,0.13928713113551328,0,
C03577,0.3779232033157789,0,
C03578,0.5299328670636675,1,2026-10-09
C03579,0.5439107822426902,1,2026-09-30
C03580,0.5956539407436364,1,2026-10-05
C03581,0.3721837097285381,0,
C03582,0.798645315668746,1,2026-09-26
C03583,0.9338707959794345,1,2026-10-01
C03584,0.2980725552206501,1,2026-10-11
C03585,0.99,1,2026-10-13
C03586,0.11961021600197827,0,
C03587,0.021381325062270612,0,
C03588,0.13940129661156006,0,
C03589,0.20659265502831692,0,
C03590,0.99,1,2026-10-03
C03591,0.4310537264449035,0,
C03592,0.5514732689346843,1,2026-10-01
C03593,0.4960526529884028,1,2026-10-02
C03594,0.3452086227312777,1,2026-10-14
C03595,0.37357173478824723,0,
C03596,0.4380980134887149,0,
C03597,0.3737608863064389,0,
C03598,0.8540076899205491,1,2026-09-20
C03599,0.46862370503610895,1,2026-10-04
C03600,0.99,1,2026-09-28
C03601,0.47671264902461485,1,2026-10-12
C03602,0.14499801560758996,1,2026-09-29
C03603,0.2843766382250049,1,2026-10-02
C03604,0.6923133259374322,0,
C03605,0.32162226787505765,1,2026-09-25
C03606,0.01,0,
C03607,0.01,0,
C03608,0.3870647560580953,1,2026-09-21
C03609,0.46477178365542104,1,2026-09-19
C03610,0.5301549770996777,0,
C03611,0.683712748836934,1,2026-10-03
C03612,0.6460803866727954,0,
C03613,0.7955931035555189,0,
C03614,0.5740991851430828,1,2026-09-19
C03615,0.014807927291995149,0,
C03616,0.7831685396886423,1,2026-10-11
C03617,0.1757153971469528,0,
C03618,0.3028199299554335,0,
C03619,0.30779762450423453,1,2026-09-18
C03620,0.09568544835794457,0,
C03621,0.3986540409046294,1,2026-09-27
C03622,0.37753028770951247,0,
C03623,0.22194198106156085,0,
C03624,0.35311538113926977,1,2026-10-10
C03625,0.41979180581668407,1,2026-09-21
C03626,0.19765335188772967,0,
C03627,0.8651381130260954,1,2026-09-29
C03628,0.4341930009163555,0,
C03629,0.20843466895894525,0,
C03630,0.951803700250848,1,2026-09-17
C03631,0.01,0,
C03632,0.7834344809016331,1,2026-10-05
C03633,0.6784484047707735,1,2026-09-19
C03634,0.12285892257024394,1,2026-10-06
C03635,0.6015076153454496,1,2026-10-07
C03636,0.21631242178177354,0,
C03637,0.7908950156146018,0,
C03638,0.01,0,
C03639,0.5256917431475462,1,2026-09-27
C03640,0.872333613812085,1,2026-09-23
C03641,0.5107764098681804,0,
C03642,0.446322761460486,1,2026-10-15
C03643,0.5083771464077431,0,
C03644,0.7260411510814897,1,2026-09-28
C03645,0.3451888955160576,0,
C03646,0.99,1,2026-09-25
C03647,0.7674607363964899,0,
C03648,0.19681017696052358,0,
C03649,0.6849408940633942,1,2026-09-25
C03650,0.99,1,2026-09-24
C03651,0.3669082243749897,0,
C03652,0.38821971395449173,0,
C03653,0.01,0,
C03654,0.11565743554470709,0,
C03655,0.99,1,2026-10-07
C03656,0.39112162773753734,0,
C03657,0.38734153945864924,1,2026-10-12
C03658,0.01,0,
C03659,0.0640589106840905,0,
C03660,0.6587901909482633,0,
C03661,0.7731876565842442,0,
C03662,0.6007953336011713,0,
C03663,0.03545023695187921,0,
C03664,0.7034696409636672,1,2026-09-27
C03665,0.831594151694292,0,
C03666,0.590376740807421,1,2026-10-09
C03667,0.41646455279966066,1,2026-09-22
C03668,0.01,0,
C03669,0.01,0,
C03670,0.5444475075898467,1,2026-10-12
C03671,0.9201461278628744,1,2026-10-08
C03672,0.13221573634733957,1,2026-09-25
C03673,0.3896726233779533,1,2026-09-30
C03674,0.45110131970238965,1,2026-09-30
C03675,0.22020277651969453,1,2026-09-27
C03676,0.8272081881770711,1,2026-09-26
C03677,0.6054560684534515,1,2026-10-05
C03678,0.333583428274451,0,
C03679,0.022272511888944163,0,
C03680,0.5488255482246679,0,
C03681,0.383714344976804,0,
C03682,0.6968828840523462,1,2026-10-09
C03683,0.1833940872508489,0,
C03684,0.42365409628195483,1,2026-09-27
C03685,0.6220953766914041,1,2026-09-29
C03686,0.3879233212276689,0,
C03687,0.3450719779766309,0,
C03688,0.25113023747581853,0,
C03689,0.3518133291504826,0,
C03690,0.6423394008768032,1,2026-10-07
C03691,0.2337073505013055,0,
C03692,0.6438132076422075,0,
C03693,0.5736808334326603,1,2026-10-14
C03694,0.8130379038607417,1,2026-09-28
C03695,0.10161852261891965,0,
C03696,0.01,0,
C03697,0.44868753190884836,0,
C03698,0.2165756087060637,0,
C03699,0.36119477214474427,0,
C03700,0.41605080815015794,1,2026-10-12
C03701,0.99,1,2026-09-28
C03702,0.6438637092780872,1,2026-09-23
C03703,0.01,0,
C03704,0.3599416475170336,1,2026-09-24
C03705,0.5785015307431552,1,2026-10-11
C03706,0.9167675873892039,1,2026-09-24
C03707,0.8618052198709154,1,2026-09-18
C03708,0.8942308668532413,1,2026-10-04
C03709,0.07629970151435547,0,
C03710,0.01,0,
C03711,0.6662526892361184,1,2026-09-27
C03712,0.6024443668399497,0,
C03713,0.18121215000107613,1,2026-10-02
C03714,0.06683529919818695,0,
C03715,0.9630765633887007,0,
C03716,0.8438332547452586,1,2026-10-06
C03717,0.20697154869967802,0,
C03718,0.2970084042666775,0,
C03719,0.99,1,2026-09-29
C03720,0.48499333063336825,1,2026-09-29
C03721,0.8480726258613223,0,
C03722,0.09598603075930093,0,
C03723,0.6363829153080952,1,2026-10-13
C03724,0.29682580305342066,1,2026-10-01
C03725,0.7991790949245622,1,2026-10-08
C03726,0.22557267903863207,1,2026-09-26
C03727,0.5231181319941288,1,2026-09-28
C03728,0.5717559077272106,0,
C03729,0.6988713786172771,1,2026-09-30
C03730,0.20670004456317434,0,
C03731,0.5426605072649832,0,
C03732,0.04103581954443078,0,
C03733,0.8936135233121308,1,2026-10-02
C03734,0.044173487561131125,0,
C03735,0.8402949347783525,1,2026-09-24
C03736,0.39314806938380753,0,
C03737,0.34106707251747226,0,
C03738,0.37743323792848016,0,
C03739,0.99,1,2026-10-09
C03740,0.09498386222368824,0,
C03741,0.6229587654330322,1,2026-09-25
C03742,0.08368230025637244,0,
C03743,0.9553975206205351,1,2026-09-29
C03744,0.7419390049014283,1,2026-09-17
C03745,0.99,1,2026-10-13
C03746,0.6791077126179019,1,2026-10-12
C03747,0.44949888363285073,1,2026-10-03
C03748,0.3022291092878783,0,
C03749,0.27145951403983926,0,
C03750,0.251817873852505,0,
C03751,0.27063944272482177,1,2026-09-26
C03752,0.37641414508095905,0,
C03753,0.917793474479412,1,2026-09-18
C03754,0.01,0,
C03755,0.2884804065941814,0,
C03756,0.7468029810996618,1,2026-10-10
C03757,0.8653234812577664,1,2026-10-09
C03758,0.19748038682394317,0,
C03759,0.2825271591868074,0,
C03760,0.5234254097145054,0,
C03761,0.343693662929916,0,
C03762,0.8487626275086946,1,2026-09-20
C03763,0.6558147224506595,0,
C03764,0.8932750100100904,0,
C03765,0.8175773801692072,1,2026-10-10
C03766,0.9004757980921805,1,2026-10-13
C03767,0.6901608378787153,1,2026-10-07
C03768,0.01,0,
C03769,0.27216204953896084,1,2026-09-29
C03770,0.4902537984609291,0,
C03771,0.8183981849842745,1,2026-10-04
C03772,0.6804314355647038,0,
C03773,0.7357285447667794,0,
C03774,0.16225001791893554,0,
C03775,0.13634677775506726,0,
C03776,0.7962904060840554,1,2026-10-09
C03777,0.5793835819395946,1,2026-09-25
C03778,0.3480812565864916,1,2026-10-15
C03779,0.15244421767796465,0,
C03780,0.01,0,
C03781,0.21255791559583112,0,
C03782,0.43911445958314343,1,2026-10-02
C03783,0.13481499093858515,0,
C03784,0.5119232365067581,0,
C03785,0.38848950246935443,0,
C03786,0.15809285207537663,0,
C03787,0.6199224069906447,1,2026-10-13
C03788,0.5794037852756041,0,
C03789,0.5459453957896381,0,
C03790,0.037031712168076575,0,
C03791,0.41840128443688085,0,
C03792,0.01,0,
C03793,0.2216307528946637,0,
C03794,0.0999126461765347,1,2026-10-09
C03795,0.3408401720636167,1,2026-09-24
C03796,0.614397100707578,1,2026-09-20
C03797,0.9885384346760928,1,2026-10-11
C03798,0.9735529670092874,1,2026-10-13
C03799,0.7216253145274301,0,
C03800,0.7871970667271742,1,2026-09-26
C03801,0.99,1,2026-09-30
C03802,0.8020418458033919,1,2026-09-28
C03803,0.5209546704643332,1,2026-09-22
C03804,0.5013619257170014,0,
C03805,0.20578497109037983,0,
C03806,0.01,0,
C03807,0.4036128943316635,1,2026-10-01
C03808,0.5548298516019796,1,2026-09-20
C03809,0.7330921575882825,0,
C03810,0.99,1,2026-09-18
C03811,0.8626547178694158,1,2026-09-17
C03812,0.15179175335625422,0,
C03813,0.9573969363651117,0,
C03814,0.7993855566935719,1,2026-09-28
C03815,0.01,0,
C03816,0.2952608470368021,0,
C03817,0.3656417997750937,0,
C03818,0.034011209254917074,0,
C03819,0.4315030828643044,1,2026-09-20
C03820,0.4848170808863692,0,
C03821,0.1522307548315975,0,
C03822,0.8398797509579125,1,2026-10-10
C03823,0.6104542371697033,1,2026-09-25
C03824,0.0759636533705432,0,
C03825,0.6212568590350435,1,2026-09-23
C03826,0.49913955363422924,0,
C03827,0.5232340454203949,1,2026-10-14
C03828,0.7345332627840525,1,2026-09-25
C03829,0.28817979845824293,1,2026-10-10
C03830,0.3909867381721712,1,2026-09-30
C03831,0.6807630546162803,0,
C03832,0.66038843885921,0,
C03833,0.15541365745253274,0,
C03834,0.9374505921442762,1,2026-09-18
C03835,0.6446719148357704,0,
C03836,0.7546688348417696,1,2026-10-02
C03837,0.99,1,2026-09-23
C03838,0.26081171896117317,0,
C03839,0.2506031457915222,0,
C03840,0.22086453005382475,0,
C03841,0.6349694269510021,1,2026-09-28
C03842,0.8420659566545672,1,2026-09-19
C03843,0.5854007713128079,1,2026-10-02
C03844,0.05021390072313367,0,
C03845,0.776107734984534,1,2026-10-01
C03846,0.8959582795273279,0,
C03847,0.19536841744585928,0,
C03848,0.5347847930149039,1,2026-09-26
C03849,0.9566238302153233,1,2026-09-25
C03850,0.8995481401108271,1,2026-10-05
C03851,0.3214752822265887,0,
C03852,0.09392491493193567,0,
C03853,0.6460089590708924,1,2026-10-09
C03854,0.9469674980767966,1,2026-10-12
C03855,0.5579837278591283,1,2026-10-02
C03856,0.3577073946350565,1,2026-10-14
C03857,0.9139484072972978,1,2026-10-13
C03858,0.32459667907424605,0,
C03859,0.5809287043329338,0,
C03860,0.28864235773823743,0,
C03861,0.4271374928732564,1,2026-09-30
C03862,0.23780756534149802,0,
C03863,0.01,1,2026-10-06
C03864,0.9351606759140293,0,
C03865,0.33121982423608387,1,2026-09-29
C03866,0.01,0,
C03867,0.582308108953288,0,
C03868,0.5459967483081921,1,2026-10-14
C03869,0.26775670330589163,0,
C03870,0.5181048881004888,1,2026-09-17
C03871,0.19193635221813485,0,
C03872,0.020914833099567764,0,
C03873,0.01,0,
C03874,0.99,1,2026-09-25
C03875,0.4318542587261903,1,2026-10-02
C03876,0.29972093548330025,1,2026-10-04
C03877,0.410831816156799,1,2026-09-24
C03878,0.7021953481916019,1,2026-09-30
C03879,0.07666277759418175,0,
C03880,0.6964590664844106,0,
C03881,0.4099429172686947,0,
C03882,0.5172591294815536,1,2026-10-11
C03883,0.9849968156907506,1,2026-09-19
C03884,0.1602836741979576,0,
C03885,0.5615858973776735,0,
C03886,0.41456727612318,0,
C03887,0.47119711405159337,1,2026-09-23
C03888,0.01,0,
C03889,0.21723389000681145,0,
C03890,0.01,0,
C03891,0.8947151477310042,0,
C03892,0.99,1,2026-09-25
C03893,0.01,0,
C03894,0.12684577019424742,0,
C03895,0.5521689419865595,0,
C03896,0.2040349247756386,0,
C03897,0.7005721327794469,1,2026-10-15
C03898,0.7868058354965477,0,
C03899,0.6972194656894259,0,
C03900,0.19908338024504,0,
C03901,0.08783572923748412,0,
C03902,0.789158872664231,1,2026-09-21
C03903,0.16954089371378103,1,2026-10-01
C03904,0.99,1,2026-09-18
C03905,0.23276948520233645,0,
C03906,0.5100273755007387,1,2026-10-05
C03907,0.522979358912807,1,2026-10-02
C03908,0.07014398154237875,0,
C03909,0.3040405050386362,1,2026-10-09
C03910,0.9558064597237169,1,2026-10-07
C03911,0.3623277499888369,0,
C03912,0.2829708319833456,1,2026-10-08
C03913,0.20998416268084333,0,
C03914,0.5411513535561527,0,
C03915,0.01,0,
C03916,0.356781190591003,0,
C03917,0.0990131255607414,0,
C03918,0.5656191925432218,0,
C03919,0.7396974670366249,1,2026-10-13
C03920,0.99,1,2026-10-15
C03921,0.8920506104869651,1,2026-10-08
C03922,0.8367113636571795,1,2026-10-09
C03923,0.9090049607907661,1,2026-10-09
C03924,0.32480652443384883,0,
C03925,0.0408490916843163,0,
C03926,0.48361832496994434,0,
C03927,0.8231309585678325,1,2026-09-19
C03928,0.5669087660239568,1,2026-10-06
C03929,0.20794890441100888,0,
C03930,0.99,1,2026-09-18
C03931,0.46034180393332613,0,
C03932,0.7665437561544413,1,2026-09-26
C03933,0.66250661731113,0,
C03934,0.7091446908495096,1,2026-10-04
C03935,0.022112583761142557,0,
C03936,0.15361825963934303,0,
C03937,0.8565718399596519,1,2026-10-11
C03938,0.33860428008991017,1,2026-10-01
C03939,0.6716264844886526,1,2026-10-06
C03940,0.3244839704091298,1,2026-10-11
C03941,0.9575277158512304,1,2026-10-11
C03942,0.45766905457670404,1,2026-09-28
C03943,0.6318859968545918,1,2026-09-25
C03944,0.13962516750207696,0,
C03945,0.10752340644311725,0,
C03946,0.6565562934849605,1,2026-09-21
C03947,0.11764328949737263,0,
C03948,0.7717981913191236,1,2026-09-28
C03949,0.7054928619618247,1,2026-10-13
C03950,0.9700237129568554,1,2026-10-03
C03951,0.20577308947418138,0,
C03952,0.5915296219335746,1,2026-10-02
C03953,0.6141713873506498,0,
C03954,0.01,0,
C03955,0.638940683875285,1,2026-10-08
C03956,0.43902943521447924,1,2026-09-19
C03957,0.02891408937917825,0,
C03958,0.28706493329050875,0,
C03959,0.14830148571663954,0,
C03960,0.7879958730374661,1,2026-09-21
C03961,0.5067599007156425,1,2026-09-19
C03962,0.18802806205380304,0,
C03963,0.05209567772776019,0,
C03964,0.8746491033662455,1,2026-10-13
C03965,0.6860881671751591,0,
C03966,0.09131639516716245,0,
C03967,0.01,0,
C03968,0.967185171222457,1,2026-09-24
C03969,0.480982227889448,1,2026-09-24
C03970,0.09332386746836804,0,
C03971,0.12305763170323791,0,
C03972,0.47595747808411504,0,
C03973,0.6710526944379391,1,2026-09-28
C03974,0.6711177675544634,1,2026-10-08
C03975,0.01,0,
C03976,0.3839049659941496,0,
C03977,0.31165707722893754,0,
C03978,0.7328591701719823,1,2026-09-29
C03979,0.4235089683929264,0,
C03980,0.6653371499344202,1,2026-09-24
C03981,0.5981641540368875,1,2026-09-23
C03982,0.6824809661065655,1,2026-09-22
C03983,0.5202307733585855,1,2026-10-15
C03984,0.21100548729147947,1,2026-09-28
C03985,0.6806031579174604,1,2026-10-12
C03986,0.2329116332384875,0,
C03987,0.6173481476344775,1,2026-09-27
C03988,0.2868464373041214,0,
C03989,0.5176613683117214,1,2026-10-01
C03990,0.6336483265428066,0,
C03991,0.7784917023884552,0,
C03992,0.7186128612581496,1,2026-09-25
C03993,0.7503164687135485,1,2026-09-23
C03994,0.3683063772237737,0,
C03995,0.7925764076347728,1,2026-10-05
C03996,0.01,0,
C03997,0.08842993801833351,0,
C03998,0.07014081956761054,0,
C03999,0.7215369723857042,1,2026-09-22
C04000,0.1736652364752271,1,2026-09-18
C04001,0.34915350725387084,1,2026-10-07
C04002,0.4806674875736381,0,
C04003,0.769047521747136,1,2026-10-10
C04004,0.769246089253789,1,2026-10-03
C04005,0.6074525294462372,1,2026-10-08
C04006,0.7919863600197272,1,2026-10-13
C04007,0.99,1,2026-09-20
C04008,0.38886020511652075,1,2026-09-28
C04009,0.8087162596515796,1,2026-09-18
C04010,0.5692972219797887,1,2026-10-03
C04011,0.01,0,
C04012,0.01,0,
C04013,0.6996190528452413,1,2026-09-30
C04014,0.5449906896759358,1,2026-10-10
C04015,0.6213248888545309,0,
C04016,0.4862690548727643,0,
C04017,0.8303480711250127,1,2026-09-18
C04018,0.6133477822503708,1,2026-10-11
C04019,0.6277724952392586,1,2026-09-23
C04020,0.01,0,
C04021,0.4837293493614354,1,2026-10-14
C04022,0.5375272498276152,1,2026-09-27
C04023,0.025993322759277654,0,
C04024,0.3962649881036805,1,2026-10-08
C04025,0.26480434719816703,0,
C04026,0.9844589755824147,1,2026-10-05
C04027,0.5934151911519908,1,2026-10-07
C04028,0.3652609129790283,0,
C04029,0.36449665204531867,0,
C04030,0.6595476204252423,1,2026-09-18
C04031,0.24733037594251436,0,
C04032,0.8939228589844206,0,
C04033,0.8589615824889931,1,2026-09-30
C04034,0.4003181697814371,0,
C04035,0.5600593442969642,1,2026-09-23
C04036,0.6105396227289024,1,2026-09-24
C04037,0.01,0,
C04038,0.99,1,2026-10-15
C04039,0.8760378099003624,1,2026-10-13
C04040,0.6556749307154439,1,2026-10-10
C04041,0.12267606104312764,0,
C04042,0.2862498148074317,0,
C04043,0.18054808371023612,0,
C04044,0.01,0,
C04045,0.6402908299681348,1,2026-10-13
C04046,0.7514944495937362,0,
C04047,0.01,0,
C04048,0.37797070600602134,0,
C04049,0.24558735024077627,0,
C04050,0.06727365331193708,1,2026-09-18
C04051,0.34239213752739617,1,2026-10-08
C04052,0.5900300693127936,0,
C04053,0.01,0,
C04054,0.32372003082781664,1,2026-10-14
C04055,0.6003526292887589,0,
C04056,0.3784284590344924,0,
C04057,0.6348929753257987,0,
C04058,0.99,1,2026-10-09
C04059,0.07839098320898236,0,
C04060,0.835637145599726,1,2026-10-15
C04061,0.5338928236362087,1,2026-10-12
C04062,0.5911498910361231,1,2026-10-01
C04063,0.23087172766139863,0,
C04064,0.6289484606603937,1,2026-10-06
C04065,0.6306996495265502,0,
C04066,0.10153792967743744,0,
C04067,0.39326881776635014,1,2026-10-03
C04068,0.5673789977078711,1,2026-10-06
C04069,0.5667809969252239,1,2026-10-07
C04070,0.3431528778888109,0,
C04071,0.2516874328968764,0,
C04072,0.1908277671805992,0,
C04073,0.30187358337478365,1,2026-10-07
C04074,0.6106336772932547,1,2026-09-22
C04075,0.17706527167169808,0,
C04076,0.7270722246435352,1,2026-09-18
C04077,0.737444998970784,1,2026-10-12
C04078,0.9429653286288974,1,2026-10-13
C04079,0.20135133078026754,1,2026-10-12
C04080,0.6261903451864209,1,2026-09-24
C04081,0.7323995382612611,1,2026-09-24
C04082,0.7669452562076814,1,2026-09-29
C04083,0.8958899051158327,1,2026-09-21
C04084,0.8105025915153491,1,2026-10-06
C04085,0.49546182901507607,1,2026-09-25
C04086,0.19926279978566397,1,2026-10-15
C04087,0.01,0,
C04088,0.6527670888029691,1,2026-10-01
C04089,0.18934376429396702,1,2026-10-01
C04090,0.08396417341056292,0,
C04091,0.99,1,2026-09-18
C04092,0.95631200866921,1,2026-10-11
C04093,0.01,0,
C04094,0.9124819278530844,1,2026-09-25
C04095,0.99,1,2026-09-20
C04096,0.4257394715645294,1,2026-09-17
C04097,0.49890050880956305,1,2026-10-13
C04098,0.918799496321553,1,2026-10-12
C04099,0.15753315673676524,1,2026-10-07
C04100,0.8904858362467178,1,2026-09-23
C04101,0.2965760660430491,0,
C04102,0.5411622060432031,1,2026-09-27
C04103,0.2231980283578073,0,
C04104,0.5729447410391562,0,
C04105,0.708317162239063,1,2026-09-22
C04106,0.01,0,
C04107,0.6639186190254209,0,
C04108,0.8983368355371911,1,2026-10-10
C04109,0.9510517085489839,1,2026-09-18
C04110,0.8941209370088473,1,2026-10-08
C04111,0.4184634350954728,0,
C04112,0.6677012532329966,0,
C04113,0.3468577452934135,0,
C04114,0.1601633871770425,1,2026-10-08
C04115,0.3338542716165728,1,2026-09-20
C04116,0.28522746881586514,0,
C04117,0.08782432196506379,0,
C04118,0.4314716239068339,1,2026-09-24
C04119,0.4587609144092144,0,
C04120,0.01,0,
C04121,0.021712818776214976,0,
C04122,0.39699882995745384,1,2026-09-20
C04123,0.799010562006553,1,2026-10-08
C04124,0.5164015754536818,0,
C04125,0.606935973447102,1,2026-09-25
C04126,0.10432788012310673,0,
C04127,0.5698463415299011,0,
C04128,0.7176117409566432,1,2026-09-28
C04129,0.05071521985948921,0,
C04130,0.883553795981712,1,2026-09-30
C04131,0.8151144877879656,1,2026-10-05
C04132,0.8931022618236406,1,2026-09-28
C04133,0.06031698048850079,0,
C04134,0.8222991561214585,1,2026-09-26
C04135,0.3287357165715541,0,
C04136,0.7991295736618664,0,
C04137,0.99,1,2026-10-14
C04138,0.2050206162931971,1,2026-10-03
C04139,0.040319872271352,0,
C04140,0.15440449375645146,0,
C04141,0.8483507642811442,0,
C04142,0.6666336051002972,1,2026-10-06
C04143,0.42231515863367275,0,
C04144,0.7739126539637214,1,2026-09-20
C04145,0.7499231777848663,1,2026-09-22
C04146,0.99,1,2026-10-12
C04147,0.01,0,
C04148,0.49167662635831144,0,
C04149,0.7230133417659939,0,
C04150,0.36132370849757234,0,
C04151,0.48765502401575556,1,2026-10-14
C04152,0.9424452306970122,1,2026-09-22
C04153,0.6346762954955774,1,2026-09-21
C04154,0.5520481591867035,1,2026-09-26
C04155,0.05728619865239995,0,
C04156,0.6153494688670135,0,
C04157,0.01,0,
C04158,0.2210061980830644,0,
C04159,0.99,1,2026-09-19
C04160,0.39820379687480334,1,2026-10-14
C04161,0.6238546330825986,1,2026-10-08
C04162,0.4326155972072614,1,2026-09-26
C04163,0.3973607047323061,1,2026-10-12
C04164,0.7152824394537332,0,
C04165,0.8164747268552259,1,2026-10-13
C04166,0.51442638183386,0,
C04167,0.5905214487053608,0,
C04168,0.2327581449309982,0,
C04169,0.4475979147588649,1,2026-10-09
C04170,0.7977496315366799,1,2026-10-09
C04171,0.6352438399176223,1,2026-09-29
C04172,0.9284476300163264,1,2026-10-08
C04173,0.3361931872059487,0,
C04174,0.5417560699085501,0,
C04175,0.01,0,
C04176,0.8500209125620629,1,2026-10-08
C04177,0.5928915116050009,0,
C04178,0.23036547448363479,0,
C04179,0.17839466314010963,0,
C04180,0.8973518258794985,1,2026-10-06
C04181,0.47192002660500154,1,2026-09-28
C04182,0.4006297733009594,0,
C04183,0.4699597173854625,0,
C04184,0.7687171385551994,1,2026-09-28
C04185,0.8607660308321099,1,2026-10-13
C04186,0.7683886101161989,1,2026-09-28
C04187,0.39966681910022184,1,2026-09-17
C04188,0.99,1,2026-09-18
C04189,0.2017963078337914,0,
C04190,0.6269460651385187,0,
C04191,0.6006676785452025,1,2026-09-18
C04192,0.17112579239169753,0,
C04193,0.99,1,2026-10-07
C04194,0.36610990226372786,0,
C04195,0.4917732239005993,0,
C04196,0.07987330164687753,0,
C04197,0.99,1,2026-09-22
C04198,0.1216012200830617,0,
C04199,0.01,0,
C04200,0.0389404025303941,0,
C04201,0.4637533753659522,1,2026-09-25
C04202,0.4227776086213014,1,2026-10-11
C04203,0.19163863172413773,0,
C04204,0.14286534643481824,0,
C04205,0.24746295449339947,0,
C04206,0.5685012848318433,1,2026-10-10
C04207,0.01,0,
C04208,0.6125726533508773,1,2026-10-03
C04209,0.0736959710746754,0,
C04210,0.99,1,2026-09-24
C04211,0.20443326842306983,0,
C04212,0.8282007235370307,1,2026-10-14
C04213,0.7267030708436714,1,2026-10-10
C04214,0.8879086373459112,1,2026-10-06
C04215,0.7410389038657531,1,2026-09-28
C04216,0.5928055480923227,0,
C04217,0.1526278163932404,0,
C04218,0.01,0,
C04219,0.9362598172467037,1,2026-10-09
C04220,0.49666339188770003,1,2026-09-17
C04221,0.6499636801553959,1,2026-10-10
C04222,0.3963304806607789,0,
C04223,0.99,1,2026-09-22
C04224,0.6496653424750589,0,
C04225,0.01,0,
C04226,0.4521469056415742,0,
C04227,0.06681414874158481,0,
C04228,0.7730562115461422,1,2026-10-12
C04229,0.99,1,2026-09-21
C04230,0.9301322089969728,1,2026-09-25
C04231,0.025000232463988276,0,
C04232,0.01,0,
C04233,0.8269816399166084,1,2026-10-01
C04234,0.6099617122642987,0,
C04235,0.07617247702018445,0,
C04236,0.7345673333709929,1,2026-09-21
C04237,0.01,0,
C04238,0.6811620848425216,1,2026-10-02
C04239,0.7323055559011369,1,2026-10-02
C04240,0.6418390009055488,0,
C04241,0.01,0,
C04242,0.6909723706649283,1,2026-10-02
C04243,0.40609147913321986,0,
C04244,0.43047819155542066,1,2026-10-08
C04245,0.01,0,
C04246,0.06711768166193618,0,
C04247,0.17117579351541076,0,
C04248,0.9492023695299788,1,2026-09-29
C04249,0.5917488078194305,0,
C04250,0.5836488297641262,1,2026-10-15
C04251,0.99,1,2026-10-12
C04252,0.99,1,2026-09-26
C04253,0.2847744582159668,0,
C04254,0.2912234279913877,0,
C04255,0.4360893755328096,1,2026-10-04
C04256,0.5443488277075152,0,
C04257,0.0633934479003973,0,
C04258,0.5554273047345044,0,
C04259,0.7696083899631895,1,2026-09-18
C04260,0.8859365920753632,1,2026-09-21
C04261,0.6367710026453948,1,2026-10-01
C04262,0.5844178110941063,1,2026-10-14
C04263,0.7887477052745633,1,2026-10-15
C04264,0.14595962056739514,0,
C04265,0.7846521759088477,1,2026-10-12
C04266,0.4468657139087001,0,
C04267,0.01,0,
C04268,0.5698808430641065,1,2026-09-22
C04269,0.13450427468768297,0,
C04270,0.6878978534010095,1,2026-09-19
C04271,0.3309602097159159,0,
C04272,0.01,0,
C04273,0.1508644173008785,0,
C04274,0.3388066221082582,0,
C04275,0.3941288586724321,0,
C04276,0.04848091929982232,0,
C04277,0.37097862433273965,0,
C04278,0.909390643386588,1,2026-09-27
C04279,0.9603821318439042,1,2026-10-10
C04280,0.5851820865306983,0,
C04281,0.2903616080812991,0,
C04282,0.5814091246550603,1,2026-09-26
C04283,0.11456945588660913,0,
C04284,0.6935711490896145,0,
C04285,0.4452727209723394,1,2026-10-13
C04286,0.23874587943954684,0,
C04287,0.17214640730242156,0,
C04288,0.6984123875646826,1,2026-09-18
C04289,0.22284652918989842,0,
C04290,0.40531677197956406,1,2026-10-01
C04291,0.680942670160249,1,2026-09-17
C04292,0.31692704968528207,1,2026-09-24
C04293,0.405241196529211,0,
C04294,0.99,1,2026-10-09
C04295,0.12413515699823774,1,2026-09-17
C04296,0.14428419465909392,0,
C04297,0.8428731008118159,1,2026-09-28
C04298,0.20351925723588538,0,
C04299,0.020900831598747116,0,
C04300,0.8685079160200994,1,2026-10-15
C04301,0.332302886998471,0,
C04302,0.34835393506178447,0,
C04303,0.27692114618512176,0,
C04304,0.7176668981384791,1,2026-09-19
C04305,0.6744186470009599,1,2026-10-06
C04306,0.6467924559760044,1,2026-10-12
C04307,0.35325831567575716,1,2026-10-13
C04308,0.0435301187602761,0,
C04309,0.99,1,2026-09-22
C04310,0.6496635971591542,0,
C04311,0.32888353797119607,0,
C04312,0.9474960654406981,1,2026-09-27
C04313,0.8351909411648991,1,2026-09-17
C04314,0.8095188273128846,1,2026-10-15
C04315,0.6850035570515672,0,
C04316,0.23724824548079346,0,
C04317,0.7813903595877001,1,2026-10-06
C04318,0.05217611363174221,0,
C04319,0.7416912080143946,0,
C04320,0.99,1,2026-09-29
C04321,0.5860975615336194,1,2026-10-01
C04322,0.6630666375267849,0,
C04323,0.2931217286104426,1,2026-09-22
C04324,0.5331945703897671,1,2026-09-19
C04325,0.11319189613231445,0,
C04326,0.08689787617525618,0,
C04327,0.5340625826361445,0,
C04328,0.6228085801661566,1,2026-10-11
C04329,0.32925114185428095,0,
C04330,0.41292961017775276,0,
C04331,0.384340150103177,0,
C04332,0.6947278177077649,1,2026-10-03
C04333,0.01,0,
C04334,0.8281193214714616,0,
C04335,0.5595330792736182,1,2026-09-28
C04336,0.46961399166841894,1,2026-09-24
C04337,0.5473532613490187,0,
C04338,0.6267026426862858,1,2026-09-23
C04339,0.99,1,2026-10-12
C04340,0.8800092796301229,1,2026-09-27
C04341,0.8018438318071317,1,2026-10-03
C04342,0.35868175380763045,0,
C04343,0.1930984156096068,0,
C04344,0.7201399190281806,1,2026-10-02
C04345,0.01,0,
C04346,0.2961694220262654,0,
C04347,0.8190425561244531,1,2026-09-20
C04348,0.7098726743029246,1,2026-10-10
C04349,0.34333297326350753,0,
C04350,0.99,1,2026-10-13
C04351,0.7573306849843404,1,2026-10-12
C04352,0.5848445092028396,1,2026-09-22
C04353,0.2294802547720813,1,2026-10-05
C04354,0.5766165313893418,0,
C04355,0.7808951676547137,0,
C04356,0.6121101804104166,0,
C04357,0.1953376488156806,0,
C04358,0.5972442369649714,1,2026-10-05
C04359,0.5814468756351512,1,2026-10-07
C04360,0.9000762419230576,1,2026-09-25
C04361,0.5247688010046679,1,2026-10-11
C04362,0.14627668164193208,0,
C04363,0.46853271613083924,0,
C04364,0.643817665273264,1,2026-10-01
C04365,0.7899617815057729,1,2026-10-13
C04366,0.12271478943023859,0,
C04367,0.4045933169324938,0,
C04368,0.015319641542071438,0,
C04369,0.2317045481548404,0,
C04370,0.07633901749353028,1,2026-10-08
C04371,0.9228707077214074,1,2026-10-09
C04372,0.3666472443241764,0,
C04373,0.869147770477655,1,2026-10-05
C04374,0.8919242403480362,1,2026-09-29
C04375,0.5034752819198068,1,2026-10-01
C04376,0.40292866337228417,1,2026-10-07
C04377,0.99,1,2026-09-26
C04378,0.19841508710680664,0,
C04379,0.3735182408402331,0,
C04380,0.46002111815927194,1,2026-10-10
C04381,0.01,0,
C04382,0.01,0,
C04383,0.23368032668904068,0,
C04384,0.05266093704206365,0,
C04385,0.45133981582754845,0,
C04386,0.7581652139361997,1,2026-09-24
C04387,0.23667452042813555,0,
C04388,0.01,0,
C04389,0.3949693507974228,0,
C04390,0.010951435391469116,0,
C04391,0.7000636449567053,1,2026-10-14
C04392,0.7264064689039326,1,2026-09-19
C04393,0.016705722608422707,0,
C04394,0.066852765505515,0,
C04395,0.45595194153626106,0,
C04396,0.2034736765166972,0,
C04397,0.16068985079831374,0,
C04398,0.11139613595384798,0,
C04399,0.36692501664152144,0,
C04400,0.9653744363851433,1,2026-09-24
C04401,0.7576709444814763,1,2026-10-10
C04402,0.5013570893529528,0,
C04403,0.9504745605632646,1,2026-09-24
C04404,0.01,0,
C04405,0.011455318721106583,0,
C04406,0.3424615460638776,0,
C04407,0.6938989998123973,1,2026-10-11
C04408,0.9334139876046489,1,2026-09-30
C04409,0.2811401584870137,0,
C04410,0.03920245658451757,0,
C04411,0.8979193534340716,1,2026-10-02
C04412,0.4591356442212631,1,2026-09-24
C04413,0.599508440171436,1,2026-09-21
C04414,0.4480287180947836,1,2026-09-22
C04415,0.32591140284918985,0,
C04416,0.7005753176010302,1,2026-10-07
C04417,0.4707781861441024,0,
C04418,0.43774853817062864,1,2026-10-01
C04419,0.8026982850742541,1,2026-10-11
C04420,0.01,0,
C04421,0.3048697319847483,1,2026-10-01
C04422,0.20051199432269504,0,
C04423,0.01,0,
C04424,0.01,0,
C04425,0.07228689391354301,0,
C04426,0.5049997266688925,0,
C04427,0.18264355340141866,0,
C04428,0.8878590119956974,1,2026-09-27
C04429,0.28997590060035294,0,
C04430,0.7702211984559103,1,2026-09-26
C04431,0.010376676566312859,0,
C04432,0.04255256277424435,0,
C04433,0.1646217252741866,0,
C04434,0.8875685256441098,1,2026-09-26
C04435,0.0822511432742804,0,
C04436,0.3944956628377666,0,
C04437,0.01,0,
C04438,0.5302445701818144,0,
C04439,0.8427597847265307,0,
C04440,0.534366176326397,0,
C04441,0.6269179327748581,1,2026-10-08
C04442,0.5022845066088824,1,2026-10-14
C04443,0.99,1,2026-10-12
C04444,0.6359986616560087,1,2026-10-12
C04445,0.09422300168573,0,
C04446,0.01,0,
C04447,0.37048083206132476,1,2026-10-14
C04448,0.6317459292763924,1,2026-09-30
C04449,0.3403958888422185,1,2026-10-07
C04450,0.47464470964829214,0,
C04451,0.4765253961775413,0,
C04452,0.3350925779242544,0,
C04453,0.6322970258211145,0,
C04454,0.9164635295518,1,2026-10-09
C04455,0.2932041387396723,0,
C04456,0.6912119336362286,0,
C04457,0.01,0,
C04458,0.1347983257761906,0,
C04459,0.99,1,2026-10-14
C04460,0.3977286648424654,1,2026-09-25
C04461,0.7833172087475545,1,2026-09-28
C04462,0.33405526777338523,1,2026-09-25
C04463,0.08433717991677556,0,
C04464,0.4299160725209432,1,2026-10-01
C04465,0.648390192910062,1,2026-10-01
C04466,0.6843818513670578,1,2026-09-19
C04467,0.06955066486173142,0,
C04468,0.34550192024829895,0,
C04469,0.5667584694795451,1,2026-09-27
C04470,0.8599608094339183,0,
C04471,0.4494231045854612,0,
C04472,0.7305994101076592,0,
C04473,0.7651886847312628,1,2026-10-04
C04474,0.46891194575113815,0,
C04475,0.4338678411058421,0,
C04476,0.49090920843290786,1,2026-09-28
C04477,0.68330781058458,1,2026-10-02
C04478,0.7875817163497141,1,2026-10-13
C04479,0.18613114955121335,1,2026-09-25
C04480,0.39770028070173813,0,
C04481,0.4125967983291704,1,2026-10-08
C04482,0.5737443846830823,1,2026-09-24
C04483,0.3895951389487984,1,2026-10-14
C04484,0.4224146422290782,1,2026-09-17
C04485,0.5729753919573453,1,2026-09-17
C04486,0.36797271317528,1,2026-10-13
C04487,0.3513473636422241,1,2026-09-26
C04488,0.5015828246494834,1,2026-10-06
C04489,0.656838028209624,1,2026-09-21
C04490,0.3224049531760589,1,2026-10-06
C04491,0.8960133420451096,1,2026-10-07
C04492,0.01,0,
C04493,0.3759957369070499,0,
C04494,0.036830504433338795,0,
C04495,0.7394693823886296,1,2026-09-27
C04496,0.9056302263012027,0,
C04497,0.6836766019803885,0,
C04498,0.2644722232320911,0,
C04499,0.7577188483320191,0,
C04500,0.05531175746473907,0,
C04501,0.9185695018126324,1,2026-10-01
C04502,0.09950164489388322,0,
C04503,0.3678407620704519,0,
C04504,0.8605862903449571,1,2026-10-01
C04505,0.66702014775966,0,
C04506,0.44638573982998,0,
C04507,0.25174870387691406,0,
C04508,0.8812125208057459,1,2026-10-10
C04509,0.4027075476140931,1,2026-09-22
C04510,0.25615697063624143,0,
C04511,0.17333415072376865,0,
C04512,0.67072638438525,1,2026-09-27
C04513,0.9737499910166089,1,2026-10-06
C04514,0.8575392293586598,1,2026-09-26
C04515,0.99,1,2026-09-17
C04516,0.37307053864223894,0,
C04517,0.6749480833836053,0,
C04518,0.602534732285385,0,
C04519,0.44795774625499407,0,
C04520,0.956240910714474,1,2026-10-05
C04521,0.6353579786972212,1,2026-10-14
C04522,0.06979325441640832,0,
C04523,0.64278985423887,0,
C04524,0.7229835316062867,0,
C04525,0.8711087642950411,0,
C04526,0.5520323727212365,0,
C04527,0.5872632579692072,0,
C04528,0.6732635213230862,1,2026-09-17
C04529,0.5986490042562098,1,2026-10-12
C04530,0.5929307239840149,1,2026-09-21
C04531,0.261607722320508,1,2026-09-20
C04532,0.8474150296349755,1,2026-10-09
C04533,0.7838710166161919,1,2026-10-06
C04534,0.8711926244543028,1,2026-10-10
C04535,0.02043866593561669,0,
C04536,0.44157419446390267,0,
C04537,0.5854056795619487,1,2026-09-21
C04538,0.5552293495203314,1,2026-10-08
C04539,0.8013041753377597,0,
C04540,0.605592099581824,0,
C04541,0.6259773988662549,0,
C04542,0.01,0,
C04543,0.712538447418253,0,
C04544,0.01,0,
C04545,0.01,0,
C04546,0.8072955581393032,1,2026-09-27
C04547,0.4776270455086328,1,2026-09-30
C04548,0.20955098408711134,1,2026-09-28
C04549,0.6318611942670116,1,2026-09-23
C04550,0.01,0,
C04551,0.24603224321170422,0,
C04552,0.057372605531133186,0,
C04553,0.019372465391891913,0,
C04554,0.3456056041831147,0,
C04555,0.2717679249556919,0,
C04556,0.10790831673317236,0,
C04557,0.6777364499400188,1,2026-09-27
C04558,0.4071010137537614,0,
C04559,0.7398650434200675,1,2026-10-04
C04560,0.8259250922704733,1,2026-10-14
C04561,0.8242777822407227,1,2026-10-02
C04562,0.369639276134729,1,2026-09-26
C04563,0.09078860877626077,0,
C04564,0.46540127409966725,0,
C04565,0.5873717386847092,1,2026-10-13
C04566,0.529786356482415,0,
C04567,0.6743041050681297,1,2026-09-21
C04568,0.6937177386160651,1,2026-09-25
C04569,0.9683632949425639,1,2026-10-09
C04570,0.8439758329498322,1,2026-10-04
C04571,0.7404699985140113,1,2026-10-11
C04572,0.11506149651099778,0,
C04573,0.99,1,2026-09-22
C04574,0.6036307261702739,1,2026-10-06
C04575,0.7433921491260452,1,2026-10-15
C04576,0.01,0,
C04577,0.6293999212953039,0,
C04578,0.6764996895156622,1,2026-10-11
C04579,0.4285094038504036,0,
C04580,0.1332400327884427,0,
C04581,0.43244486112501535,0,
C04582,0.446294558245209,1,2026-09-30
C04583,0.01,0,
C04584,0.4194180965915223,0,
C04585,0.10771683678860311,0,
C04586,0.47455077552739544,0,
C04587,0.4204129102387565,1,2026-10-06
C04588,0.99,1,2026-09-21
C04589,0.01,0,
C04590,0.4600232360909704,0,
C04591,0.051920322105956956,0,
C04592,0.3192941115712613,0,
C04593,0.3339009715307931,0,
C04594,0.8951468797123554,1,2026-09-29
C04595,0.01,0,
C04596,0.5913564591406673,1,2026-10-10
C04597,0.508042714658387,0,
C04598,0.6721678956955529,1,2026-10-10
C04599,0.6259835163317904,1,2026-09-24
C04600,0.031346906783730144,0,
C04601,0.5980388829968575,1,2026-09-24
C04602,0.8749668766753669,1,2026-09-24
C04603,0.8484517686047601,1,2026-09-18
C04604,0.6034971138552021,0,
C04605,0.5274082177737754,0,
C04606,0.18290839762233443,0,
C04607,0.719925122835963,1,2026-09-23
C04608,0.08024339299645139,0,
C04609,0.01,0,
C04610,0.3742094054142564,0,
C04611,0.01,0,
C04612,0.12013174342988941,0,
C04613,0.36904398587395315,1,2026-09-28
C04614,0.8906346168791988,1,2026-10-15
C04615,0.8584816002702894,1,2026-10-06
C04616,0.3417583363656534,0,
C04617,0.2325653842314067,0,
C04618,0.6689198888498055,0,
C04619,0.7989970860780717,1,2026-10-02
C04620,0.01,0,
C04621,0.99,1,2026-09-30
C04622,0.5267810005280847,1,2026-10-03
C04623,0.9882464745678939,1,2026-10-07
C04624,0.36906579309813237,1,2026-10-02
C04625,0.6235073505622747,0,
C04626,0.46146074221843913,1,2026-10-02
C04627,0.059483642777262424,0,
C04628,0.7498917160952997,1,2026-10-15
C04629,0.3490016105023933,1,2026-09-30
C04630,0.6209361919267762,0,
C04631,0.5099641393529274,0,
C04632,0.582656467539011,0,
C04633,0.6255507166350357,1,2026-09-17
C04634,0.7506244813591657,1,2026-09-24
C04635,0.708378955676464,1,2026-10-06
C04636,0.99,1,2026-10-06
C04637,0.29116523252295956,1,2026-10-02
C04638,0.33895951786252343,0,
C04639,0.5435250647767212,0,
C04640,0.30438956247763127,0,
C04641,0.8080296120286251,1,2026-09-23
C04642,0.48113792509313147,1,2026-09-23
C04643,0.11134072633695755,0,
C04644,0.9140350520056263,1,2026-09-24
C04645,0.6190625173897032,1,2026-09-21
C04646,0.08403932032538924,0,
C04647,0.09651688871592076,1,2026-10-15
C04648,0.99,1,2026-09-29
C04649,0.38104555641165005,1,2026-09-30
C04650,0.8843515857275805,1,2026-09-18
C04651,0.42975228696093914,1,2026-10-14
C04652,0.2579151469224751,0,
C04653,0.6438945598565543,0,
C04654,0.01,0,
C04655,0.8075147175000643,1,2026-10-09
C04656,0.6778402091012842,1,2026-09-25
C04657,0.8639466197949512,1,2026-10-13
C04658,0.5901077906924965,1,2026-09-24
C04659,0.19915035566549075,0,
C04660,0.37642824053523427,0,
C04661,0.2313102423893735,1,2026-10-13
C04662,0.9667759658120744,1,2026-09-25
C04663,0.33246679155663605,0,
C04664,0.49351357276525953,0,
C04665,0.01,0,
C04666,0.2946261407933273,1,2026-10-03
C04667,0.24858676451838105,0,
C04668,0.7469845637682129,0,
C04669,0.4354607009209911,1,2026-09-28
C04670,0.48266856471549247,1,2026-10-08
C04671,0.4059942870397675,0,
C04672,0.5981307656215898,0,
C04673,0.01,0,
C04674,0.562768640308113,0,
C04675,0.0535647550316522,0,
C04676,0.7434679098254814,0,
C04677,0.18090649159133906,0,
C04678,0.99,1,2026-09-23
C04679,0.6279537622211818,1,2026-10-03
C04680,0.7340227313787993,1,2026-09-19
C04681,0.7535984745650939,1,2026-09-19
C04682,0.13542211414466074,0,
C04683,0.5900539021346634,1,2026-10-03
C04684,0.99,1,2026-09-24
C04685,0.43777360800923115,0,
C04686,0.5427724962045982,0,
C04687,0.2688698076136945,0,
C04688,0.0841083600922499,0,
C04689,0.51543128833449,1,2026-09-25
C04690,0.01,0,
C04691,0.41538287458220535,1,2026-09-26
C04692,0.710589128746821,1,2026-10-07
C04693,0.6863807874336549,1,2026-09-19
C04694,0.5299937456079619,0,
C04695,0.8261727351144866,1,2026-10-10
C04696,0.4437729923703895,0,
C04697,0.7007941511563512,0,
C04698,0.06758111279419082,0,
C04699,0.28844806739051054,0,
C04700,0.7154573463985903,1,2026-09-30
C04701,0.6362150551551009,1,2026-10-08
C04702,0.99,1,2026-10-10
C04703,0.6528764373162871,1,2026-10-07
C04704,0.4996638582502889,0,
C04705,0.7787112680783531,0,
C04706,0.6177867816240116,1,2026-10-13
C04707,0.33016887142159523,0,
C04708,0.0970960719829645,0,
C04709,0.7656233638198734,1,2026-10-04
C04710,0.31894173588944463,0,
C04711,0.585170285024421,0,
C04712,0.05305948529765023,0,
C04713,0.728962356951751,1,2026-10-06
C04714,0.8742004460386901,1,2026-09-19
C04715,0.382147596249793,1,2026-10-15
C04716,0.7221447081076867,1,2026-09-20
C04717,0.6714538418828122,1,2026-10-05
C04718,0.70226597206904,1,2026-10-10
C04719,0.9388015671887534,1,2026-09-21
C04720,0.6669157313406077,0,
C04721,0.5174989431033329,0,
C04722,0.4817331262437672,1,2026-09-30
C04723,0.303807436079506,0,
C04724,0.8207587938091673,1,2026-10-03
C04725,0.6228974596306105,1,2026-09-22
C04726,0.01,0,
C04727,0.23844089070575578,0,
C04728,0.7962049003064708,1,2026-09-24
C04729,0.32495862422392885,0,
C04730,0.01,0,
C04731,0.46366371180258326,0,
C04732,0.877482829262491,1,2026-09-24
C04733,0.3663117835134724,1,2026-10-15
C04734,0.5956300387833838,0,
C04735,0.950574869576131,1,2026-10-03
C04736,0.21931308134390223,0,
C04737,0.60970173184192,0,
C04738,0.9076592420778726,1,2026-10-07
C04739,0.24341309438911304,1,2026-09-28
C04740,0.8887126137883723,1,2026-09-29
C04741,0.2650835298469132,0,
C04742,0.2675258102044088,1,2026-09-26
C04743,0.5378194514832967,0,
C04744,0.3679089853213132,0,
C04745,0.6706781794550349,1,2026-09-17
C04746,0.4896072140755521,0,
C04747,0.5435277979376846,1,2026-10-10
C04748,0.01,0,
C04749,0.25018022653248506,1,2026-10-10
C04750,0.657311859302041,0,
C04751,0.5007805820453042,1,2026-10-06
C04752,0.8257546200942938,1,2026-10-14
C04753,0.99,1,2026-10-01
C04754,0.01,0,
C04755,0.755318155245047,1,2026-10-09
C04756,0.06906401749676402,0,
C04757,0.8173370942145614,1,2026-09-23
C04758,0.99,1,2026-09-29
C04759,0.6191796046171995,0,
C04760,0.6290121214881128,1,2026-09-21
C04761,0.808499895309104,1,2026-09-30
C04762,0.9180215118610634,1,2026-09-27
C04763,0.13244607206232292,0,
C04764,0.4324414418035255,0,
C04765,0.3175359949048805,0,
C04766,0.7458212472147199,1,2026-10-09
C04767,0.18691702100429217,0,
C04768,0.5230441822561943,0,
C04769,0.4009413035378325,0,
C04770,0.8855141253543269,1,2026-10-08
C04771,0.38979087845237137,1,2026-09-20
C04772,0.8779462848267681,1,2026-10-09
C04773,0.015632109013896778,0,
C04774,0.03955362269668011,0,
C04775,0.3573209132433972,1,2026-09-22
C04776,0.30632458298419696,0,
C04777,0.6373935111403973,0,
C04778,0.7145514690690876,1,2026-10-12
C04779,0.5975079945422467,1,2026-10-08
C04780,0.6703984833089404,1,2026-10-01
C04781,0.45603800153602614,1,2026-10-02
C04782,0.8797697953768585,1,2026-09-21
C04783,0.17461063044989908,0,
C04784,0.8959446542530194,1,2026-09-29
C04785,0.01,0,
C04786,0.23191656642836114,0,
C04787,0.5344716128770614,0,
C04788,0.7562996167322736,1,2026-09-23
C04789,0.7007324402289807,1,2026-09-29
C04790,0.3410565202466569,0,
C04791,0.7956715540147001,0,
C04792,0.99,1,2026-09-17
C04793,0.024731833328095254,0,
C04794,0.9210185792233622,1,2026-10-05
C04795,0.5265853566506833,0,
C04796,0.738960832664477,1,2026-09-17
C04797,0.08132359604617342,0,
C04798,0.051095519379251914,0,
C04799,0.6222031457029518,1,2026-10-09
C04800,0.17535769519009423,0,
C04801,0.45884055150526504,0,
C04802,0.8388155387944344,1,2026-09-28
C04803,0.310407508972952,0,
C04804,0.7489654734107646,1,2026-10-07
C04805,0.5203572827750506,0,
C04806,0.5291280311647604,0,
C04807,0.09049441567271221,0,
C04808,0.9053451479566025,1,2026-09-28
C04809,0.6460082198881139,1,2026-09-23
C04810,0.1556790625351375,0,
C04811,0.99,1,2026-10-04
C04812,0.05098880607468567,0,
C04813,0.3828626030639367,0,
C04814,0.31334864170315024,1,2026-10-08
C04815,0.6796308488782048,1,2026-10-02
C04816,0.09241548527305177,0,
C04817,0.9766455892134613,1,2026-09-21
C04818,0.99,1,2026-09-30
C04819,0.99,1,2026-10-13
C04820,0.14183800151895115,0,
C04821,0.9693802535702475,1,2026-09-20
C04822,0.46782889704150765,0,
C04823,0.6269285625833536,0,
C04824,0.99,1,2026-09-18
C04825,0.7109954565914286,1,2026-10-01
C04826,0.456739445679299,1,2026-10-05
C04827,0.6751118333696206,1,2026-09-27
C04828,0.584503479039147,1,2026-10-02
C04829,0.99,1,2026-10-05
C04830,0.8898086980624091,1,2026-09-27
C04831,0.5770672553159917,0,
C04832,0.01,0,
C04833,0.39672912468462584,1,2026-10-01
C04834,0.4118074982599278,1,2026-10-14
C04835,0.18917403398532548,0,
C04836,0.4467455841016602,0,
C04837,0.8359876016280009,1,2026-09-22
C04838,0.21983089417649346,0,
C04839,0.8961259865482452,1,2026-09-23
C04840,0.8844374078796595,1,2026-10-13
C04841,0.49111647963453775,1,2026-10-11
C04842,0.6986630299108879,1,2026-10-04
C04843,0.8193383112842796,1,2026-10-11
C04844,0.6110311042698535,0,
C04845,0.3431133892764727,0,
C04846,0.01,0,
C04847,0.01,0,
C04848,0.9372513105826416,1,2026-09-24
C04849,0.06748477911149914,1,2026-10-11
C04850,0.7129840205834842,0,
C04851,0.99,1,2026-09-27
C04852,0.7182912783790818,1,2026-09-29
C04853,0.022582804249374394,0,
C04854,0.7019124504453412,1,2026-09-17
C04855,0.7763930989760119,1,2026-09-23
C04856,0.22939710268723176,1,2026-09-18
C04857,0.5896017983506722,1,2026-09-30
C04858,0.875887225649845,1,2026-09-17
C04859,0.19142190886972452,0,
C04860,0.9190292746807981,1,2026-09-21
C04861,0.01,0,
C04862,0.22745445423125557,1,2026-10-06
C04863,0.1332196564605493,0,
C04864,0.5280104945350768,0,
C04865,0.22486599142830285,0,
C04866,0.24145378917207913,1,2026-09-27
C04867,0.12738575679471464,0,
C04868,0.71191473895551,0,
C04869,0.28227478399124484,1,2026-09-26
C04870,0.6231516059877334,0,
C04871,0.7572302179572339,1,2026-10-11
C04872,0.1923683871615984,0,
C04873,0.46605107635172816,0,
C04874,0.3968793183125032,0,
C04875,0.4945045689824755,0,
C04876,0.8372276325135384,1,2026-09-21
C04877,0.23053702243535187,1,2026-10-13
C04878,0.8205037303723468,1,2026-10-02
C04879,0.99,0,
C04880,0.026274090329226313,0,
C04881,0.5561061383591727,0,
C04882,0.40212314788914194,1,2026-10-08
C04883,0.44866628251820073,1,2026-09-27
C04884,0.5029299582923314,1,2026-09-27
C04885,0.2178184261252458,1,2026-09-25
C04886,0.8390815862629014,1,2026-10-06
C04887,0.4355466580556282,0,
C04888,0.460023187037104,1,2026-09-18
C04889,0.9073691673170315,1,2026-10-03
C04890,0.08954001310625737,0,
C04891,0.6783702569689203,0,
C04892,0.636074060521,0,
C04893,0.27848139808695227,0,
C04894,0.49752969283829085,0,
C04895,0.01,0,
C04896,0.6424695749501959,1,2026-10-10
C04897,0.6356905404317594,0,
C04898,0.4161122916423077,0,
C04899,0.21244025631713537,0,
C04900,0.01,0,
C04901,0.6972025582623912,0,
C04902,0.01,0,
C04903,0.20592152257775584,1,2026-09-28
C04904,0.8308159265355876,0,
C04905,0.153763770813215,0,
C04906,0.4680659893526772,1,2026-10-06
C04907,0.5686307477945304,1,2026-10-01
C04908,0.041644361047685846,0,
C04909,0.2124628640464947,0,
C04910,0.4587561807982272,0,
C04911,0.027227854896743092,0,
C04912,0.01,0,
C04913,0.13240636209139897,0,
C04914,0.01,0,
C04915,0.883555713045802,1,2026-09-25
C04916,0.2856486038130669,0,
C04917,0.5805539706303804,1,2026-09-18
C04918,0.32852190996839337,1,2026-09-28
C04919,0.7195135964159953,0,
C04920,0.3980911119868018,1,2026-10-11
C04921,0.6271618406684522,0,
C04922,0.8730138970481874,1,2026-10-10
C04923,0.08529938728966896,0,
C04924,0.08360676552431587,0,
C04925,0.99,1,2026-10-08
C04926,0.99,1,2026-10-04
C04927,0.16391828629628252,0,
C04928,0.5947868065729792,1,2026-10-02
C04929,0.5705463113530141,1,2026-09-27
C04930,0.48742064001073815,0,
C04931,0.9234219519460515,1,2026-10-10
C04932,0.6752827186331977,0,
C04933,0.7264512228572865,1,2026-10-12
C04934,0.3177597430523036,1,2026-09-26
C04935,0.7987154527838223,1,2026-10-03
C04936,0.2669269391940592,0,
C04937,0.7850790865007169,1,2026-10-09
C04938,0.485530541846248,1,2026-09-27
C04939,0.3051946048177451,0,
C04940,0.7966329488715274,1,2026-10-14
C04941,0.17503678154392774,1,2026-10-08
C04942,0.9782090214905931,1,2026-10-06
C04943,0.4086807323061816,1,2026-09-18
C04944,0.7860743987410245,1,2026-09-22
C04945,0.3052614928599543,0,
C04946,0.5458746494792666,1,2026-10-03
C04947,0.8598514498098689,1,2026-10-02
C04948,0.8684773354970053,0,
C04949,0.99,1,2026-10-02
C04950,0.40781470004039644,0,
C04951,0.6658528709731044,1,2026-09-18
C04952,0.6805772983929773,0,
C04953,0.7648634901018825,1,2026-09-22
C04954,0.99,1,2026-09-18
C04955,0.8319435395305138,1,2026-09-23
C04956,0.8678559262211771,1,2026-10-04
C04957,0.6488552349145273,0,
C04958,0.807443756421509,1,2026-10-05
C04959,0.8378885106523652,1,2026-09-30
C04960,0.5026690287367976,1,2026-10-09
C04961,0.9318107338361971,1,2026-09-19
C04962,0.8492089863073983,1,2026-09-18
C04963,0.2829633882711339,0,
C04964,0.01,0,
C04965,0.12239629145940994,0,
C04966,0.11671818037377577,0,
C04967,0.919790366610396,1,2026-09-17
C04968,0.12679608388349473,0,
C04969,0.7476030443558185,0,
C04970,0.7670438311189046,0,
C04971,0.9275210218837565,1,2026-09-18
C04972,0.3167485849112248,0,
C04973,0.5452617349823082,1,2026-09-21
C04974,0.22324885566441885,1,2026-10-09
C04975,0.14734438987681064,0,
C04976,0.2621712748734154,0,
C04977,0.034785142072002645,0,
C04978,0.4575222681672758,0,
C04979,0.17034558339886485,0,
C04980,0.40340076264724356,0,
C04981,0.99,1,2026-09-19
C04982,0.804515628177051,0,
C04983,0.562751780095645,0,
C04984,0.961866077287529,1,2026-10-12
C04985,0.09119350730697123,1,2026-10-15
C04986,0.6945108947770535,0,
C04987,0.09634884214127623,0,
C04988,0.49592690460279243,0,
C04989,0.4580428235540186,1,2026-10-02
C04990,0.01,0,
C04991,0.22370992096772233,0,
C04992,0.9563471968931715,1,2026-10-06
C04993,0.5002722567988084,1,2026-10-13
C04994,0.6239717612944735,0,
C04995,0.657794782524617,1,2026-10-03
C04996,0.7137393757112773,1,2026-09-26
C04997,0.010262853905546682,0,
C04998,0.6409054154641047,0,
C04999,0.9323965384882089,1,2026-10-14
C05000,0.5854360817691904,1,2026-09-21
