customer_id,emails_opened,emails_clicked,csat_score,nps_score
C00001,2,1,3.89575996208794,
C00002,9,0,,
C00003,6,0,4.753692275004121,
C00004,5,1,,7.788462742995248
C00005,7,2,3.306600190860161,
C00006,3,2,5.0,7.615340064071116
C00007,7,1,,5.545244783525307
C00008,10,0,3.0467948158920537,
C00009,6,1,4.126718251084901,1.9864712121463746
C00010,5,3,,
C00011,4,0,4.764741221567812,7.250846138860952
C00012,1,3,,
C00013,4,0,5.0,
C00014,7,0,,
C00015,4,0,,4.073144008598096
C00016,6,0,4.071656637466809,9.387602545579865
C00017,2,0,4.325074495575712,
C00018,4,1,3.897270379789129,7.5268499406803135
C00019,3,1,,8.992400049938766
C00020,5,1,,
C00021,6,2,4.832140676312316,4.967553044239577
C00022,7,2,4.619485426212031,8.646351995493138
C00023,2,0,5.0,
C00024,9,1,,6.603737120672424
C00025,2,0,4.619810005065886,
C00026,6,2,3.8548590956929343,
C00027,4,0,3.504626856428318,2.64686000091138
C00028,5,0,,5.8117436204625506
C00029,8,1,,
C00030,2,1,4.264883876889106,
C00031,7,1,,
C00032,7,2,,5.771713317192144
C00033,10,0,,
C00034,6,2,2.8441664475330204,4.229301677581391
C00035,2,0,3.70164249610439,5.676045423485084
C00036,4,3,,7.21709081982662
C00037,6,1,4.584460106117942,8.154419244196692
C00038,4,1,4.164322642622951,
C00039,10,1,3.030450823461316,
C00040,3,2,4.205508657139404,8.115017942930335
C00041,2,0,1.5039474707259644,
C00042,12,1,5.0,6.874367735650593
C00043,4,3,,
C00044,4,1,,
C00045,3,1,2.770572192013085,
C00046,6,1,,
C00047,7,1,,6.977225544631948
C00048,4,1,,10.0
C00049,3,0,,3.3391410810785436
C00050,6,2,4.735424615906878,9.366158821451599
C00051,14,1,,3.6300936389650658
C00052,8,1,,
C00053,4,0,,
C00054,4,1,3.683487752312435,8.216804236161149
C00055,5,1,1.517724900574105,0.6705754359908203
C00056,6,1,5.0,8.588844955159441
C00057,8,1,4.860996205238967,9.069392720106363
C00058,2,4,5.0,8.209679459039029
C00059,3,3,4.03364038318181,
C00060,4,1,3.4355364845267875,9.883453897494833
C00061,6,1,3.829779508104108,
C00062,2,1,4.952353785404935,
C00063,1,0,4.032046766896014,
C00064,7,0,,
C00065,10,1,,4.739456968050551
C00066,5,0,3.529233609407903,
C00067,1,0,5.0,6.520395984866808
C00068,7,0,4.150519732543605,10.0
C00069,3,2,,7.078070157063409
C00070,6,1,,5.518655177817933
C00071,6,1,,
C00072,2,0,,
C00073,5,1,,
C00074,6,0,3.592074799947344,
C00075,5,0,3.848028380424851,4.86598950127348
C00076,5,1,4.619134702255763,7.742311887084335
C00077,7,1,4.40145894081033,
C00078,6,1,,
C00079,8,1,,
C00080,8,0,4.508757740161116,9.057055950938452
C00081,6,1,,7.877874057349175
C00082,4,1,,8.491980272201161
C00083,3,0,4.768079786716319,
C00084,4,1,4.132278026065997,
C00085,4,4,,
C00086,5,1,5.0,
C00087,6,0,4.116412773445889,
C00088,5,0,4.333338667252098,
C00089,5,0,,
C00090,4,2,,7.187019163440312
C00091,6,1,2.5808789655523654,3.240984775866509
C00092,4,0,4.993095598175956,8.050832397595217
C00093,2,1,4.463276928102543,7.543703776033535
C00094,5,0,5.0,8.179485573315441
C00095,6,0,5.0,
C00096,2,0,3.540049219958712,
C00097,2,1,,7.655275685672182
C00098,9,0,4.080666843986533,6.017651858045088
C00099,1,3,2.9990492300202383,6.429172318032404
C00100,6,1,,
C00101,4,0,3.6810797955152608,
C00102,0,2,3.62464600824054,8.431864707922887
C00103,6,3,5.0,
C00104,2,2,3.7916760288336544,3.5709525231924313
C00105,6,1,3.670395150946033,
C00106,5,1,4.295711483307415,
C00107,5,4,2.475023861482375,
C00108,8,0,4.217351779248884,0.0
C00109,3,1,3.2907300094466954,5.372839637958327
C00110,6,0,3.6308679266750628,3.6836930466334055
C00111,8,0,,10.0
C00112,6,2,,
C00113,4,0,4.6126748031483915,
C00114,7,1,,4.175908887962327
C00115,4,0,5.0,
C00116,8,0,3.054269061301916,
C00117,1,1,2.9619466085118593,
C00118,4,0,,
C00119,10,0,4.148113947845525,8.676935277653092
C00120,4,1,,
C00121,6,0,3.535929949212826,
C00122,3,0,4.51524582143875,
C00123,2,1,,1.4619501573008074
C00124,5,2,,
C00125,4,1,2.5260155339103423,
C00126,7,5,4.462673071042217,6.365857348975546
C00127,6,2,,
C00128,9,0,,7.544359687311215
C00129,3,1,,
C00130,5,0,4.02818750778076,7.779801238265952
C00131,12,1,,
C00132,5,2,,6.893261114209586
C00133,4,0,4.688504916000269,10.0
C00134,1,2,1.5602156364484323,5.155896929904003
C00135,7,1,4.133345129399706,6.730239434728852
C00136,7,0,,9.764520369847421
C00137,5,4,4.287322645316891,
C00138,4,0,,8.37376239684855
C00139,3,0,,7.323574708892007
C00140,5,0,5.0,
C00141,8,1,,
C00142,5,2,,3.2578283050894794
C00143,9,0,,6.7686546984165314
C00144,3,2,,8.015991080729249
C00145,4,0,4.2381841843706844,8.221766890957843
C00146,8,3,4.773938873572397,
C00147,5,2,4.946169153581553,7.9118850293272205
C00148,11,0,4.175200943542926,
C00149,3,0,,
C00150,2,1,4.088490582510244,5.163802539917865
C00151,4,2,3.9052631619899314,6.8622814741147184
C00152,3,0,5.0,6.762226532816619
C00153,11,0,4.619492318414365,
C00154,4,1,4.461870832561595,8.74767043643305
C00155,3,0,,
C00156,4,1,,
C00157,4,3,4.608216940448762,
C00158,3,1,4.262422076389653,8.600198725542176
C00159,4,1,,3.7881364850351185
C00160,10,0,,
C00161,5,3,5.0,8.641917535913192
C00162,2,0,4.493064934856157,7.194987143723751
C00163,11,2,4.775664729380534,
C00164,6,4,,7.851220364556401
C00165,7,1,4.921369492428406,
C00166,6,4,4.906989903309784,
C00167,6,2,4.238590975159571,7.353615776593973
C00168,4,1,,6.2035442048184555
C00169,4,1,5.0,4.69451555997278
C00170,9,0,,8.373471907492112
C00171,5,2,4.3494903221600145,
C00172,1,1,,5.460108013775111
C00173,7,0,,5.703888821265315
C00174,5,1,3.970351633539191,3.5105906578930774
C00175,1,1,,8.760391875457946
C00176,7,2,,
C00177,3,2,4.410715877111983,8.209338421394579
C00178,4,1,1.0,1.3045067085585549
C00179,5,1,,8.597366329956104
C00180,4,1,4.4869544854110215,
C00181,5,2,1.443989365935541,4.909926656168448
C00182,2,3,,
C00183,5,1,,6.774940809312952
C00184,2,1,,
C00185,4,0,4.133173919199959,6.683096559606142
C00186,6,0,,9.284773524831751
C00187,5,3,,
C00188,3,0,,
C00189,3,0,,9.09153754849884
C00190,6,1,2.93941687570589,
C00191,6,0,,
C00192,6,1,,
C00193,3,2,3.548894104389701,6.3736024003749545
C00194,8,1,3.1672755066382736,2.9981434555154722
C00195,3,2,4.620279522639815,9.71646405618291
C00196,2,1,,8.169207922747782
C00197,4,0,4.610103371183982,9.97470321756766
C00198,6,0,2.1025024153987184,4.2004367163749174
C00199,6,0,4.688288450862951,8.183041938420276
C00200,3,1,3.9665852780873987,7.483650010974237
C00201,4,1,4.293369069202464,7.999614024802993
C00202,4,0,,3.278034680713658
C00203,3,0,4.848769351290998,
C00204,8,1,,
C00205,4,3,3.455072618540378,1.5942600309239063
C00206,3,1,,
C00207,6,1,3.7210733870215567,0.25290328743154555
C00208,7,3,4.503384907963297,6.980966868915875
C00209,6,0,4.559368319852106,
C00210,5,1,1.6904781719125417,3.8544205233199813
C00211,6,3,4.6353034942774896,
C00212,6,0,,
C00213,6,1,,5.9040793720850475
C00214,4,1,,8.181004459972433
C00215,7,0,,
C00216,2,0,4.811634752372248,7.222307447235147
C00217,6,2,4.934528246960424,
C00218,3,0,,8.611375187572804
C00219,2,0,,7.579858908106269
C00220,4,0,2.6075342844368348,3.5918320721085375
C00221,5,2,4.411821188612387,5.691886026427804
C00222,5,3,3.632635374160303,7.733124673239005
C00223,3,2,3.791262682707501,2.7637562845759005
C00224,8,0,,
C00225,8,1,5.0,7.6251026000389635
C00226,4,0,2.927789685955341,2.4107835585439616
C00227,7,0,4.725989690654984,6.498505845398855
C00228,5,2,4.248008761329255,9.474713198556701
C00229,9,2,,6.48712947814388
C00230,5,2,4.900128875227782,
C00231,2,0,4.349417237809547,
C00232,4,0,,7.089231897781191
C00233,6,0,3.5346355134915504,9.499466299568754
C00234,6,1,,4.440897899118838
C00235,2,2,2.5305433609979913,5.495644287301364
C00236,4,1,,10.0
C00237,6,1,4.358059520280615,
C00238,3,2,4.8381478322891915,7.204253624439229
C00239,5,4,4.687099928706566,9.97645964009359
C00240,6,1,,
C00241,0,1,4.723390936119318,
C00242,4,0,,9.451141788023932
C00243,7,1,,6.324051449208037
C00244,5,0,,
C00245,1,2,4.693218398820018,7.581599378286987
C00246,4,4,3.3860756612979053,
C00247,8,1,,
C00248,2,2,5.0,
C00249,4,0,,
C00250,2,2,,
C00251,6,0,,3.2960592366065695
C00252,3,0,4.270970306252923,7.64554119820256
C00253,5,1,3.8901484583481567,9.611732313151748
C00254,5,0,4.515187331370909,
C00255,2,0,,7.220081742765065
C00256,5,0,,
C00257,8,1,4.455320820227358,6.2081914821438975
C00258,1,1,,
C00259,4,0,4.970470275518812,8.372064735503496
C00260,8,0,4.250311927189576,9.490748073585966
C00261,5,1,2.9013279222275288,
C00262,7,0,2.791544109818175,5.1502711735711735
C00263,11,1,4.45260974817397,
C00264,4,0,5.0,9.90624255882501
C00265,9,2,1.586965105354948,0.7492214668235615
C00266,3,2,2.621602825149855,
C00267,4,2,4.525847826040035,
C00268,1,1,4.048283877456297,
C00269,5,2,5.0,8.13247933160331
C00270,3,0,4.612483982501483,7.068848339889389
C00271,2,2,2.6138018247346446,2.2748146997497516
C00272,7,1,,9.993084309751751
C00273,6,1,4.546662917288921,7.840835473482987
C00274,2,3,,4.143827146595821
C00275,6,1,4.580218700743478,8.831593840291303
C00276,6,0,,
C00277,6,0,,
C00278,7,0,,
C00279,4,0,,
C00280,3,2,,
C00281,4,1,4.2229789820132915,
C00282,6,3,,1.260398699098105
C00283,6,0,4.422760314396881,
C00284,5,1,4.372124334799559,5.416895846994011
C00285,5,0,4.472502980825518,
C00286,4,0,,9.365144960979666
C00287,4,2,,
C00288,5,2,4.94264520178743,
C00289,7,0,,6.8424731724824
C00290,5,0,,
C00291,3,1,,6.396075745168734
C00292,3,1,5.0,9.38594698659439
C00293,7,1,5.0,6.484721276577114
C00294,4,2,,8.067306114833686
C00295,4,2,,10.0
C00296,2,2,5.0,
C00297,3,0,3.503021430458147,3.926657666450789
C00298,6,3,2.176618852229861,4.104433267220659
C00299,2,5,,
C00300,8,2,,
C00301,3,1,,8.350415636411046
C00302,2,1,,
C00303,6,3,,
C00304,3,2,2.6521629527705923,
C00305,6,0,3.566085485288969,5.8973624825559945
C00306,7,0,,
C00307,8,2,4.809249070174069,
C00308,8,3,,
C00309,4,1,,
C00310,1,2,,
C00311,4,0,3.9851251954491196,
C00312,6,0,,9.05019912293993
C00313,6,1,4.074469392759931,3.6573355482558263
C00314,8,2,3.9504482241903025,
C00315,4,0,3.9693195389091205,
C00316,5,1,4.420372587344346,
C00317,5,0,,4.600634700046097
C00318,4,3,4.754929711906649,7.904582791973694
C00319,7,1,4.437533448440818,
C00320,5,0,,
C00321,3,1,,
C00322,0,1,,10.0
C00323,5,2,4.178013665637642,7.662313898151506
C00324,4,3,,7.071017887791861
C00325,4,2,,
C00326,1,0,3.370996060763934,
C00327,10,4,,2.894762052167594
C00328,6,1,,7.847877531685667
C00329,8,0,,10.0
C00330,5,3,4.763760022448455,6.589467319295129
C00331,3,0,,
C00332,3,1,,5.992770145173931
C00333,6,0,,
C00334,7,1,2.249674126787423,5.792959666630939
C00335,7,1,3.2116101432439432,
C00336,4,1,3.5471727117606457,8.340046953060513
C00337,9,1,,
C00338,2,0,,6.822900434231675
C00339,3,0,,
C00340,6,1,,
C00341,5,1,4.812324102996316,
C00342,3,1,,9.025494588073842
C00343,9,1,3.514975543128031,
C00344,7,1,4.304577646925688,9.274530485191812
C00345,3,1,,7.78606694269804
C00346,2,2,,2.4885039061016805
C00347,6,0,1.6742788768292103,
C00348,6,1,4.541707358497011,
C00349,5,0,3.5265154708925963,
C00350,6,0,,
C00351,4,0,5.0,7.230204791952455
C00352,3,3,,7.2948504249045625
C00353,14,0,3.5759162542826957,
C00354,4,0,,
C00355,4,3,3.6497099015577454,6.968573655538901
C00356,3,0,4.488539334497475,
C00357,3,1,2.584622968733089,2.1175301301892353
C00358,4,1,4.418039869172284,
C00359,5,0,,6.0948885331489855
C00360,5,1,,
C00361,7,1,4.661948250835472,
C00362,4,0,4.110067113671467,
C00363,5,1,5.0,
C00364,1,1,,3.0937176340651464
C00365,10,0,4.192335211297079,
C00366,9,1,4.911954958993647,6.799433679150278
C00367,6,0,3.6910499342711964,2.0609921660915687
C00368,4,1,,
C00369,7,1,2.4055220889278655,5.1641592532826
C00370,7,3,,
C00371,6,0,5.0,
C00372,4,0,4.650594974650651,
C00373,6,1,,
C00374,6,1,4.410501247145017,5.366342334103344
C00375,7,1,4.749357557311643,
C00376,4,0,,8.524402539474785
C00377,2,1,,
C00378,6,0,2.823964558323742,5.423011421047135
C00379,8,0,,
C00380,7,0,4.594142002940491,6.739120611622561
C00381,3,2,4.5143165043994244,
C00382,5,1,4.672630524354707,7.949247650602935
C00383,4,2,4.908154945007681,
C00384,3,2,2.5286746564442804,
C00385,1,0,4.24273430299043,
C00386,8,1,,2.9566611648988332
C00387,4,1,,9.175813820377178
C00388,3,0,4.146758546610779,
C00389,2,2,4.428069602521293,
C00390,2,1,3.963362018084147,
C00391,6,0,,
C00392,4,3,,
C00393,8,2,5.0,
C00394,6,1,4.734925542360818,8.93166314140862
C00395,6,2,,
C00396,2,0,4.068251441120104,7.059574962157287
C00397,4,4,,9.079102039588497
C00398,5,2,4.800980182649909,
C00399,5,2,,
C00400,5,1,,3.775731080301164
C00401,5,0,,
C00402,6,0,,
C00403,8,1,,5.5767711136524944
C00404,4,0,,1.8284779191531464
C00405,4,2,,
C00406,5,1,,8.754700477624
C00407,5,2,4.388444886691946,
C00408,2,2,4.346222770796385,6.839908931110654
C00409,1,2,4.956731458756468,
C00410,8,0,,
C00411,7,1,,4.484950255605828
C00412,7,1,,7.850566333641897
C00413,4,1,4.066305768443501,
C00414,4,1,5.0,4.527564619364453
C00415,5,1,4.467868878439948,9.201783885139152
C00416,8,0,,7.413936488030189
C00417,5,0,5.0,10.0
C00418,7,1,3.570845458589221,6.336909306339342
C00419,7,2,4.605247576388305,
C00420,1,0,,
C00421,4,0,4.51612308131151,6.634573221088178
C00422,5,1,4.129638428043652,
C00423,2,0,4.13961416347333,9.329201777301417
C00424,6,1,4.751531653682546,
C00425,4,1,3.8976864205395945,6.829235886777077
C00426,5,0,,
C00427,3,0,4.257887266029101,7.448363305321907
C00428,10,0,,
C00429,2,1,5.0,
C00430,7,2,,0.9068937641095953
C00431,5,0,,6.066270007261583
C00432,4,0,2.651900808275329,
C00433,7,1,3.6315863594345332,7.596246758582087
C00434,3,0,,10.0
C00435,5,0,3.897808643446962,
C00436,5,0,,6.002719272664551
C00437,5,0,3.3097048314078736,4.5751299365572216
C00438,2,2,,7.107303193765988
C00439,4,0,,
C00440,3,3,,6.931860585420644
C00441,5,0,,
C00442,6,1,4.18334055705798,
C00443,5,0,,4.344516103746383
C00444,5,1,,
C00445,5,0,4.34832876181904,
C00446,4,2,4.187510332326481,
C00447,4,1,2.9778840945171408,
C00448,4,2,,
C00449,1,2,3.7235113018104458,7.915148221518078
C00450,5,1,,
C00451,5,1,4.464764219580255,6.787829804986485
C00452,8,4,2.4303574166806663,4.125060263426369
C00453,3,1,5.0,9.999773798129842
C00454,3,3,1.904831856062953,
C00455,5,0,,
C00456,4,0,,
C00457,7,0,4.575902499978663,8.12399606269168
C00458,6,0,,
C00459,2,2,4.201595898642654,
C00460,5,0,1.8744673942415793,2.5340847561972097
C00461,3,1,,5.090064663056348
C00462,4,1,,
C00463,5,1,2.791885935310833,
C00464,3,1,,5.10865736856354
C00465,1,1,5.0,10.0
C00466,7,1,4.185012536069525,8.495493988138776
C00467,7,1,,8.290864492450554
C00468,0,0,4.441979463201801,8.089968022843193
C00469,3,2,,
C00470,4,0,,7.27761614616003
C00471,6,0,,4.815699864036113
C00472,5,3,,
C00473,9,2,4.4516023908882785,7.6656899245272845
C00474,2,3,,
C00475,2,0,,
C00476,4,1,4.7618268261265335,7.232081303553637
C00477,3,1,4.220994936030589,7.527307563367669
C00478,4,1,,7.827579858963798
C00479,3,0,,
C00480,2,0,3.910472069011979,
C00481,6,0,4.5297283532683394,10.0
C00482,3,2,,
C00483,2,0,4.3093188574048344,
C00484,4,1,4.0652930117249815,7.403142142664165
C00485,6,1,,5.394465069498867
C00486,7,1,5.0,
C00487,6,0,2.5863141084028034,
C00488,6,1,4.575017545322507,6.562349331472123
C00489,3,2,2.5048574032555164,
C00490,7,0,,
C00491,7,2,,9.898739229536991
C00492,4,1,,7.786604078273163
C00493,10,1,4.806858195614432,
C00494,1,1,4.970259310560705,6.9111690834162625
C00495,8,0,,6.820467043751588
C00496,6,2,3.6598361989828767,6.110868214049266
C00497,4,0,,
C00498,6,3,,
C00499,7,1,,
C00500,2,0,4.4780843711154406,
C00501,4,0,1.9651178404838212,2.629451675648439
C00502,7,0,3.8648667512923325,6.891611155271903
C00503,5,2,4.678602965363842,9.322607184187204
C00504,3,1,,
C00505,6,1,5.0,9.043616220755748
C00506,7,0,5.0,
C00507,7,0,4.22286351588528,7.629424923529151
C00508,6,2,2.495245491706581,
C00509,4,1,4.45258289262854,
C00510,4,1,4.373811656752288,9.059005624476917
C00511,7,1,,6.395299182738185
C00512,2,0,1.0,
C00513,8,2,2.8511539975931464,
C00514,2,1,4.526974122945599,8.824166504006236
C00515,7,1,,9.03423461238234
C00516,3,1,5.0,9.344616204769567
C00517,5,1,,
C00518,6,2,,5.8653463411265
C00519,1,1,3.9687482327555905,9.36739385541317
C00520,9,1,,
C00521,3,1,,5.108497015418523
C00522,2,1,,
C00523,1,2,,
C00524,2,0,4.971724740645934,3.12859870801879
C00525,7,1,4.672105607158734,
C00526,3,4,,
C00527,6,1,4.217572347913918,7.513005106631396
C00528,7,2,4.192984387963073,
C00529,4,0,5.0,
C00530,2,2,4.2028370878907895,
C00531,3,0,,
C00532,7,1,5.0,
C00533,2,0,4.342531612022982,
C00534,4,3,3.901265212963169,
C00535,3,2,3.068188299930655,3.170057844681134
C00536,2,1,5.0,8.305628634148386
C00537,7,1,2.9858670091222463,5.048759957051704
C00538,6,2,4.925033281016948,8.381026611186794
C00539,6,1,,
C00540,1,1,4.615059213282774,
C00541,4,0,,9.424955822448801
C00542,6,0,3.4227182804799923,4.934811965202485
C00543,6,0,4.787596385119384,6.238899545190092
C00544,10,0,4.692435661327811,8.325552351360905
C00545,2,1,4.295180446454479,6.725369592635993
C00546,6,1,,
C00547,4,0,4.385687724408723,7.756231947909336
C00548,6,0,5.0,9.75132937939804
C00549,9,2,2.6017762758542995,
C00550,7,0,,
C00551,6,1,5.0,9.125290684489126
C00552,6,0,,5.2244543241994945
C00553,3,2,3.969236544424625,7.232969495372188
C00554,7,0,4.560732833629662,
C00555,2,1,4.76905799956085,7.2227991813557235
C00556,4,1,,
C00557,5,0,3.712644031589684,6.5298036853936745
C00558,5,1,2.046229750730103,4.009087576194184
C00559,3,2,,
C00560,6,2,,7.9727238035054615
C00561,4,0,,3.265686854820304
C00562,4,1,,
C00563,2,2,,9.417170856835053
C00564,5,2,3.731532603171869,9.756438248941295
C00565,4,2,4.259990656382049,8.114230152082131
C00566,2,0,2.7140228807206874,7.660111038754971
C00567,4,4,3.311250795007002,0.0
C00568,3,0,2.9781421978193294,8.235822060811998
C00569,4,2,3.2583064696633564,0.0
C00570,7,1,5.0,7.051936652528164
C00571,3,0,,1.7419217533734184
C00572,3,2,4.674479100807677,
C00573,6,0,,
C00574,6,1,4.631898517827332,10.0
C00575,7,1,,6.680016199274661
C00576,2,1,,
C00577,4,0,,
C00578,3,2,,
C00579,5,1,3.699830317864782,6.9414352205435135
C00580,4,2,,6.801604614180925
C00581,6,1,,10.0
C00582,4,1,4.1599448922375695,
C00583,8,0,4.506895667385221,
C00584,2,1,4.280155068203152,
C00585,4,1,4.130673559519912,
C00586,5,1,4.920111520071888,
C00587,7,2,4.212486670811676,10.0
C00588,2,0,4.660246257778594,10.0
C00589,6,0,,5.997073286565788
C00590,8,1,2.4427799028061257,
C00591,3,1,3.812653143962684,2.300753285521986
C00592,9,0,1.9502826296495326,3.0650889489578987
C00593,4,1,,8.424976729695507
C00594,6,1,4.220233500931264,
C00595,4,2,,4.203066833343276
C00596,3,1,4.824536239113981,
C00597,3,0,5.0,6.988525919556617
C00598,3,0,4.92076688419016,2.209166459025034
C00599,6,0,4.975015387867664,
C00600,6,1,3.6471414680411742,7.058833722450589
C00601,5,2,3.862737047871889,8.269021073936877
C00602,5,1,4.774288471286387,
C00603,2,2,4.663885117101481,8.287893940527955
C00604,7,0,,8.25841419272571
C00605,5,3,,0.9204500168445464
C00606,8,3,3.1448353749250932,
C00607,1,0,4.643027360113821,
C00608,7,2,,
C00609,5,0,2.2889715071386756,5.687482766410604
C00610,6,1,1.0,
C00611,3,2,5.0,7.919101702581229
C00612,4,2,2.4172445156927433,4.171926356333491
C00613,3,1,3.107158353103058,
C00614,4,1,4.757761026398547,
C00615,3,0,2.741054768791336,
C00616,4,0,3.720365328674516,5.3405622683255825
C00617,4,2,1.9380586723678064,3.514113839211489
C00618,4,2,4.48202454639346,
C00619,5,1,4.392922164588646,7.2418543081709466
C00620,7,1,4.486711966647204,7.284810786888437
C00621,7,3,2.975021588909945,4.748524296054927
C00622,5,2,,
C00623,4,5,4.907304971225135,
C00624,5,3,,5.628803696220583
C00625,6,1,5.0,
C00626,3,0,3.64671385437313,3.1385236357747086
C00627,3,0,1.5379390229568848,5.774772985094149
C00628,4,0,2.941828611781629,4.1014930826311184
C00629,10,0,4.484174082018614,
C00630,2,1,,
C00631,2,0,4.336768101123765,
C00632,5,0,5.0,9.008036932481073
C00633,2,1,5.0,
C00634,6,1,,
C00635,1,4,5.0,
C00636,5,2,5.0,8.266797057262632
C00637,2,0,3.9880150807577546,
C00638,4,0,4.951450838023004,
C00639,5,3,,1.7730261149315005
C00640,1,2,,9.437021012469277
C00641,5,0,4.766601220356673,9.034536826524448
C00642,4,0,3.354770446185574,
C00643,7,1,,
C00644,10,1,,8.397212889168097
C00645,1,3,,
C00646,8,2,,2.7171774079900457
C00647,4,1,5.0,
C00648,4,0,,2.4144990848440946
C00649,7,0,5.0,7.8049586406375475
C00650,6,1,4.708566637138251,7.1619245268976535
C00651,7,1,4.33246378017223,6.936076004416655
C00652,4,0,,
C00653,3,3,,
C00654,5,4,4.153419465683511,9.096422659312227
C00655,2,3,4.699902000604034,
C00656,4,4,2.80481645869116,5.143810254554416
C00657,4,2,4.321411757698552,
C00658,7,0,,
C00659,6,1,,7.487648539908208
C00660,4,1,4.780803631897816,6.920276356047513
C00661,6,1,4.001024612302278,
C00662,3,0,4.318738737921211,8.173877962503227
C00663,4,1,4.815539840161652,
C00664,5,0,,7.39504898479442
C00665,8,2,4.00342937521842,
C00666,5,1,,9.687769203670959
C00667,7,1,,
C00668,2,0,5.0,7.911367501946541
C00669,5,0,4.241716954298425,
C00670,10,1,,5.8374717667306815
C00671,5,2,4.361131018408772,8.179827695642889
C00672,7,1,2.2992428155356004,
C00673,6,2,,
C00674,5,0,,
C00675,4,0,3.387673480528309,
C00676,3,2,,7.898121853177945
C00677,5,1,5.0,
C00678,7,2,,
C00679,8,1,,4.072527306328795
C00680,3,0,1.5614820805436935,4.4269016288950755
C00681,7,2,3.9203491712285676,4.170119151228444
C00682,7,1,4.368296222289891,10.0
C00683,3,0,,5.38720423769255
C00684,6,0,4.582604971888299,
C00685,5,0,4.219414536483117,
C00686,3,1,,5.812973583796706
C00687,5,1,2.8054125301417185,3.1265634276669036
C00688,5,1,,
C00689,4,0,5.0,7.806220374451734
C00690,9,2,4.478096332507712,8.265247798495832
C00691,5,1,,9.11590993627935
C00692,3,0,,
C00693,7,0,4.727113290939881,9.223671360708579
C00694,8,0,4.619647632049744,9.038284662523836
C00695,2,0,4.775287365285026,5.469565053181631
C00696,6,2,2.933288182160144,3.6670772237891227
C00697,6,1,,
C00698,4,0,3.2047979390836905,
C00699,5,1,,5.704931596699868
C00700,6,1,,7.85513902900432
C00701,4,2,4.306866390824768,
C00702,8,1,3.222059582950686,
C00703,8,2,,
C00704,2,1,,
C00705,6,2,,8.35709405640547
C00706,3,1,2.7873056112075916,
C00707,5,0,5.0,
C00708,3,0,4.518764745013233,
C00709,15,5,,
C00710,6,1,,2.0892550508223313
C00711,10,0,,
C00712,3,1,4.8200737522312584,7.121236176719441
C00713,2,2,3.0796643064301077,
C00714,4,0,5.0,10.0
C00715,7,0,4.794310978157437,
C00716,5,1,4.404588111749079,3.950924062891
C00717,3,3,4.814643735283462,
C00718,4,4,4.791868361015392,
C00719,2,1,5.0,
C00720,2,2,4.349218207713833,
C00721,4,1,2.9140466062431156,2.664017357333613
C00722,5,0,,
C00723,10,1,3.407294375800446,
C00724,5,0,,3.0890458001641465
C00725,2,2,,
C00726,9,1,2.3240637689591734,3.0792559270246795
C00727,4,0,3.647057047524477,8.399636195363106
C00728,6,0,2.4880089107204446,5.32079166163727
C00729,8,2,4.381721249922026,9.714209998815369
C00730,3,1,5.0,
C00731,7,0,4.010873169678347,7.039784431010279
C00732,5,1,,7.770229042948993
C00733,2,0,,
C00734,5,2,4.827108514765297,8.474820279335159
C00735,6,1,,6.6845618625204075
C00736,5,1,3.9769219049042404,1.82226753875495
C00737,5,0,4.31246351830519,
C00738,4,1,4.717668227817118,9.848082357662756
C00739,4,2,,
C00740,7,5,4.689964792327374,
C00741,5,0,,8.104361517876203
C00742,10,1,4.604708624092824,4.041447914709766
C00743,5,1,4.919724140197349,6.361882113296087
C00744,3,0,,
C00745,6,1,,
C00746,7,0,2.1502715577002953,
C00747,8,1,4.074746161539067,8.76875056605141
C00748,3,0,4.121241316617049,
C00749,6,2,,
C00750,7,1,,
C00751,1,0,4.140033820970476,6.834117951520849
C00752,5,1,3.883788989345687,9.085226635240126
C00753,4,0,4.608897304756142,9.691406523443346
C00754,4,0,5.0,
C00755,6,1,3.469553531624089,
C00756,5,0,4.95348199471517,
C00757,2,0,4.603431375997827,7.857140656050513
C00758,4,0,4.135835837515168,
C00759,1,1,4.053134335033763,7.486329727516837
C00760,5,1,5.0,
C00761,5,0,3.9342047521920867,8.541311619057254
C00762,4,0,,
C00763,1,2,,
C00764,9,0,2.6098363241812113,
C00765,4,2,4.21809032962146,
C00766,5,1,,7.039971827844475
C00767,7,1,4.618336737925438,5.537825662126323
C00768,1,3,2.8078979858995665,
C00769,6,1,,7.471406486006322
C00770,8,0,2.001532379149471,5.690793151554254
C00771,3,3,,
C00772,5,1,,
C00773,2,0,4.185519528238197,
C00774,3,1,,
C00775,10,2,3.977395280670413,7.409317710198652
C00776,11,1,,
C00777,7,0,,8.70356400225865
C00778,5,0,,
C00779,4,1,,6.444284312451638
C00780,6,1,2.332582732089821,4.666120613403152
C00781,2,2,4.014933682982935,
C00782,6,0,,
C00783,2,1,4.789062956989034,9.15945534343432
C00784,5,3,5.0,7.497253375155267
C00785,3,0,1.3790977000093207,2.621531234550624
C00786,3,1,5.0,
C00787,5,0,4.999466182992224,6.727565486011693
C00788,7,0,,6.932261179689802
C00789,3,0,,
C00790,7,0,4.8935132925353795,6.905157600801469
C00791,4,3,4.507588007115324,7.220129581578079
C00792,7,1,,
C00793,5,0,3.324268927458689,5.253706967208682
C00794,5,1,,4.291593451630489
C00795,3,2,2.83994186583098,8.420178966497826
C00796,4,1,4.548257825770148,
C00797,2,2,4.48551849642742,9.87029079136005
C00798,5,1,3.3435286693158273,
C00799,3,0,4.43859304826108,5.866835700029951
C00800,4,0,,6.696898095611479
C00801,4,1,,4.598411820790458
C00802,7,1,,
C00803,4,0,,
C00804,5,0,,
C00805,6,0,5.0,10.0
C00806,4,1,4.266483174218082,
C00807,1,1,2.3939479261999668,1.7123778995059968
C00808,7,1,,7.620335321864086
C00809,3,4,4.368454473127662,9.615645736122058
C00810,4,1,1.2727129818801706,
C00811,6,1,4.517198321847822,
C00812,2,0,4.5001063609498715,
C00813,5,1,4.400936398091976,5.8498146724223865
C00814,6,0,3.059261106899495,
C00815,3,0,,1.2336328555758072
C00816,4,1,4.682524846618658,
C00817,4,0,,
C00818,4,1,,
C00819,3,1,4.793430844716651,
C00820,3,2,4.386136475980072,5.394332695402579
C00821,6,0,4.197686096476218,7.595372707683605
C00822,1,0,4.670053678485623,
C00823,6,1,4.899682673641583,9.221733176999047
C00824,5,0,3.2423827204586013,
C00825,8,0,,
C00826,7,0,2.5718814659033487,
C00827,2,0,,
C00828,8,1,5.0,10.0
C00829,3,1,3.068173548014805,
C00830,4,1,4.492697846017986,
C00831,4,0,3.9388433260460687,6.044044473543502
C00832,4,1,,9.058063352664664
C00833,9,2,,
C00834,2,0,5.0,
C00835,6,1,4.020852416724917,
C00836,4,1,5.0,7.315742512523253
C00837,2,1,5.0,
C00838,6,1,,
C00839,2,0,1.6397898455820965,
C00840,5,0,4.849914210661032,8.117938447158176
C00841,5,1,,
C00842,5,2,5.0,6.3365869472318535
C00843,5,0,4.287518057463087,
C00844,2,2,4.097017839882137,
C00845,6,0,,
C00846,6,1,,
C00847,6,1,,
C00848,4,0,4.563168612783496,
C00849,6,2,4.861281394127501,
C00850,6,1,2.641688697681717,
C00851,4,1,3.8307782425275327,
C00852,3,1,,7.330431528053517
C00853,3,0,,
C00854,3,0,5.0,8.454814212602097
C00855,6,2,3.113130882562267,
C00856,3,0,,2.021014888316488
C00857,1,2,,1.7680339179788658
C00858,6,0,3.551663032146747,
C00859,3,1,4.760506919856123,9.276893981944223
C00860,6,0,,2.158327706580801
C00861,2,1,2.8731780449878266,6.686492912916971
C00862,10,0,,
C00863,0,1,2.6700647438786786,
C00864,5,1,1.0,2.0768049925461964
C00865,4,0,,
C00866,3,0,1.7669249876026796,3.578251629806955
C00867,4,2,,8.41455299632495
C00868,13,0,,
C00869,3,0,3.9353710150537635,10.0
C00870,2,1,,10.0
C00871,3,0,4.225111987410518,
C00872,7,0,,
C00873,2,3,3.6157783678871915,9.879615672541366
C00874,10,0,4.3724484877354675,10.0
C00875,4,0,,
C00876,2,0,,
C00877,7,1,4.063871709642735,
C00878,1,2,,
C00879,6,0,5.0,
C00880,6,4,3.3791384876636426,
C00881,7,0,3.885450984233981,
C00882,1,2,4.55536591775365,8.933788056717765
C00883,2,3,4.948765737835171,
C00884,8,2,,
C00885,8,1,5.0,
C00886,6,1,4.473552539542976,
C00887,7,0,,
C00888,4,1,,8.349882314741667
C00889,3,0,,
C00890,5,1,4.969105926014433,
C00891,6,1,,7.441137077252957
C00892,5,0,5.0,
C00893,4,1,,
C00894,3,3,4.973102183306889,
C00895,6,1,4.9062510070997325,
C00896,5,0,,
C00897,4,2,5.0,6.893188223883962
C00898,5,0,,1.7579661204913215
C00899,5,1,1.6625140850256552,
C00900,2,1,,7.222812337384545
C00901,11,0,4.374837688386869,4.748033263383209
C00902,5,0,,2.439898363641909
C00903,6,2,4.96111796004152,
C00904,5,1,4.844307462672413,7.970461472815771
C00905,6,1,4.4285322239317635,
C00906,1,1,,7.201189721488073
C00907,3,2,2.9726364957673437,
C00908,5,1,4.162755212958919,
C00909,2,1,4.630956761715183,3.526089789497184
C00910,4,1,,
C00911,3,2,3.633669615753999,5.76146746624797
C00912,5,0,3.158104693374094,5.993338609378528
C00913,10,0,,
C00914,5,2,4.903045131048459,
C00915,8,0,,8.52617960069135
C00916,6,0,3.9405233265231745,6.373958719324737
C00917,3,0,,
C00918,5,0,4.654941262621954,
C00919,4,3,4.226556348473508,8.901035464106617
C00920,3,2,,
C00921,5,3,5.0,
C00922,6,0,,7.295443398562848
C00923,2,0,4.020108455847112,7.528185114682463
C00924,2,1,,
C00925,6,0,2.6545860813415487,5.147916177925916
C00926,9,1,4.352991037461879,
C00927,4,1,1.8471585940719015,0.7199530981658278
C00928,5,0,,2.630173046438009
C00929,6,0,,8.885738991642773
C00930,7,2,,6.476019799338067
C00931,7,1,,
C00932,4,1,,
C00933,4,1,3.930101573372104,
C00934,3,0,2.732347087264096,3.724177548881151
C00935,7,0,4.679200670074893,
C00936,4,2,,
C00937,5,0,2.1871936017091214,4.057700267380236
C00938,1,0,,
C00939,5,3,5.0,
C00940,4,0,4.933406979492674,
C00941,8,1,4.32987120826885,8.541529673192874
C00942,5,2,2.985786594938507,
C00943,3,0,4.736724805978608,7.875136995550268
C00944,4,1,,
C00945,5,1,,7.516006446512513
C00946,3,0,,9.153103257251976
C00947,4,2,4.114072565497426,7.676767729732926
C00948,4,1,4.08076676947521,
C00949,4,0,4.798296808698854,6.967946102202909
C00950,4,3,,
C00951,5,1,5.0,7.516589671120245
C00952,2,0,3.6134418729809155,9.402582326873471
C00953,4,1,5.0,
C00954,0,1,3.234562541658113,4.433420088347117
C00955,7,2,3.689146655268893,
C00956,5,1,,
C00957,5,0,4.16615849524211,9.782369587171255
C00958,6,3,4.4022636438074505,
C00959,10,3,,
C00960,6,1,4.69069540269789,
C00961,5,2,3.9509026332693966,
C00962,5,4,,9.888280060107089
C00963,3,0,4.966052938170591,
C00964,5,1,,9.278922406750189
C00965,6,2,4.9041965294278675,6.895710463566543
C00966,5,1,4.566686864183937,
C00967,3,1,,1.3920503191896576
C00968,4,0,4.5549905853175545,
C00969,2,1,,
C00970,5,2,1.986895861827673,4.361078407620053
C00971,6,0,,
C00972,6,2,,7.957803922679728
C00973,1,2,4.82501198998704,6.844189142672874
C00974,3,1,,
C00975,6,0,2.8943815752730546,
C00976,8,0,5.0,7.018868258094298
C00977,7,0,,9.490111556032245
C00978,5,1,,7.075621016487276
C00979,5,0,,
C00980,7,1,2.223073370177265,
C00981,5,1,4.167717895339054,6.86113098255273
C00982,6,0,,
C00983,3,2,,7.972745960922602
C00984,9,0,4.572522484428092,6.895630904785511
C00985,3,0,,6.508945081537736
C00986,4,1,4.691744402059074,
C00987,4,2,2.572048557248948,7.572186083915575
C00988,5,0,,
C00989,8,1,3.650313922240342,
C00990,7,1,,
C00991,5,0,,7.563677662342031
C00992,5,2,,8.316709617518248
C00993,5,1,,10.0
C00994,8,1,,7.030354344676667
C00995,4,0,,
C00996,5,0,,10.0
C00997,6,0,4.985783775438093,
C00998,5,0,4.031887604931042,
C00999,2,3,,
C01000,1,0,,
C01001,6,0,5.0,
C01002,4,1,4.874091398137374,
C01003,4,1,,1.922135773488677
C01004,5,3,,2.7021458696118446
C01005,6,1,,5.764733354681453
C01006,4,2,5.0,6.140902204457747
C01007,5,0,4.796081068362577,10.0
C01008,7,0,,
C01009,5,1,4.022214116975548,
C01010,2,0,,
C01011,8,3,2.6911521681801798,4.836962820219643
C01012,9,1,4.7020819483929746,
C01013,3,2,,
C01014,5,1,1.4580539340384038,
C01015,5,0,3.8343700879509734,2.0763312468410953
C01016,4,2,4.665200658635987,10.0
C01017,5,1,1.0,4.976345121556419
C01018,6,1,4.655704467243384,7.742167235347581
C01019,5,2,,
C01020,2,3,4.237267962273596,6.6728485296100715
C01021,6,1,4.474507617441102,
C01022,6,1,4.953146235301061,
C01023,5,0,,7.944057303297876
C01024,4,1,4.168679555045814,4.853587077426917
C01025,4,3,,
C01026,6,0,,
C01027,6,1,3.967029857085066,8.74244994756352
C01028,5,0,4.1540262945911905,
C01029,6,0,4.028116212090534,
C01030,5,0,5.0,
C01031,2,0,4.750663880069913,
C01032,7,1,,6.977055319250327
C01033,5,1,,2.0477132651101186
C01034,8,0,,
C01035,3,0,4.278928021603867,8.41149206808407
C01036,2,1,3.7353579147328815,
C01037,3,1,,8.711420964040972
C01038,1,1,4.703675341262134,9.934482447517114
C01039,5,3,4.5997066121720875,7.326583450970163
C01040,6,0,,0.5766167135673421
C01041,3,1,4.146564161990943,
C01042,6,1,3.0376242154680986,0.0
C01043,6,0,,
C01044,5,0,4.159071663451177,8.466063967279732
C01045,5,1,2.4934473583443717,1.3594055228477262
C01046,4,3,4.806636053208764,
C01047,4,0,3.013324730784223,2.3751496780852923
C01048,9,2,,
C01049,5,0,,
C01050,3,1,4.536590281625119,10.0
C01051,5,2,4.274157606050158,
C01052,6,2,,8.101963914168964
C01053,4,1,,6.193875696604598
C01054,3,3,4.261664325690231,
C01055,3,0,3.9306119264339756,
C01056,7,4,3.9213947881399545,7.357549285539709
C01057,6,2,,
C01058,3,3,4.054711623958363,8.155813027761456
C01059,2,0,2.515521660833098,1.6628248492047084
C01060,5,0,2.5190103186608916,3.812637180971797
C01061,2,2,4.457854483882422,8.808553590345712
C01062,8,1,,6.584061158519781
C01063,3,0,3.6304903684257326,
C01064,7,1,,
C01065,5,1,4.944383487536128,
C01066,8,3,5.0,
C01067,8,1,,9.202470019301634
C01068,3,0,4.381551203756316,
C01069,6,2,4.619755079728829,9.057597423172853
C01070,4,1,5.0,
C01071,6,0,4.861055304529757,
C01072,4,1,4.8472935628001945,9.397948220726441
C01073,2,0,,
C01074,3,0,,8.104737851363208
C01075,6,0,4.847317953859718,6.900001801630342
C01076,3,0,4.534034820492125,7.719254710313273
C01077,4,1,,
C01078,7,2,4.598262813681115,10.0
C01079,10,1,3.9516160537246865,
C01080,4,0,1.3755167595492022,3.0974902988782547
C01081,8,1,,
C01082,5,0,2.6489308281251294,2.1344376981629303
C01083,6,2,4.449800025470627,
C01084,3,0,,9.5276843118618
C01085,3,0,,
C01086,6,0,3.215251748882978,7.313138003527201
C01087,3,1,,
C01088,1,1,,8.54803348673106
C01089,6,1,4.847148093606527,6.552896546204746
C01090,10,1,,9.71585960824803
C01091,1,0,,
C01092,1,0,,
C01093,4,2,4.111454350849808,7.440529905715314
C01094,5,2,,0.24797498452096045
C01095,6,1,,7.145716820372623
C01096,3,3,,
C01097,4,2,3.0944480664004796,3.602042374772305
C01098,6,0,4.650080266561218,9.082527525763119
C01099,8,1,4.349970383915599,9.2835565826629
C01100,6,0,,8.508753923585488
C01101,7,1,3.3165817027375546,9.57553353883328
C01102,7,0,4.083335643860465,
C01103,5,0,4.219612387346322,
C01104,13,1,,7.578490160962897
C01105,6,2,,4.331960759871139
C01106,9,1,2.55370289155137,
C01107,3,1,,1.6463109454653262
C01108,2,0,1.8488671138082862,0.12062322465399422
C01109,7,1,3.1029900839329128,
C01110,5,1,,
C01111,6,1,4.2734790432892815,
C01112,1,0,,6.590767160079793
C01113,4,0,4.983651682965377,
C01114,8,0,4.229977553040008,
C01115,6,1,4.401707212427386,
C01116,5,3,2.7747373347487407,4.735437373844311
C01117,9,0,,9.545131807756183
C01118,4,0,5.0,8.294987254408941
C01119,8,1,5.0,9.701798075310402
C01120,2,3,5.0,
C01121,5,1,4.025332030395044,
C01122,7,2,3.7352180370381864,3.964700257937992
C01123,6,4,,2.9311963959408085
C01124,9,0,4.733080812134425,6.899322170476889
C01125,5,2,,
C01126,1,1,,7.408177453864706
C01127,7,2,3.9005716787796807,
C01128,3,3,5.0,6.137398484189385
C01129,5,0,1.8898834354668783,
C01130,3,0,3.8406983904686447,
C01131,5,0,,
C01132,4,1,5.0,7.028336607588411
C01133,3,2,,
C01134,1,0,4.926347274188079,
C01135,5,1,,
C01136,10,1,4.062541529742174,8.479478368503933
C01137,9,1,,3.0256521458855485
C01138,6,1,,3.289851639447573
C01139,5,1,5.0,6.829704214057822
C01140,1,3,,
C01141,3,0,5.0,7.553065760115004
C01142,5,2,4.953305196813391,
C01143,8,2,,
C01144,7,2,3.994195486761148,
C01145,5,0,4.1487318252960765,
C01146,10,0,,8.455276497403663
C01147,6,0,5.0,
C01148,1,1,4.5147972245635595,8.97987179177947
C01149,10,1,3.6252637594107044,
C01150,4,1,4.6519520847929865,10.0
C01151,7,1,4.6205493124994375,6.6984074563489635
C01152,5,1,,
C01153,6,0,3.5405183513557654,
C01154,6,3,,5.062673759590243
C01155,7,0,,
C01156,5,0,3.520334846350104,7.449748983146534
C01157,1,1,2.3982222975062837,
C01158,6,3,,6.433513185875111
C01159,3,0,,5.700951706876044
C01160,0,1,,2.4928304580431737
C01161,4,1,2.585525269659714,
C01162,2,1,4.219701631121049,
C01163,5,2,4.634292655334241,7.927487769943372
C01164,3,3,4.618910606398907,5.18984382977793
C01165,4,0,4.786758869006431,
C01166,7,1,5.0,
C01167,5,0,4.747103477237598,
C01168,6,2,,
C01169,7,1,4.358924127797454,6.921954555923505
C01170,8,0,4.954760541883781,5.900911425899862
C01171,5,1,,6.601004334316153
C01172,4,0,,4.671228130457954
C01173,8,1,,6.491800911765606
C01174,3,1,4.9261080418847465,8.619539927332074
C01175,7,0,4.502206770440178,
C01176,4,0,4.5208369641588515,9.014493868502031
C01177,7,0,3.3762011319443728,4.074524400408952
C01178,5,0,,6.6795010681299924
C01179,6,0,4.287835328465607,7.537356762370919
C01180,7,1,,
C01181,2,0,4.166786314606698,
C01182,4,2,4.558067103968958,9.619320685450914
C01183,3,1,,
C01184,5,0,3.4364749508542323,
C01185,6,0,,
C01186,3,0,3.926564802683524,
C01187,1,0,,4.496235174998201
C01188,7,0,3.2251655463726374,
C01189,9,2,,9.89566808847865
C01190,2,1,,
C01191,1,0,,
C01192,4,1,,
C01193,6,1,,
C01194,5,2,4.697629912283005,8.980376322397959
C01195,10,3,4.943121026436564,9.346971789585472
C01196,7,0,,
C01197,6,1,,
C01198,1,0,,
C01199,4,1,3.8923978897227958,6.6007664755971955
C01200,8,0,,
C01201,9,0,,6.883870059315086
C01202,3,0,,
C01203,5,0,3.759792443523026,
C01204,6,2,,
C01205,3,1,3.502727329875694,2.0910551619718296
C01206,6,1,,6.954225084262094
C01207,6,1,2.250372663529622,
C01208,4,0,4.965386924081222,
C01209,5,2,4.965932841105803,
C01210,6,0,,
C01211,1,2,4.418777241782686,
C01212,5,1,4.397423535244809,
C01213,5,1,4.7238048647917825,6.641775729074435
C01214,7,1,3.9716078107312804,
C01215,4,2,4.568194624127174,7.2557759991682005
C01216,11,1,4.266992182954073,9.29754297847743
C01217,5,2,,
C01218,3,1,,7.28447229264153
C01219,4,3,4.996065348801078,
C01220,5,0,,
C01221,2,0,2.3590437596233382,
C01222,6,1,2.738867669522917,
C01223,7,1,4.315392651720153,
C01224,6,1,5.0,
C01225,5,1,,9.361035094260842
C01226,8,2,3.7704151436204345,8.392982897594392
C01227,7,0,4.891230332561624,8.583064578295065
C01228,11,1,,10.0
C01229,3,4,,5.261982688578323
C01230,6,0,,
C01231,3,2,4.8199194147930235,
C01232,2,1,,5.130998072758713
C01233,7,0,,
C01234,3,0,,5.158602726695474
C01235,2,2,4.682455291385209,5.635411837606604
C01236,5,3,5.0,
C01237,8,0,,4.564010843726332
C01238,5,0,,8.376219887987505
C01239,6,1,1.707420750305416,6.382898114545945
C01240,6,0,4.94110138901214,9.666912797136074
C01241,5,1,1.5594959605850025,
C01242,4,1,2.040393946640974,2.407822711883078
C01243,2,1,4.6807367923325085,
C01244,3,0,,9.067015501531735
C01245,4,1,3.689581280785642,
C01246,4,1,5.0,5.875828361361284
C01247,7,1,4.035651778956757,
C01248,3,2,1.7377992047093154,3.3967568380009654
C01249,7,1,4.685947107175125,
C01250,3,2,4.9102785084445735,
C01251,3,0,4.818382679724717,
C01252,3,0,4.919241876082432,
C01253,4,0,2.3419396858786947,5.111811879872243
C01254,5,2,1.420937856709602,
C01255,4,1,4.543117571393035,7.820348660403809
C01256,4,0,3.3023571199687245,
C01257,4,1,,
C01258,3,1,5.0,
C01259,4,0,,5.778020099136299
C01260,3,0,5.0,7.806712813315463
C01261,8,0,4.85393430088572,10.0
C01262,3,1,2.1211620416506096,
C01263,3,0,,
C01264,8,2,,
C01265,7,1,,
C01266,4,2,1.2772858032822365,
C01267,5,0,,2.893784167677432
C01268,6,0,4.517572099301831,
C01269,5,0,4.595148413148142,6.433162471626256
C01270,9,0,,
C01271,8,2,5.0,
C01272,5,2,,
C01273,5,3,2.1262781156736112,
C01274,4,1,,4.942824655792473
C01275,8,1,2.8349737817869007,5.7229431003238105
C01276,7,0,,
C01277,4,2,,
C01278,4,0,,8.201551987022373
C01279,4,1,5.0,6.112290219681791
C01280,2,3,4.162448878378435,7.698986250345937
C01281,4,1,4.039175987213793,7.637809275818323
C01282,4,0,,0.0
C01283,13,2,,
C01284,9,0,,
C01285,4,1,4.032377406356877,
C01286,6,1,,
C01287,7,1,5.0,10.0
C01288,4,0,,
C01289,3,2,,
C01290,9,3,1.3457282252949228,7.3400814986086775
C01291,6,0,4.02110086906311,
C01292,5,2,,
C01293,8,3,5.0,9.55014808431572
C01294,5,1,4.040973089873669,8.25187939346873
C01295,4,0,4.523664548549651,7.010468934183939
C01296,3,1,1.9089085876342682,
C01297,7,0,,3.4283011553463894
C01298,4,1,1.7052228318223837,
C01299,4,2,,
C01300,2,1,2.332452517346796,0.0
C01301,1,0,4.416898481932696,
C01302,12,0,4.4159842562763005,7.328579080655834
C01303,5,1,4.289059304051276,7.148902005498633
C01304,6,1,4.657057230627411,4.8849036284609255
C01305,5,0,4.511095485541743,
C01306,5,1,,6.643573035305749
C01307,3,2,,9.675133670281589
C01308,6,1,4.613734529147844,7.1973998524566225
C01309,2,0,5.0,
C01310,3,0,4.549398774303444,6.843688138557802
C01311,2,3,4.283569736882385,7.398084985135841
C01312,2,0,,10.0
C01313,4,2,,
C01314,2,2,4.136498111904169,
C01315,5,2,3.2550510959002175,3.804287631749531
C01316,5,0,,0.564851838171319
C01317,3,1,,
C01318,7,0,,5.080180170366645
C01319,2,0,4.751506671807858,
C01320,4,1,,4.873148256823844
C01321,4,0,,8.7971514169101
C01322,4,0,,8.094900811316485
C01323,4,1,3.044871539873752,2.2037861964175973
C01324,4,3,2.8054550026791976,
C01325,4,0,3.5999295209908873,7.655103039185916
C01326,2,0,4.682211395234035,9.912871871325224
C01327,4,0,,7.808097114361717
C01328,4,2,4.738268406886362,9.687400899241512
C01329,4,2,5.0,8.881307698248746
C01330,2,2,,
C01331,11,0,,
C01332,10,1,4.34237598702849,
C01333,5,1,4.3691088143306835,9.541788367851732
C01334,5,0,3.322021407289551,5.615018983167326
C01335,4,1,4.203851064828412,
C01336,2,0,,5.509425280714318
C01337,2,0,,
C01338,4,0,,3.255402006488369
C01339,3,2,,
C01340,2,2,4.908695128298304,7.685015681011108
C01341,7,1,2.5062796091276947,5.487806146175236
C01342,5,0,,
C01343,4,0,,
C01344,5,3,,
C01345,1,1,4.087083591411904,
C01346,8,1,4.802862059912216,6.4045050340965375
C01347,3,1,4.716865945750344,8.622656671267869
C01348,5,0,4.838235061504342,7.917556861203404
C01349,6,2,,7.598405326183331
C01350,7,1,,10.0
C01351,7,0,,
C01352,3,2,,
C01353,6,0,4.534954418809387,8.383176449018686
C01354,4,0,,7.717705031966759
C01355,4,0,3.017677890842,
C01356,8,1,2.8924055673753686,
C01357,4,0,,
C01358,6,2,3.5250996189578627,
C01359,6,3,5.0,7.140418263852015
C01360,8,2,,
C01361,8,2,4.724016803680256,
C01362,0,0,2.523797326171764,
C01363,3,0,,
C01364,5,1,,
C01365,5,0,4.2177183785046495,
C01366,3,1,,
C01367,5,0,3.702141771181285,
C01368,7,0,,
C01369,7,0,,
C01370,3,1,3.7799193364731267,8.838368044071702
C01371,3,2,4.7608325373328535,6.8728005539592605
C01372,9,1,4.835029790056672,7.066546235962842
C01373,3,1,4.303780533795167,7.075335740612499
C01374,2,4,1.0,2.182476583193468
C01375,6,0,4.381960135027242,7.43605544333344
C01376,5,3,3.5692667239363867,6.799817001187481
C01377,2,2,,
C01378,3,0,4.0945586856202425,
C01379,7,2,,
C01380,2,1,4.331625881915707,10.0
C01381,7,2,4.340051632610326,
C01382,4,1,,
C01383,4,3,4.1318601839517495,
C01384,8,0,5.0,9.979754999855333
C01385,2,0,3.768788140597068,
C01386,2,0,3.7582567488605148,
C01387,6,0,4.177908040998445,7.001531516808107
C01388,4,1,4.079596422135005,
C01389,4,2,3.8118581711492925,
C01390,1,0,4.106479990478006,
C01391,7,1,4.93334177871165,7.078981460411677
C01392,3,0,,3.023449448033033
C01393,7,1,4.340263098691646,
C01394,3,1,,
C01395,4,0,4.254773681919699,
C01396,5,0,,
C01397,6,1,4.69065352447345,
C01398,5,2,,
C01399,3,1,2.0220756581489807,3.444256671515573
C01400,5,0,4.224208769272873,9.824154111739894
C01401,9,0,3.686321451135961,5.14879847776162
C01402,3,1,2.703724172044585,4.201922482530861
C01403,6,0,,8.111686064284052
C01404,5,2,3.3060631704957277,
C01405,5,2,,8.57181786399306
C01406,5,1,,
C01407,9,0,,
C01408,6,0,2.2442981047276502,2.9028202557270957
C01409,1,1,,
C01410,2,0,,7.3695351851917925
C01411,5,0,4.180314909181128,
C01412,4,1,4.016635935038071,3.8222272251190565
C01413,5,1,4.594757241293491,5.258948472766331
C01414,3,0,,10.0
C01415,2,0,3.9122493469378137,
C01416,3,1,,3.7629952108772935
C01417,5,0,,7.319808940552263
C01418,4,3,4.567153622358388,
C01419,4,0,4.598102771286195,
C01420,5,0,4.421030774120367,10.0
C01421,8,0,3.8567140894519456,
C01422,3,0,,8.119004957883996
C01423,6,0,5.0,9.027314785896882
C01424,4,0,4.86284974780755,
C01425,1,2,5.0,
C01426,2,1,4.895333427308205,9.148324489249472
C01427,7,0,4.714401184880822,6.067492557221804
C01428,7,0,3.8136248293673645,6.2933800929818275
C01429,5,0,4.725423005577521,
C01430,4,1,,
C01431,6,0,4.659936952945427,
C01432,3,1,5.0,
C01433,5,0,3.867858956122773,9.154482101524863
C01434,3,1,4.3746964423139225,
C01435,4,0,,8.472945985400468
C01436,4,0,3.4266679387854433,
C01437,2,1,3.599631300987125,
C01438,5,0,4.91097341776556,7.16723499242762
C01439,2,3,5.0,7.033851397668845
C01440,5,0,,
C01441,4,1,,9.280921547249541
C01442,4,0,3.515773534124545,
C01443,10,2,3.1254534907940648,
C01444,2,1,,
C01445,6,0,4.657254359184085,
C01446,6,1,4.235275677689683,
C01447,6,0,5.0,5.401227975786616
C01448,6,3,4.984493571392535,7.132868191715868
C01449,5,1,3.950205959721903,
C01450,2,3,1.4359001152263033,
C01451,7,0,4.514732538186997,
C01452,2,0,,9.098912801862467
C01453,3,0,4.7164311764619296,
C01454,2,0,,8.011140334228894
C01455,6,0,5.0,7.220877562058098
C01456,5,1,2.1893443714064675,
C01457,6,0,3.590328859047273,10.0
C01458,4,0,,7.74236138031659
C01459,3,1,4.831428720791925,8.664914723425198
C01460,6,0,4.753668052303923,10.0
C01461,4,0,4.8432634062742554,8.92783401826362
C01462,4,0,4.451841062869736,
C01463,7,0,3.7948314805781473,
C01464,4,3,,
C01465,9,0,,6.771706124775491
C01466,6,0,4.555493625067328,8.323872018636484
C01467,4,3,,10.0
C01468,6,0,4.387839294240908,
C01469,9,2,,3.3995404990064255
C01470,4,1,2.419965914487685,4.051129220136363
C01471,3,2,3.078123537713826,
C01472,7,1,,4.45903150314532
C01473,4,1,1.0,
C01474,1,0,,7.723467670745267
C01475,3,1,,
C01476,2,1,,
C01477,7,0,3.84376308578173,
C01478,6,0,4.616393158596686,
C01479,6,2,3.0917956917518414,
C01480,5,0,,
C01481,5,2,,
C01482,6,0,4.829726060199014,
C01483,6,1,3.9203996312568594,5.412213952143336
C01484,1,1,,
C01485,5,0,3.8283300237918123,9.022611828020056
C01486,8,3,2.711781424789569,5.961514057813748
C01487,6,2,,4.101296136204896
C01488,2,3,,10.0
C01489,7,1,4.670349930568692,
C01490,3,1,4.156992867478207,8.815917365511776
C01491,2,1,3.660063001579273,8.702094012325706
C01492,2,0,4.337626344477369,
C01493,10,2,4.600966049557646,
C01494,6,2,4.611328118467288,
C01495,5,0,3.9280205442607037,
C01496,7,0,4.961523922082392,8.89153089295155
C01497,7,0,,
C01498,4,1,5.0,
C01499,7,3,4.881962575414798,9.228628516861223
C01500,5,1,5.0,8.109603426259143
C01501,7,0,3.726241115883083,
C01502,5,0,,9.588815967223892
C01503,6,3,,
C01504,10,1,5.0,
C01505,5,0,,
C01506,2,1,4.191321961229615,9.495122078906299
C01507,1,0,,
C01508,9,2,4.0168874074550915,
C01509,4,1,,6.787206903369835
C01510,5,1,3.151806961219698,
C01511,7,1,,
C01512,7,2,,
C01513,7,3,,7.934628611046505
C01514,5,1,,4.675868986024356
C01515,4,1,4.396357125171375,4.981450400318663
C01516,6,1,,5.835514679037144
C01517,6,1,4.401477574541901,
C01518,4,0,,
C01519,4,1,3.361150666674401,
C01520,3,1,4.670983613779075,10.0
C01521,5,2,,
C01522,5,2,,
C01523,4,0,5.0,8.811415693798985
C01524,4,1,3.6860553910108655,
C01525,5,1,2.434910068012312,
C01526,3,2,,9.165156306385137
C01527,5,2,4.987740725163554,8.767807210581845
C01528,7,1,4.410481181879803,
C01529,6,1,4.581100352048608,6.602002776731199
C01530,3,1,,
C01531,2,1,4.005344826470314,
C01532,5,1,4.084903187726551,
C01533,8,3,4.652912460894783,9.35999105763216
C01534,2,1,4.36959527693873,10.0
C01535,6,1,,8.043716326282354
C01536,1,0,4.735951679771937,
C01537,2,0,4.587050919050254,8.179810234375337
C01538,3,2,4.490594749772345,9.311951051838557
C01539,7,0,4.871646059343139,7.074710432390756
C01540,6,2,,8.974020381049979
C01541,4,0,4.47115898344304,9.29512933851448
C01542,9,0,,
C01543,3,1,,
C01544,4,5,,
C01545,0,1,4.830475785254543,
C01546,4,0,4.519533054662131,
C01547,5,0,4.751070287529502,6.9880482518453375
C01548,8,0,,
C01549,5,1,4.567745258352309,8.995144870493945
C01550,3,0,4.015393491413418,7.502535656647586
C01551,10,3,,8.35205161500365
C01552,6,0,,
C01553,3,2,,
C01554,5,5,4.225942077195385,
C01555,2,0,4.369053528818099,
C01556,8,0,4.589794664018415,
C01557,5,0,3.2048051826500665,
C01558,3,2,4.420910269045617,6.272787202610534
C01559,5,0,4.519090513237062,9.585336756320999
C01560,6,1,3.815438323754175,
C01561,7,1,2.2024539389445463,
C01562,5,0,,
C01563,5,0,,9.323282354156088
C01564,4,1,,3.421099918299577
C01565,3,0,,1.7387405192324623
C01566,3,1,,4.3037030511991095
C01567,5,0,,8.256673467823765
C01568,3,0,4.3623528380709065,
C01569,2,1,4.636386775343935,
C01570,7,1,3.7885113269045627,8.054713244664857
C01571,7,1,,4.995937156802911
C01572,5,1,,
C01573,4,2,3.8214418595422903,7.07141882022518
C01574,4,1,4.861619536800739,8.620705147421486
C01575,3,1,,8.608371165259408
C01576,6,0,2.05431758345205,
C01577,5,2,,
C01578,3,2,4.721955289379014,
C01579,6,1,5.0,7.526379485420799
C01580,1,1,4.076069768898843,10.0
C01581,2,2,3.7610146795498567,2.3581584417903807
C01582,7,0,4.528944288521831,
C01583,1,3,,
C01584,8,2,,
C01585,6,0,4.440627176869844,
C01586,6,1,,0.0
C01587,5,1,,
C01588,4,0,2.879630976540015,
C01589,8,1,4.582580052310078,9.88405649320664
C01590,4,1,5.0,
C01591,8,1,2.3031783809293085,
C01592,5,0,5.0,5.489779362286084
C01593,7,0,,
C01594,6,1,,
C01595,6,1,2.13877849306193,5.2722836432931155
C01596,6,3,4.238176676462887,8.913992141379648
C01597,7,1,4.338780675855177,
C01598,10,0,4.322204452240429,7.758240193393151
C01599,6,4,,
C01600,7,2,,6.058139186618652
C01601,3,1,2.359742249788404,
C01602,3,3,3.766286676282723,3.9212358400720335
C01603,5,1,1.5038073194452466,
C01604,4,2,,
C01605,5,1,4.151401970125402,
C01606,5,0,,7.844645679407684
C01607,7,2,2.6587955597777526,1.1752089441917999
C01608,6,1,5.0,
C01609,7,1,,8.627578182582148
C01610,2,1,,
C01611,7,0,4.686029634657325,4.609240416905623
C01612,5,0,4.748306416277313,
C01613,5,1,,
C01614,6,0,4.866972073925943,
C01615,3,1,4.235993613752461,
C01616,5,0,5.0,3.590614582518887
C01617,6,1,4.366600729227837,8.312995005872281
C01618,7,1,5.0,7.899159817530761
C01619,7,0,4.475706524668621,
C01620,5,0,,
C01621,5,1,4.552624396231583,7.651762237522241
C01622,4,2,,
C01623,3,2,3.523990764912234,9.44577343279755
C01624,7,0,,
C01625,5,0,,7.589661934729221
C01626,5,1,,
C01627,9,1,5.0,8.161432773919815
C01628,5,3,3.9506480894271467,8.916507303407165
C01629,8,1,3.598102869557527,
C01630,8,0,4.38848856927866,
C01631,4,1,,
C01632,6,0,4.222729511986516,8.646640524018261
C01633,5,0,,
C01634,6,0,3.844894576113534,7.110076259759835
C01635,2,3,,0.0019513333924261467
C01636,7,0,4.800904556129839,
C01637,8,1,2.501639729620037,7.946195589295071
C01638,11,1,2.7709398857754235,
C01639,1,0,3.8805897854220337,9.730227038608541
C01640,7,1,,3.438378027707704
C01641,8,0,,4.202360539874172
C01642,6,1,5.0,
C01643,9,1,,
C01644,1,2,2.915930653479114,4.359326080589443
C01645,9,0,,7.86406325698204
C01646,5,1,,7.726387919065097
C01647,5,0,3.2473337300161154,
C01648,4,0,,2.5618651156121506
C01649,4,1,4.2373205124695,
C01650,6,0,4.212235973168677,8.656430150105093
C01651,4,1,,
C01652,5,3,,
C01653,2,2,3.6799173659513893,5.677883280326782
C01654,5,1,4.625316585208899,
C01655,4,0,4.376075303754155,6.365267018274043
C01656,3,3,4.122763239180779,
C01657,5,1,4.769565684454001,
C01658,6,0,,0.8901684527404212
C01659,9,0,5.0,8.015543601678555
C01660,0,0,4.1671210472688465,4.301082300323999
C01661,3,2,4.627896845247696,
C01662,3,1,4.020812370684836,
C01663,5,1,,10.0
C01664,6,2,4.925104762947532,9.015702489868598
C01665,8,0,,7.065019374231821
C01666,3,0,4.463512863744741,7.239203696812907
C01667,7,2,3.5532442832685933,9.309629985626072
C01668,4,3,4.084860465666557,9.650994256798691
C01669,5,1,4.1486363207556085,
C01670,1,1,,
C01671,5,0,4.546167889703379,8.178415244381908
C01672,8,2,4.262411626038522,10.0
C01673,5,1,4.672789851700712,9.301337831837813
C01674,2,0,,1.253341186918978
C01675,6,0,5.0,
C01676,8,3,3.6681076290831487,
C01677,5,2,2.700800012313354,8.838935939818716
C01678,2,1,4.422544713273685,
C01679,6,1,,
C01680,2,2,2.694143315025893,
C01681,6,1,,
C01682,4,1,,
C01683,2,2,4.406863974837803,
C01684,3,1,1.6070907864989226,
C01685,5,2,,8.736528133621647
C01686,3,0,,8.270581117447957
C01687,4,1,,
C01688,8,0,,
C01689,7,2,5.0,
C01690,2,1,3.626752928946506,3.6632206281275566
C01691,4,0,,7.854556513555015
C01692,2,1,2.939788166159577,0.6485411224805091
C01693,3,0,4.610952308271838,
C01694,3,0,5.0,
C01695,5,0,,
C01696,6,3,3.039258565392995,
C01697,7,0,,10.0
C01698,10,1,,7.312497681727079
C01699,4,2,1.9650647264007337,
C01700,3,0,,6.435145543694037
C01701,4,1,4.7226200986001325,7.487919574186224
C01702,1,1,5.0,5.427211747595184
C01703,3,1,4.317054597455988,
C01704,1,1,,
C01705,4,0,,8.666950198630445
C01706,2,0,3.064005830038091,4.835659214942833
C01707,3,2,,
C01708,6,3,4.67944361437353,8.423068615518638
C01709,6,2,,8.979320551151925
C01710,5,1,5.0,
C01711,6,0,,
C01712,5,3,4.6031059444238895,
C01713,3,0,3.7964827497852505,1.8460941865262122
C01714,4,0,4.315829657766336,
C01715,7,0,,5.398205139491345
C01716,4,2,,
C01717,4,1,3.8894443068579045,
C01718,2,0,,7.203640036099616
C01719,7,2,4.224816179743054,
C01720,8,2,4.887193053857053,6.401145278252572
C01721,5,4,,
C01722,10,2,,4.31287076185969
C01723,3,3,4.657070303454059,6.008488977728504
C01724,2,2,,
C01725,4,0,4.540903942898881,
C01726,3,1,5.0,9.206402422963475
C01727,4,2,4.828545903891787,
C01728,6,1,,2.2954028074826907
C01729,1,0,4.2219902902562545,5.997569992234814
C01730,5,1,,
C01731,6,1,4.8617961142601045,
C01732,6,0,,
C01733,6,0,3.520519854742511,
C01734,5,0,3.441340389065263,
C01735,5,2,,
C01736,6,2,,7.167344444246126
C01737,5,1,3.6491895105971097,7.967393059970518
C01738,7,2,,7.351609260112186
C01739,1,2,4.156950213236437,
C01740,7,1,5.0,
C01741,4,1,4.7182575113695036,7.837419421752606
C01742,8,1,3.5380864852521254,5.478585077821343
C01743,6,2,,
C01744,3,3,3.921981534909663,
C01745,2,2,3.9269971170568025,7.992310733033868
C01746,10,0,,2.9810951764090876
C01747,6,1,4.876945156393171,9.384491086761093
C01748,6,0,2.6664953801741307,6.597472122728327
C01749,4,1,3.52363342080619,6.177929598707747
C01750,5,2,1.0690153486399245,
C01751,6,1,3.7897232629898285,
C01752,4,0,,
C01753,5,0,2.6641421496524416,
C01754,5,0,3.5223396659392723,7.6341327885972525
C01755,6,1,,
C01756,2,2,3.4075949002739048,8.38014815740965
C01757,6,1,4.7336678940525445,
C01758,7,1,4.392819327668568,8.881043179549048
C01759,3,1,2.1148011752855176,5.585074869045575
C01760,4,2,,3.669814286177751
C01761,6,1,4.501204392626279,10.0
C01762,3,4,1.1423714415910078,6.683815169764041
C01763,6,0,,9.571430087495237
C01764,11,1,,6.1305882154100715
C01765,4,1,3.9073440348833213,
C01766,7,1,3.374084366178342,
C01767,4,1,2.572863323483005,1.863046472606667
C01768,3,0,2.216055974313245,2.463212112106627
C01769,5,0,2.6677450024201494,3.2773768122672715
C01770,6,1,,
C01771,2,1,4.339458883003293,
C01772,3,2,,
C01773,5,0,,9.84780776006924
C01774,6,2,2.1753437262202975,
C01775,1,0,4.626928629442056,
C01776,2,0,4.543397540724628,6.783797164774388
C01777,2,0,4.941163920868101,7.069080966867676
C01778,4,0,3.6406862500992005,8.000203544967343
C01779,5,0,4.606643816516411,8.3715062190704
C01780,6,0,,
C01781,4,0,4.359567264736376,6.509514166121466
C01782,5,2,4.387588580252772,4.696616415193809
C01783,7,0,,
C01784,4,1,3.7964780508452156,9.043606659698925
C01785,5,1,5.0,8.893646671966778
C01786,5,1,3.084531630840339,
C01787,5,3,2.9471101529368307,0.4408834058912485
C01788,2,1,,5.802512035065888
C01789,4,1,,
C01790,10,1,2.620559889870887,
C01791,5,1,5.0,7.600073960517365
C01792,2,2,,3.6550404408835226
C01793,4,2,,1.4854393481463495
C01794,6,1,2.1659134412489394,2.9713645061769474
C01795,6,1,3.420221933933213,3.6361383118913735
C01796,3,1,4.8831479256120645,
C01797,3,1,4.0556076267984285,
C01798,9,1,,
C01799,3,0,4.452737132595883,
C01800,5,0,3.329117057828107,
C01801,2,0,5.0,8.520779376110783
C01802,3,0,,6.548285034958019
C01803,5,0,5.0,
C01804,5,1,,
C01805,7,1,4.585049900922516,8.17904050221794
C01806,4,1,4.8866282055799,
C01807,6,1,3.679184210230495,5.635570358268743
C01808,5,3,1.0,
C01809,3,5,2.735209104822787,
C01810,3,0,,
C01811,2,0,5.0,10.0
C01812,9,1,3.4095284090408953,
C01813,12,1,3.4681768983266847,
C01814,8,1,3.654095212593428,10.0
C01815,7,2,2.922178547278901,4.3144587571727655
C01816,3,1,4.522281709490221,7.946024377037918
C01817,7,3,4.524909625707595,
C01818,3,1,4.866171999183319,
C01819,4,1,3.3496844920210123,
C01820,6,0,,
C01821,7,2,4.575388825392668,
C01822,6,0,4.872109871497605,
C01823,4,1,,
C01824,5,1,4.96553028893998,
C01825,7,0,5.0,7.4289373936688605
C01826,3,0,,9.17946104128495
C01827,2,2,,
C01828,5,0,4.757981786271255,
C01829,2,1,3.9679625010556054,6.5490003594270485
C01830,4,1,3.288464292326637,
C01831,3,0,5.0,9.578703933379504
C01832,4,0,,7.980989992948216
C01833,8,2,,
C01834,5,0,,
C01835,5,1,2.0946745478790536,
C01836,5,2,,
C01837,4,1,,6.366705975603894
C01838,2,3,,
C01839,9,1,2.1640649463891286,5.240422482138059
C01840,4,0,5.0,
C01841,9,0,3.553522673244734,7.784899775518953
C01842,7,0,,8.77660369774801
C01843,2,1,4.35063378491553,
C01844,5,0,,4.881535071803505
C01845,5,3,4.252080603561267,8.11759943776399
C01846,7,0,,
C01847,1,1,3.4106363156501427,
C01848,6,1,,
C01849,8,1,,3.2559602771581475
C01850,6,0,,
C01851,10,1,5.0,
C01852,3,1,4.085420460890083,7.233209007670936
C01853,7,1,4.855329801919606,8.68516022493036
C01854,3,2,,
C01855,5,1,,5.948937539359722
C01856,4,2,5.0,
C01857,7,0,,
C01858,4,1,4.541409952570821,7.534337833475275
C01859,4,1,,
C01860,3,2,4.131797327435874,8.511033329095708
C01861,4,2,,
C01862,5,2,3.3198318822145447,2.2526825151695773
C01863,6,2,3.574162854910052,
C01864,6,2,,
C01865,3,3,,8.753064637676525
C01866,7,0,,6.813155122469926
C01867,5,1,3.6040580876484953,8.550276975481554
C01868,4,5,4.169528327764144,
C01869,5,0,4.338927994640099,8.270009852730935
C01870,6,0,3.8906980542660166,
C01871,4,2,,
C01872,2,0,3.4724008302910305,3.760554050218883
C01873,3,1,,
C01874,7,1,5.0,8.445694734802979
C01875,6,0,4.9487003925356206,8.564779500158505
C01876,4,0,4.306988492602164,8.035640317080674
C01877,6,1,2.51023895667426,7.037780957506863
C01878,8,1,,
C01879,8,2,,9.53704489513157
C01880,7,0,3.4254538332664346,5.682416294595686
C01881,5,2,4.989711440750458,
C01882,3,1,,
C01883,3,0,,
C01884,4,3,4.260957458459579,6.979389535643319
C01885,5,1,4.193519277240704,9.58386252828317
C01886,2,2,,4.833406383748383
C01887,5,2,3.8818259216658837,1.893735383363989
C01888,9,0,,6.473748155259356
C01889,7,2,,7.41266426647079
C01890,7,0,,3.461748556342151
C01891,8,2,3.7004199297488602,
C01892,2,0,4.263076402864469,6.5609940386946155
C01893,3,2,4.67035790120683,8.298839048201266
C01894,4,0,,4.811690074145638
C01895,7,0,,
C01896,5,1,,
C01897,4,1,2.4227248490217552,
C01898,4,0,4.782758123890012,
C01899,7,1,,9.665837926908514
C01900,9,0,2.391686965463254,
C01901,2,1,4.155234493147817,9.077986594279277
C01902,2,1,3.647999182580434,
C01903,2,1,,8.441586236394727
C01904,6,0,,8.447210942305153
C01905,8,2,4.409480433158491,
C01906,3,0,,4.24398350507312
C01907,6,0,4.011677685519607,
C01908,7,2,4.829030063096119,9.542668580669517
C01909,6,5,4.4487053224035344,
C01910,5,1,,8.9952590340653
C01911,2,1,3.598150267726838,
C01912,3,3,3.535719028168551,
C01913,7,1,,
C01914,5,0,4.972734776616509,
C01915,3,1,,
C01916,7,1,4.520296582141502,8.83111487865835
C01917,4,0,3.749232191390113,5.458710050282944
C01918,3,2,2.9749302506025384,
C01919,2,0,,
C01920,8,0,4.0863368012995345,
C01921,7,2,4.382477397519669,9.310610648226987
C01922,5,0,,
C01923,5,0,4.886279871789997,8.220145542852592
C01924,5,0,3.3456585835400685,0.836253796862048
C01925,9,1,3.7884333662530327,
C01926,1,1,3.68028606900743,
C01927,6,2,,
C01928,4,2,4.32449060416396,8.62676462524986
C01929,8,1,,9.257746095980902
C01930,8,1,3.264242360028464,2.735013863581225
C01931,3,0,5.0,9.63351326000127
C01932,3,1,,
C01933,6,1,4.4889236317948855,8.51338995676192
C01934,6,1,,
C01935,3,1,5.0,
C01936,5,0,4.4549579805631465,7.397784396911938
C01937,5,1,4.503101775894842,
C01938,1,0,,7.172927679187328
C01939,1,1,4.27723270016343,
C01940,6,1,,
C01941,3,1,,0.0
C01942,7,2,,8.270705435837897
C01943,5,0,5.0,
C01944,1,3,4.970655135340445,4.7421439606033555
C01945,7,1,3.352972329668771,
C01946,11,1,,
C01947,2,0,,
C01948,4,2,2.896043509010611,
C01949,2,2,4.8274853593700655,
C01950,7,0,5.0,
C01951,5,0,3.5463525049714923,7.163976927432611
C01952,8,1,4.107160798930556,
C01953,6,3,,4.915827458411018
C01954,3,2,4.637500827028968,
C01955,4,0,4.59318983989081,
C01956,4,1,,
C01957,3,1,,7.253445970968968
C01958,3,1,3.8608349116182534,
C01959,7,3,,
C01960,6,1,3.5021508216980353,
C01961,5,1,,3.624813963462705
C01962,2,1,5.0,8.631560557924994
C01963,6,0,,
C01964,3,1,3.4207722966786642,
C01965,3,1,4.074675741549318,
C01966,3,0,3.1627595420803085,
C01967,6,0,4.256235954463237,7.643363091964751
C01968,6,0,,
C01969,4,1,4.437295977909045,
C01970,2,0,,
C01971,4,0,,7.493784824207094
C01972,1,0,,
C01973,7,2,,
C01974,4,1,4.642903145576847,
C01975,5,1,4.328987640762745,
C01976,4,1,,8.058856018462446
C01977,4,2,4.527534651194691,
C01978,7,1,5.0,10.0
C01979,3,2,4.25713492797613,
C01980,4,3,3.530487357995472,6.820382138779314
C01981,12,2,3.776839639174718,7.1295141711223255
C01982,7,0,3.3917661188502084,
C01983,3,2,4.251084383522996,8.166785740490834
C01984,6,0,,
C01985,7,0,,7.021689897555574
C01986,6,0,4.4013878824401,
C01987,2,0,,
C01988,3,0,4.6791070873102685,5.977098713543286
C01989,6,0,,7.136233625145418
C01990,2,2,,
C01991,4,0,2.872917413760718,
C01992,6,1,4.305447780514612,
C01993,5,0,5.0,
C01994,3,2,4.8448778274364726,7.245090214774326
C01995,7,1,3.5603111883898646,
C01996,3,2,1.0,3.4581419801001942
C01997,1,2,4.088531583324569,
C01998,4,0,4.122229951237168,
C01999,3,1,5.0,
C02000,3,1,3.491717068366761,4.1307767788171565
C02001,3,1,,7.495142657120281
C02002,7,5,2.1419329775219595,
C02003,4,2,3.6438189018181206,
C02004,5,2,,
C02005,6,0,4.18525586482385,
C02006,6,1,,8.901698402248291
C02007,8,0,4.045525347476092,
C02008,2,2,4.520977304087916,7.572813294933693
C02009,2,0,,4.140886260661593
C02010,5,1,4.9481608181817975,8.541951672047992
C02011,4,2,,4.245571607163593
C02012,6,1,1.8243504247861022,
C02013,5,3,4.621635014243703,
C02014,5,1,3.7481381482361336,
C02015,9,1,,10.0
C02016,3,1,2.3053017972040513,
C02017,3,1,,
C02018,0,0,,
C02019,2,0,4.743643941581158,4.6068433060529
C02020,2,2,3.860758531666623,
C02021,6,0,4.524615505464854,
C02022,4,2,,3.584900102147702
C02023,8,3,2.6820326733027984,0.0
C02024,2,2,1.0,
C02025,4,2,5.0,3.1381527695208304
C02026,6,2,,
C02027,13,1,4.616321800108657,9.513744799299943
C02028,10,3,4.26113128996694,
C02029,6,1,,8.547178517797466
C02030,3,1,4.950378809040047,
C02031,4,2,,6.000391856093938
C02032,2,2,4.542680355027408,
C02033,7,0,1.0,3.912848741976704
C02034,4,0,4.1779782320284085,4.643880517859395
C02035,4,2,4.93949850948009,10.0
C02036,3,2,,8.93252130292682
C02037,2,2,4.695928935701929,6.584688754594312
C02038,3,0,1.912458262999031,4.832836354781422
C02039,6,2,4.209109719336399,9.607116104934448
C02040,6,0,,
C02041,6,2,5.0,
C02042,3,2,1.778206468823734,4.412520609056236
C02043,4,0,5.0,9.432256754809188
C02044,2,1,,9.459355630649162
C02045,4,1,,
C02046,5,2,,
C02047,3,1,5.0,6.28913707021583
C02048,4,1,,
C02049,12,1,2.957058081472069,5.896004626002886
C02050,8,1,4.375035323256324,
C02051,4,1,3.9906280768544993,6.75897187803851
C02052,10,0,,5.891772213788235
C02053,3,2,,
C02054,2,2,,
C02055,8,0,4.616365846663376,
C02056,7,0,,5.047822846925974
C02057,7,1,,7.874132782646716
C02058,3,0,,7.6668059164739315
C02059,6,4,4.227277611641233,
C02060,6,1,,2.346459333123768
C02061,4,1,4.641094995185388,
C02062,6,1,,6.8805397726272
C02063,6,0,4.385771390114194,
C02064,5,0,,8.573885342276965
C02065,3,2,,4.824108810701058
C02066,8,2,,
C02067,4,0,4.918967851240933,
C02068,8,1,3.7558804158720793,4.749139290006133
C02069,2,2,,4.72305165486262
C02070,1,1,5.0,6.574643972351462
C02071,5,0,4.705313923090614,
C02072,7,2,1.0,6.208799230567789
C02073,5,2,3.63101194197591,
C02074,2,0,,7.896546829994062
C02075,2,2,4.793595812128557,
C02076,2,0,5.0,10.0
C02077,3,1,,
C02078,3,1,,5.293445060811426
C02079,3,2,4.845638486805711,8.800717870919394
C02080,4,3,4.168897577104487,
C02081,2,0,4.663178267170373,
C02082,2,0,,5.788468956521385
C02083,6,0,4.130025829152763,
C02084,9,0,4.392174116548908,7.9229073371305505
C02085,6,1,2.724985635749675,
C02086,3,2,3.932702850858411,
C02087,5,1,,
C02088,6,2,1.0,
C02089,6,1,,9.250582522292948
C02090,2,1,,
C02091,6,0,,10.0
C02092,6,1,,
C02093,8,0,,10.0
C02094,2,0,,
C02095,3,1,,8.736410678995137
C02096,2,0,5.0,7.254271520640982
C02097,3,2,4.8170774537563625,8.769060154098096
C02098,5,1,,4.265478139722036
C02099,6,1,4.561025439023899,9.618942406045285
C02100,7,0,,6.886724384982223
C02101,8,0,,9.73740739925447
C02102,6,1,,6.65059705977596
C02103,3,0,,
C02104,6,1,3.7108052669412133,5.906126897273738
C02105,7,1,,3.522377860168589
C02106,5,0,,7.663748767554864
C02107,6,1,,
C02108,5,3,,
C02109,3,0,4.319225431526793,8.49654942628348
C02110,5,1,,
C02111,5,0,,
C02112,7,1,4.093099283412236,
C02113,5,0,,7.430600449570572
C02114,4,1,3.2896625045784322,
C02115,8,0,4.905938892127484,
C02116,4,1,,
C02117,4,3,2.6982894679597007,0.0
C02118,1,2,,
C02119,5,0,4.640156051249854,8.303067380824826
C02120,4,2,4.6121634845961115,7.017844994400885
C02121,2,1,4.060146342367311,9.23953477843797
C02122,7,0,,
C02123,6,1,3.1552725419999694,5.739087581320778
C02124,4,2,4.353994598112587,5.9926613707145195
C02125,6,1,3.3426542809127184,
C02126,7,1,2.0141755747782173,
C02127,9,0,3.8252815645227,9.375850672083844
C02128,9,1,3.626100758955041,
C02129,7,1,,6.284104256742569
C02130,6,0,,6.594995039726083
C02131,8,0,3.488181901553692,
C02132,6,1,4.67090506470017,7.232345128528468
C02133,4,0,4.5131104800362465,
C02134,3,2,5.0,
C02135,4,2,,
C02136,6,1,,7.514222600929748
C02137,7,1,,
C02138,7,3,2.403003893781262,
C02139,6,2,,6.528998104639136
C02140,4,0,5.0,7.0728384866450895
C02141,3,0,,
C02142,6,0,,
C02143,6,2,4.881414267490278,7.837552770118226
C02144,2,0,4.312834655366314,
C02145,4,1,4.314652323944,
C02146,2,2,4.822617091741974,7.28468498510529
C02147,4,0,4.81711898408476,
C02148,3,0,,9.220646399067967
C02149,5,0,,4.9102402848688715
C02150,4,3,,1.5092003039010304
C02151,4,1,3.7744644403860974,10.0
C02152,3,0,4.358682342210606,6.637793589628389
C02153,5,0,4.377193798356299,8.486418070581731
C02154,4,1,,
C02155,7,0,,5.281131657103064
C02156,6,1,,5.504904329100242
C02157,3,1,4.736154796494998,6.611855466384687
C02158,6,0,5.0,6.403153956944513
C02159,3,1,,
C02160,3,1,,
C02161,5,0,,10.0
C02162,2,0,4.252143970017909,
C02163,3,3,4.20121882685998,6.713663130920148
C02164,3,2,,5.830568329595421
C02165,3,2,,
C02166,6,2,5.0,
C02167,8,1,,
C02168,6,0,3.1089602776418968,
C02169,6,1,,6.619173220664821
C02170,4,2,,
C02171,6,1,,8.290732562082356
C02172,9,0,4.442264949640787,
C02173,3,1,3.0790786763583533,5.750076261839959
C02174,5,1,4.1776776472774095,
C02175,6,2,4.531118129206743,
C02176,10,1,,
C02177,7,1,4.3715418025720965,
C02178,6,1,,
C02179,5,2,4.826598117556334,
C02180,3,0,4.853851889164769,
C02181,7,0,4.459249551820663,7.288003324774469
C02182,7,0,4.198958456984683,5.1430862529312344
C02183,5,0,2.4217291266699776,
C02184,3,2,,9.087217527705379
C02185,6,0,,7.140902781390788
C02186,7,3,4.521662418704676,
C02187,9,0,4.352726931006289,6.671008592546934
C02188,3,1,,7.34469737887826
C02189,8,0,4.969036295323741,9.048593408304015
C02190,7,0,4.57718179560955,
C02191,4,2,,
C02192,8,1,,
C02193,6,1,4.340463260710473,
C02194,5,1,3.621943680034805,8.6564653174107
C02195,4,2,,
C02196,8,0,4.3438073245363436,
C02197,6,2,,3.3968714495650727
C02198,8,1,2.1286432307018495,2.9296037072605365
C02199,7,0,4.430973372833671,7.537885282259643
C02200,3,0,,10.0
C02201,8,1,4.377984006778448,
C02202,3,0,4.577692100145869,7.890104940577827
C02203,5,1,4.81049074669102,
C02204,4,2,,
C02205,8,0,4.52381681735981,
C02206,4,1,,
C02207,7,2,,4.476157806741776
C02208,9,1,,7.305442962674452
C02209,3,1,,10.0
C02210,5,0,,7.381521289120358
C02211,6,2,4.804577607195623,
C02212,3,0,,
C02213,3,3,,
C02214,0,0,4.207291707211676,9.023183004220504
C02215,5,1,,
C02216,5,0,4.989009630201061,8.00948870339127
C02217,3,1,3.992737781310175,4.945058028142451
C02218,4,0,,8.162055892356753
C02219,4,1,2.3939578031849806,4.955556672308914
C02220,1,1,,
C02221,5,0,,
C02222,4,1,,0.8655847470050939
C02223,5,1,2.5154939183446943,0.0
C02224,2,0,5.0,
C02225,3,2,4.1570872223061315,10.0
C02226,8,1,4.510367869926785,
C02227,1,0,4.1410611773380115,9.49697300992145
C02228,7,2,2.124172633201145,3.646112264940522
C02229,5,2,2.0635607517736476,1.7880793493262224
C02230,8,1,,1.9619537350919591
C02231,3,2,,
C02232,2,2,4.265778179332973,
C02233,4,1,4.13231250389691,
C02234,6,1,,
C02235,4,1,4.922503395921578,
C02236,9,3,,6.2497867960518265
C02237,5,2,,
C02238,4,0,3.0937978930082326,2.4505012986698986
C02239,0,1,,8.924245806143135
C02240,5,0,,5.941862634157741
C02241,3,1,4.720814694895962,
C02242,3,1,,6.81376927256322
C02243,4,0,4.66821707181883,
C02244,4,0,,8.71548303014069
C02245,8,0,4.747237473541662,8.577037355469255
C02246,8,1,,4.558888787757278
C02247,4,1,,6.975283245473438
C02248,3,0,2.498529120305988,5.227805615571495
C02249,4,0,4.1882347211317486,6.157385191804856
C02250,4,0,4.793425993055625,
C02251,5,0,,
C02252,6,0,,
C02253,2,1,5.0,
C02254,7,0,,8.362062065566592
C02255,5,3,2.817834227779162,
C02256,2,0,4.179321195052487,3.7695479093126165
C02257,9,0,5.0,
C02258,2,1,2.7652101810790004,
C02259,3,0,3.4994857049555987,
C02260,3,1,4.286779423509274,
C02261,8,0,,
C02262,1,2,5.0,
C02263,2,1,5.0,
C02264,4,0,,9.045379924798043
C02265,2,0,,5.466846775780574
C02266,7,1,5.0,
C02267,4,2,,3.117108758375279
C02268,7,0,3.9935171707499815,
C02269,4,2,,9.218408536854673
C02270,5,0,3.851057206164647,
C02271,3,2,,
C02272,6,3,,8.251225926833719
C02273,2,0,,
C02274,9,2,,
C02275,4,0,,7.544248422295268
C02276,2,1,,7.240762158214783
C02277,7,0,3.7660888788992475,
C02278,6,1,,
C02279,5,0,4.785749630399838,
C02280,4,2,4.009115957509271,
C02281,8,1,5.0,8.49353951245668
C02282,8,0,4.430077569416698,8.117091161524895
C02283,3,3,4.544154379019051,
C02284,6,0,4.594065469154928,10.0
C02285,5,0,3.6144545904940326,
C02286,4,0,4.20354727860809,10.0
C02287,9,1,3.3604251679441113,
C02288,6,0,5.0,6.212964221563819
C02289,3,0,5.0,8.736461672589886
C02290,7,1,4.2202917171590615,
C02291,5,0,,
C02292,6,2,4.44793800135647,9.209911833294084
C02293,4,3,4.940210061779074,
C02294,6,1,,7.546393720016377
C02295,8,0,,3.9910935931993805
C02296,8,1,,6.181182910791615
C02297,4,1,,7.12622065210195
C02298,4,1,,10.0
C02299,5,0,4.540798917460696,7.249372117533381
C02300,8,3,,7.330384185981747
C02301,4,3,4.828551697071242,6.237766542167696
C02302,3,0,,9.475016866507813
C02303,4,0,4.0770376390859075,
C02304,1,0,4.240163099668748,4.949682988764657
C02305,4,2,,
C02306,9,0,4.923600563484567,
C02307,4,0,,
C02308,10,0,2.595498060377356,3.8017494239350187
C02309,6,0,4.565286168198992,9.648837360824114
C02310,6,1,4.835550814260167,
C02311,2,1,,
C02312,2,1,,
C02313,7,2,,
C02314,2,4,4.218023109578559,9.740615420582746
C02315,6,1,,6.330813272536413
C02316,7,1,3.7492736800449644,
C02317,6,0,,3.6292232377019404
C02318,6,2,,
C02319,9,0,,6.813050562554961
C02320,4,1,,0.29374541907570206
C02321,4,1,4.809368379027227,7.762705076424379
C02322,5,2,1.1449946014612706,5.6789432824829245
C02323,4,2,3.852385608524181,5.862149280438214
C02324,2,0,,7.424196084332306
C02325,3,1,3.827137358998768,3.5741897931624615
C02326,6,1,,3.0229723192076743
C02327,9,3,4.558034536651494,
C02328,4,3,,9.692608909089731
C02329,6,1,,6.6906225513629
C02330,4,2,3.8736486591659793,9.683851811311968
C02331,1,0,4.589656305425425,8.024737311447533
C02332,5,1,4.282262823458813,
C02333,4,1,,
C02334,3,2,4.510967579647994,7.477346802418074
C02335,0,1,3.094621293856876,
C02336,7,1,,
C02337,10,3,4.322909753626395,
C02338,9,0,,5.439362176476717
C02339,7,0,4.866259916291719,
C02340,7,2,,
C02341,2,1,4.373316025562178,
C02342,8,0,3.979020748981517,5.816189819250503
C02343,3,0,3.4869192842394994,5.052808199391139
C02344,5,2,2.850191100601595,5.0950439745609515
C02345,6,2,5.0,5.671086515735915
C02346,1,5,3.9371071634062482,8.718794755025558
C02347,11,3,4.68906120938327,8.688400949554461
C02348,5,0,3.7809792529000896,4.619310611190315
C02349,8,2,5.0,
C02350,4,0,4.184276201868961,8.755220099447909
C02351,4,2,5.0,
C02352,6,1,,
C02353,3,1,1.1963855710034599,
C02354,7,0,4.458180748925847,9.684625572159304
C02355,4,0,4.408454485160287,7.627017092633481
C02356,1,1,,
C02357,2,3,4.842700957146062,
C02358,3,2,,7.769925647394258
C02359,5,0,,
C02360,4,2,3.004784845174236,
C02361,7,1,4.505844537149557,8.747029824417645
C02362,8,1,,
C02363,5,1,,
C02364,2,1,3.888576984083705,8.76512959695149
C02365,4,0,,
C02366,4,0,3.9774886031497885,
C02367,7,2,4.121467787255741,
C02368,4,0,,8.127239842836921
C02369,2,2,4.82954169096839,
C02370,4,1,,
C02371,6,2,4.133567306459527,
C02372,5,0,5.0,
C02373,4,1,5.0,
C02374,4,1,,
C02375,4,1,3.8866928920958483,
C02376,4,1,4.631385089349896,
C02377,4,1,4.4038421146026945,
C02378,3,1,,
C02379,5,0,,7.480302676885198
C02380,4,0,4.04995963006672,
C02381,3,3,1.5798778767361734,
C02382,5,2,2.8449340895766064,3.1761565553820605
C02383,9,0,2.501690867463616,
C02384,2,1,,
C02385,5,1,2.0079916196784957,
C02386,3,1,,
C02387,0,2,,7.461792768846468
C02388,4,0,,8.41135136840823
C02389,5,1,4.210664092271387,7.814773546380496
C02390,9,0,,
C02391,4,0,5.0,
C02392,9,2,,
C02393,6,1,3.467024677711533,4.399438110046845
C02394,4,1,,
C02395,2,0,4.349573896267195,5.934375246409401
C02396,10,1,,
C02397,4,1,,
C02398,5,0,4.989961692297044,
C02399,2,2,4.826173210231961,
C02400,5,0,,
C02401,3,1,1.9151141827731897,5.00505379957426
C02402,8,0,,1.891740562648585
C02403,1,2,,7.293423347346682
C02404,4,0,3.9094301147279364,5.463230267479557
C02405,6,1,,
C02406,4,2,,8.737144975956951
C02407,3,1,1.899554807985175,
C02408,10,0,4.336552662629702,9.239446465565498
C02409,8,2,4.385963206421474,8.682200715137949
C02410,4,0,4.346888930137742,
C02411,4,2,4.796789939741894,9.385433607312187
C02412,4,1,,7.721116881873993
C02413,5,1,4.249362234972184,8.23960989398808
C02414,2,3,3.7258309046553104,7.940695684968974
C02415,6,2,3.4382478571240904,
C02416,7,1,4.007702493956824,10.0
C02417,1,2,2.5932259862569893,
C02418,5,0,,
C02419,5,1,,2.408567903818317
C02420,4,3,4.45809429361316,
C02421,2,2,,
C02422,8,0,3.487483862090839,8.321027465804754
C02423,7,3,5.0,
C02424,4,0,3.6438679802153704,3.638519424589459
C02425,3,0,4.355255534470972,8.74778690726206
C02426,2,2,3.3836754979746333,5.95909593708104
C02427,9,2,,6.58112390119157
C02428,5,1,3.8746187660734375,8.379091266839344
C02429,0,0,4.169115019800216,8.941406139564776
C02430,4,2,2.1092718379047914,
C02431,2,2,3.4955148357460772,3.0585711074682607
C02432,6,1,3.4432467375644524,
C02433,2,0,,5.51111936590243
C02434,9,0,,
C02435,7,0,,
C02436,1,0,,
C02437,8,0,,8.691835425806548
C02438,8,2,4.728156888518058,
C02439,3,0,1.8462622924654564,2.444746537599083
C02440,4,3,,
C02441,2,1,,
C02442,6,0,4.503721244710309,
C02443,5,2,4.8229346840244816,
C02444,5,0,,6.072481696620054
C02445,5,0,4.307053717382811,
C02446,5,1,3.41047709425536,1.3119089650464257
C02447,6,3,,8.393869585605438
C02448,6,0,3.537004865206801,
C02449,7,1,,7.5873698686330515
C02450,4,1,3.532785478174305,
C02451,6,1,,5.5745529196824855
C02452,7,0,4.23566894159796,
C02453,1,1,3.659398820948887,
C02454,7,0,4.690512968312556,6.121120030826133
C02455,9,2,,
C02456,6,0,4.180834680620903,
C02457,3,0,4.266463150413814,
C02458,5,3,4.44693627131553,
C02459,6,1,4.150525057948773,
C02460,6,2,4.338459425140325,
C02461,6,1,3.0934342796633953,
C02462,5,0,,
C02463,8,1,4.511189770016743,
C02464,8,1,4.27709051573038,
C02465,3,0,,
C02466,5,2,4.057266704710289,
C02467,2,3,4.715692032679878,7.811664863916387
C02468,10,0,3.90161666006502,7.600228793438401
C02469,3,1,3.2764922915608428,5.838213622524162
C02470,7,2,,
C02471,1,1,4.970137646735017,9.379546070065736
C02472,6,0,3.202393974136057,8.273452808741613
C02473,5,1,5.0,
C02474,6,1,5.0,7.697048131185167
C02475,9,2,,5.534001689155073
C02476,12,2,4.184510010240398,10.0
C02477,5,1,5.0,9.55509468323554
C02478,8,0,,6.926744505251055
C02479,1,2,4.9222079122990525,7.319628383620144
C02480,4,0,,8.92676890922089
C02481,7,1,4.70672176775818,
C02482,5,1,4.398900217850986,7.559640013542713
C02483,5,0,4.9563119511551035,7.603911660855364
C02484,6,1,4.062578158745973,5.613950133667003
C02485,5,1,,
C02486,5,0,4.974825901643194,
C02487,6,1,,5.359436657697344
C02488,5,0,5.0,
C02489,6,0,3.9919818219237677,7.139730317998729
C02490,3,2,3.775996380837777,1.7840825636514017
C02491,1,0,4.567082484770512,9.780297710410577
C02492,3,1,3.6754226969018715,2.6317415365324273
C02493,4,2,,4.963910667821889
C02494,4,1,2.705347109794505,
C02495,4,0,4.339247223862574,9.576594106475639
C02496,4,1,4.963897488658316,
C02497,4,0,,
C02498,5,1,4.301525039006038,7.014546374922832
C02499,7,1,2.8644175947201407,
C02500,4,1,,
C02501,4,0,3.5941352619361684,
C02502,6,0,4.562227048969824,
C02503,3,0,,9.8102193172403
C02504,11,0,3.8798995791070534,
C02505,6,1,,
C02506,4,1,4.878568185471597,5.487267177214493
C02507,4,0,,8.13122832701014
C02508,0,0,4.710267896039555,7.777473869426923
C02509,8,2,,
C02510,3,1,,
C02511,6,1,,
C02512,8,0,,
C02513,3,1,4.274480148271992,
C02514,6,3,3.512028437147481,
C02515,6,0,4.330078119202813,
C02516,4,1,3.88285682139007,5.970277726534666
C02517,3,1,4.397632367992206,4.580565094058807
C02518,7,0,,9.141846594522605
C02519,2,1,2.1587127011082705,
C02520,7,1,3.373725942133015,1.6138512201477746
C02521,4,0,3.7818285687904183,
C02522,2,1,2.2933523374130216,
C02523,4,1,,
C02524,6,0,4.4967817887147765,8.808815291456419
C02525,4,0,,
C02526,10,2,5.0,8.511262810164814
C02527,2,1,2.0145372570721505,
C02528,9,1,3.9579845865991556,
C02529,9,1,,
C02530,7,1,,
C02531,6,2,5.0,7.274700581378273
C02532,6,0,3.8635507988691553,7.7611167758033925
C02533,8,1,4.399861858513316,7.8333762234575035
C02534,3,0,4.826910045480711,10.0
C02535,3,1,,8.774142015491957
C02536,10,1,,
C02537,3,0,5.0,
C02538,5,1,4.038422862656255,
C02539,3,0,4.400896146168676,
C02540,8,1,4.1366798673794,
C02541,3,0,,
C02542,3,1,,6.050273862848724
C02543,6,3,,7.160547010776098
C02544,1,1,5.0,
C02545,5,1,4.799161052923077,7.68190861272018
C02546,7,2,2.8113690262724855,
C02547,3,1,4.172193468279444,8.210074500521177
C02548,3,1,5.0,
C02549,6,1,4.288032454452898,
C02550,4,1,4.086065126747135,
C02551,5,1,,2.920830129810496
C02552,6,1,3.544695672786978,1.876074602416531
C02553,7,4,3.5560598952594695,6.249853241058814
C02554,6,2,,
C02555,5,1,4.750833430032842,
C02556,2,2,,
C02557,3,2,4.7130622476012825,
C02558,1,3,,4.1420115490663205
C02559,4,1,5.0,6.758408232754963
C02560,5,0,4.338651366738253,5.824063380682229
C02561,6,0,3.991477340079581,7.372728707853829
C02562,8,2,,
C02563,5,0,4.321842311992518,2.062367481331031
C02564,5,0,,8.982366808590712
C02565,7,0,4.545668544434726,8.311599705147755
C02566,4,1,,
C02567,5,3,,
C02568,7,3,,6.947138025163161
C02569,3,0,,
C02570,10,0,,
C02571,3,0,5.0,6.991589527145305
C02572,3,2,5.0,9.006766799682982
C02573,5,2,,1.9845205290943584
C02574,8,2,5.0,7.140463511020862
C02575,6,3,5.0,5.89688237556594
C02576,7,0,,10.0
C02577,6,1,2.6925245059100895,
C02578,5,0,,8.093276564816055
C02579,4,2,,7.555189156356477
C02580,9,1,3.868499025609858,10.0
C02581,6,0,4.685449469049938,7.1918192828723235
C02582,4,0,3.8856036974563266,8.725564745888759
C02583,7,0,5.0,6.158971995316686
C02584,8,1,4.025075613313892,
C02585,2,0,3.811040936892943,
C02586,7,1,,9.507109792515177
C02587,2,0,4.104376753457351,8.324388814831446
C02588,4,3,5.0,
C02589,6,0,,
C02590,4,1,,
C02591,5,1,,
C02592,5,0,,
C02593,8,1,4.379818003079643,
C02594,4,2,4.395503465532048,
C02595,11,0,4.940212345028361,8.910776434837402
C02596,3,1,,8.22762222554896
C02597,7,1,,5.210176960172872
C02598,6,0,,
C02599,2,0,,
C02600,4,0,5.0,6.640125307459377
C02601,6,0,,
C02602,8,2,2.3683154237126933,
C02603,6,1,3.132541552726817,5.943145646794733
C02604,10,0,3.8418339430052493,
C02605,3,0,3.95672648233135,5.903104800143795
C02606,2,2,3.520716357960759,4.408765405058481
C02607,5,0,3.4658643750394287,
C02608,4,0,,3.6479704895434537
C02609,1,1,4.394900474905296,
C02610,2,1,,
C02611,6,0,4.536044098473423,
C02612,6,1,,7.601107836424552
C02613,4,1,,
C02614,6,1,,4.808607084823878
C02615,7,0,5.0,
C02616,4,2,4.625788239050951,
C02617,1,2,,
C02618,8,2,,
C02619,1,0,,7.034742939129245
C02620,4,0,,
C02621,4,0,3.928978326270003,10.0
C02622,5,2,,
C02623,4,0,,
C02624,6,3,,8.138094985357514
C02625,5,1,3.88560307240136,
C02626,2,1,4.037219995418927,
C02627,3,1,5.0,7.369647048721557
C02628,6,5,,
C02629,6,1,,7.050240504578974
C02630,4,2,4.6453540832328875,5.46647412314042
C02631,3,0,4.721323965492911,8.29420015108432
C02632,8,1,4.283443339532477,5.067442010977194
C02633,5,1,4.249289799431991,
C02634,3,0,,
C02635,6,2,5.0,8.870385020297238
C02636,9,0,3.7307966520062728,8.816665767790658
C02637,5,1,,
C02638,2,0,3.567290613156276,10.0
C02639,5,0,4.820881928746222,9.560007481860731
C02640,10,1,,7.912548839790801
C02641,5,1,4.215545486275808,8.47388590045225
C02642,8,1,,
C02643,5,0,4.191594696115812,7.934830271559802
C02644,1,1,,
C02645,6,1,,
C02646,8,1,1.4460058399048905,
C02647,3,0,,3.5591453386564935
C02648,5,2,5.0,10.0
C02649,5,0,4.276111429260887,5.176882299631404
C02650,7,1,5.0,7.591106400044265
C02651,2,1,,8.933334706496249
C02652,3,0,,8.542529517061949
C02653,3,2,4.030399027693138,9.487356493130044
C02654,3,1,4.220485966225036,
C02655,3,2,4.0470239378684365,
C02656,6,1,3.7421538523813065,
C02657,5,3,4.887262991710443,10.0
C02658,7,2,2.4119599639645553,
C02659,5,0,,7.918441274543061
C02660,5,0,,7.6405693979202525
C02661,4,1,,
C02662,4,1,,7.171992141662884
C02663,4,2,5.0,
C02664,3,1,3.9997020206154774,
C02665,6,3,4.555617686330326,9.005701703792091
C02666,7,0,,
C02667,6,2,3.916894497199326,8.152672672844522
C02668,4,0,1.0,
C02669,7,1,4.7269664516894965,
C02670,4,2,,
C02671,5,1,4.1460425294431,
C02672,4,1,,6.211259699130871
C02673,8,1,4.517163395536992,8.875416002344169
C02674,2,1,,
C02675,3,1,,7.227690843274125
C02676,2,1,4.302346073864772,
C02677,5,1,,7.2617678205126746
C02678,3,0,,8.48457377086808
C02679,3,0,,
C02680,2,2,,
C02681,11,1,,8.90392837529222
C02682,10,0,4.299082923010649,6.48705587461346
C02683,3,2,,
C02684,2,2,,7.354982063337998
C02685,4,0,3.8889798129174804,2.2119863657389267
C02686,5,2,2.9332884602802585,
C02687,6,0,2.870767059376369,
C02688,7,1,4.813060585519754,8.811046050517776
C02689,4,2,3.9139554715289853,10.0
C02690,1,0,3.8329174874007714,
C02691,7,4,4.827012800851888,
C02692,2,2,4.96648832454741,
C02693,4,0,4.403370781373717,8.525813184914185
C02694,3,0,4.91169780679416,
C02695,3,3,,9.496288961859957
C02696,6,2,,9.450028514862156
C02697,5,2,4.944844473765745,9.312632711413782
C02698,2,1,,
C02699,4,1,1.4179443792450215,
C02700,4,1,5.0,
C02701,4,2,,
C02702,3,1,4.973533748189169,
C02703,3,2,,
C02704,10,0,,
C02705,5,1,4.750145910124011,7.886998443766429
C02706,8,0,4.340064089391867,5.543650792670062
C02707,4,1,,7.0180234444178975
C02708,5,0,2.7803464083205456,7.018625511803255
C02709,11,1,,3.9863835626681743
C02710,7,1,,
C02711,2,1,2.966683679511656,6.717544789195014
C02712,3,0,4.4987114108292054,
C02713,3,3,4.542046804271362,8.055447333115476
C02714,2,1,,8.29143546754278
C02715,7,1,4.849633658472573,6.442868844983429
C02716,4,0,4.2069171597688,
C02717,6,1,,7.710544448303372
C02718,2,4,1.4887936809847915,3.6804015422608978
C02719,2,0,4.096930317716471,7.936811093454943
C02720,9,1,3.7181936170994443,
C02721,5,3,4.131075852554674,
C02722,5,0,,
C02723,5,0,5.0,
C02724,2,1,,9.27058338732872
C02725,4,0,,0.29714681175937585
C02726,6,1,,
C02727,7,0,4.611905532381226,6.2200417665158785
C02728,4,1,4.6975662327678185,
C02729,7,2,,6.722103969076519
C02730,5,3,4.746835970970171,
C02731,2,1,4.7941803801323815,6.871063944055836
C02732,5,0,,3.0582575295834062
C02733,5,1,,
C02734,9,0,5.0,
C02735,6,4,5.0,
C02736,6,1,3.8594553533424647,
C02737,4,1,1.0079048509790955,
C02738,10,2,4.406057427785488,9.325073565065454
C02739,4,0,2.2466425898068687,
C02740,4,1,4.195337458960926,7.765156278064066
C02741,5,0,,
C02742,2,1,,5.820374965527877
C02743,9,0,,
C02744,4,2,3.3469223693475527,
C02745,4,2,,
C02746,5,5,,
C02747,5,0,,8.010621887556566
C02748,4,0,,8.872737155863804
C02749,3,0,,8.008167774225734
C02750,8,1,,
C02751,6,2,5.0,
C02752,4,0,4.419978493471111,
C02753,7,1,4.720161731446874,8.355234868227935
C02754,2,0,4.4810181364150505,8.368181971373081
C02755,0,0,,
C02756,4,3,,1.7810780024296977
C02757,4,0,,
C02758,2,2,,8.961269383753603
C02759,5,1,4.9667148559650585,
C02760,6,2,,9.221614055645075
C02761,6,1,,
C02762,1,0,3.4320300124745926,6.539016482319916
C02763,7,1,3.1923123861177376,
C02764,2,1,4.035003984415381,6.521766941560832
C02765,5,1,4.026830000214335,0.0
C02766,3,1,,
C02767,2,0,4.4758818894940005,
C02768,4,0,4.698185600366896,7.10639811052963
C02769,10,1,,9.245229212107406
C02770,4,1,3.8792793607632925,
C02771,4,0,4.620160688492957,7.049158689285911
C02772,6,0,3.6626605136437473,
C02773,5,0,2.910072934156977,4.64009395604457
C02774,1,2,,
C02775,3,0,,
C02776,7,2,,3.2660625527006584
C02777,8,2,4.5786277756948275,6.843930662516017
C02778,5,2,,7.793241027258904
C02779,6,2,4.617285659999503,8.847286712075935
C02780,6,0,4.841228883232386,
C02781,4,3,4.906555397921245,9.707916467712655
C02782,8,1,4.927757244807601,9.916409648546068
C02783,5,0,,5.7792058816598955
C02784,4,2,2.6090615580329644,
C02785,6,0,2.9386055182060837,
C02786,5,1,4.266068539483668,
C02787,6,1,4.240102901689169,
C02788,3,1,4.352789050212335,7.338117883280637
C02789,7,2,4.521929657438412,
C02790,5,1,3.0206195895556545,2.726496035438398
C02791,8,1,,7.7394278483106485
C02792,4,0,,
C02793,9,1,,
C02794,3,0,4.447850410420788,7.147864521349941
C02795,1,2,,1.2027707328687725
C02796,4,0,3.8658972843189856,7.044811365921662
C02797,4,1,,4.020924540870178
C02798,1,0,,
C02799,1,2,,7.5860873533664215
C02800,10,1,5.0,8.751621707098332
C02801,2,0,,4.836013818582615
C02802,2,0,,7.410453366016276
C02803,5,0,4.969602828072794,
C02804,3,2,,
C02805,4,0,,
C02806,5,1,4.551578094802771,10.0
C02807,4,1,,
C02808,2,1,1.664272284017155,2.808728500727579
C02809,6,0,,
C02810,2,0,,
C02811,3,1,4.610317051575213,10.0
C02812,5,0,3.940049465468421,10.0
C02813,5,2,,
C02814,2,0,,
C02815,5,0,3.7736423843916294,2.0048111071530945
C02816,6,3,,
C02817,5,1,4.725599462258909,8.609135584658912
C02818,7,3,3.653061459170959,
C02819,4,1,,
C02820,3,2,,8.787748741583608
C02821,5,0,,7.739192300956035
C02822,9,1,4.680626754228496,8.45499286112206
C02823,4,1,3.213512726027695,
C02824,1,0,,2.0047318253703046
C02825,3,1,4.423351831780472,9.086961821535485
C02826,6,0,3.765050892792322,8.339036882529081
C02827,4,0,3.2820827766331444,10.0
C02828,6,2,,
C02829,4,2,,
C02830,4,0,,6.113976436853122
C02831,7,0,,
C02832,3,1,,9.316041111416203
C02833,3,1,3.85697168446068,10.0
C02834,4,0,1.6698245034441177,4.420137517629631
C02835,6,1,3.580551973388642,
C02836,5,1,,6.949029478288125
C02837,4,2,,6.607106331034701
C02838,7,1,,6.645916768471778
C02839,3,0,2.43655466680253,
C02840,7,1,4.845849783325914,7.6334874389696905
C02841,4,1,,4.138065164644891
C02842,5,0,,
C02843,7,0,3.6986251422457768,4.217031429050347
C02844,6,1,5.0,
C02845,5,0,,
C02846,4,0,4.122622159515453,9.83064851271751
C02847,3,1,4.464108429200058,
C02848,8,1,,
C02849,1,0,5.0,6.543228516210869
C02850,3,1,,4.817357512188779
C02851,4,1,5.0,9.863391234724006
C02852,4,1,5.0,
C02853,7,2,3.7220793622380106,
C02854,5,3,4.6092919208618035,
C02855,6,1,,
C02856,5,1,5.0,7.121679461871526
C02857,3,1,4.306223459058941,7.303147913707563
C02858,8,4,4.910086613000967,8.07198663935943
C02859,7,1,2.8456041296788315,1.6423818579578136
C02860,2,3,,9.018500218904913
C02861,6,1,,9.411994617323455
C02862,6,1,3.193638405563349,7.604147620661863
C02863,5,3,3.8526393026812764,
C02864,3,2,2.7679011079020626,3.906405438631688
C02865,7,1,2.51658884232042,
C02866,5,1,4.27005923545108,7.436198854533739
C02867,3,2,,6.979545831238765
C02868,3,2,,
C02869,3,0,5.0,
C02870,5,0,3.746943922161999,8.226330225381801
C02871,3,3,,5.574337752068165
C02872,7,2,4.724519907778324,
C02873,5,1,4.683996214396795,5.806978555071759
C02874,3,1,,6.151532739605199
C02875,1,1,,
C02876,5,2,,
C02877,10,2,,0.7741962391808261
C02878,6,4,2.8486232730498147,
C02879,9,1,4.513179706010916,
C02880,3,0,3.954762559006398,7.8169055397518985
C02881,5,0,4.948217007683436,
C02882,7,0,4.300390417273973,
C02883,4,1,3.334650488525541,5.67839073199437
C02884,3,0,,1.3895252883567264
C02885,13,0,2.5506867400497484,
C02886,3,0,1.7393534342485755,2.578600737986649
C02887,6,2,,4.097901299702708
C02888,5,1,,
C02889,6,3,3.5437803646107766,
C02890,5,1,4.569499901665182,8.794767983491854
C02891,3,2,2.9666853566790246,1.2556675577461975
C02892,8,1,3.8392800318823848,
C02893,2,1,5.0,
C02894,6,1,2.3055242812735375,4.351261886162615
C02895,2,0,4.73776272102562,8.392781737235595
C02896,4,1,,
C02897,4,1,,6.199079869158083
C02898,7,3,4.858607322434303,
C02899,4,5,,7.695580072151149
C02900,5,1,3.5272865858573144,8.584983949270102
C02901,5,0,,
C02902,5,2,,
C02903,3,0,,
C02904,6,0,,
C02905,7,2,4.059512219408656,
C02906,9,2,3.90781213304242,7.490926479468766
C02907,4,3,,7.396855181437405
C02908,5,2,4.039809357799872,
C02909,1,1,,5.930844744073657
C02910,5,1,2.6381677102840175,
C02911,5,1,5.0,
C02912,2,0,4.46664327806593,
C02913,4,2,5.0,10.0
C02914,3,0,,
C02915,6,1,4.695408716542749,5.749585026396862
C02916,5,0,3.976151053795301,
C02917,7,0,,6.026350101416796
C02918,3,1,,
C02919,1,1,3.457290628092531,
C02920,7,1,4.027843525366692,
C02921,4,1,,9.440306835822321
C02922,7,1,,
C02923,8,4,4.288309404991845,8.294260189362573
C02924,10,0,,9.264133881255086
C02925,6,2,3.362454423154841,3.128743977123695
C02926,1,0,2.5252275509853197,3.462221826567792
C02927,3,1,4.558335626015839,
C02928,5,0,,
C02929,5,1,,
C02930,8,1,,
C02931,6,0,4.550519755319635,6.2705599401284875
C02932,6,2,,
C02933,6,1,,
C02934,8,0,3.5405172417826636,
C02935,2,0,4.650549531665346,7.567399110403439
C02936,7,2,,9.863487595434965
C02937,4,3,,5.074536471544651
C02938,6,0,,7.795216968951519
C02939,6,3,4.218651904725033,6.937461061137704
C02940,3,0,,6.506865448410515
C02941,3,1,,
C02942,7,1,4.320578930073053,
C02943,3,0,4.832209812017595,9.053925176387208
C02944,11,0,3.760795616362679,1.0606922354071004
C02945,6,1,4.7281432331028315,9.114293175156028
C02946,1,1,4.380745832138471,8.177953753068378
C02947,4,1,,3.8462965122585597
C02948,2,1,4.092333641363437,
C02949,5,3,4.997819046859628,8.108032849388822
C02950,7,1,3.552913627296445,6.564064623944101
C02951,9,1,,7.833002608645529
C02952,9,2,,
C02953,2,1,3.2295247274234726,
C02954,3,0,,
C02955,9,0,1.957821825650857,
C02956,13,1,,7.663469367238273
C02957,5,2,,6.881941784860167
C02958,6,0,4.528464443232329,
C02959,7,2,,9.077120958097385
C02960,5,1,4.3734387855191565,7.48441464058147
C02961,2,1,,
C02962,3,1,5.0,6.678028651798582
C02963,3,0,5.0,6.216859661778525
C02964,7,0,4.988314943956569,
C02965,5,1,2.746737035412154,4.562026536984606
C02966,5,0,4.877335303968303,
C02967,3,3,,3.9418493773435905
C02968,9,2,,
C02969,3,1,,
C02970,3,0,,6.697189255364276
C02971,10,2,4.1586685894959965,8.588251830409686
C02972,6,1,,8.271850022415432
C02973,8,1,,5.589427029152079
C02974,6,1,,9.372131570637578
C02975,3,2,,
C02976,6,0,,2.54656592309816
C02977,6,2,3.0784320449329345,7.171167699132084
C02978,3,0,,
C02979,5,1,1.8735351466015033,1.4443548496893914
C02980,6,1,,
C02981,7,2,,4.843766173190462
C02982,4,1,4.145282335531593,
C02983,5,0,3.8720240608224277,
C02984,4,2,,
C02985,8,1,,7.665733141904032
C02986,5,2,,
C02987,8,1,,
C02988,2,2,,7.191350964010555
C02989,3,2,,
C02990,6,0,4.500857148457973,
C02991,6,0,3.7687496947296832,4.306745788774415
C02992,3,0,3.605307570766413,8.416719960554758
C02993,7,2,,
C02994,8,1,4.054898183490092,5.921480789831515
C02995,4,1,,
C02996,8,0,4.894539972360089,6.160630569712048
C02997,1,0,4.6444124632134525,
C02998,4,0,4.613344543448522,9.394502911891308
C02999,8,1,4.022146444649583,6.000599462801401
C03000,6,1,4.280118369771556,8.448717190176222
C03001,7,0,3.0879443239735282,4.252723136019084
C03002,2,0,4.737608122248453,9.692634043673937
C03003,2,0,3.7749446512268627,
C03004,5,0,3.7073864823044134,
C03005,6,0,,
C03006,7,1,5.0,8.833321005197826
C03007,3,0,,
C03008,7,1,3.5487197355790125,
C03009,10,2,,6.884821502003476
C03010,6,2,4.584432834701891,6.801404388418047
C03011,11,1,,
C03012,5,1,4.6416288555452105,
C03013,6,1,,
C03014,2,0,4.442923033084175,
C03015,6,1,1.7142319058343172,4.068933431182768
C03016,4,2,4.186000151467191,7.3567923620597595
C03017,10,4,,5.16359533525117
C03018,4,3,5.0,
C03019,3,2,3.862882311986943,8.245712972654282
C03020,2,0,4.365393512171545,2.957797749109293
C03021,5,1,,2.8566309184395497
C03022,3,1,4.960981011675079,
C03023,4,0,5.0,8.948952836430996
C03024,7,2,,4.2806499344921
C03025,2,0,5.0,
C03026,3,1,3.137251965761294,6.393741545398736
C03027,5,0,2.8060210305023556,6.195954489081018
C03028,7,1,4.23182218372357,
C03029,5,1,4.3032176416187875,7.368061798267586
C03030,4,0,4.619856004780259,
C03031,4,0,,5.642179961622758
C03032,5,1,,
C03033,4,0,,
C03034,2,1,,
C03035,2,2,,
C03036,9,1,4.491878447694735,6.583492131409055
C03037,3,0,4.750375170499057,
C03038,9,2,,8.203372448873102
C03039,4,0,3.132047664463758,
C03040,4,1,4.813724868120648,8.721788362913022
C03041,4,0,3.0341481847947827,
C03042,9,0,,
C03043,3,0,4.282579200928145,7.449789253149722
C03044,3,0,4.905738198615471,9.680736183979816
C03045,4,0,3.5119056601750316,
C03046,8,1,4.8854851514521895,
C03047,3,2,,9.586549663145018
C03048,7,1,,5.008346146231761
C03049,6,2,3.738997408084371,
C03050,3,4,,6.864461721306569
C03051,7,0,,5.353857587137141
C03052,10,1,4.422989014803679,
C03053,6,1,4.668574660882085,6.754586184661666
C03054,7,0,,5.755840682868233
C03055,4,0,,
C03056,4,2,5.0,8.307997596870207
C03057,5,0,,
C03058,10,2,5.0,8.78419567994995
C03059,6,1,3.5629354644980786,
C03060,2,2,,2.46938699547865
C03061,5,3,4.681396351241617,
C03062,5,0,,7.611905211930061
C03063,2,0,4.7083303997811665,10.0
C03064,6,0,2.9301023475159136,3.2414155495017947
C03065,4,3,,6.757950921028945
C03066,4,2,4.588552260836238,
C03067,5,1,4.313560315649989,
C03068,7,3,4.193155643669381,
C03069,7,0,4.013480551511181,
C03070,7,1,3.3760835740062234,4.010998765648559
C03071,3,3,4.890491209543459,
C03072,4,1,,
C03073,6,0,3.791994701299964,
C03074,3,3,,4.843163574424111
C03075,5,1,4.13226212138649,
C03076,11,4,3.347805823115243,5.307496400941535
C03077,5,0,4.904954858030169,8.239394301909536
C03078,6,5,4.727923821846263,
C03079,1,1,3.9348636074421015,8.155099386257621
C03080,3,0,,
C03081,5,2,4.882908106300327,6.686782630886734
C03082,8,0,5.0,8.555323678999882
C03083,7,1,,
C03084,6,0,4.896595705788123,
C03085,6,2,3.827125811881279,
C03086,4,1,,10.0
C03087,6,1,,
C03088,3,0,4.093657799380723,
C03089,3,0,4.909753210820662,
C03090,3,2,4.54363544602937,6.801132791507097
C03091,2,2,3.573974397367113,3.3882396443762968
C03092,6,1,4.918544801058481,4.1830481983140535
C03093,5,1,,
C03094,3,1,3.049905688650452,0.3496455977730655
C03095,2,1,4.6659845036606615,
C03096,8,0,,2.4606605076171655
C03097,5,0,4.30504591988854,5.213173062664804
C03098,5,4,3.48394958007943,6.926783947929287
C03099,9,1,,
C03100,2,1,4.7957959173171405,
C03101,5,1,3.4422117118344993,
C03102,6,0,,
C03103,2,2,,7.699389776451526
C03104,9,1,4.728171191652825,9.286482692170397
C03105,4,1,,8.64224294965408
C03106,6,3,5.0,
C03107,1,2,4.7345922986778115,
C03108,3,2,,2.750258368378918
C03109,4,0,3.7062569815037825,
C03110,3,1,,8.049485261729943
C03111,6,2,5.0,5.662913116740082
C03112,1,2,4.0237843198318135,
C03113,3,2,3.301972656123196,
C03114,7,0,,
C03115,6,1,5.0,5.595581321995651
C03116,5,0,4.279475676953528,
C03117,2,1,4.7151951280933195,7.637006695741189
C03118,4,1,,5.293197696132465
C03119,3,1,4.737276628041165,8.607336929119686
C03120,3,3,4.242893164492157,
C03121,5,0,,
C03122,2,0,,5.624241831994899
C03123,5,2,,7.620735128669555
C03124,4,0,3.346212916473356,
C03125,10,1,4.610344248830782,
C03126,6,1,5.0,5.679488914145602
C03127,8,1,3.9447163595612245,5.565678644570227
C03128,7,1,,
C03129,3,2,4.4594194369683215,8.211079846680713
C03130,7,1,3.3387938052045025,
C03131,5,1,,
C03132,5,0,,6.401681758857221
C03133,4,0,3.9954509691711144,
C03134,2,2,4.364494098424863,
C03135,2,1,3.8686245151783183,8.41176153602444
C03136,1,1,4.140734365146423,
C03137,3,2,,3.54145870637895
C03138,6,1,3.8143649701140125,3.1613249267479313
C03139,6,0,4.926887831399796,
C03140,5,0,,7.176671215985734
C03141,5,2,,5.340713800025446
C03142,3,0,3.4269769762841737,5.775702229827932
C03143,5,1,3.9312266001316014,
C03144,2,0,4.29169457593488,
C03145,6,1,,6.463762645895231
C03146,5,1,,
C03147,1,0,4.445022277797629,
C03148,9,2,4.530040923373303,
C03149,10,1,4.641086811015687,
C03150,6,1,4.612320146648562,
C03151,3,3,,
C03152,7,2,,
C03153,4,0,2.7224787494570357,
C03154,7,0,3.997646681674105,7.230677868356134
C03155,5,0,5.0,
C03156,7,0,2.9137928414380014,5.229303572853525
C03157,5,1,,
C03158,6,1,4.397035480917853,6.137864426543551
C03159,10,2,2.0748861150077116,1.7645953564335657
C03160,4,1,4.5886952368139395,6.24114699464365
C03161,6,2,,
C03162,5,0,4.861437762627167,
C03163,3,1,4.7613977898295206,5.942767744222356
C03164,4,1,,1.5427819102563372
C03165,6,0,3.7792766309303305,
C03166,8,0,4.6065284151839485,
C03167,4,1,,
C03168,9,0,2.9104186801290206,2.8965626489901775
C03169,4,1,2.4556619146950154,6.159592019901162
C03170,7,1,,
C03171,6,3,,
C03172,10,0,,0.06352767796362713
C03173,5,1,4.301095170330207,
C03174,3,0,,
C03175,6,0,4.227041567834376,0.0
C03176,4,0,3.8600884603728214,6.066179850368825
C03177,6,1,4.484330262784975,8.888516875483933
C03178,3,1,4.416699418104887,
C03179,3,0,5.0,8.513463180875227
C03180,2,0,,8.35778211927081
C03181,8,1,,
C03182,6,1,,7.781532374392473
C03183,3,1,4.173619558386221,2.478347137749906
C03184,3,2,5.0,
C03185,9,1,4.2415077026801615,8.486343613831592
C03186,5,1,,
C03187,10,0,3.9426993498663805,6.645824928184975
C03188,3,1,,
C03189,7,2,4.995172855474816,9.406181765542982
C03190,8,1,4.389450546431621,8.364320165475187
C03191,2,1,,7.874980464424193
C03192,5,1,4.283535681433417,
C03193,5,0,,10.0
C03194,3,2,4.408734513353317,
C03195,3,0,,5.079331643478166
C03196,9,1,,
C03197,4,1,4.548523315784819,
C03198,8,0,,5.489982571704991
C03199,6,0,,
C03200,3,0,,
C03201,10,1,,6.600634206435345
C03202,7,2,4.036408608558255,6.828227477893842
C03203,10,0,,
C03204,6,1,,4.38476668919417
C03205,6,1,4.287628201704143,9.279809917596674
C03206,4,2,,7.095053474680263
C03207,5,1,5.0,6.278346873824761
C03208,5,2,4.4100354597336695,
C03209,3,0,4.13536492635102,8.005802434590358
C03210,5,1,3.3796876267335763,7.551509124412623
C03211,5,2,4.33212905451726,
C03212,2,2,,1.4644844866514943
C03213,9,0,3.802243191783857,
C03214,7,4,,
C03215,6,0,4.610529042895136,8.643175582846021
C03216,5,2,4.028129091830678,
C03217,7,1,4.140172529182073,8.170154785617374
C03218,3,1,,7.6684601779606405
C03219,7,1,2.0788228136952993,
C03220,7,4,1.591592101374847,
C03221,5,1,,7.126953019004841
C03222,4,0,4.221031649371166,7.471898027165601
C03223,4,1,3.3690483243557225,8.582871259886558
C03224,7,1,4.2333965062564,8.757869048662194
C03225,5,0,4.527342759137395,
C03226,7,0,,
C03227,3,2,,7.790788385004954
C03228,5,1,4.547913558614335,6.591419167400718
C03229,2,1,,
C03230,4,1,,10.0
C03231,8,1,4.136213045692584,8.535410774811496
C03232,3,1,,
C03233,4,1,3.8647080511493335,10.0
C03234,14,1,2.206280575108936,5.661935481598127
C03235,5,0,,5.415623798971692
C03236,3,2,,7.048145972776911
C03237,4,0,4.744137531510354,9.333655142942039
C03238,5,0,,
C03239,5,1,4.5076068314835425,8.590339398565161
C03240,5,0,4.874999631139851,7.864731296977884
C03241,6,2,4.197954128809179,5.107901015633296
C03242,1,2,4.938321689475604,7.783201095999906
C03243,4,2,4.036133339867894,8.820197104039995
C03244,2,0,3.9172919785872793,
C03245,11,0,4.122459942387792,
C03246,4,1,2.6457000251197083,2.7138452833467652
C03247,6,1,,9.25484775641303
C03248,7,1,2.8490717241551553,
C03249,3,5,5.0,
C03250,6,0,4.305678346518517,7.8604428594262155
C03251,10,1,4.987686288138821,8.711306099660735
C03252,5,4,,
C03253,7,2,3.9904040583942244,10.0
C03254,1,1,,9.561736316776615
C03255,7,0,4.974094820875658,9.077650330817583
C03256,4,1,1.817664358559131,4.3569848289304
C03257,5,1,3.647023486986485,4.665171335206686
C03258,2,1,,10.0
C03259,3,1,,9.105824011182246
C03260,4,1,3.1658843262552727,3.8977670355961176
C03261,3,4,,4.728476774630881
C03262,4,1,5.0,10.0
C03263,7,1,4.303977160040859,5.657845662132541
C03264,2,0,4.2011827440213345,9.90008590524041
C03265,6,2,4.257337486986078,9.169273243193901
C03266,3,2,3.959691197048593,2.864085325838544
C03267,13,2,4.473885152130382,
C03268,2,3,,
C03269,4,1,2.339312343526076,6.781760346679432
C03270,3,2,,6.60767460871187
C03271,5,0,2.3451184825728864,
C03272,3,1,3.6498111876485337,6.787839224517801
C03273,4,1,,7.003667543722154
C03274,2,0,2.9625307551661044,
C03275,3,2,2.20076724433214,
C03276,2,1,,6.877896811438256
C03277,3,0,,
C03278,6,1,3.6184032455102364,10.0
C03279,3,4,2.697715856815905,3.722050422872788
C03280,3,0,4.3234897493068,4.77665939496231
C03281,3,0,,9.529708963302694
C03282,3,1,2.417868600084941,
C03283,7,3,4.504788939126563,
C03284,7,1,2.165752577300622,5.54499787229874
C03285,4,1,,
C03286,6,1,2.260951365575486,
C03287,10,0,4.746409481795103,
C03288,6,0,2.165248441830961,8.438692011148614
C03289,5,2,4.563792166306886,6.850337553251905
C03290,4,2,4.201783145124741,7.537427976602688
C03291,3,0,,5.4497706571895845
C03292,3,0,2.173432405906551,2.1508531864847544
C03293,3,0,,7.056733067980566
C03294,7,1,2.376959928543275,1.113225438093425
C03295,6,0,1.8540099180900278,
C03296,3,1,4.053416369142495,1.2033296835918263
C03297,5,2,4.144799230943771,
C03298,14,1,,
C03299,5,2,,
C03300,13,0,,
C03301,5,1,,3.7499866158314967
C03302,4,1,3.739963759260739,
C03303,4,1,5.0,
C03304,6,1,2.741569867560314,
C03305,1,2,2.596025480644416,
C03306,3,0,,7.7000210777690565
C03307,8,1,,10.0
C03308,8,0,3.4452805991375186,4.61114459977961
C03309,6,0,4.660321362159323,
C03310,6,1,3.578333167798538,7.244954554794753
C03311,4,2,4.654942145418953,
C03312,3,2,3.545072110438598,
C03313,6,1,4.0729889188056365,7.024027190137881
C03314,5,0,4.340364387652386,
C03315,1,1,,
C03316,2,0,,7.5796473655386105
C03317,5,2,4.83355806252316,7.194365641780936
C03318,8,0,5.0,
C03319,2,1,4.575831078060631,
C03320,9,1,4.165710552487337,5.502334785652554
C03321,6,3,,4.074867638447298
C03322,5,0,4.786926581085142,
C03323,9,0,,8.287733359009978
C03324,3,0,4.546892811581778,6.719753254777169
C03325,3,2,,
C03326,4,0,4.212527073530042,6.765642038625017
C03327,3,0,3.913116747139022,8.70615942270814
C03328,9,0,3.866121871238107,7.206544759860954
C03329,5,1,,6.980986378863841
C03330,9,1,4.826675048368385,
C03331,5,1,5.0,
C03332,6,1,4.651356868248033,
C03333,2,1,4.702391507484837,
C03334,7,0,,3.7961036610374754
C03335,7,2,,7.295207839045704
C03336,1,2,,3.428467732310956
C03337,3,2,4.440740535440406,6.61410520929403
C03338,8,1,,8.89683333988453
C03339,4,1,,
C03340,1,1,3.2242408846257486,
C03341,4,0,,9.594489355067948
C03342,8,3,,
C03343,3,2,,
C03344,1,1,5.0,8.328971464400102
C03345,5,0,4.132629320676893,
C03346,5,1,3.4777014111215365,
C03347,8,0,,7.5235676152124995
C03348,5,2,,
C03349,3,1,5.0,7.78367100717368
C03350,3,2,4.550191869440564,
C03351,6,1,2.0176461705883018,6.826130374453709
C03352,3,2,,
C03353,9,0,,3.5605453799478624
C03354,2,2,3.8628757329066254,8.488280119381624
C03355,6,0,,8.393808152123432
C03356,7,1,,
C03357,4,0,,
C03358,6,0,,
C03359,4,0,5.0,
C03360,4,4,1.9493156648366894,
C03361,4,1,2.114586348677864,
C03362,1,0,4.397369911119686,7.992878279851039
C03363,3,0,,
C03364,6,2,2.237831568945576,
C03365,6,0,,
C03366,2,1,4.509512597192533,
C03367,3,1,4.006665227178918,9.616322020345136
C03368,4,0,,
C03369,11,1,,
C03370,6,2,3.3783941046525117,4.524431722939798
C03371,5,1,,
C03372,6,0,1.5575033689919757,2.137842543131725
C03373,3,1,,8.336005259829765
C03374,8,1,,
C03375,2,1,,8.70605932501786
C03376,4,0,4.58742196686862,
C03377,8,1,4.812289849959405,10.0
C03378,5,0,4.777419170766481,
C03379,5,2,5.0,6.719452099602429
C03380,6,0,,
C03381,4,3,5.0,7.776476385529702
C03382,4,0,3.3171210083821014,4.316543964320477
C03383,5,1,,
C03384,9,2,3.1839920996193625,
C03385,6,1,,
C03386,7,1,4.586197404371726,
C03387,4,0,3.4203069581006815,
C03388,8,1,4.715188488659678,8.915917964737552
C03389,5,1,,
C03390,0,2,,
C03391,5,0,,
C03392,8,0,,7.11986981348667
C03393,3,3,4.810318181799246,
C03394,4,1,3.3650294663792026,5.280229124605453
C03395,7,1,2.946200568199153,3.2717147626000394
C03396,2,1,4.948859814377503,8.104424382635358
C03397,4,4,,
C03398,10,2,,8.287175882882423
C03399,1,0,4.163168945608866,
C03400,6,1,4.31722326643041,
C03401,5,1,3.3478730528673983,3.5511435242974647
C03402,3,4,,
C03403,4,0,,
C03404,6,3,4.827419367525298,6.781458347621198
C03405,4,2,,
C03406,4,0,4.611918258526079,7.624964633625116
C03407,8,1,,
C03408,5,1,3.8734984353188686,
C03409,5,0,,
C03410,5,0,4.033145562759278,7.134229720191238
C03411,3,0,4.648872388531836,
C03412,2,0,,7.5945257578523515
C03413,10,0,4.2220273921292995,
C03414,7,1,4.22907475250122,9.832029571384552
C03415,5,0,4.588425330662889,
C03416,4,0,4.23421026835141,7.56544585399163
C03417,6,0,3.507609744403104,5.285903860887059
C03418,6,1,4.083155440645975,
C03419,7,0,,9.804074264896776
C03420,7,3,,4.78886609999273
C03421,4,0,3.5927296856974644,
C03422,6,2,,10.0
C03423,2,1,,8.777516597012013
C03424,3,2,,
C03425,3,1,2.0015280557276967,0.8668858423231547
C03426,4,3,,
C03427,6,2,4.522136582025295,
C03428,4,1,2.5888124169505944,
C03429,6,0,4.003320817206564,7.367249316824908
C03430,3,1,,9.260328178274598
C03431,7,1,4.299635908321605,8.766166854907254
C03432,11,2,4.042763751687129,
C03433,4,0,,5.71155715448033
C03434,6,0,,1.3780289532285495
C03435,3,0,4.854870891097396,8.408063543805936
C03436,6,0,5.0,0.0
C03437,7,0,2.9345928273599036,8.093650315915838
C03438,8,0,,
C03439,7,1,4.2023830961495285,8.270460699380223
C03440,5,1,4.7377489162114985,
C03441,4,1,,
C03442,10,1,4.747516641533852,5.27549575166165
C03443,9,1,3.2734244020077736,
C03444,4,1,,
C03445,5,2,,9.088698212575304
C03446,5,0,,4.217078127588596
C03447,3,2,,
C03448,3,1,3.4179299573978534,4.10386732985751
C03449,9,0,,10.0
C03450,7,2,,9.381700253574392
C03451,7,0,4.347803988503817,8.428199867331962
C03452,4,0,,5.5982310509965245
C03453,4,3,,
C03454,6,0,4.729674805767952,5.262359422425917
C03455,4,0,,
C03456,8,0,,
C03457,4,0,4.5727891998973655,7.202883890659499
C03458,7,4,3.635918413861829,3.4089061291631886
C03459,4,1,4.172948861535478,
C03460,6,0,,7.548396579282163
C03461,5,0,,5.655512259999689
C03462,2,1,4.320334647018952,10.0
C03463,10,1,,7.213906882355237
C03464,12,2,4.091978581398548,7.67888060213712
C03465,10,1,4.43960019585979,9.937447583841555
C03466,6,3,4.579925658661461,5.739596929370451
C03467,3,1,3.6813118687075894,7.576199483526008
C03468,6,0,,8.291796383676996
C03469,7,1,3.8157941060190392,4.857818315496884
C03470,4,0,4.250857280508275,
C03471,4,0,,
C03472,5,0,2.4215393311557216,
C03473,5,1,,8.769667911006596
C03474,4,2,4.552035278562004,
C03475,6,2,4.4929645866376795,
C03476,7,0,3.724575706748309,
C03477,9,3,4.214686330967157,6.073930327035105
C03478,4,1,,10.0
C03479,7,2,,
C03480,7,1,4.96828372791955,
C03481,6,2,4.855280162401522,
C03482,3,2,,
C03483,5,0,4.7561040993446655,9.941636634923414
C03484,7,3,3.649066453905224,
C03485,6,0,3.9161615215050527,
C03486,2,0,3.9642832167135977,10.0
C03487,6,2,1.441875891975603,
C03488,2,2,,10.0
C03489,6,0,3.359906804133305,10.0
C03490,4,1,3.84265743440666,
C03491,5,1,,3.0079453180018136
C03492,7,1,4.316849836141938,
C03493,3,1,4.923789517680101,7.799881875104463
C03494,1,1,,0.40428366957835493
C03495,4,0,,
C03496,5,1,,
C03497,4,1,5.0,8.487630191088227
C03498,6,0,,
C03499,6,1,4.067917870209055,5.718603114323896
C03500,7,0,3.859970089816392,7.8494973444725815
C03501,3,0,3.3986686972061317,7.681595414657467
C03502,4,0,1.7922825458884872,3.9916189363964416
C03503,4,1,,2.4249437023621683
C03504,7,1,3.981867083872758,0.7882704841876556
C03505,5,0,4.780231791758998,
C03506,5,2,,9.20896483982612
C03507,3,0,3.9168079984862603,
C03508,3,3,5.0,5.705742810364678
C03509,3,0,,
C03510,5,0,4.802535745819347,6.381055870594868
C03511,5,1,,5.842837497973877
C03512,2,0,,7.61141074257377
C03513,4,3,2.6609926117171763,
C03514,9,0,4.393413086357753,
C03515,5,1,5.0,
C03516,5,1,3.8350858712085087,0.7710515484956013
C03517,6,1,4.504475095224814,
C03518,8,0,2.52195993328069,3.1909472263281136
C03519,7,2,2.505315908701856,4.533438295540138
C03520,7,1,4.590674149054905,6.0232945540363225
C03521,9,1,,2.938556243724298
C03522,4,0,,
C03523,7,2,,
C03524,4,1,3.799118145576691,
C03525,6,4,,7.359888781768282
C03526,6,1,,3.4434341550670937
C03527,3,0,,
C03528,11,0,4.960584301813025,
C03529,2,1,4.524875486718186,9.89371265337394
C03530,5,1,4.377500998530347,
C03531,5,0,,4.802152809947414
C03532,7,2,4.336763674741258,1.4431529049077105
C03533,6,2,4.55434227711104,
C03534,6,0,1.8367928987365842,4.978315092174006
C03535,2,1,4.288055996673433,
C03536,4,2,4.940797743192268,
C03537,5,2,,
C03538,7,0,5.0,
C03539,7,1,3.8268339980021455,7.105575885436397
C03540,6,0,3.79683421604065,
C03541,7,0,,3.4924749296603217
C03542,6,3,,8.731153554312327
C03543,6,2,4.9666270174676965,10.0
C03544,7,1,4.749038061148617,
C03545,4,1,2.4237537455474087,4.200760262803244
C03546,8,1,,8.215766982363466
C03547,10,3,4.835868969464248,6.427136018365502
C03548,10,1,5.0,
C03549,6,1,4.583377938353321,
C03550,6,1,4.766813748118395,
C03551,8,0,,
C03552,4,2,4.741855798570246,6.692429396228407
C03553,7,0,1.7075575599029411,3.8115536236354353
C03554,5,2,,
C03555,1,0,,
C03556,3,0,2.4572230366824996,
C03557,4,0,4.249303245183348,
C03558,5,0,,10.0
C03559,2,1,4.007289491979919,8.672444685166418
C03560,3,2,3.5970070224095125,2.6097399322497923
C03561,6,0,,8.763672970787583
C03562,2,1,1.6443432581826951,
C03563,0,2,,
C03564,2,1,,
C03565,6,1,3.3603053735017276,
C03566,5,1,,7.035748895636432
C03567,4,0,3.7913923925104935,
C03568,8,0,2.886139179815431,
C03569,3,0,4.226971777711919,8.447050608758314
C03570,1,1,,
C03571,2,1,,
C03572,6,1,4.440530160395152,
C03573,6,1,4.36531055135586,6.271650614478064
C03574,2,2,2.73643035608882,
C03575,10,0,2.8656603189168997,1.7303343642043445
C03576,7,2,4.012449689070697,
C03577,9,0,5.0,8.860973101746557
C03578,10,0,4.021492454363144,
C03579,6,0,,
C03580,2,0,,9.0517762810599
C03581,8,2,,
C03582,7,0,4.786892445425474,9.953089970652316
C03583,7,0,3.805311987889731,
C03584,10,1,4.534776940643456,8.832760261130035
C03585,6,2,1.8713632599358767,
C03586,5,0,3.87106170903396,9.24944185921911
C03587,3,1,3.857403327688999,5.477795770267216
C03588,6,1,,6.700097960362196
C03589,7,1,4.978316200405774,
C03590,5,0,3.5839125269825676,6.446345157953083
C03591,5,0,5.0,7.2010434616914445
C03592,5,1,,8.174175910260226
C03593,2,0,4.3588680302770015,8.245792282298348
C03594,8,0,4.952383628492979,
C03595,2,3,,9.548665871580493
C03596,5,4,5.0,
C03597,3,3,4.143160865377407,
C03598,6,0,1.0,6.438686094688702
C03599,8,0,,
C03600,6,0,,5.259866231035311
C03601,6,2,4.365214123338741,5.935357355909598
C03602,6,2,3.373146532704598,6.400595315104421
C03603,8,0,5.0,6.535361907163298
C03604,6,1,,3.984806443414956
C03605,7,1,,
C03606,4,0,,
C03607,4,0,,
C03608,7,2,,
C03609,10,0,5.0,
C03610,3,0,2.3136051801365403,2.4308800214190676
C03611,7,0,,
C03612,3,2,5.0,3.7767328714268147
C03613,6,1,4.442597687785995,3.377719068396493
C03614,6,1,3.261348256388798,9.598161753979056
C03615,2,0,,7.702752023970947
C03616,7,1,,0.5961146626637404
C03617,8,1,,
C03618,2,0,4.258095940137568,
C03619,8,2,5.0,
C03620,6,0,4.237739982376299,7.672155761542239
C03621,3,1,4.262378621994424,
C03622,5,1,,
C03623,4,0,4.650618585745248,7.090788636167286
C03624,5,1,4.7870510484843605,
C03625,3,0,4.525670141671189,
C03626,9,1,,
C03627,2,0,,
C03628,8,1,4.920864112196935,8.034921433211885
C03629,5,2,4.128577469726876,
C03630,4,0,,1.918426874288056
C03631,5,0,3.9806932295618607,
C03632,2,0,,3.898993779223468
C03633,4,3,4.374317271642404,5.81124936389739
C03634,4,2,3.790487801336043,6.657680920412609
C03635,6,3,2.9198761299468705,
C03636,5,1,5.0,
C03637,6,1,,
C03638,4,1,3.721319560786286,6.805440827730399
C03639,10,0,,
C03640,7,1,,6.467747992551752
C03641,2,0,4.551519444197701,8.674634723248536
C03642,7,1,,7.7889702770706535
C03643,5,0,,7.878492468244648
C03644,3,1,,
C03645,6,0,4.548304778684933,
C03646,8,2,2.954777038723857,2.2389008533427375
C03647,5,1,2.928959233416731,3.1583143480446045
C03648,5,0,4.038801607686344,6.478632418664896
C03649,3,2,,
C03650,2,0,,
C03651,6,3,,
C03652,3,0,4.112720496074998,
C03653,4,0,,6.489083940858159
C03654,4,1,5.0,7.992652025744133
C03655,7,0,1.0,
C03656,2,0,4.309486968145849,
C03657,2,1,4.486833344131868,
C03658,1,1,,
C03659,6,1,4.822029258326872,
C03660,4,1,,5.529030373255434
C03661,3,1,3.406901405473775,3.4152010472475904
C03662,4,1,,5.754278910323363
C03663,5,0,4.462130560834338,
C03664,6,0,,
C03665,4,1,2.4918100186350602,8.023878902280707
C03666,5,1,,
C03667,8,2,,7.77429475464303
C03668,6,1,4.493824077640057,8.492746776109922
C03669,4,1,5.0,
C03670,7,2,3.916679119439224,
C03671,5,3,,4.955859162460002
C03672,3,1,4.362425487459719,
C03673,4,0,4.488316222627322,
C03674,6,0,4.8457411848058145,
C03675,4,1,3.884191555769349,10.0
C03676,3,0,2.8989281680765093,
C03677,5,2,3.343970774432067,
C03678,5,3,4.06328574417383,8.167576924214902
C03679,10,1,,9.399939468067288
C03680,2,0,4.17696147567565,8.044716159842359
C03681,2,1,4.702901190308574,6.831183555194447
C03682,3,0,4.457040023891114,5.465919647410994
C03683,1,1,,8.28095152446909
C03684,9,0,4.3155360875809325,
C03685,3,1,4.310321298054481,
C03686,4,0,5.0,9.867105940158375
C03687,6,1,4.80751953150971,6.374280141332855
C03688,7,0,,
C03689,3,1,4.936366859737248,
C03690,3,0,,
C03691,6,0,,
C03692,7,1,4.498029076216726,10.0
C03693,9,0,4.7752216282010505,6.280962983525069
C03694,4,0,2.917503698680158,3.875539886462496
C03695,2,1,,
C03696,4,0,3.9868383323223404,8.05561143384155
C03697,9,1,4.4706051501921955,5.706758132816111
C03698,3,1,3.917473598069668,7.239168576324145
C03699,3,2,,8.931170497679304
C03700,6,0,3.3991566243021043,
C03701,4,1,,4.5649378411427906
C03702,3,1,3.7801546933545054,
C03703,0,0,,
C03704,3,0,4.498019056713715,9.532805547568852
C03705,5,1,3.520345732279353,
C03706,9,3,,5.377164004305631
C03707,7,0,,0.8387398640360879
C03708,6,1,,
C03709,6,0,,
C03710,3,0,,8.085473488194872
C03711,5,3,4.119247345830763,10.0
C03712,5,0,,1.5825372314723651
C03713,3,0,,
C03714,9,0,5.0,
C03715,3,3,,3.639726305950561
C03716,12,2,2.876192357997911,5.865827949487397
C03717,3,0,4.680075946842892,9.387537229908025
C03718,5,0,4.697735858750819,6.975221388436852
C03719,3,1,,
C03720,7,1,,9.602186377559512
C03721,6,0,,
C03722,3,2,4.685486526440903,
C03723,7,1,4.356279126945161,6.212994504334132
C03724,4,3,4.644355480805092,10.0
C03725,12,4,1.9684720412716468,4.006148915700604
C03726,8,1,,6.158892002021508
C03727,4,1,3.8636690348849574,
C03728,4,1,,8.188945669892414
C03729,11,1,3.471762588626963,
C03730,7,0,,
C03731,7,1,,6.423280095497142
C03732,4,1,4.862284804713081,
C03733,8,2,,7.658960833753692
C03734,11,2,4.19861059401592,
C03735,7,0,1.196470255145735,2.710711237929141
C03736,3,0,,7.394134485516917
C03737,3,1,4.239754927917784,4.215640203834915
C03738,4,2,,7.973481736807777
C03739,5,1,2.3523298159936497,
C03740,2,0,,7.318600152692019
C03741,2,1,,3.9714270070943587
C03742,3,0,,10.0
C03743,4,1,3.8305504853013366,
C03744,7,3,,
C03745,2,1,,
C03746,7,1,3.925739828053537,
C03747,4,2,,8.461127537106208
C03748,2,0,5.0,
C03749,5,1,,8.86293067034661
C03750,4,1,4.463235363674595,7.947516042448683
C03751,5,2,,
C03752,4,1,4.331136921762624,10.0
C03753,5,2,3.997800127880004,
C03754,6,1,,
C03755,6,0,4.83653364566288,7.94482727497138
C03756,6,0,,
C03757,5,0,,0.7445635508383099
C03758,2,0,4.380843709097756,6.84076930735194
C03759,7,2,,5.37305843255536
C03760,5,1,,6.512832724126717
C03761,6,3,5.0,
C03762,5,0,,7.472810491689514
C03763,8,2,,
C03764,9,0,2.773018269348818,0.9653029985326631
C03765,4,0,3.929057545034903,6.211823828033298
C03766,4,1,3.75261070036338,6.790175434985544
C03767,5,2,,
C03768,4,2,3.947481723647388,8.285224745844095
C03769,5,2,,8.171441725821952
C03770,2,1,,
C03771,4,1,2.260904628174919,6.963291110205491
C03772,4,2,4.314438714522763,7.690361441742091
C03773,5,0,,6.499004487116434
C03774,2,1,,10.0
C03775,2,0,4.232507618580109,
C03776,5,1,,4.9226631323073455
C03777,9,1,5.0,2.5475083698275185
C03778,4,1,,
C03779,2,1,3.732521475322098,8.844813084964064
C03780,5,1,4.366515353704418,9.026038008019464
C03781,2,0,4.291411847256074,7.96453795304186
C03782,9,2,,7.019988063777767
C03783,2,1,,
C03784,8,2,,
C03785,6,2,,
C03786,6,1,,
C03787,4,1,3.547546061641916,
C03788,9,2,4.229277002003516,
C03789,7,0,,8.912006594242749
C03790,8,1,,7.67908259095441
C03791,6,3,5.0,9.444657264319336
C03792,5,0,4.2340674363122695,10.0
C03793,7,1,,
C03794,5,1,,
C03795,8,1,,
C03796,5,0,,3.920438390338539
C03797,2,1,3.054592348865104,0.8718062899423695
C03798,3,0,2.550160012018157,
C03799,7,0,2.6831462747283292,1.2927036746869405
C03800,5,0,2.271964055810593,
C03801,0,1,3.1392420427791023,4.751366486536955
C03802,5,0,1.7218709927179658,
C03803,3,0,5.0,
C03804,5,2,,9.258394779268366
C03805,4,2,4.483323946189225,7.355677699840169
C03806,5,1,,
C03807,6,1,,
C03808,8,1,,9.06248558136209
C03809,3,0,,
C03810,4,1,2.74909376557754,3.5666081825798273
C03811,4,1,2.6299636579590633,5.854941112530977
C03812,5,1,,
C03813,4,1,,
C03814,3,1,1.6381236872279863,4.8023607458057365
C03815,7,1,,6.938535744076383
C03816,1,0,4.505713848571654,
C03817,4,0,,
C03818,6,3,4.610642638783577,8.236620405312376
C03819,4,2,,
C03820,7,1,,9.041968325246637
C03821,4,0,4.285251211543912,
C03822,5,1,,2.7363125745785313
C03823,8,0,4.823372568641437,8.838013086323894
C03824,6,0,,9.013185134460286
C03825,5,3,2.659406632456745,1.2746001637787083
C03826,4,0,,7.431941814993815
C03827,9,0,4.079344176133619,10.0
C03828,7,1,2.1811678072888596,5.25713390961759
C03829,6,0,5.0,6.766101776502577
C03830,2,1,4.099457937505909,
C03831,4,1,3.3918196551878976,
C03832,5,1,4.69598298660474,7.632337780946169
C03833,10,1,4.597737667813392,7.876667676450524
C03834,10,0,3.1187082279751968,
C03835,8,0,5.0,5.36795952351866
C03836,9,1,,
C03837,5,0,2.6054290785946725,1.5076806702216223
C03838,4,2,4.640809344710102,
C03839,4,1,,
C03840,5,0,4.413027241590359,8.700808068926086
C03841,3,1,2.5553726443744433,
C03842,7,1,2.838394372104802,7.12141668394335
C03843,3,1,3.3724882228096895,6.908702699208062
C03844,5,1,,
C03845,6,3,,
C03846,3,2,1.9989688333234972,1.865725416267062
C03847,9,1,,
C03848,4,0,,8.309131086632316
C03849,5,0,3.107599156948806,
C03850,5,0,,6.591813787538872
C03851,5,0,,
C03852,5,2,,
C03853,4,1,4.5582873593993165,
C03854,5,0,,
C03855,5,1,,
C03856,7,1,4.761379939096861,
C03857,3,2,2.4610604830527416,
C03858,2,1,,10.0
C03859,5,1,4.090068067050587,
C03860,6,0,,10.0
C03861,5,0,,
C03862,5,1,4.487498955274778,8.450989178431815
C03863,3,0,3.8566118539471894,6.985546060850114
C03864,6,1,3.219374403505407,1.2198279926217799
C03865,5,1,,8.552782217544987
C03866,7,1,,
C03867,4,3,4.953445463811064,
C03868,8,2,3.8463261272060665,
C03869,3,0,4.650468089965476,7.999235302152883
C03870,3,0,,7.008787095817256
C03871,6,4,,
C03872,6,0,4.403887670516787,6.324698581021062
C03873,4,1,,
C03874,4,3,2.603493029003662,4.8266354699675835
C03875,2,0,,
C03876,4,1,,7.243828637639379
C03877,9,2,,8.428232776997243
C03878,9,1,,
C03879,6,0,3.79448676501901,
C03880,1,0,2.9059707779648183,5.906790689740703
C03881,3,0,3.970478162655369,
C03882,4,1,4.98404918793458,9.164754218456395
C03883,10,2,2.595474029019316,4.271633129830674
C03884,2,1,3.860803205026414,
C03885,2,1,5.0,
C03886,5,0,,9.120705404983298
C03887,4,1,4.7124101995300025,5.948406962699818
C03888,6,1,4.814125608574372,
C03889,5,0,4.222098558603239,6.057862260722924
C03890,2,0,,
C03891,8,0,,
C03892,7,1,,6.935036762342416
C03893,5,0,4.070332987974737,
C03894,7,3,4.762160848613881,9.476889537675127
C03895,4,0,5.0,8.381856812485324
C03896,4,1,4.518927262616264,9.722277879965635
C03897,4,0,4.687527750104441,
C03898,4,2,,6.440876636835043
C03899,3,4,,
C03900,1,0,4.989323954311018,7.9356654369080495
C03901,6,0,4.575027262830207,
C03902,4,3,3.346145759762198,
C03903,4,2,,7.695218338522377
C03904,9,0,,
C03905,4,1,4.991588232277474,8.340207336531183
C03906,4,0,,10.0
C03907,8,1,,4.9333317556049145
C03908,3,2,5.0,10.0
C03909,5,2,4.153711231972713,8.705547241160723
C03910,5,1,2.4653926700317723,
C03911,7,0,,
C03912,6,3,,7.556932294685693
C03913,8,0,4.719456543129207,
C03914,4,1,,10.0
C03915,5,1,,8.192628308869555
C03916,4,2,,
C03917,4,1,4.394155361367128,
C03918,5,1,2.734492784256801,2.854692616781544
C03919,9,3,3.457827536291002,7.072912817298387
C03920,8,0,3.8169792205581166,
C03921,4,0,2.9616535658587897,
C03922,7,0,,4.264006834726055
C03923,4,0,2.32093571160354,4.2114703041482775
C03924,9,1,,
C03925,8,1,4.3938464106597195,9.143928271574717
C03926,7,1,4.817669088528896,
C03927,3,1,1.9690467015341997,
C03928,3,1,,7.963655214809445
C03929,10,2,3.81174090245543,
C03930,7,1,4.187565363667921,
C03931,6,1,1.7626697244111478,
C03932,1,1,3.019620749859487,
C03933,6,1,1.0,3.118374853549088
C03934,10,1,,
C03935,3,2,4.531845695618467,9.53289347184175
C03936,10,3,4.612566072759995,7.366917581307321
C03937,8,2,2.2967302250341177,4.884754616283173
C03938,2,0,,9.150341130864902
C03939,4,1,,
C03940,7,1,4.608269538079272,
C03941,6,3,,
C03942,4,0,,
C03943,5,2,,
C03944,6,2,4.597838797060109,
C03945,6,0,4.033054111502716,
C03946,7,2,2.616741998623023,
C03947,5,1,,7.949076119056741
C03948,5,0,1.7166851914886236,
C03949,8,1,3.929625278731266,
C03950,3,2,,
C03951,4,1,,
C03952,7,0,,9.555429287850622
C03953,5,1,4.731269629866816,8.123943737766432
C03954,7,2,4.738831257974078,
C03955,6,2,,3.874429461941596
C03956,7,2,4.276598414203689,8.96299813341545
C03957,5,0,,4.675990099307881
C03958,10,2,,
C03959,4,1,4.897450683379533,8.865272308595554
C03960,8,1,,5.240226699107004
C03961,4,1,4.661972644156653,
C03962,8,1,4.990597560181271,8.409962027842678
C03963,3,2,4.9758846492944935,
C03964,6,0,,
C03965,7,0,,
C03966,4,0,5.0,
C03967,9,1,4.27299243345494,
C03968,5,0,2.226096084012702,3.7100302532353266
C03969,6,1,,
C03970,3,3,4.428590940722046,7.484052927801112
C03971,5,1,,
C03972,10,0,,
C03973,5,0,1.4155691476125614,3.2730526915110962
C03974,8,0,,
C03975,6,2,,9.435284856508973
C03976,8,0,5.0,8.342459697378262
C03977,6,0,4.703754651529942,
C03978,2,1,4.62381966108434,
C03979,3,1,,8.642094299901288
C03980,1,1,2.6479530525964265,5.271781625411883
C03981,3,1,,
C03982,6,1,5.0,8.465040478440038
C03983,3,0,4.494003036224944,
C03984,3,1,4.046562133248526,9.995864208462296
C03985,5,0,4.3520376241972425,
C03986,5,2,4.798886509201204,
C03987,7,2,3.4294626832605664,8.229398843505809
C03988,4,1,4.406965171472905,8.997091888923647
C03989,3,0,,
C03990,4,1,4.97284527456103,
C03991,7,1,,6.764108748257749
C03992,4,2,4.772857573643721,9.204209645560741
C03993,6,2,2.997522574827548,
C03994,3,0,5.0,
C03995,8,1,3.7532157157934445,2.1932031020425042
C03996,4,2,,8.548067073810415
C03997,5,0,5.0,5.404798481918868
C03998,8,0,5.0,
C03999,8,1,,7.567805337365318
C04000,6,1,4.335796423471921,
C04001,5,0,4.280098732974753,9.301898912081624
C04002,3,1,3.842336173541317,
C04003,4,0,4.465474481165193,
C04004,6,0,,
C04005,2,3,,
C04006,5,2,4.006995071692576,5.805382242774634
C04007,3,1,1.0,4.709384643982986
C04008,6,0,,9.378157755063176
C04009,6,0,2.8278690142555862,3.4655182616601286
C04010,4,1,,
C04011,5,5,3.9421664582290323,9.322769804069537
C04012,6,1,5.0,
C04013,4,2,3.622057997146692,4.234862946929577
C04014,4,0,,6.951848313813099
C04015,3,0,,
C04016,8,1,,
C04017,3,1,3.820769901901179,1.537995825085972
C04018,3,0,3.208507711132228,
C04019,7,1,,
C04020,8,0,,
C04021,3,0,5.0,6.707926830381401
C04022,4,0,4.251544101701814,
C04023,5,0,4.244742612558843,
C04024,4,1,,
C04025,8,2,4.750085492749028,10.0
C04026,2,1,,6.058105855678585
C04027,6,0,,6.595517444251953
C04028,9,2,5.0,
C04029,1,0,4.94771543921739,9.896211717741213
C04030,5,0,5.0,
C04031,5,0,,8.291953161089376
C04032,5,1,2.7357712787424338,6.0157659723387145
C04033,8,1,2.322591101256449,
C04034,5,0,,9.71236650743912
C04035,5,1,4.3012043092443415,7.2711964597870224
C04036,5,0,,6.014595852841754
C04037,7,1,,
C04038,4,0,,
C04039,5,2,,2.837161966451291
C04040,0,1,2.907523693785049,1.65785820572773
C04041,4,1,4.148539029352621,
C04042,8,2,5.0,
C04043,5,2,,7.078348473794463
C04044,2,0,,7.160649065560869
C04045,5,1,2.4107954938904093,4.634118189076338
C04046,6,2,,6.581414880011182
C04047,5,2,4.42584585244896,7.7763400650366705
C04048,6,0,4.316196868541026,
C04049,6,1,4.825921280767642,8.862069764673647
C04050,4,2,4.753299014028677,
C04051,8,0,4.046151128606087,8.972356661810599
C04052,2,0,,
C04053,7,2,,
C04054,2,1,4.785124310857275,7.68191809788356
C04055,4,2,,
C04056,2,1,5.0,5.867419130603765
C04057,10,1,4.825656594743072,
C04058,4,1,3.9082369294089117,
C04059,5,3,4.384635865866235,
C04060,2,0,3.589734366468494,1.1372856285459156
C04061,8,0,,9.095018081996106
C04062,9,3,4.557810768859444,
C04063,10,1,5.0,
C04064,4,2,3.247594878030034,7.4820329374688574
C04065,4,0,2.214454041660535,1.5210426489341469
C04066,5,0,4.3442598566593915,
C04067,3,1,,
C04068,4,3,,5.895805435883631
C04069,4,1,5.0,10.0
C04070,2,0,5.0,
C04071,2,1,,
C04072,5,0,,5.962464738120674
C04073,5,0,5.0,7.6994263015169295
C04074,7,1,3.8087309847466524,
C04075,3,3,4.708300401762748,6.701738069850586
C04076,3,0,,8.92415467301049
C04077,4,2,3.1213319135343434,4.902759250733548
C04078,7,1,2.66186693599859,7.955558277047107
C04079,6,0,,6.918149021042102
C04080,4,1,4.376643307129321,
C04081,2,1,,6.046329586285358
C04082,8,1,3.666633348960306,2.4794372841717998
C04083,5,1,,6.228837279454318
C04084,4,0,2.23493411953252,
C04085,4,4,5.0,7.8933066498887285
C04086,3,2,5.0,
C04087,3,0,4.1464354379528565,6.031548931088148
C04088,2,3,4.700192853229681,
C04089,2,0,5.0,
C04090,9,1,4.700304453711256,
C04091,2,0,2.660091181310031,
C04092,8,0,,
C04093,5,4,,
C04094,3,0,,4.836007085307979
C04095,4,1,3.398350068782194,
C04096,7,2,5.0,
C04097,6,1,4.627057168254612,
C04098,9,0,2.7728346301178037,6.190921693384822
C04099,9,0,4.235030313458266,
C04100,5,1,,
C04101,4,4,4.049884149934539,
C04102,6,0,3.670968964513617,
C04103,3,1,5.0,7.360658442519634
C04104,0,2,4.684512776121244,
C04105,5,1,2.25185310639956,
C04106,7,1,5.0,
C04107,2,1,5.0,7.266886952567242
C04108,2,0,2.8929224026636753,
C04109,3,1,2.5382164207191567,
C04110,2,3,1.7938008030006658,
C04111,4,2,,
C04112,8,2,1.9833534769404035,8.375950493789665
C04113,6,1,4.612551620508093,
C04114,3,0,4.544376651964089,6.568136159854376
C04115,5,1,4.22161893456813,7.320074723867763
C04116,7,1,4.46020176736225,
C04117,10,0,,7.595948138560925
C04118,2,1,5.0,
C04119,7,1,5.0,9.759430933139566
C04120,3,2,,9.717147614899293
C04121,2,1,,
C04122,2,1,4.28787411671454,6.357211193905269
C04123,6,1,2.256930079258086,
C04124,4,1,4.62900700524289,6.124076982144091
C04125,5,0,,7.82901776629255
C04126,7,1,4.050042054953439,
C04127,10,1,3.7454203145042513,
C04128,5,3,3.397398093387814,6.667668969465126
C04129,5,0,4.971898574159736,5.911228472922621
C04130,4,0,3.6493708691503177,
C04131,5,0,3.4023538576636354,
C04132,7,0,4.062139083052519,4.3041920182684805
C04133,5,2,4.28200326221696,9.244897443628258
C04134,3,2,2.7920526745670577,
C04135,6,2,,
C04136,7,1,3.814681866052799,0.0
C04137,4,1,,
C04138,4,1,5.0,
C04139,4,1,,5.496744565565413
C04140,3,1,,
C04141,2,1,,2.5569131127566145
C04142,5,0,,8.272159319459305
C04143,2,1,4.844272907420617,9.59699852653133
C04144,4,2,2.9257769183782725,2.3946564895046643
C04145,4,0,4.675594634285784,
C04146,6,1,1.2377312949422965,
C04147,5,2,4.472540055431765,7.86802982054695
C04148,7,5,4.431085445464346,7.852190468595496
C04149,11,2,3.538289204591467,3.647235504808165
C04150,4,1,,
C04151,1,0,4.999363523740114,
C04152,3,1,,3.649601363235237
C04153,2,1,3.023266333759659,
C04154,2,0,4.472383106394315,
C04155,2,3,3.7393367464301503,
C04156,4,1,4.104999318551509,
C04157,5,3,,
C04158,1,2,4.803017758850943,10.0
C04159,4,1,,3.585089546567514
C04160,6,3,4.761071921956976,7.520911620351093
C04161,5,0,4.149658999855503,
C04162,4,1,3.9319661072114136,7.5767756056945945
C04163,5,1,4.518871887403569,9.635192066946509
C04164,5,2,4.520568871583345,
C04165,8,2,3.3928439000765915,1.7681688312635515
C04166,6,0,,6.329462743996128
C04167,6,1,4.563282128356735,8.263649992015706
C04168,6,0,3.613561764925284,
C04169,3,1,,10.0
C04170,4,0,1.2952917630098506,
C04171,3,0,5.0,
C04172,4,1,2.5037221320185976,
C04173,9,1,4.421526308063442,
C04174,6,3,,
C04175,4,0,4.799401629577692,
C04176,7,1,,6.793145967596109
C04177,3,1,4.7842945961252505,
C04178,2,1,3.8598056198110506,
C04179,6,0,3.755942286267978,8.888045811333434
C04180,4,0,3.0804375005674243,2.173592585765549
C04181,5,3,3.622130402370047,4.557434486652149
C04182,6,1,4.023829977179137,
C04183,3,1,4.4833338354799555,
C04184,7,0,4.901567814996719,
C04185,6,0,,
C04186,1,1,3.3929971309096896,
C04187,6,1,,
C04188,3,0,1.890153338972625,
C04189,7,2,,8.941557054609031
C04190,2,0,4.62610494375657,
C04191,9,0,,
C04192,3,2,5.0,5.797727281036997
C04193,8,1,,
C04194,5,1,,5.493577334303403
C04195,5,2,,6.596449139353346
C04196,2,0,,10.0
C04197,1,1,1.7807913319059592,3.381950684186909
C04198,5,1,5.0,
C04199,3,1,4.543113448458679,
C04200,5,0,4.628309750867039,
C04201,2,1,4.182536158727504,6.591105890903216
C04202,5,0,,
C04203,6,3,4.526999114303933,7.332857337686363
C04204,4,1,4.644625094933161,
C04205,8,1,4.462708874728935,6.5029430534771295
C04206,8,0,4.0706994540449895,
C04207,5,1,,10.0
C04208,7,0,4.387315781369925,7.121082553440328
C04209,3,0,4.188512363160999,6.912314359160162
C04210,5,2,,
C04211,5,0,4.261033851562527,9.230696656464557
C04212,6,0,2.915614064832275,
C04213,4,0,3.561255006537457,
C04214,1,0,,
C04215,5,0,2.7836290835525306,4.673170948573659
C04216,7,0,,
C04217,5,1,4.173736343001321,9.081770587823584
C04218,5,1,,5.441920689212203
C04219,5,0,2.5102940271171983,
C04220,2,1,4.03217747219015,9.480150786574937
C04221,2,1,2.2432810771079432,
C04222,9,1,,6.839901986472714
C04223,11,1,4.497514505525756,5.741695321884884
C04224,7,1,,0.5602612757718526
C04225,6,0,,8.499824577629582
C04226,4,2,3.412376316801524,
C04227,4,2,3.670107335397899,
C04228,3,0,2.4611958547193353,
C04229,2,0,2.012007151670478,0.2826659065311148
C04230,7,1,3.9121613958140746,3.1261883499335834
C04231,4,2,4.554641187465736,7.954570246206447
C04232,5,3,,7.2364885788807936
C04233,4,2,3.7251928948798207,
C04234,9,2,,5.082366047641387
C04235,6,0,,8.19170469077492
C04236,4,1,5.0,
C04237,5,0,,8.158521307839099
C04238,4,1,,9.54022920669458
C04239,4,0,2.125089659598458,4.337100637814996
C04240,4,1,,9.674173804076053
C04241,3,2,4.600431310945588,9.1772979942332
C04242,6,1,,
C04243,3,2,4.607244797344154,7.3308401719347795
C04244,7,2,4.7404695587492105,
C04245,3,1,,
C04246,3,1,3.8669322991879227,6.1026875417265725
C04247,2,3,,7.802642002252451
C04248,4,1,,
C04249,5,2,,8.241509878459292
C04250,4,1,,6.088136939720181
C04251,8,0,2.477222431522437,
C04252,2,1,,
C04253,1,3,4.554859729011662,10.0
C04254,4,0,4.503131548308566,
C04255,7,1,,
C04256,6,0,5.0,
C04257,6,1,4.346752899120659,10.0
C04258,1,1,4.183531816416595,7.389463781957694
C04259,3,2,1.0857452834740944,
C04260,3,0,,
C04261,4,1,,9.95923410304034
C04262,5,1,,7.63600289198083
C04263,1,0,,1.5363639253628345
C04264,3,3,,
C04265,4,0,3.7596123423899264,
C04266,3,1,4.418831152884312,9.909109169617283
C04267,7,0,4.282134629987736,8.080125053768354
C04268,6,0,4.578964947766041,
C04269,6,1,,5.080639484113654
C04270,3,0,3.719979493523553,8.352778007729453
C04271,6,1,,
C04272,5,1,5.0,7.419690969650835
C04273,7,4,,
C04274,8,2,4.472905217022714,6.016058487379034
C04275,10,0,5.0,10.0
C04276,2,1,4.233247800031084,7.44470651564204
C04277,3,0,4.583808524964507,9.162363493614206
C04278,4,1,,3.9672403057315235
C04279,6,1,,3.0232526692869826
C04280,5,2,,7.227504730679012
C04281,11,0,,9.465893998979595
C04282,5,0,4.7367906248500375,
C04283,7,1,,
C04284,4,0,,
C04285,1,2,,
C04286,7,0,,7.660119895345707
C04287,2,1,,8.09045640195639
C04288,3,1,,
C04289,3,1,4.422455360096145,7.711646148256146
C04290,8,0,,
C04291,8,2,,8.155227754866644
C04292,8,1,4.825950603211849,7.730235091432891
C04293,6,0,3.3317677172826583,4.686022873954803
C04294,5,0,2.796346040479881,0.7561255546155392
C04295,7,1,4.562583940140701,9.09449915335805
C04296,5,1,,7.158254398143803
C04297,6,1,3.5021267996020704,
C04298,6,0,,
C04299,4,1,5.0,6.814181317307606
C04300,8,0,2.8969819969834982,
C04301,8,1,5.0,9.173828517093693
C04302,6,0,,9.188777881353666
C04303,9,0,,
C04304,5,2,4.3047154978300375,0.9910295903306334
C04305,2,0,,0.06546137385280337
C04306,10,4,,8.520746926518186
C04307,8,0,4.824704721227058,
C04308,2,1,4.87006542642405,
C04309,2,1,,6.677618501074032
C04310,4,0,,3.25536183303571
C04311,5,0,4.959323704047226,6.907126825810406
C04312,4,2,,0.3369397256168609
C04313,2,0,3.58365046598233,0.0
C04314,6,1,,
C04315,4,2,,
C04316,9,1,,4.2321979464445585
C04317,5,1,3.6695496037625293,4.894156987434604
C04318,6,1,,
C04319,13,1,4.334631034126693,8.01084368532205
C04320,4,1,2.5086999072375367,
C04321,7,2,,6.3982337483165175
C04322,2,1,2.630824628524785,
C04323,4,0,5.0,
C04324,7,1,4.7566541666625985,
C04325,5,1,,9.622663288316923
C04326,2,0,,8.266707346441846
C04327,5,0,5.0,3.8362283208373205
C04328,3,0,,
C04329,3,1,4.849471049644324,10.0
C04330,8,1,,6.419324621301713
C04331,5,2,3.998116670688287,
C04332,6,1,,8.767656739013567
C04333,8,0,,
C04334,2,1,,
C04335,2,1,,
C04336,6,2,,
C04337,2,2,3.8620099632220053,1.0775330777185528
C04338,6,2,4.694834792193842,
C04339,2,1,,
C04340,4,0,3.6710759412048644,
C04341,5,3,,
C04342,3,0,4.472495674432149,
C04343,3,3,,8.095248399325063
C04344,6,1,,0.7195869076377592
C04345,5,1,4.560253864189822,
C04346,6,2,4.7385244686543935,10.0
C04347,5,2,2.142036629431063,
C04348,6,1,4.30555968019326,
C04349,5,0,4.176855554168774,
C04350,8,1,,10.0
C04351,4,3,2.084227636017857,
C04352,2,3,5.0,7.693573185971863
C04353,6,0,5.0,8.756845054052773
C04354,4,0,,7.503236704301058
C04355,5,0,3.583131122167815,
C04356,4,0,2.7992768765053495,5.370497163681939
C04357,6,4,3.927447191740046,7.875410090329647
C04358,5,1,,
C04359,3,4,,
C04360,7,0,2.821076275980217,2.9815944385180444
C04361,3,3,4.596211022083827,7.762102119809547
C04362,7,1,4.240329321538904,7.471704805661374
C04363,6,0,,
C04364,6,1,,
C04365,6,1,4.0005963567893765,3.095647350757903
C04366,3,1,5.0,7.509583797065656
C04367,2,0,,
C04368,7,1,,
C04369,9,1,,
C04370,3,1,4.171580199531354,
C04371,3,0,3.3777532322933412,
C04372,9,0,3.858647895936069,7.7215826233313525
C04373,4,1,1.0129905906959265,
C04374,7,1,,3.5062850742856986
C04375,3,0,5.0,
C04376,10,2,3.52993998213717,
C04377,3,0,2.7751521396819387,1.532489362312944
C04378,3,0,4.175154776312549,
C04379,4,1,5.0,
C04380,3,2,,7.081512937255313
C04381,5,1,,
C04382,6,0,4.977894064314369,
C04383,3,0,,7.015843271035248
C04384,5,2,4.175586179431116,7.996414417018894
C04385,0,1,,8.99699125253986
C04386,5,1,4.794544775110629,
C04387,2,2,,7.037572831176528
C04388,4,0,4.735646583085718,7.709597182111573
C04389,2,1,5.0,
C04390,4,0,3.6905662622784026,
C04391,5,2,,
C04392,8,1,,3.485465988984546
C04393,2,0,3.3997808861452565,9.90729161954383
C04394,3,5,,8.227736968286424
C04395,7,1,4.75557570216042,
C04396,4,2,,
C04397,10,1,5.0,10.0
C04398,5,0,4.094840527411747,6.987695379592983
C04399,8,1,5.0,6.308599108466625
C04400,8,1,2.914172824200046,2.225509236964504
C04401,4,0,1.7792807280272027,
C04402,4,0,3.908083358178464,
C04403,7,0,,
C04404,6,1,,7.016364171920701
C04405,7,1,,
C04406,5,0,,8.26157326247094
C04407,1,1,3.796224786107139,
C04408,5,3,3.9046234979147094,
C04409,9,2,4.99645748274368,9.190560957280491
C04410,3,0,4.682539934186017,9.994984978639271
C04411,3,0,2.502979433384536,
C04412,3,0,,8.386273142533371
C04413,5,0,3.8385303030955766,8.715036705995775
C04414,5,0,4.977692559525941,
C04415,7,1,,
C04416,3,1,,
C04417,6,0,4.6583486963416325,7.795601046464417
C04418,7,0,,7.504733727679682
C04419,6,2,1.510600093634618,0.596488849704548
C04420,1,1,4.592070030552939,
C04421,4,0,,
C04422,5,2,3.9063823824674486,8.077739566263089
C04423,7,3,3.683514428801009,10.0
C04424,7,0,4.9245716641677735,
C04425,6,0,4.388543690183844,
C04426,8,0,,
C04427,11,2,,
C04428,5,0,,4.176697498920648
C04429,6,1,4.867071334604532,
C04430,6,0,,
C04431,2,1,,8.192979509825818
C04432,5,1,,
C04433,6,2,,6.364601281294573
C04434,5,0,3.5602757210747127,
C04435,4,1,5.0,
C04436,4,1,3.7797985483681975,9.78023890879075
C04437,10,3,4.182659220892699,10.0
C04438,5,1,,
C04439,3,1,,2.5908862742429024
C04440,6,1,,10.0
C04441,10,1,5.0,6.295989573093863
C04442,4,2,,8.452888850137969
C04443,5,0,4.287671082363756,4.286014652893392
C04444,3,0,2.13440022967266,3.854160245301193
C04445,6,2,3.7314928076307408,
C04446,5,2,4.61868745731993,5.871062539070837
C04447,6,1,3.9160555251345013,
C04448,8,2,,
C04449,5,2,,9.108604609459404
C04450,3,2,4.396382031355723,
C04451,3,0,,6.170738371641409
C04452,4,1,4.634217737028324,
C04453,3,0,,6.365922066493432
C04454,6,3,,4.198056358307897
C04455,2,0,3.6969264136152495,
C04456,3,0,,2.342983788245035
C04457,8,1,3.966434501766458,
C04458,3,2,,
C04459,3,1,1.0,
C04460,7,1,3.580280018036065,
C04461,4,0,,10.0
C04462,3,1,5.0,
C04463,5,1,5.0,
C04464,5,2,,7.916756559950863
C04465,8,1,4.607889601857105,
C04466,8,1,5.0,
C04467,7,1,4.604710775428514,8.574531538261338
C04468,5,1,5.0,
C04469,5,1,,8.91495880699064
C04470,3,1,2.3272695078125887,3.6591547864681773
C04471,5,1,,7.693508454251051
C04472,5,1,4.769090572546704,7.818649834112792
C04473,6,1,,
C04474,3,0,4.628033101094842,
C04475,3,1,4.670375247861105,
C04476,10,1,4.649085246619319,8.89574474587211
C04477,5,1,,3.2660802335363854
C04478,7,1,5.0,
C04479,3,2,5.0,8.984394269053814
C04480,2,0,4.370675627381711,9.515682793936291
C04481,8,1,3.602080876044128,6.79237532531258
C04482,4,2,4.7422951773148965,
C04483,6,3,,
C04484,6,2,,8.384928333500948
C04485,11,1,5.0,7.362319617550512
C04486,2,0,4.383315671619366,6.343137408919028
C04487,9,1,4.220498149614478,
C04488,4,2,3.7146250298452044,
C04489,4,1,1.7472668310089974,
C04490,4,0,3.744013577400976,
C04491,5,3,4.028197884740015,3.4025374081251396
C04492,8,2,5.0,7.304133784020483
C04493,12,2,4.618450738348892,
C04494,2,1,4.933172965733061,
C04495,5,1,4.288784172847723,
C04496,4,1,4.232972072485859,
C04497,7,0,,10.0
C04498,2,1,4.746858608571934,
C04499,9,1,,
C04500,6,0,4.5679275141405205,
C04501,4,0,,3.695358630923859
C04502,6,1,,
C04503,3,0,4.552910456223854,9.782355792148488
C04504,3,1,2.4781962441955523,1.6794207809769688
C04505,3,2,,8.295031658724836
C04506,4,1,,
C04507,4,3,4.639945031449658,
C04508,0,1,2.8524128916960425,5.767287327922182
C04509,3,2,,7.725237459995916
C04510,7,4,,7.21934253985641
C04511,2,2,,
C04512,6,2,,8.952028090144207
C04513,4,0,,
C04514,6,2,,5.599076222865434
C04515,6,0,1.9688285509662766,
C04516,5,2,,
C04517,2,1,,3.8290299084671773
C04518,5,0,4.314268250462984,7.958523060877282
C04519,4,2,4.358736080247689,
C04520,8,2,,4.087207463056314
C04521,3,1,,
C04522,4,1,,
C04523,5,2,,5.4404260206472035
C04524,8,0,4.571592397840069,4.316073637357934
C04525,3,0,2.518953627216632,
C04526,3,1,2.7902576449042296,
C04527,3,0,3.8230570087289344,
C04528,5,1,4.902623143543747,
C04529,6,1,4.5271257793528115,
C04530,1,1,4.57062360734013,6.448703277207805
C04531,6,1,4.5442205894136745,8.254912611864082
C04532,2,0,1.7608705201760737,
C04533,9,0,,0.029652400998264383
C04534,1,3,,2.223549374222512
C04535,6,0,4.707791583989824,
C04536,4,0,3.7512380590123042,
C04537,2,0,,
C04538,7,0,,
C04539,3,0,4.350161363577712,
C04540,5,1,4.401054933033076,5.301868350754932
C04541,4,0,2.6245565106110744,
C04542,3,1,,
C04543,5,3,,
C04544,5,1,4.530010845080493,
C04545,8,2,3.718821286286731,10.0
C04546,5,1,2.5616466223898753,6.150038365575905
C04547,4,3,5.0,
C04548,3,0,5.0,
C04549,9,0,,7.240706497527205
C04550,4,1,4.487232678551955,7.811990444021062
C04551,7,3,,
C04552,6,0,3.9691362373783616,
C04553,1,3,4.427924739992251,
C04554,9,0,,
C04555,5,2,4.8386469742932,
C04556,12,1,4.999590320125149,
C04557,2,0,4.423946202861717,7.606863082197087
C04558,1,0,4.945302537011058,
C04559,5,2,3.557026101236607,
C04560,6,3,,3.138007955617027
C04561,5,1,,
C04562,7,0,4.433729819564063,
C04563,7,0,4.412213656401632,8.36617428505676
C04564,7,1,4.489630005242455,10.0
C04565,4,0,4.158374493768173,
C04566,1,0,3.7549057529374545,
C04567,5,1,,
C04568,6,1,,
C04569,5,1,,6.3267467760250025
C04570,3,3,3.864077712431164,
C04571,4,3,2.2093687564767515,2.3875072083437585
C04572,3,1,,
C04573,0,2,1.6781644770721034,6.475910342823813
C04574,6,1,2.5073324364858633,3.4314781412223834
C04575,5,2,4.0330784024356285,
C04576,7,3,4.49628705032877,8.869136399075607
C04577,1,3,3.6657170437326423,
C04578,5,0,4.250997825930716,8.16653560318046
C04579,7,1,5.0,
C04580,2,2,4.564933194805797,
C04581,5,1,,
C04582,4,2,,
C04583,9,1,3.960371827601179,
C04584,6,2,,
C04585,3,0,5.0,
C04586,5,2,4.3746452534072615,8.427372737117743
C04587,5,1,4.64683686145325,
C04588,5,1,,
C04589,6,0,5.0,6.96367168965932
C04590,5,3,5.0,6.165610252161678
C04591,6,0,4.691662554403767,9.952275441654642
C04592,4,2,4.9227024623641835,
C04593,7,0,4.62463769030327,
C04594,6,0,3.0387071626867215,3.896737100695577
C04595,4,0,,
C04596,10,0,4.336996129573581,9.000268269334192
C04597,6,0,4.93492320365339,
C04598,3,0,2.7702598298315406,
C04599,2,3,,5.5288888337435065
C04600,5,0,5.0,8.330275164044155
C04601,6,0,4.841320122353693,
C04602,3,3,4.518490290343065,2.77163465243777
C04603,5,1,1.0,
C04604,5,1,,
C04605,6,2,,9.76559631799229
C04606,6,0,4.894532224162425,
C04607,6,0,,
C04608,3,2,4.679290915792569,
C04609,3,2,4.3904287436797755,7.932604488260935
C04610,4,2,4.341953086624497,
C04611,5,1,,6.744088632819209
C04612,3,0,4.555395518498265,
C04613,5,1,4.009886684490268,9.134563901538348
C04614,4,1,3.167196264671247,
C04615,2,1,4.931660276613764,1.9127581888538643
C04616,6,1,,7.267065684055131
C04617,5,1,4.3220271728405075,
C04618,6,2,5.0,10.0
C04619,2,1,,8.787862468269665
C04620,7,0,4.513362866910814,7.752968306311651
C04621,2,1,1.7122818200112213,2.7928457661958017
C04622,7,1,,9.280105021417718
C04623,7,1,,
C04624,6,2,3.9632152712798137,
C04625,1,1,3.6161287802780686,5.9342112206892725
C04626,3,2,4.623129811659333,8.729008820810861
C04627,1,0,,
C04628,6,0,2.9420655339035333,1.1112819991272507
C04629,5,1,4.48862077018552,
C04630,4,1,4.633875169695668,9.803741006477733
C04631,7,4,5.0,
C04632,3,0,4.887304027314325,7.988052667431364
C04633,8,0,,
C04634,3,3,2.2494802690825844,5.488696534379871
C04635,8,0,,
C04636,2,4,2.2055212578070726,7.771798657211611
C04637,8,0,,6.478545438786499
C04638,5,0,,9.997161097468151
C04639,7,1,4.645063821424242,
C04640,7,1,5.0,9.342985409052567
C04641,1,0,,
C04642,3,0,,
C04643,4,0,,
C04644,7,0,2.5566789939961114,
C04645,6,5,,10.0
C04646,3,2,,
C04647,2,1,5.0,7.968960050620824
C04648,10,2,1.0,6.443438761832823
C04649,3,0,5.0,
C04650,7,1,2.3945967473232477,5.970077270881114
C04651,3,2,,
C04652,4,0,5.0,
C04653,7,0,4.952807667013274,
C04654,4,0,4.672016538265493,
C04655,6,3,,
C04656,7,1,4.634568715172197,8.461503776062036
C04657,6,0,2.6310200579356016,
C04658,4,0,4.440595733230712,
C04659,8,2,,
C04660,4,3,3.989355475369389,
C04661,5,1,4.137098465423612,7.247122813747458
C04662,6,0,2.7234841513936967,
C04663,7,1,,6.392043266597071
C04664,2,1,5.0,
C04665,0,1,,
C04666,6,1,4.789898638954072,7.667421343143977
C04667,3,1,4.1918751209226714,
C04668,12,4,,
C04669,3,2,,
C04670,5,2,5.0,
C04671,2,1,4.598507157462394,
C04672,5,0,4.849082578799815,10.0
C04673,2,1,4.628147342204839,4.853376968076386
C04674,8,3,4.671621736936036,
C04675,4,1,4.38972360812069,
C04676,7,0,,6.536734111624198
C04677,5,0,3.66319588293432,8.754761528339955
C04678,9,0,3.8981184206554484,
C04679,7,0,,7.085528731576304
C04680,7,1,,6.880528502889124
C04681,6,3,3.452908861607086,0.0702402554508561
C04682,5,1,4.767727207595045,10.0
C04683,5,1,3.793693325526042,
C04684,4,1,1.4535598231506368,7.479244806182301
C04685,6,1,,
C04686,6,0,,
C04687,4,1,,7.306238688368106
C04688,6,1,,
C04689,7,2,,
C04690,2,3,,8.77984946105292
C04691,6,1,4.720796686815721,
C04692,4,0,4.406587144163298,
C04693,6,0,4.646988675434342,
C04694,6,2,4.420458649176278,6.45587922176847
C04695,7,2,5.0,
C04696,5,1,,5.769755848409188
C04697,7,1,5.0,
C04698,8,3,4.337564346809968,8.20546396919783
C04699,5,1,,
C04700,4,2,2.2559749752181757,
C04701,6,0,5.0,10.0
C04702,6,2,,4.763471946386477
C04703,4,2,3.8146089349140015,
C04704,5,0,,7.0140310519720455
C04705,8,1,,
C04706,9,2,5.0,7.690204843335378
C04707,6,1,3.869853334713685,
C04708,3,3,4.851589844753471,
C04709,5,0,,2.4827449073565413
C04710,2,1,,
C04711,7,1,3.7018452285235566,
C04712,4,1,4.8148359613095515,7.226691648685769
C04713,4,0,,2.7056500547462585
C04714,6,1,5.0,5.164673191985701
C04715,3,0,4.151250352126629,
C04716,7,2,4.362908392410277,
C04717,6,2,,
C04718,9,0,4.4505555961221335,7.408286553087079
C04719,7,1,1.8469851856216095,6.044180497290624
C04720,3,1,3.2785424599959256,1.451726513454069
C04721,5,1,4.423938594151502,
C04722,10,1,3.7142322279823374,8.239526293456297
C04723,4,0,5.0,5.362759594633466
C04724,4,1,3.2199615913240147,
C04725,7,0,3.7451960932335497,2.85569898951779
C04726,9,1,3.9589038164442405,
C04727,5,1,3.953836170042866,
C04728,5,0,4.2063085493424515,6.6681710840435695
C04729,4,0,4.709139700173846,
C04730,6,1,4.872597812021897,9.168692923255225
C04731,4,0,4.202906359453398,9.514230960301536
C04732,4,1,2.097369356200096,
C04733,5,2,,10.0
C04734,1,2,,10.0
C04735,2,2,,
C04736,6,0,4.620552552744262,
C04737,8,1,4.213234004173093,
C04738,6,2,3.32206518178645,3.9137457921430276
C04739,4,0,4.020600420528566,10.0
C04740,4,2,,
C04741,4,1,3.8711588606850893,6.221756891184595
C04742,7,0,,10.0
C04743,4,0,,7.046406614612893
C04744,4,1,4.695755186432298,9.21643810807802
C04745,4,3,4.613688324617027,
C04746,5,0,4.383524724213285,
C04747,0,1,3.248166956829591,8.737872620420635
C04748,5,1,,
C04749,10,0,,8.68020418679617
C04750,6,1,4.809547287520653,8.950455034920225
C04751,7,0,5.0,
C04752,2,2,2.2149326792589825,
C04753,3,1,,
C04754,7,1,,
C04755,2,0,3.0490975493912456,3.543312684088246
C04756,2,0,4.1561685632027565,
C04757,8,0,,
C04758,7,0,,
C04759,4,0,4.658483120866542,7.600621768472154
C04760,4,1,,
C04761,5,1,2.3953940778884415,
C04762,3,2,3.585274078480951,
C04763,7,0,4.041999696037624,
C04764,2,0,,
C04765,4,1,,
C04766,2,1,,5.129937981613658
C04767,4,0,,
C04768,10,0,4.73790193084178,
C04769,7,0,,6.904193723562501
C04770,6,0,2.603611471935256,3.4139167478287074
C04771,3,0,4.832634193140136,
C04772,4,0,,8.888935633454912
C04773,4,1,,6.200057475173126
C04774,8,3,4.554881452435407,
C04775,7,0,4.889272271694203,
C04776,8,0,4.3624470359939576,
C04777,7,0,2.366910706342419,3.9392991795878203
C04778,2,0,2.3115505963785,1.1497874795072294
C04779,8,1,,
C04780,3,2,,2.3169233124238673
C04781,6,0,,8.626860452631423
C04782,3,2,2.1495095185812323,
C04783,5,1,4.244043364999327,9.42008458247124
C04784,4,0,3.216766529082879,4.174509649272913
C04785,5,0,,8.23103281685358
C04786,4,1,5.0,
C04787,6,1,3.994609199964027,9.80296928178838
C04788,3,1,3.003257901196594,3.61195272559764
C04789,8,1,,2.2217691686105256
C04790,10,1,,10.0
C04791,8,1,2.073491770823532,6.138263271075042
C04792,1,0,,
C04793,7,0,4.793330826286785,
C04794,9,2,4.713803660679709,
C04795,6,1,4.9137775461410795,9.37248380446855
C04796,5,1,4.7892399811662525,0.0
C04797,6,3,4.097545281055598,
C04798,4,1,3.9080609273551827,8.305740722823844
C04799,5,1,,
C04800,5,0,4.610278823271051,
C04801,3,0,4.9723942758805375,
C04802,7,1,5.0,6.550457902529615
C04803,6,2,,7.140687458916733
C04804,5,1,,
C04805,3,1,4.823191985607757,6.429834475321158
C04806,6,0,,7.639766618803572
C04807,2,0,4.54649352380429,
C04808,2,0,1.0,6.253788024170507
C04809,6,0,,3.923154978063614
C04810,5,2,,
C04811,3,1,4.297211418791441,
C04812,4,1,,
C04813,7,0,,
C04814,11,1,4.489001008476482,
C04815,4,0,4.975460053339307,
C04816,6,2,4.123052801563321,7.541994060054275
C04817,3,2,3.7164600601000286,
C04818,6,1,,
C04819,6,1,,4.1364580964962885
C04820,5,2,4.6836725112633175,
C04821,5,1,,
C04822,8,1,,8.826760859422297
C04823,6,0,,
C04824,8,0,,
C04825,2,0,4.551326353564409,
C04826,11,1,4.259265393793739,8.159558885860953
C04827,6,0,5.0,7.022466726669059
C04828,6,2,4.055521874371838,7.186426875000027
C04829,9,0,4.230568465006275,3.0304068967414137
C04830,2,2,,6.5966824655188425
C04831,5,0,,10.0
C04832,10,1,4.767662965771993,
C04833,1,1,4.177465415054205,
C04834,4,1,,
C04835,3,0,4.1343496794631855,7.586863742993632
C04836,7,1,,
C04837,4,0,,1.290789934560944
C04838,6,0,,8.034870033758786
C04839,4,0,3.0568072365914327,4.988235247905355
C04840,1,1,,
C04841,5,0,,
C04842,4,1,,6.937472341150716
C04843,1,1,,4.91481710747497
C04844,9,2,,8.031900400786673
C04845,8,0,4.920037529722643,
C04846,4,0,,8.79248399723272
C04847,6,1,4.985871088222645,
C04848,3,4,2.8828252900846714,
C04849,5,1,,6.21029451603118
C04850,7,0,,7.8439625956159205
C04851,7,4,1.7581141280615393,
C04852,7,2,,
C04853,6,1,,
C04854,6,0,4.223119014277274,1.5447704032791
C04855,8,0,2.569646448217318,
C04856,4,1,4.111829802300508,
C04857,7,0,4.046564121157142,
C04858,5,1,3.1968755838348755,
C04859,2,1,,
C04860,6,0,,2.9643253162536563
C04861,4,0,,8.439886513772574
C04862,4,1,,7.700966525012924
C04863,7,0,4.258599323449084,9.277604961341083
C04864,7,0,4.322099512492368,5.097899881923662
C04865,5,1,4.981895940052244,4.620674046745993
C04866,6,0,,7.28751326230854
C04867,2,1,4.478049708950473,
C04868,7,0,3.9128081130491723,
C04869,5,2,5.0,8.108531005750589
C04870,5,2,2.8238640453031016,
C04871,5,1,3.490062021275902,
C04872,7,1,4.636174212622353,8.34294935137588
C04873,4,0,,
C04874,3,3,4.573846788173666,9.530748432295225
C04875,6,1,4.0374539178541955,6.606287326090754
C04876,7,1,2.5359383904893047,5.732427857084949
C04877,3,2,,9.89761458231822
C04878,6,1,3.7173884370317767,
C04879,4,1,1.7328087201268594,1.8874723421110087
C04880,5,0,4.163103846749974,9.841567756111356
C04881,4,2,5.0,5.183748838514006
C04882,7,2,4.0542304580414985,
C04883,5,1,4.379488110438937,
C04884,3,1,4.80055581727805,6.183766112835771
C04885,5,0,4.953502424440282,
C04886,4,1,,
C04887,3,1,4.657364991145539,
C04888,5,2,5.0,9.051667555625615
C04889,10,1,1.588955484001947,2.570282200147054
C04890,9,0,,5.6899945786594
C04891,9,1,4.439091163183782,8.794311027492126
C04892,4,1,4.612766553291903,
C04893,5,0,,8.726548655355975
C04894,3,0,4.4032446928949796,7.2866157402223255
C04895,8,1,4.923170058728863,9.285424832427443
C04896,8,0,,
C04897,6,3,4.565527199757792,
C04898,3,0,4.158530073460868,6.7670106518248545
C04899,6,2,4.140892860272504,8.994743725519374
C04900,3,1,,5.047909301608455
C04901,4,1,4.275506264187744,5.5909422107870395
C04902,7,1,4.568988379446612,7.719217544391017
C04903,4,0,,
C04904,3,1,,2.255918206264862
C04905,3,2,4.805896711270485,
C04906,5,0,4.865424884261124,5.047264637194466
C04907,3,1,4.890348579890056,6.296646254166039
C04908,3,0,,8.314863725897712
C04909,2,1,4.589102487629092,
C04910,2,0,,
C04911,5,2,,6.165284956338864
C04912,3,3,,5.450406108193915
C04913,5,2,,7.861968403285442
C04914,5,1,,7.71298890040325
C04915,7,0,,
C04916,4,0,4.377250808174477,
C04917,5,1,3.9653434345105842,9.187693308573657
C04918,10,0,,
C04919,3,0,4.347411164839412,8.259204547411441
C04920,7,1,4.127488156224916,
C04921,3,0,,
C04922,8,1,3.347130331267843,3.093057905327856
C04923,6,2,,8.36928637786717
C04924,4,1,,8.324529873299678
C04925,5,1,,4.789329894453312
C04926,4,0,3.9620360946653967,2.155081672425336
C04927,6,0,4.001738442059711,
C04928,3,2,1.6618952471099457,
C04929,5,0,,
C04930,5,0,5.0,7.6493120806535915
C04931,6,1,,
C04932,6,1,4.425050829822721,7.971703538097465
C04933,3,0,4.458619745941137,
C04934,7,1,,6.80757413313683
C04935,2,4,,
C04936,3,1,4.474692247353228,
C04937,11,1,,7.0274559360064135
C04938,8,1,,
C04939,4,3,4.118045027429871,
C04940,10,0,,1.6497523093849793
C04941,9,1,4.166069466577778,8.394575951956067
C04942,6,3,,3.2187356500858155
C04943,4,0,4.121922709099741,
C04944,3,2,5.0,
C04945,5,1,4.663472582831175,
C04946,7,1,3.135332438149348,
C04947,3,0,,
C04948,4,1,2.4077047387321713,
C04949,5,2,,
C04950,1,2,4.315083810489415,
C04951,9,0,,9.782184993143138
C04952,1,1,2.6962278944672673,
C04953,5,2,5.0,3.4233662963827562
C04954,5,2,1.8008485674098242,6.14018088414649
C04955,9,1,2.8791339543646086,
C04956,8,1,,
C04957,4,1,2.025833930144202,5.469648146012314
C04958,5,0,3.6986306933320234,
C04959,3,2,3.158158474188188,
C04960,4,2,4.714411856134965,5.65654551016358
C04961,4,1,3.2472321233174535,3.474421439427751
C04962,4,1,3.7516334016536823,
C04963,8,2,,8.862574547390718
C04964,4,0,,6.804151679311805
C04965,1,3,,
C04966,5,1,3.8407399517152987,9.798585269269575
C04967,5,2,3.1482506523024374,
C04968,1,3,4.704782334018216,8.053083527771008
C04969,8,2,4.08920484616951,
C04970,5,2,1.9350048064222276,3.556132548703751
C04971,3,0,1.1845135686221842,
C04972,5,0,4.685045065720001,9.08624990118899
C04973,4,1,,7.561030520825615
C04974,10,1,,
C04975,5,3,4.826982990346959,
C04976,9,2,3.9291170649726563,
C04977,9,1,4.19088797993458,8.783995164588251
C04978,8,1,,10.0
C04979,4,1,,8.711685230870158
C04980,8,2,4.634234667217025,10.0
C04981,4,1,4.073981708420464,
C04982,8,1,,8.297941927971452
C04983,3,1,,
C04984,8,3,3.247821643247247,
C04985,5,0,,
C04986,4,1,3.986791205410062,
C04987,5,1,,
C04988,3,0,4.79327557470483,6.3086841362596395
C04989,8,0,,9.101844303047276
C04990,8,1,4.430401812707662,7.179332449548936
C04991,3,2,5.0,
C04992,4,2,3.995873304048983,
C04993,6,0,,7.9540379460969985
C04994,6,0,4.811994446354988,
C04995,3,0,,1.0859423663818828
C04996,4,0,3.0440006302904346,
C04997,8,0,,
C04998,9,2,2.669191122864987,4.844724145044543
C04999,4,3,,5.0539576774844726
C05000,5,0,,
