customer_id,login_frequency,weekly_active_days,monthly_active_users,feature_adoption_rate,usage_change_30d,usage_change_90d
C00001,21.0090011225589,2.4658665715590535,10.683939221739609,0.22580693456113707,-15.533047205423765,-11.3342401755903
C00002,10.645834164505722,4.02637849348862,2.3451973806221122,0.2872492758669679,-25.541385732733744,-27.802863497182862
C00003,18.630050060419016,0.9546530073599091,1.0,0.31577237520740564,-9.413652736677063,-8.53573287895142
C00004,24.54062311448944,3.1075897285918366,10.423945453884782,0.7450861544065649,-2.134598029025949,-12.268587184358747
C00005,30.0,2.952384372049442,12.686371389781023,0.3467495807676388,-53.56171496992802,-51.49961015680277
C00006,9.912141601954794,2.6853354920067014,4.4506083025099885,0.49373046328473635,4.4020799398036745,6.484190255108816
C00007,13.01720639954563,5.370678364056366,4.8992038796710355,0.8374574764916605,-0.3309491661040411,-9.304124629306726
C00008,11.868219052851568,3.241370561150141,1.6196470397818312,0.7100961011212541,-38.98561315521934,-32.55219073855965
C00009,30.0,0.40369020207887507,9.265769552818352,0.04511737863787694,-43.16988480560396,-37.383304985437114
C00010,12.665740306266123,2.3989017693753283,3.9127534458852793,0.7031535456143874,5.722421733957107,6.6812070775765235
C00011,30.0,0.5798465387206955,7.7809552052545925,0.5378060497612576,17.960868448655873,15.991754895818463
C00012,22.64959499349254,5.123030552699146,8.024620061921585,0.5858383079808386,-7.678624623232025,-9.145458716117282
C00013,5.3133618613580476,3.369418851583051,4.2103815666863555,0.6002127394060958,-0.7695327669528282,7.462713651532736
C00014,30.0,2.7600136087660108,5.739573710163236,0.46331963658632896,-24.182303766882697,-15.06179636648528
C00015,30.0,0.8839782895159671,64.16076590959216,0.853336505284116,-40.483648310913395,-43.24329379410973
C00016,24.752961531392415,3.2592074235238533,3.16458190185035,0.7365596845723766,4.779900144221767,-3.92996547909806
C00017,2.2854704178477148,4.573447976278063,5.818893527400904,0.4514060105014831,11.248831435381916,10.556018513745482
C00018,17.44411703276255,3.8872977767865384,4.3556276656756765,0.5053101651406547,-7.6613584309667395,-1.2585206623761085
C00019,30.0,3.8282757429996543,6.8224851979182155,0.3124884404370146,-5.4895727955817115,-8.766313484177896
C00020,11.57017832446415,5.151324172193497,6.169458522832042,0.3330513585280308,5.410265629086062,0.21915882668820963
C00021,1.0,5.292601495609475,14.249845024270167,0.4885542961338006,8.426854269738248,17.89861610089905
C00022,30.0,3.1622096883900435,26.594813191098115,0.6862871537839633,2.5196176575804645,-4.771809879383854
C00023,30.0,3.88279537015568,10.575419013360593,0.8176259335613394,1.0757228967057246,8.107717724195258
C00024,12.385057332855725,5.570463425819683,5.432449117904292,0.44332192944606585,18.494129409269163,18.67624382217689
C00025,3.950078703555656,1.493585188346974,4.5403587368543725,0.6932425959334096,-0.8182769605988041,-1.1474917902274127
C00026,30.0,3.716991928569086,32.105177133988064,0.9624526823418819,20.13090858356201,22.330850291411352
C00027,30.0,1.4668535535977063,13.123104930297957,0.7828765324644741,-35.81105651992111,-36.27464797149192
C00028,15.646118330920105,2.4394366543471646,2.468121758874826,0.7743228829938585,10.179115568360118,9.81340342198773
C00029,2.4551835859520335,5.007133174836566,7.205052094719049,0.2479997976176513,-34.22608179283912,-38.59229115562951
C00030,30.0,1.7342569739373368,2.907784779508108,0.4988307934107024,0.7056013020961158,-1.1059733977253743
C00031,13.94848359922743,4.635666763538852,4.462729028436598,0.752339339373203,-1.3427504400305121,2.0722985972557213
C00032,21.211337249090786,2.089063368431854,2.4299850425323535,0.7598969412089555,12.284621051544447,6.307728235788595
C00033,12.664504212092385,4.6490400549625015,4.617289840740093,0.6574341506099014,-7.899902881191039,-3.5340453070971263
C00034,3.8037028889092017,5.195004782969856,3.832189248954699,0.7028762045972882,-5.033005422480606,-5.949917442031891
C00035,9.759816115077593,1.6403360227975017,6.864354279401059,0.4639186291492918,-33.265871748821525,-39.258633384164774
C00036,5.042738469189712,3.9569128849299338,8.474369632850662,0.47564619447085454,11.277904492443366,10.652520098531179
C00037,11.944523272829127,4.664290909036923,2.751200707269279,1.0,19.75781670395942,21.8610635478138
C00038,30.0,2.3510682002138443,6.601472683089852,0.6215635277722674,13.715767741957091,9.780224818804587
C00039,11.419498693594756,3.8530433981800405,7.967238310673932,0.7693094105856335,-1.8139219898574837,5.240408713480405
C00040,14.657805770554145,1.2069096609406427,4.591741688075635,0.5611386400715772,-1.1008617204503892,3.4433937793577902
C00041,30.0,6.287208422038552,33.71794786096519,0.564285761485239,-23.35346396156689,-20.179223515657192
C00042,2.246114271384049,1.8825533490100799,2.968356939517382,0.5678625831619809,5.590734932655313,4.357519706296488
C00043,17.993380138196756,2.5672183799461563,4.457489863782369,0.5554217223020644,-43.26124266648201,-39.04216498215166
C00044,11.16351726026494,2.800408687112336,4.518250937451164,0.2758499482014528,-18.612982117767956,-12.843471424046424
C00045,24.914357661724,3.12252699847395,8.190524904234124,0.7193202122693023,-8.527157029763995,-11.549152737368754
C00046,14.308534890163223,3.6718787128277848,6.188437604166852,1.0,-26.21105271156556,-26.2536996246608
C00047,1.4962390307304698,3.6473884483722787,4.5131155548657595,0.6419454408978067,23.4920833963645,22.686010448915706
C00048,17.343142196546474,1.3350628380275014,3.4426771326242003,0.19443447033574635,19.35310487001955,18.332491501185515
C00049,3.5733657550096893,1.126840669557345,4.584770289956925,0.35260773077050206,-36.617319594255804,-29.602534804167508
C00050,14.766351883934304,5.5474883571034255,9.51528306004303,0.9283192995675531,11.976060076847272,17.944347068678457
C00051,30.0,4.736688605436219,17.28841375867715,0.2466411863102963,-58.29449258432324,-53.155610005477165
C00052,30.0,1.0464845279500887,30.225881406287144,0.7727302398537195,23.942955322142133,26.9429389820958
C00053,6.914495858315744,3.5941083846216766,6.932851639650243,0.936662623440832,36.375255663245284,36.623025790445254
C00054,10.123571822115272,4.218892780011158,4.924201203597115,0.7021716445330588,1.2476546780887778,0.42579423109294645
C00055,30.0,6.095074524179594,25.143583116975684,0.16659118663421071,-47.308851956931065,-45.075179834859725
C00056,23.1091080876448,2.287726097721979,10.9868313397109,0.5439666691736972,6.481939829078002,-1.3297897206264189
C00057,13.746317671281059,4.5323770401358825,10.240399325801032,0.7615085648940926,17.473555989430928,21.945702968927314
C00058,9.387217955523685,4.090028311882181,5.387864949156189,0.4001812661003749,4.289855733063618,9.124345503131513
C00059,10.75634699729044,1.9673843083632887,7.177054067219337,0.7232491648769043,12.473685198799894,7.872931885750353
C00060,12.128963825635665,2.4832409721731263,5.169480685953807,0.45300119003571854,5.959718932868297,-0.7843640260958775
C00061,11.097186311517596,1.8730514409712715,4.816617444588229,0.8262176005502624,-9.50929352397897,-6.767257822767034
C00062,1.809561151615089,3.5409375455213206,8.233306543355301,0.6208961868148882,5.4138010946711,-2.2414611532807367
C00063,3.70020699913682,0.6819126642000577,6.013006558992812,0.6823445300630847,7.7585955351328,9.263134000157464
C00064,26.239877698663975,2.673026522878173,2.872922940379742,0.5016247227587094,8.400245781743969,4.56014994212811
C00065,8.728607958272091,2.4637839407190434,3.354842377547931,0.3176724229753317,-21.05124239408417,-28.128433606243405
C00066,7.777665354378577,0.0,2.370974299027286,0.0777777218427459,-5.868358204188887,-2.2305683738736235
C00067,8.743457844188777,3.462749391981804,6.067217868317837,0.4550850062864414,-4.6797637434843224,2.367353137951042
C00068,8.73675814562024,4.01611095138371,7.631085398990736,0.509837396505725,20.127623032120916,18.17653701368727
C00069,1.1625183763679807,0.8260789902895818,6.578617323441245,0.756156293365354,1.33694542461319,5.517882842409762
C00070,18.64648835029567,3.0039914303145774,4.720271346802487,0.19913117796514263,7.860931530466065,4.050849267248786
C00071,9.4365665174483,0.935942075445956,8.502671745427538,0.8382400472144313,-13.137631945470172,-8.66362692299343
C00072,20.145448956715054,3.1832373874747724,11.193448281819474,0.37518176691806626,-40.862571058793755,-43.281816712745126
C00073,10.393831693940918,4.753794872224027,6.8219763364425905,0.5949934860537052,20.622199012398465,27.786533607839775
C00074,29.622329433786668,2.238407892247176,11.580252671372957,0.7925742543380365,8.966386160638436,-2.263876650157325
C00075,30.0,2.5590809572564117,14.045156034051473,0.43910340715592183,-36.25758930293664,-38.85674962462564
C00076,19.25150916811226,6.170570466939238,8.420374147257554,0.7718535304852695,18.689407086570423,16.885576668023877
C00077,5.636842620028493,1.8825673726437138,5.997921944147653,0.4432239005155861,4.71385630750249,-3.134838367071616
C00078,16.183490765247605,1.5966819085384247,5.6919347938345535,0.5439289097413373,12.063074830517333,15.621320245435621
C00079,20.560352754270962,2.9921399358796794,9.376097970680496,0.46554973153012896,-20.721771096560417,-20.93642461688666
C00080,30.0,6.624801717560088,20.84097251139497,0.5554039878103151,14.08268569352834,17.975069789571524
C00081,22.885300649755752,3.380075592287994,30.93165623986277,0.6195395453710278,2.4902486850617604,-1.2036870535604773
C00082,13.245442209940633,2.013167059077437,6.986704359304819,0.9245020430465385,21.946810924042317,16.455044980533785
C00083,5.7486061252591405,3.8937391136489454,11.082719347022678,0.1987077135724828,-5.157457166740365,-7.919233303167028
C00084,30.0,4.117554369908652,40.99664156934038,0.8204128759317826,19.993169526578196,13.971601648249216
C00085,21.329044262173145,3.9100777686257135,14.767606276840244,0.7520632842756005,20.8207881933805,19.168257675063217
C00086,18.68652953367624,4.17404394660671,4.095438912499045,0.9491308653871408,9.339094575493565,16.047078403606264
C00087,13.291816653319025,4.404001306788865,6.567405244014314,0.7352272120683121,5.502757089114545,6.869127181589804
C00088,17.187048557643298,2.8071621288550936,10.692930102238694,0.8140503431062731,19.909504135104267,23.23375386583336
C00089,12.300057691308655,2.807161301423386,3.3977971509150438,0.26365388422460556,-65.94890115181715,-68.17023819694815
C00090,8.900429500625432,4.261550459906377,12.434345255869706,0.8610380866007925,-2.129374246802456,-6.814552065933764
C00091,22.393252101027976,0.0,8.118495663270826,0.29938231189955544,-14.135807670374763,-13.188913915047678
C00092,30.0,0.0,32.4232672378814,0.5906246009108962,3.6990195411848603,3.9591542105426716
C00093,4.99124182858486,2.103554881340168,6.842844358708759,1.0,10.466450290826593,15.910610589280033
C00094,4.561147205176679,2.4852756691515534,9.768625161622234,0.6908313912561367,12.185648570701918,18.504728337748382
C00095,5.120052447061484,4.0414159171632615,4.426046349739809,0.5730475794746809,-1.8529702309525078,2.9156752926602305
C00096,22.681848481792706,2.279640889286672,10.000389626759405,0.5542550103396318,-7.920957260442279,2.530660854152069
C00097,12.06237643877494,4.758051768767022,5.237326975680166,0.7879071828637985,0.35218378667437733,0.6626405540267667
C00098,16.275786772880693,3.2161492796008866,4.339355305348281,0.7901236137526828,18.648787481269068,21.83555980233997
C00099,12.13507842242179,1.8298137557857859,4.793467083655834,0.3010259307213987,-10.436297899111885,-4.330624699221313
C00100,10.94585702558143,4.895063625774288,6.604521502259711,0.668423135034956,-7.128979475786554,-2.954474640334089
C00101,11.939074650217595,3.4160363146395905,1.0,0.5665036473419369,23.803943346701836,28.808902167468624
C00102,30.0,1.052338691882217,26.81417266087251,0.37813652800277275,7.5004628858099585,7.858164167183974
C00103,13.091343827321012,4.147164942226223,3.3071982595705416,0.8450604621650062,11.060996622209897,10.734857339829128
C00104,5.9149657848268395,4.145694632760049,5.090173850467157,0.40540952005180964,-51.701465583253096,-53.18749327555588
C00105,16.30326773380238,1.0844772740692497,9.043930850815364,0.2894489918651286,-18.565006851913886,-19.54272524094762
C00106,30.0,3.1608662932067775,19.89485183562051,0.631401665232466,-0.27765875916767513,-0.040601980153978756
C00107,8.025216393956619,3.907157638274691,2.304329348871146,0.5815973558321769,-25.8779440648554,-29.21976564107085
C00108,13.863297308677394,0.5024033906378307,1.7916544037751376,0.5088383871445727,-19.2672650082611,-24.84859816377891
C00109,6.675245614223018,4.583262861154077,10.537355449896426,0.2889374358488899,-12.760625593163972,-18.514838285618172
C00110,14.2755510179529,1.9673468456849774,7.47519609750898,0.8843399613672218,-33.76980337945493,-27.35804957357383
C00111,11.440142604632818,1.7022552237423785,1.6839100330036008,0.8277302512328799,0.909684542830858,-1.2136743036022866
C00112,1.0,2.5738648385916605,12.86095974132222,0.6717635113103286,-46.265243568820736,-43.25349802046095
C00113,19.9893959644228,4.048846717742971,3.6535471988627237,0.4822329193855034,2.3775835587401857,1.6397969071489875
C00114,17.322666624394923,4.495712124222769,24.74310664173169,0.45742796918352285,-17.753766098601044,-11.120090750008032
C00115,25.740177992464055,5.497664749961363,15.378917955251456,0.41155486719509365,1.269027405982114,-5.001720190394038
C00116,30.0,1.6600952461206178,8.761372713300155,0.4442216999765732,-25.769410550993403,-26.6512519707567
C00117,1.0,3.5503207162076453,5.959261800389862,0.2760330357633178,-24.362157130154536,-26.94255810336946
C00118,22.326200916515546,4.022905268207847,7.544208885635906,0.425558951449843,-4.201923044003454,-4.237722426896188
C00119,28.862316040771915,3.7271297189308497,8.867176504946194,1.0,-7.774464722798648,-3.2149555852823752
C00120,15.580504095659293,1.5306560054900586,4.849355093567166,1.0,-39.77427324639861,-40.279763740379344
C00121,16.084096262054224,3.3849638857904916,4.513862137865882,0.5223066809001081,-11.518104432755976,-14.527972826068769
C00122,14.629646070357147,3.4822429931004852,1.0,0.468748140262785,4.896641458556506,4.883266893319907
C00123,16.640204270385425,2.0577710648991334,10.42783524839399,0.6900481392449591,-30.51393583679491,-32.0941105998811
C00124,30.0,3.7250594623103463,30.922545033365765,0.630747142637736,4.948486538777144,7.2713076933840295
C00125,30.0,3.312937925719672,10.558256102049201,0.807904133365485,-21.71937683479579,-34.47878081535697
C00126,30.0,0.9710259458682606,13.510173523256068,0.6542434925540386,25.72662006769412,23.987689316772347
C00127,6.665657553668452,3.950097066416324,5.607178123804871,0.9533531136945887,12.144788190856461,12.428361723192003
C00128,30.0,3.1716464492126697,4.442362810290433,0.845423595702962,-1.5590058033955412,2.3682649652319556
C00129,30.0,0.16347836387008874,20.89920977619046,0.40793951994088007,-50.76657447430168,-46.26969500934557
C00130,5.601443983237047,2.5501911664273975,3.0547012248291265,0.6059709603988431,16.88218779786815,13.516164925804334
C00131,9.894752701309963,3.185487400897297,1.0,0.6099385776370367,-12.092333715052717,-14.202310217942795
C00132,8.570231352154627,1.9212263299496424,7.059693259279294,1.0,3.8823943178641738,-4.539944945804857
C00133,14.622453937750565,3.468654244003263,10.755500403405733,0.9283231107372258,1.7814629603392391,2.346679314692158
C00134,15.90278969156687,2.56850446330876,7.3027476618274445,0.5425074001328077,-17.87732125879562,-5.435837985194807
C00135,30.0,4.538107552107251,26.98206272897551,0.6401471167595257,10.310929589840558,11.265156737911061
C00136,15.457794415849197,3.406657991075652,3.165797092532853,0.7170223527359499,-0.45941115108857655,-3.915485730079811
C00137,3.974186484794778,5.855739665704963,5.444035628690369,0.6734717190750812,27.51833003138143,28.37434877255914
C00138,10.927645444402973,0.8371620148414114,7.447132047379616,0.6808844880283482,-3.831984037445233,-14.070031115464221
C00139,30.0,3.4797657935776702,30.026871447988466,0.6475017032705651,5.9122862740415005,9.67641666486656
C00140,15.454346947371667,3.0250672135969014,7.014815031247647,0.1848700130091792,18.146823169006957,24.71379574488035
C00141,6.942723173195027,3.6308872491900797,7.964514902304871,0.6920170182062593,4.929391825567804,3.8696796690936806
C00142,10.18354903379552,4.962890195104999,8.462045270978273,0.5242353161824307,-37.77027607734924,-41.92711284485846
C00143,1.0,0.8508684346891173,5.634804019515448,0.662243993928579,10.48007841773357,8.305307745808078
C00144,20.01805715459114,3.911898390982026,6.591652774909154,0.7731695285447122,7.764101666614141,5.890881580639275
C00145,9.116745551429604,3.5054497487319534,3.712888561314556,0.4124157342304173,-2.14993165952773,0.40725650299941485
C00146,20.71575416990312,1.635420233315846,9.40339701424533,0.8086420276590186,13.202202028014698,14.533787826443186
C00147,30.0,4.78312221037484,8.907638497744836,0.5819612219969187,-2.1074519582482676,-2.572262103430665
C00148,12.990777144290304,3.090991903851087,2.1964864066097807,0.3393306758943221,-7.721631501665529,-7.715613890921428
C00149,11.978215337197478,1.8858090357964081,4.963258900055367,0.8013568990551158,8.223930572633753,4.972548255462563
C00150,30.0,3.642970722694547,26.30618289039401,0.7553953508371383,-2.404418962550884,0.6549083685646049
C00151,30.0,4.433747477854598,6.401496862486768,0.3281583505633455,6.686113567192984,6.755731836483084
C00152,1.6168151203226486,3.476341916785011,9.767813568921508,0.386533085759261,10.23567023322473,2.420903148101841
C00153,8.036031867030442,2.3590772404613123,5.3166818503681235,0.3438957625381734,8.28263714994276,11.94282159376699
C00154,30.0,1.8087063236836476,27.449052264531474,0.2387745426999433,-21.914869765756755,-23.39654920595422
C00155,10.95067239182186,1.7794422603481865,3.352872328798953,0.4542907780498261,21.129832995118182,19.084037494578645
C00156,10.217444468426681,4.192303135167027,5.649903858697872,0.7146171484922114,12.092794877320319,21.182657770957462
C00157,6.227755984353007,4.41481192143533,6.210407219265858,0.7374711650020529,11.517672847483393,13.605688812632847
C00158,10.880817196889188,2.6226750656346893,6.6052363986130525,0.4737397202071031,14.694926985764141,18.038418333489087
C00159,15.790935773088659,6.502386867619217,8.542046514698304,0.17582273909396293,-29.283233166005477,-32.233532046958885
C00160,30.0,2.642565969823798,29.689037203647153,0.6310233269110341,5.7327604550502915,2.7890283649120957
C00161,18.520371291255344,2.887637522993043,24.58660918300692,0.8011063544921334,6.131899549569219,13.265285609281309
C00162,9.48040176799143,2.40659901843867,6.855090298936244,0.45392883510713206,1.939193121187503,14.299403274716852
C00163,5.911569603442857,2.824080032466651,1.8380350806386505,0.3853906761654618,26.933461084567313,31.657585316824928
C00164,3.010367270886798,2.942103022076106,4.144639710622828,0.6126320438665822,-3.3965472208088983,-16.083526464605196
C00165,30.0,3.8707953280649114,20.176246719738835,0.4022821709489661,16.352806648020653,12.614767244181387
C00166,5.476903748000204,2.708249853131624,3.440729159837515,0.14833022798200596,14.85235037334175,14.542687053934953
C00167,16.69195007044656,3.909713640934584,9.146766412087727,0.4311429126487072,13.684458881769428,12.913179517104734
C00168,30.0,0.6046211954894969,45.91721519256913,0.4413719414897517,7.353706599782804,6.569710814859045
C00169,11.60367460515627,2.063939231531479,4.551099792712767,0.7737537903714548,-45.99573180765502,-53.1168822034889
C00170,30.0,2.519505699280085,12.045680478012372,0.4241496868595068,11.352135171976617,20.965154853366947
C00171,1.3965318907685642,2.617569278519312,3.345651702423358,0.5563346792035733,11.349695329548242,14.156422418664672
C00172,17.95550695969454,0.24986890805974005,6.969258992644628,0.5836044846488903,-8.433284191031408,-12.250193707384085
C00173,15.05958721378109,4.342474684034572,3.152783286483828,0.5537357401248305,-21.202913816624733,-24.103345770443163
C00174,1.6025633550366543,0.796677438780927,3.5164537036123753,0.24790082262706992,-18.68700918620585,-15.655499499616818
C00175,30.0,2.052487231384774,39.984664296705965,0.5664591512521219,7.118097979717335,5.849274480758588
C00176,22.006978357449707,2.957928598914365,8.434907369478438,0.8714714129190746,3.005947479353921,3.653651870790259
C00177,4.516759395517255,6.0631247119060765,3.4759540458567386,0.654587915251903,9.575420026223487,11.703558022697358
C00178,6.61996241680758,2.9205386031879907,5.920131822126421,0.6849638760795743,-29.30047917054691,-31.859742102596936
C00179,4.05362908169071,3.672601444650497,5.208839787812401,0.6866860643562122,-0.6323300413458508,8.015894197251562
C00180,22.789684189211826,0.7739219612166814,16.80630214300099,0.46298895758900527,2.2298604973378735,-9.519684998777297
C00181,1.0,1.7474599178606849,5.718863756382741,0.7502003037869712,-48.16207884781312,-52.04100345321374
C00182,12.346291489018252,1.9563642279831184,15.661572429606629,0.381169950208608,-25.63407172105974,-21.559376208896943
C00183,6.401127178405344,2.1995356701999578,2.6742574203021285,0.5114002281673506,18.14797687699707,14.721189100507722
C00184,14.53805100286777,4.525312500282828,4.795697530090556,0.5921804225158851,-20.16465825643356,-20.970683952561917
C00185,4.380779663151397,2.1770647531275995,12.912007101295998,0.8391872187256658,3.655354940317297,9.882581483927725
C00186,16.48259566935924,3.9127285159096905,3.6462785316033086,0.9367113487210543,24.84998653843403,27.23452839286271
C00187,30.0,1.8440583857445412,25.920178167400945,0.24724117618654504,-32.1366460315306,-31.532026379023154
C00188,30.0,2.5806853384111865,5.275905379949529,0.7240260323697806,10.794612604718086,16.646661690621535
C00189,7.865706592104508,0.0,4.89262380579922,0.16686581500827477,-5.033846879555778,-7.892443321099999
C00190,15.801048660760578,2.893642445002377,4.147446110461496,0.6943752923597764,-24.071581788462844,-21.901216725608577
C00191,6.065356947079472,2.9792943796576714,3.4530365475170064,0.40220446411044897,6.21857273888555,8.787032715014645
C00192,12.90359462983157,2.708934077860659,2.4517310695952212,0.7699712735164298,14.500745192416144,8.679357105374255
C00193,8.241804653042067,5.948106345226509,4.554376679426937,0.688756660519309,29.364563569637628,25.1023820844596
C00194,11.924202221830154,2.9021671947283525,12.093667226076093,0.3007900678197015,-38.624063893663276,-47.18080413538597
C00195,8.229363180932776,0.0,2.247782795708794,0.8366312900365944,21.344606338764795,22.699163876381707
C00196,11.855671540812322,1.1707127750487403,5.9499817511245805,0.36092829733072684,-37.58902672015342,-31.37666902428725
C00197,3.6827552992146337,2.935362890377899,3.7846086402986403,0.22112834446557816,19.28511608445946,15.296220223323632
C00198,5.243817211194134,2.880654941094612,1.0,0.5543188862911648,-24.017716769992077,-35.789173108500364
C00199,16.7495694130125,1.7806166722510515,6.509446560269716,0.7088186777608987,-3.0015211376106237,-3.2495327193492995
C00200,5.465911937992629,1.4681103242280376,5.7636303320561515,0.7693194504444553,14.329276730921649,20.32676373694827
C00201,17.237470944476424,5.078521504869041,4.234861669548266,0.33105419821818527,-9.83002350646283,-11.593497207067566
C00202,7.364208112438038,4.484658866275935,6.7187431575868874,0.052908734307991076,-34.91829007748609,-32.30098244143167
C00203,3.2218199413487403,4.687765051072955,9.183103051797332,0.5123446793493447,-0.8724164966352426,-11.945051179628905
C00204,30.0,2.0576656995937475,10.437012898523918,0.6014952950188378,-0.011362662019481107,2.842598944653598
C00205,30.0,4.050297056071145,14.704525642431486,0.31951919543972274,-11.098681234208179,-3.450980849308303
C00206,7.096123849905377,0.0,1.729861413361815,0.5124751498610732,12.004405716591538,21.25104663049212
C00207,30.0,2.376706770890605,28.99236455896197,0.4457861870943071,-46.41230674334888,-41.44022891680708
C00208,10.51553006740376,2.172883692151583,5.934276557674041,0.26638051825364256,-1.0366342191329805,11.72952952305776
C00209,10.788640068980417,2.623036386328102,5.898879235909469,0.42497859962143764,4.9862801020214516,9.33464764529035
C00210,23.13839508523037,3.1730521860565837,4.356192282230393,0.6737135382651421,-34.240182529165025,-34.72302774567098
C00211,20.20199340338349,2.7431973890509713,7.788672507207242,0.8731790679821778,-6.286729095453973,-8.62361904592941
C00212,30.0,1.3086690000219512,28.149258314647298,0.24832695791119008,-21.911756167046445,-30.122178501076142
C00213,30.0,1.8834236179545174,24.27373593899889,0.5702256703111075,-8.159973270859258,-11.350641003070727
C00214,7.119912817986387,3.7773438994304644,4.29869152883428,0.9466100188920009,7.698671328689155,2.2056062470928257
C00215,30.0,3.531864088393018,31.55451150167647,0.77712301466769,12.234525983613171,16.19847293600674
C00216,21.269546263052213,5.389200778710579,18.091343693778196,0.7503896983168233,6.405812527888969,0.543068415365604
C00217,1.0,3.468586625184539,4.204783838901941,0.31790412264883283,-4.8161701574044535,-9.96685775939071
C00218,30.0,5.232001854739844,30.713796235385864,0.904974390054802,1.6877094498747014,6.477324176348384
C00219,5.78562996438415,0.8285507027022954,7.266549343482192,0.5115282703934307,15.489623522221327,12.80605968418036
C00220,3.623293279246333,3.8860548577067933,11.187172268803575,0.3742309705158703,-10.756402802793488,-6.507312311111622
C00221,5.88892425319968,4.1363182332481925,8.218338479639332,0.7648048189797079,-5.808122760236303,2.9845434431640374
C00222,7.343743836602821,3.7273115193308257,8.148104160715384,0.4657089050745582,-57.24288526757198,-61.87663921755734
C00223,14.504467865628635,1.1990264852822246,17.101839135230115,0.5799768064642886,-13.79805688218072,-12.22860998618788
C00224,16.963543760413764,3.4761729166126254,2.9779932852404043,0.6873436043825444,-21.590246699712182,-6.9972763975428744
C00225,14.048138050767623,2.4584093044960604,9.628974255383953,0.8254458303540978,18.662305013995017,21.965780095564963
C00226,30.0,3.8676902614852358,10.541911661071648,0.42641528368733717,-54.24956684010352,-49.57047112908349
C00227,6.244298088067586,2.8696712652018186,2.9858884126826792,1.0,-3.1415057738125576,-3.743194151301637
C00228,12.410873887756845,2.146573318182214,4.603073880834414,1.0,10.442154882932464,11.368020250106813
C00229,9.994202639257125,6.422440559994557,7.240577213890049,0.5276853784270327,-56.8789264950885,-52.95848365440334
C00230,30.0,1.885011480050765,1.3983935623659143,0.8710894212431468,20.9672948397341,15.098694205297384
C00231,30.0,3.419103658445227,5.763556844600433,0.6730134673743411,10.193246457547104,3.4876239433554446
C00232,27.48649136012558,3.8277654931620413,10.107367742307702,0.5959654298051418,-9.355641960022911,-7.34112785293212
C00233,30.0,2.5600178568544107,16.803680035913203,0.6688980197161978,16.112731053258226,14.940554089061537
C00234,14.35034569574505,4.708760057682559,2.380065978928997,0.46484192883259834,16.190714345945644,9.582421045458396
C00235,12.192553343678782,4.294831515443782,7.470614448026684,0.3617881289805112,-13.434766505926557,-21.172838360497636
C00236,16.121450429969087,0.4699212062005831,25.00516240861071,0.5009279293808175,10.456938020519075,15.632163558661922
C00237,1.0,3.928392424478679,9.462411867491205,0.7117994034174313,14.56393152396802,14.384565833801819
C00238,3.5278671668450823,5.659327976289393,3.32473289214955,0.853428770341399,-5.092589261964569,-7.217213174186728
C00239,1.5677875104118595,1.8569577148091359,4.110143766758273,0.6802239477714536,7.696167032025286,7.592356816532856
C00240,6.000355793209195,0.9339102171464488,4.489553689987004,0.6332566854655631,-2.286379488521032,-2.1018915857323
C00241,30.0,2.5467639668285993,12.927473517302705,0.8385796283554093,16.939031134348802,15.880067398823384
C00242,4.666692833555841,2.9517747004498998,4.69064582071968,0.3481616892919996,5.352498745202646,-2.8815357484252173
C00243,15.375653456887964,3.047186560387156,17.160636243797704,0.4925036591677258,-17.030485255817283,-15.09528277976071
C00244,10.284317944276026,4.570816745239235,2.683726108876767,0.5762495823607463,-9.716487585095116,-14.64836241106327
C00245,10.460850407920068,1.9589999651119239,7.927751438842696,0.5046923073542757,4.831366797609253,2.8130603466538546
C00246,30.0,3.7964985757304,17.85475730393157,0.7443558003124134,-31.799528362119815,-29.558025766642366
C00247,15.94202776717743,4.155992756408608,3.7706908468309166,0.39690850757912877,-0.018013035248727327,3.867251637753551
C00248,30.0,3.153660894472026,29.127007758201522,0.5628868533062417,-2.5181878942348446,-0.9287215235204287
C00249,10.853954970925729,2.0639444223640844,2.660651864927033,0.4425737520950751,-15.080297026496948,-14.488529526576967
C00250,22.377987084997933,1.2649136069313767,8.153625244681628,0.7003148297917144,8.727406845246993,13.237855104423762
C00251,18.6851418796469,0.6960398737674964,4.768781383114727,0.44516793694949053,-15.485406821482055,-13.33011293989061
C00252,20.19112259301688,0.7951420424881293,10.486173220921426,0.36330103030783056,7.636451929613772,2.9282713096901096
C00253,25.464856490640926,0.5856251600380236,10.110981444426377,0.7240041335801727,11.642357122541938,16.09791982354283
C00254,5.3903839604234385,5.286936116095962,6.914029846357229,0.6168592716571732,5.631079195087194,9.74500164987829
C00255,1.0,2.728206114563654,3.3730390580642835,0.4857656920754236,-10.456311859861195,-9.61819743601283
C00256,26.81615366902594,6.063986644187656,5.188522832256893,0.7156107071730456,19.971970517104445,23.12988982263372
C00257,4.713837163288166,3.552710947305596,5.380486675913404,0.8689140396379735,19.31868705945117,20.549539680496782
C00258,12.821885868050192,0.6953364065751786,4.744608131053001,0.6441863998380768,11.232667829920803,-5.118411131765161
C00259,20.73855681813687,2.7028419821900735,4.191536297264186,0.5598665980085578,-7.322903681092354,-9.319984380694631
C00260,1.2394024958288554,3.938920367903414,13.781532181902676,0.6508594963357648,-9.738064435661926,-10.543050864928798
C00261,1.0,3.466468704278533,4.292530194801353,0.2631041764413133,-28.154949969352426,-29.093281925689695
C00262,5.407781988337233,2.3451433533016175,2.213274586605037,0.5480723267833273,-28.465042548015234,-30.930824319011283
C00263,14.050695371344027,4.332785217219815,10.968610057114606,0.609500354210043,8.732172528351434,8.581975739819178
C00264,16.251516479579124,1.420531307320366,3.50855072413526,0.5729692255527525,5.208820772670731,9.047568777199162
C00265,28.08685185387279,3.2571767290484455,12.433328440113023,0.8828419613256547,-36.58782333832241,-35.35611788998742
C00266,22.8785282469322,4.183161351569788,9.50018996825108,0.42257569815701423,-33.95082516826658,-34.83438346701967
C00267,10.084227738952487,2.4364022539122745,1.0,0.68300769929584,4.4033715379529745,-5.245017048768782
C00268,10.618506558246017,3.739391692842894,3.435293445101778,0.5745134899607485,5.956468592869249,11.269598828880122
C00269,15.919862635436465,2.804385496905025,4.5933091124059064,0.34088278569774216,-0.7620423286140952,-3.124013528222639
C00270,13.55817339850319,3.293706264429694,1.0,0.3095902452388028,-7.111574495243252,1.5423465507380012
C00271,10.208224807587747,3.6205783133505505,2.7999993221198634,0.38859594066120123,-48.21737171801921,-52.58905891528158
C00272,21.135306235979364,2.5520493748848114,18.73507191709297,0.7449532462568422,-2.680646715469929,0.8893496724622025
C00273,11.796026254637013,5.078500976192883,4.354452348326025,0.3388400311238244,15.811855219888237,15.154370861223066
C00274,10.091046127381217,3.381099153175171,7.553847353318956,0.24725753829313585,-33.351279772208365,-39.23921059239299
C00275,22.932091450765636,3.8256175656684053,4.505520789850936,0.49011473685564017,3.945451379867263,8.651072790854073
C00276,5.221482013144712,4.69935886970608,7.64814089167021,0.5495645091170595,-2.1689767033131035,-10.242056264260476
C00277,29.374503948273798,3.882714263098551,13.592814673324213,0.5608132713036565,-22.577626586546415,-21.72991221641064
C00278,7.438449602044059,1.5712254941358876,3.285635645788987,0.4963150703455076,-28.580817497774085,-27.971076177855426
C00279,14.122080431614183,4.081393908844081,8.593074704945698,0.4593097453862832,0.43498840202046196,-3.217106784839469
C00280,13.744246710563122,3.3789609425790017,3.5104719305341803,0.36749167820328493,8.572692084983451,14.585127873146243
C00281,8.553057216521601,1.94510303161119,4.2091969916892005,0.646262403886271,-3.5801831912417583,-2.4295706125744374
C00282,4.84230889021895,4.710660658196739,4.522771019876866,0.5937866762572903,-63.37584788880969,-54.62231282093383
C00283,4.7172019907197065,1.455607769839515,6.221377163249318,0.7990120269441918,-17.816746794049507,-16.43478992572348
C00284,21.051422006206767,2.1712782142797686,13.477856016823583,0.6933751267483637,0.10897766673117637,2.821580963819395
C00285,6.385221002621391,2.3694381543232974,5.634167032208193,0.6138739760453767,13.632072375363302,2.9583598385622256
C00286,8.84891865993242,1.0864488866865156,3.9274529721681923,0.40109749769643804,16.81404069760002,20.28116082051637
C00287,3.79290708820288,2.9727799771037726,2.6435595818930517,0.549797352406513,-8.915447188409418,-6.654410894081336
C00288,12.539424507312672,2.0046467397410503,5.700384676546642,0.48592827723027576,3.4613010951431233,0.9401044731395727
C00289,5.536813664925226,3.339585055317924,6.084223744580828,0.5838028567386746,11.777075161295114,8.125244377640723
C00290,7.91761261409801,5.589832701832633,6.774913405728227,0.7316625290033788,-5.433730765388891,-6.532649561881298
C00291,16.579277559804716,2.9410940034817767,2.3418620415530755,0.6087040814260868,-4.255485560473929,0.062188915758176755
C00292,30.0,3.7229596403425687,25.28202082404305,0.5455535020948532,10.460354386882022,4.657363338049472
C00293,13.777769273028406,2.970942738438824,2.5302830639136715,0.7350442655486348,-0.3891728349756054,-6.855919560827454
C00294,5.223666728168058,2.526592148748563,5.294093835504747,0.38354529599424303,-8.298536868423605,-4.2709950224931506
C00295,22.769227915113284,4.09577873968946,7.720727606085797,1.0,1.6516914915684882,-0.3782900268581
C00296,12.15606080996028,1.5917266455382757,3.6075005866421677,0.4053029892887431,2.888336002579523,2.1722828380187105
C00297,25.860567099697597,4.495324410118391,38.10308849829319,0.38244641797691387,-25.94219957600586,-26.561914748136367
C00298,10.30500813834116,1.8392203137152863,7.253851695065316,0.0,-39.935540505117935,-38.31039930948156
C00299,15.791540702731695,5.022420645098764,10.836111619658418,0.20716258833078402,-18.843891567006615,-12.582388034836432
C00300,22.720347049636732,2.4489076497457942,7.632686588985021,0.5442175960728133,5.949812226352893,0.6341750556648815
C00301,16.92303607574995,1.7627114387073262,32.256799639704596,0.5826518254849822,-6.109344334786071,-3.96101067381899
C00302,9.5047199051936,3.1527097523826564,13.604799929864098,0.5169466318682412,-17.566379268287744,-17.685253421760518
C00303,3.0344758180387394,0.6408381304641151,4.961562348292763,0.7508787102930269,16.617378536000952,18.157718367015804
C00304,8.495607820124025,1.389083562719758,13.237317687252549,0.6813904073954816,-18.03178041717173,-6.8482843339540995
C00305,6.871979024108694,3.7111194014229283,5.02619363469766,0.5696836961229876,-37.33261360757702,-43.49325719958678
C00306,25.129824402694776,4.76575707314554,7.859974661758633,0.5427987763298678,28.862629518003292,31.900994476538386
C00307,10.460509039257294,2.118462291842855,5.597707729761069,0.4453488507197314,-5.219398496011946,0.27973482434049757
C00308,20.889103568632837,4.912700913933142,5.5377385978153955,0.5699221997900554,-14.163793135252543,-19.169478676100283
C00309,10.237971759541537,2.3805066371965715,6.154838603582299,0.4855596134351001,9.80151016197468,8.575848336003975
C00310,30.0,3.273213135939576,8.856775097083467,0.7923947187842242,-21.762460793460917,-24.347025837475247
C00311,16.282675874669916,3.2859669657255592,8.05640121257891,0.6680948480635713,-4.902439899088662,2.13409408431881
C00312,22.95240218295332,5.296119579649967,7.874461880370021,0.5409270630655967,14.59364385237117,14.612598710127124
C00313,14.053830647322734,4.326505316570587,7.6289340063085085,0.27304517756185287,-50.7357114563451,-58.75382980988533
C00314,7.473145200524684,2.6950634898382635,1.1211803661725788,0.7500231119130503,8.822232165506357,20.196214808307936
C00315,15.206628507105501,6.652996208642765,19.954005320662127,0.5706379221820557,-21.142951681196948,-12.813452989890488
C00316,25.214286810986273,2.915000224462541,9.122946972168867,0.7172893470409012,13.074510876124183,17.739085567716995
C00317,10.616853032738113,3.022984772029559,11.15501669981939,0.42704402292451743,-37.94552855844225,-39.00438721576246
C00318,18.793158589884516,3.4986903637686906,5.132989442036134,0.2904488989131149,4.548374496736377,-0.9476996775220936
C00319,10.934720736690805,2.3689157217788477,4.673356819723206,0.762140652754878,1.3591956462561723,0.09676810635274546
C00320,16.095806200275543,5.076184465340717,7.3855689456071065,0.6992272284078296,7.810070495909647,12.451589541739848
C00321,5.775837986288907,2.856598155931616,3.1568218109189443,0.4946803264143954,6.762308612500085,5.805441190923508
C00322,6.748845958064546,3.97120396797489,4.381256025428386,0.8274904931086283,4.741767733940685,1.9487097475089081
C00323,3.1108776566579674,0.0,1.6084455544131946,0.7615534810186508,2.5790483761362997,-4.807343110965331
C00324,22.773699744723285,3.197177381755493,17.76869383912628,0.8159109540822489,4.466830317872493,-0.13880277466608604
C00325,28.34398360644529,2.4956413411331715,8.916069360333067,0.6422740505075427,-27.438310067500023,-34.34911532856929
C00326,7.47506682786845,3.107101183027743,7.369863258819025,0.5419967127374657,-35.99954572589965,-35.40007700792578
C00327,30.0,1.2631125716534846,21.61949533928135,0.749644360666199,-32.131802456970945,-28.078888095427466
C00328,6.20745665127715,2.725858620872264,3.6031355188025778,0.7523527142772473,14.296207030528894,7.917935574537542
C00329,12.583190393038151,3.2754399316183025,11.420663334419505,0.7529407934330753,-1.9218515871960733,-10.248884175415338
C00330,27.697144484563925,2.464981579870293,11.900497782171652,0.37100823467741534,-2.547373266737405,-2.509406795635319
C00331,13.104744236125796,3.8955435552915967,2.4890038316824925,0.8002777295504877,-1.9840342706086087,-3.128569338886698
C00332,30.0,3.096384176932338,33.49250413822976,0.5372485769077314,-10.340852255535143,-8.650882494986716
C00333,15.356808448002742,3.955271473179071,7.721397385133357,0.6851949025312332,-44.544180558156896,-52.04239181367663
C00334,10.682147753513389,4.464986160243686,8.30087460899787,0.5651174810728201,-41.659817072638404,-35.98425658633813
C00335,11.864840860625273,4.584801948401735,5.890975190631408,0.5551804444157274,-41.71750699195366,-39.630216511391595
C00336,3.003568928965654,2.426786648111915,5.248781090412801,0.5574103001771159,12.075978643246636,17.73272159562604
C00337,30.0,2.40442598788549,9.195599631482365,0.20606014344963008,-8.12966805286602,-10.45701290127607
C00338,14.977689174640584,5.406713065584494,7.0570730626739735,0.6414869333241637,4.498758600577601,9.58162572783482
C00339,30.0,1.6230994927476408,18.12498113833407,0.5989057562670845,-20.683609032473356,-23.521095765402404
C00340,9.736447256122236,2.369839194810125,4.24586813245408,0.6597095608499626,9.30884010662567,14.18042561922022
C00341,15.135766132501285,2.7582927082765707,2.1899470651735364,0.7951515458361589,4.8552179369270565,2.1896137355531375
C00342,21.67865871551516,1.7145928846821845,8.100596385953235,0.521676083405543,5.294300320199861,-4.251318712055037
C00343,16.915775595633225,3.1692008271262018,6.925998588654565,0.494906027411535,8.659135778224902,12.864656335803174
C00344,8.45595901886426,4.822655220127164,4.769378336932866,0.6325157311142222,7.068610217511717,3.982909811464816
C00345,30.0,0.13107661443644947,18.828472283952358,0.8478935530432496,0.593021740341733,5.331238693617216
C00346,24.27643082854472,2.2255064132688496,2.4935011847511044,0.42175319214629814,-44.97409410145285,-53.10043536467758
C00347,3.689744648549885,3.179111465037024,1.930086945448521,0.6419017774173154,-46.75760850301135,-55.63108111308118
C00348,17.633728113421245,5.346949136784917,4.567664359000422,0.6745109938516229,1.239421120233037,-0.8042425662640182
C00349,30.0,0.7593859085313395,25.487046639294114,0.45711416254848003,0.9319051051130742,1.0020895417729698
C00350,3.3171425141070934,4.303493883115694,8.5957692680225,0.7023540195612918,-33.89853686910263,-42.5948713399143
C00351,20.988267168118906,2.755055406442147,12.470425077229041,0.6006500925092668,4.574765312349389,1.514511462924959
C00352,12.47352388259546,3.24362637982728,4.744897758047784,0.6469727109581402,4.253551119784262,-1.4790059547727825
C00353,30.0,4.841562779229173,32.79519441242216,0.7548953233910799,-36.97765304800257,-36.51794713118219
C00354,5.020296791081222,2.8024651320858833,7.904301031384781,0.8689803529803837,-29.293095860610205,-18.15444748130335
C00355,30.0,2.951041682353801,1.0,0.4906456449934813,-4.732109957787431,-6.920745435688207
C00356,1.0,3.2024850100431586,32.251858420773004,0.7814100129500822,15.979806507166064,12.784878406965728
C00357,5.4660434428440965,3.3020223430568088,6.812112607878118,0.8067268743979331,-48.353082503705814,-47.72666380625979
C00358,20.208191083167762,1.3669542426354488,2.6829023814345807,0.9058957368047365,14.191985348050414,23.994565327817675
C00359,10.769717237908324,3.2428827689706643,5.2049125928501185,0.6177871729733057,0.45808588292484487,-5.097520355171717
C00360,4.773692843674291,3.651151065562488,7.123451868369122,0.5128864785252644,31.829154647649474,32.046462297989756
C00361,6.37626218073156,0.5795883763048,4.4512749970321295,0.6682399178224294,3.885395156393461,16.361980088189597
C00362,7.336603972324644,4.296579621447664,14.883848207843146,0.7674460083026245,4.3808092690963445,0.9390728427049471
C00363,5.26414912815055,4.372746279685476,6.756561148714253,0.3432086747402291,-4.100137964892367,-6.669866202605469
C00364,14.871547804543932,3.379479962514002,7.541001590132097,0.6816954459238078,-66.41472506469725,-61.76827585307845
C00365,25.479038937499666,0.9831915740147865,18.22373826501225,0.8157212826712528,-3.595479039809849,5.424049555991376
C00366,15.3370809402821,2.0267734416196923,3.313307765998533,0.6923533227833343,26.64421799793244,36.34013553381422
C00367,4.707701841325473,0.0,6.660458789034481,0.5571420100096744,-30.310384380717,-31.051103625678312
C00368,1.0,2.463468352867106,5.005793476397333,0.41495859351439274,-40.25309361368441,-44.96667398075845
C00369,13.195120380263862,1.6297833156288828,3.775510837259433,0.2831161086394609,-3.0712254831122685,-6.190634129139924
C00370,30.0,2.8980684473663887,44.18992527673655,0.6268080658685006,8.667991900540592,3.2020656712988336
C00371,6.019564803824557,4.502230963923042,6.510452881705328,0.6823230224378642,18.56287151064876,18.948022935507403
C00372,29.956924470168985,2.246510295695951,7.5018008574923565,0.26233950879928625,6.3575501759082025,9.688518522647641
C00373,30.0,3.616672032399923,6.3913525031227305,0.6277937288416493,-23.118965361252478,-22.13965483927176
C00374,18.618668260734573,2.8686261428507946,4.974645090277721,0.8684060644003375,5.069239149142696,2.607414332906675
C00375,4.844367361863554,1.6441316199630436,3.4700139056346817,0.7424561926717712,12.72376064861096,17.453730449992868
C00376,16.146309334528848,5.11375679773026,1.4498013363877296,0.7686321982412226,-6.697084127636989,-4.02882825288118
C00377,11.948235957401241,4.241189040891109,4.748134903028099,0.6228480602268865,14.85174428628747,17.266820174981454
C00378,6.8867678934337135,1.3371869484790826,2.383043767670499,0.45197771476070703,-35.9106818765419,-31.906700547779753
C00379,30.0,3.6727093665574366,7.855445708077985,0.9155433948111474,2.5506278320088813,4.153172296022163
C00380,11.149987795698184,2.6886897825263953,17.01603850060012,0.7509982276044094,4.013719223103082,3.4388015247176096
C00381,13.722471588383518,3.7688294800474136,8.136566164581065,0.34896160101583495,-24.073610768828843,-30.146036895059254
C00382,14.516643519476727,0.9883269303040128,2.0920238915565577,0.3634428962476254,5.341567151410867,3.8317236996504
C00383,13.847194673671206,2.477484377051221,12.644082922294299,0.8377738323782314,0.6199228180075069,-3.252276662306667
C00384,12.031711156867601,3.530578273656312,5.279944476003445,0.41701444632273554,-41.557482409856775,-32.747272288260575
C00385,30.0,1.3684504799925405,35.078777297501574,0.6146621998006828,7.883199770303502,16.192237868855905
C00386,30.0,3.388452280853726,24.985572697325466,0.46580575706129557,-55.46344405618534,-48.2859248386429
C00387,22.46351482377184,2.4976788719105913,10.149882651194549,1.0,-0.07518114557566324,-2.092307426568838
C00388,10.41439515353839,3.0658671702158036,11.230573796769423,0.2958977722968893,6.518213045674538,5.913590546413076
C00389,11.037373658170015,4.529301752291913,7.483719196794784,0.7008455751214921,17.115451670002003,13.907948540556193
C00390,7.370487155684719,7.0,2.7887847177481992,0.8671316639696927,-34.239793355598074,-40.23730980740509
C00391,10.436946015621691,3.1169591605282108,14.249836972142205,0.8169959779880475,8.03013296256396,12.197393042702583
C00392,4.430542087594034,2.7177225276472416,5.3686232193788905,0.7573661277896541,-4.663987152293549,-8.339542815550304
C00393,4.486553245997422,5.896784771546978,6.58970080655684,0.517865599648762,-20.918971854297865,-22.26530490701299
C00394,13.933947741417244,4.700329095601981,5.07274859373874,0.5928849312232112,-14.875326396697954,-16.720950553643465
C00395,25.742018860917696,5.664525258688933,6.815587664003392,0.6973968511972561,11.39474919410317,20.867856039561406
C00396,3.180873044075666,3.357368071106742,1.6787638335003194,0.5904305195884348,-3.0265544746825626,-2.773804025464605
C00397,10.417554665840049,4.224608189342305,3.641920029310856,0.8298477707567466,-7.797245292791903,-3.531563656697295
C00398,11.873788507093849,3.07251273772678,4.623769292890243,1.0,-1.5451886357252507,-3.3120198956453404
C00399,30.0,3.0847164973340835,4.804310393631456,0.6484857495116929,3.637328114463281,0.2491350142898452
C00400,7.274987421649905,3.165754828445962,3.6053687339122096,0.678220154935976,-48.50768047283576,-46.49582252400789
C00401,30.0,3.624607836783091,27.984405548263638,0.6458703180619644,-2.3338922082342686,2.86019362601352
C00402,8.44694538036597,3.1116339603523904,14.010736393374692,0.4801781091276978,14.149271042598695,11.561099804309698
C00403,3.4894183664437683,5.082909462669781,4.816445450493782,0.6452586224671452,-41.37347046018222,-38.027425086862905
C00404,11.812212273133142,3.8633156615008413,5.24618462409122,0.2481022280723621,-21.032176972483768,-22.376247670122492
C00405,30.0,3.302179229843343,9.083782134974062,0.691411333359466,-4.245862495247103,-12.694713871698983
C00406,30.0,3.2419717982815017,18.434644069307822,0.3919449865167124,24.490664795331803,20.558250235558727
C00407,3.9227227157716467,2.362255979553221,4.322859003677618,0.7423609327765085,3.350214666291155,3.2053008568319696
C00408,8.72123235691099,1.3729716885392738,8.823355438907443,0.3684216917577396,10.430005752333471,11.641711547609802
C00409,13.079619534378624,4.501285285800791,6.374788626664434,0.8016450050495667,6.730989569507649,9.810092816449654
C00410,13.60387232589801,4.4939236271407745,6.862645907890412,0.9356435551576028,17.43802520495837,24.898123816042606
C00411,30.0,1.3395088371772563,25.149983189645692,0.4235859024142231,-21.43114695020138,-21.423574866723623
C00412,8.946753641779019,1.3720070675840743,3.610612621850872,0.45889710326104,10.256723030219435,3.0515548786689752
C00413,25.222547833928637,4.050005895574942,1.3964052032621215,0.6201765876562091,1.8499230383185261,2.9261968718426923
C00414,4.843067610232939,2.5196723828872227,3.055217329577289,0.625084478379444,-26.51349236416074,-28.692287726736076
C00415,30.0,1.5150334407386983,11.190942188413361,0.2979426544357166,1.5466947418662782,-3.7329924770956415
C00416,23.537116233705213,0.5932378483103582,8.45284355526567,0.5406810897931609,24.140212871139706,24.405040534293324
C00417,29.838840834317182,2.3066268002928023,22.460789591978738,0.8330974901259496,3.8761346780404953,7.331943931088981
C00418,9.578147602886387,3.19590099952288,1.8379655766097076,0.6052750626090255,-10.556112786599252,-7.529238426943371
C00419,27.351834152039643,2.576082687130829,4.291765491939112,0.5239308989754508,3.706428995054373,-0.6541542143872769
C00420,17.064925051489606,1.0104727802785651,12.969702189495788,0.5237454474038437,6.332523807233123,12.297286718533114
C00421,12.815108224526586,2.117499787460779,1.4057611071297682,0.7987885137890323,6.3094979568223515,9.156333015161797
C00422,28.343491442655473,3.8326155959799717,1.0,0.7665634929304346,-8.466402413406524,-0.29073373880545184
C00423,21.923105711501517,5.3745425440530585,4.800366728428102,0.7807895295370378,-6.840177175908773,3.5374100105336534
C00424,7.990168075679366,3.069830812085645,5.417637370536816,0.6877565932519235,-38.2402881955981,-35.17887707233199
C00425,12.72014509937338,4.5492194328818405,6.179668388416662,0.43761346098050397,2.7407282454547937,8.733686115392937
C00426,18.25352150678915,4.081486463256096,13.056140010103979,0.5846840189572338,3.7805615872928957,6.3867058649983575
C00427,30.0,2.128771723019431,34.48319845441067,0.7632104757583857,25.889090108317838,18.17094170272025
C00428,16.375002720382483,4.40643585862427,2.1251376111863625,0.5755464954563367,-28.185328948987966,-39.90939725426334
C00429,18.00062086778915,4.686462648457338,6.685537724115554,0.5949778182591494,4.658684581333578,1.89734884085096
C00430,19.05598618702441,2.2737525179604066,6.825423615862374,0.3037445812959065,-37.282341936107564,-35.25557748861354
C00431,8.24539059255886,3.026563026254855,5.318852682805498,0.6355817444855975,24.952302928708235,17.489384113896083
C00432,15.247831057287843,2.1521763023214575,4.477902972473778,0.09308294891888085,-20.76856694241426,-20.81097982992749
C00433,30.0,1.1144741386017873,35.5660877506556,0.6484685259581591,13.346249815426244,17.416433500532044
C00434,4.606904939352326,4.534686531386812,8.272002009927123,0.5276543133674678,11.813069619185182,3.9362985777811677
C00435,2.579633416187452,5.4041634640346725,4.835363270654676,0.30138705332777815,-39.10026799725502,-34.15449025236101
C00436,8.386449519645762,2.9077895848997457,5.501811570274484,0.5634850201856294,-0.4601928817179557,0.8572142654789838
C00437,9.289801820906359,2.1982903390058226,6.432955487942685,0.27895677929471113,-38.739206222782975,-38.78814650845176
C00438,5.529133639701371,4.601969236384795,8.582416875228372,0.5108535328716124,4.973196085067994,-1.3448084687394095
C00439,30.0,4.764169904305618,15.168494597784616,0.21209585803056566,-19.09978850912855,-15.667076203539159
C00440,17.438858188555947,1.700797878423301,3.995491147831153,0.9618601422119161,-11.3882128331738,-10.600089907670236
C00441,9.065618360157547,3.2102666892379976,7.522480196917179,0.17588036791170195,36.83105916237867,26.21818926799849
C00442,17.652692752123695,5.969145606947963,1.0,0.6970147886512545,10.944499532213019,12.038392217836112
C00443,24.257398075575875,5.732002928180396,12.12551834250633,0.15658095474335731,-56.6109984811431,-61.39377049528342
C00444,1.0,1.613839372945624,10.688044996221842,0.6024953430821269,25.552243969934946,22.05048251268019
C00445,1.0,0.9128147452467701,2.4886687802405754,0.6867218412889396,-1.2483794130171502,-0.7431125491150469
C00446,30.0,3.526525381585701,23.389969731760672,0.6290671100529311,-1.945630142084517,0.32387535764134334
C00447,9.228618748200663,4.069499176174393,4.012761568440695,0.5054158692406686,-5.174379621612637,0.14503394128527702
C00448,10.680298055080616,4.079001938240821,8.640908281336806,0.451679838892598,26.723102847012036,22.459194988588187
C00449,30.0,3.817799671429986,34.473882804492646,0.4546315310982915,4.0739200804861575,4.243165079268092
C00450,20.94300778723398,3.4254355252073236,6.7334224872986805,0.6810128313562107,32.57803791225832,23.285021897362498
C00451,20.712403294492916,2.3633310626991846,12.71441505047858,0.4711293150195314,-0.3245736110406572,1.637033175079749
C00452,30.0,2.0502178155446655,27.25087574946865,0.8739918782078575,-24.332680954311783,-26.31608810954072
C00453,6.496276012657518,4.206116320819222,6.542741266193715,0.792413548172106,-11.822470331143403,-9.181398238872436
C00454,20.383277504283278,1.942040119565364,19.352452763676734,0.9944358572873306,-55.86407821696986,-56.790235387847844
C00455,14.07299171044288,0.4989620526156191,6.206293706646161,0.3971662850006976,11.47771666455845,8.788201608822092
C00456,7.866498934967151,3.2158454291259204,6.041042899318098,0.0,-69.27864898554674,-70.59473291544943
C00457,18.626369181079074,3.428409405881637,7.203624985873651,0.5967326272785527,-5.2906318796416745,-16.274378361025562
C00458,30.0,5.885536018965391,24.535096438421547,0.435944400901406,-6.935126374507485,-3.266406296455042
C00459,30.0,3.0502569095981813,10.371896669351798,0.7052459015656609,-9.45572480594988,-5.427869071904486
C00460,2.8997856662690538,1.0104005423306297,4.734101059552264,0.5935743024440527,-31.96056845113284,-27.803984861678245
C00461,26.85645302479491,4.829039685394111,7.964650501905176,0.7812156886696457,-13.365425297143311,-13.901660558905435
C00462,28.70257927822584,2.9260421057156987,6.921461007450715,0.7056893468391818,17.84733361831698,23.55485123801106
C00463,6.309679917929225,2.760245002523817,3.03612882324145,0.2116392773563196,-35.654940042297575,-39.19611218096876
C00464,30.0,1.2550026360226463,22.530729337084953,0.6262559205689565,6.8128509372339225,1.8680651431992032
C00465,9.151136462475074,3.764375637816114,5.301315154122969,0.8203221304175479,31.844259319576274,35.414438382570594
C00466,14.071093566505544,3.2344013270254695,8.093150686322142,0.8823837319539467,5.526849475268797,2.755599455803241
C00467,5.153890600304072,3.1192415127287605,1.60915673860928,0.6839914445858019,-17.58772193945518,-9.361063697346104
C00468,11.347464857796194,4.406556898242482,6.651847689271286,0.5831017953130312,-8.313181842794648,-2.428907230212115
C00469,20.72574609886562,4.588190591106629,17.88185107824543,1.0,6.107417402853256,6.320040976993376
C00470,12.710551500393095,3.480965691135766,1.009282351166891,0.5394969415464482,-8.346778592524974,-14.313309993800502
C00471,1.0,3.8078058313180456,17.350731433822183,0.7066140598446295,-11.968727613093183,-15.452677431602439
C00472,6.407176381246183,3.5204316731577006,8.263273737040642,0.8636771005562376,7.3327971156578275,6.391324584334916
C00473,12.9283282446873,5.507952976326335,5.237908819846304,0.8589689729860219,18.478325313513196,31.71368074416855
C00474,30.0,1.6399435132068942,9.149290015872136,0.8577561916288703,7.781038257010363,8.984655640138314
C00475,15.238510061347466,1.3714406018746006,3.7101905942154856,0.8034108155025239,-19.23048770417796,-15.694613706523427
C00476,24.03790994400188,1.217325821976575,8.618456396948943,0.6334818486271407,20.1523801294191,15.98170090853694
C00477,11.524554588323145,3.7759769188000516,9.03983488705739,0.7407472457108744,4.4407219182276885,4.8993030463742056
C00478,22.98459305259034,2.829926590557865,8.547621586332578,0.5302603829884918,4.950445895265953,1.1070061437701044
C00479,25.855362769592645,1.3406132548500316,8.03024044644361,0.8638410358019043,9.775611267385573,6.869778853675792
C00480,30.0,2.7097929991142484,19.027605667092374,0.3642524304155662,3.6332342089700167,-5.303768204300054
C00481,27.870302599581272,6.23607570906751,24.37000903296977,0.5815345620170487,10.692163567231042,12.2485554857473
C00482,8.106336850710411,3.641216444261663,4.241000589487804,0.40917232034592643,-44.71309297056237,-41.109776053292194
C00483,30.0,5.21242336459354,11.427622195674484,0.28800189486677563,4.578435556394159,-2.8232662736513108
C00484,9.006858785260324,1.0450562972915822,7.79339972819702,0.4844348767550209,-9.2943661428666,-15.224780946248435
C00485,12.452602485434706,3.438037371081259,3.837659021533855,0.18019091127193462,-41.89981899324195,-49.1703201408626
C00486,4.703611960642857,3.7690791462612525,6.9929629776338995,0.48889708659121395,3.83166597389188,3.8695700496070624
C00487,30.0,4.038001000167542,28.189818759930702,0.564122627094961,-21.783198038958336,-22.115779340796248
C00488,23.250510838344475,2.6203827787821066,8.48549077214976,0.8676172017192382,13.010916072860724,17.30126104424402
C00489,8.097516436473933,4.479946942973118,6.231754410025858,0.4556950824914378,-40.26656754716337,-46.04695401690747
C00490,10.906799863044663,3.737740815247974,8.149519942435196,0.2901762521890355,1.947025827460711,0.08171981312504184
C00491,30.0,3.1321857237854855,27.85956807212682,0.5322721718163292,17.15817965669374,13.329289315745765
C00492,10.354856562251896,2.3574051116317047,6.697008135126864,0.848401235580001,12.31522093028234,15.57178061559204
C00493,6.252139500529944,0.7720006141400497,5.613322617417559,0.3087885905137788,-1.4876802064153258,-1.58303352715727
C00494,30.0,0.12496348789898004,59.27030709011998,0.41017873458858056,-10.62357183003839,-13.4554155640025
C00495,21.812876546055733,1.990280753779565,11.34600610713494,0.5586439026661869,23.138912795704613,19.145444837314773
C00496,6.671890050717122,2.7684891324226584,9.751409837694213,0.26362628933828863,13.206740403068405,15.017725223885549
C00497,5.973069550475316,1.9862300918573954,7.92448536793636,0.4289185492441851,14.434903388877116,19.92597523077056
C00498,24.23994640724373,3.5166596143099227,26.54470297408576,0.8989323754055561,-6.232594904600713,-4.546519656463037
C00499,30.0,4.234434374641662,20.380225668746288,0.7026030295861226,13.109892364479148,11.387449285862308
C00500,6.433578791334998,1.1240988258027953,5.087942688069135,0.4405140093450942,-4.679746430333466,-11.620732936192535
C00501,5.450264569446474,3.823760095331606,6.526488176911404,0.713177350555113,-35.192980203238804,-28.775517766496947
C00502,5.054902207303943,2.959945285276729,6.119011450550387,0.6356170969278696,3.769854970363226,3.7466182111487147
C00503,1.0,0.4149812950416152,6.538622969790106,0.954454469693041,-8.297759966475125,-4.649002373309446
C00504,30.0,4.3627054235486,11.659612847916891,0.692445536058919,6.886390042441162,10.562906438485562
C00505,10.444660857231412,1.5966768090379837,3.4517212730835793,0.46445165472529903,10.257674874184044,15.316504905516933
C00506,11.143803807454546,6.855331489374608,16.317655671035126,0.38732249537288366,11.097089227155111,18.786460928860595
C00507,16.559557376818596,4.751484625938165,5.492956708499403,0.7185245069558924,5.535036034731132,-6.021869060894245
C00508,7.433705881543229,2.7863180698743206,4.844217246861342,0.49028545878246915,-56.414914767995235,-55.6271312857133
C00509,30.0,2.9975274824801508,27.88615817809355,0.6043233776478991,-70.7343183354499,-64.86131160059637
C00510,9.242905325677036,0.9129654572099088,4.056343352438827,0.4416699027407053,11.218785659492083,11.438411115358091
C00511,15.567998918764903,5.635229322802948,5.8482441803456275,0.7917406997460483,5.618426047562561,6.9737020983227
C00512,13.009284531572806,1.72619686860932,15.660916406910566,0.7533516058586599,-26.277030943083076,-26.08002559335108
C00513,23.614537290443312,3.062990418280491,17.263817503489634,0.5910534664982423,-41.2187665954453,-42.14076369346399
C00514,10.092750689544454,2.036814894739771,2.213205564914236,0.8915115974614486,1.3766738947370323,-4.2241805329936035
C00515,11.43133776546912,3.6916365864731144,8.900000838332062,0.6616135650339874,15.097659754620876,12.439260106276365
C00516,11.798295509958104,2.9686598929330383,6.5403394688745085,0.6227341901951712,26.767601845176728,20.86119927358993
C00517,9.598694557991934,2.06063546597076,7.239920958816418,0.5853826098674993,0.4249401972552027,3.203793283701195
C00518,14.977770885428317,3.6965073871514864,1.9748420906364514,0.9315813115863691,-12.760514395531018,-10.2812165124518
C00519,30.0,5.255866831298682,20.570071483571457,0.48897464908885135,12.327077100257249,12.035204721542808
C00520,15.206457285498635,3.0732599301214463,17.70158910231266,0.7450289526990962,18.81760395947809,6.987660481251165
C00521,14.444790708523374,0.0,4.237371625396257,0.49778620664688805,-12.645844303240835,-14.440564072103905
C00522,30.0,3.5634381157817065,34.282068863090906,0.8350418209625634,3.5848776953493635,-2.181890187874
C00523,14.797469245153833,0.7850619434498078,15.564375476140015,0.4795329933549737,-62.49854277989233,-67.78335223029295
C00524,29.466391774702554,0.9457984486858764,14.673038732840745,0.6497000961457223,-23.29372786589899,-22.115887254919457
C00525,14.336953143301063,0.7899843293436626,4.859930010498318,0.3569894485675656,-10.746149143992847,-6.286700318601816
C00526,5.4802254844203135,4.059364604303266,7.602034204966214,0.4139285176235113,2.4848139920932955,9.17447267464194
C00527,12.723531577461014,0.8215273132682777,9.060356937900217,0.4093410930163295,-0.02029580214624982,1.6278280089178798
C00528,21.2402406456108,4.480898471764485,2.508208327793855,0.655945126257872,-5.163206739776072,2.030354833663247
C00529,16.4631713067577,4.216379529729763,1.0,0.7126280005381285,7.068744673691278,0.5518880538445172
C00530,16.77038950767138,1.7056108884132808,8.864144225639528,0.49439816556210237,-44.314825612594,-48.65012576859209
C00531,12.055380014528302,3.7186806562905232,11.869518936947618,0.5439822374654805,22.968398281052266,22.541123976010663
C00532,10.861102269003656,4.767190572044647,3.4057762151507855,0.3406214965432196,-19.269186826726738,-16.028272177468722
C00533,22.22285226001395,2.126479585743157,12.405809098411694,0.6540818742753659,-41.145716908321205,-38.690323109126524
C00534,2.840592674907243,4.848161505934664,2.9909517700952026,0.47282317077632385,-2.966576851860543,0.8002823835998187
C00535,8.068657025432808,3.2532453025795984,6.607674746002609,0.6404003180664296,-34.14404587965736,-33.275858784388284
C00536,7.184688895729398,1.9661243305503473,7.699599819836891,0.3896756054212599,2.2923393608562854,2.580379456435984
C00537,22.769660828442788,4.23884899329919,11.91478982567066,0.5133883979549593,-27.42015645234907,-19.219705926976207
C00538,30.0,1.9105186312869076,12.883453163218945,0.8118281089595936,-0.8618499906847852,1.4414803728692425
C00539,13.61719532186895,5.078949708579228,3.3920023381400854,0.5906072435677792,-50.52703295906347,-49.79195689603285
C00540,8.1488323493715,1.2716235749247375,4.69331595422808,0.5832107128708297,4.904169764657974,5.232344182795658
C00541,12.676176736186832,4.96406941458017,5.9254133894700445,0.8572592452228616,9.195495185015147,5.392593992876981
C00542,12.490926442386584,3.327047869775005,25.231587437489075,0.38967602997948836,-22.054464343963097,-18.353475359426476
C00543,30.0,4.068481827892085,4.636246298120161,0.43432684253658577,3.0185415800379265,-2.593279108087453
C00544,30.0,2.409739793020491,36.77569134826135,0.6525850893226426,5.999359019925813,-3.0039134158576184
C00545,16.316872247715565,3.5876853043366403,41.267238836904255,0.5323028988391303,5.358688117697073,14.141496387159709
C00546,6.555412675571268,0.0,5.86878965787659,0.4980572567071063,22.310926461363543,29.677514399836426
C00547,17.23215831821955,3.3277709358613903,5.203654414265144,0.3284876508353343,9.855374319040475,12.088825104090827
C00548,13.174922028172642,1.0300236127711084,2.5715891070318313,0.41517226915888195,8.86609168546272,10.65385929439227
C00549,18.952128116820205,4.122081936441987,1.0,0.6997070868045141,-16.77213971154815,-17.99638411798558
C00550,11.505085651762295,2.1977691508782997,5.262546169209612,0.8588168950502223,5.255760299819128,3.0405479952135086
C00551,16.78506760787914,2.183659235643954,5.834089246764453,1.0,-14.45347703384449,-23.584662351725846
C00552,16.4181267701899,1.2539311422127024,16.339713324784896,0.7497673170280413,-21.219168159380054,-26.548796627422288
C00553,6.927708832928076,3.27606765375536,13.142530416592859,0.7658875197916211,10.316311646468165,5.618492733102405
C00554,11.829575821758157,1.729434772131007,8.25671416105185,0.8285827846070357,5.096926033091756,5.395257451838528
C00555,20.744271166107367,2.920839279847297,12.370343617100641,0.4762743990354096,3.345625057368488,12.047434966533906
C00556,12.501694711402049,2.5096790252410504,7.486068159236335,0.6889325244670714,19.26037554271023,11.577666725163063
C00557,28.32267356245209,1.463107937298998,5.624387253279187,0.6099531425444265,8.961181934560733,12.003806388608528
C00558,24.022877811600207,2.417117716805622,12.83323280430053,0.9595538084895596,-32.42415783982347,-28.954886599349457
C00559,9.525269223789882,2.1142040541815756,4.56470065383011,0.8233389846363999,-10.781431586326477,-19.19307624218547
C00560,19.5094967050457,4.455496398046884,10.873736750526064,0.7678717020750443,14.4889242691084,7.244139139637947
C00561,24.816250649886673,4.705190579143253,13.066770182535128,0.33216264621793556,-19.029928605193994,-17.811835305501123
C00562,2.6832384428189133,1.021142612315503,4.36923583235323,1.0,7.740172493825234,9.223215283942242
C00563,6.489969725088255,3.2902657580212353,2.3113616867181044,0.5489173948835036,12.979578133642658,19.17147500053258
C00564,30.0,2.579795064211255,23.953365235403076,0.46943835058761824,7.695412932085137,10.03090145691625
C00565,7.614540453847365,1.6812398952789787,3.2058525764699457,0.8699663972594114,20.79908889105168,14.812259162348901
C00566,26.77563780310863,3.218631727065099,13.938217386881941,0.21964629751070125,-7.384888008691558,-7.341590345714637
C00567,16.06129572970271,3.7035823682312405,14.222363429371708,0.3760549976652946,-36.97922514741961,-40.58064103850854
C00568,8.977724532018723,0.0,6.291180322262935,0.368442169102987,-13.787185656432257,-24.101120208641298
C00569,1.0,4.507094081724801,7.830268441709206,0.5602806511374989,-36.031786727526196,-32.42248731946994
C00570,30.0,4.066357208402138,28.430421056538833,0.6643552381266556,13.022446621493762,15.953264166751289
C00571,7.315217207016582,2.9605271635043016,5.167558100279015,0.41723841207479695,-31.0664412365619,-31.88515660014136
C00572,1.0,1.6832345098929917,12.892578950555295,0.5339850706359668,-10.539319098407757,-2.074242119240022
C00573,5.956882052830828,3.7341393147881696,11.88584087692638,0.0,-40.694431282758444,-46.9712990887106
C00574,21.091456848121226,2.017661790193192,6.8722693675588395,0.6204113605241792,7.102519342131387,12.127490566134359
C00575,30.0,4.904905153858808,33.467182424890225,0.724521465933708,10.864712103665136,7.1534282406595615
C00576,11.87396990637096,4.346829099840113,1.0,0.8778055277324877,-7.2314267747469465,-4.826540886454071
C00577,15.677746855978246,3.0293434731783653,15.724522151584212,0.669169670231659,-0.5358318496912968,4.2741101079649955
C00578,1.0,1.7920956775537014,33.34461891115549,0.7515637926883405,10.405936586665396,6.169956646504227
C00579,9.62915515903532,3.744339098487208,12.396822664567367,0.6342860650177669,12.235361114119488,9.179801358623003
C00580,30.0,4.1882714670562144,31.595414318753015,1.0,8.943724928778362,10.808159202264527
C00581,25.150028414775658,2.498658035745239,13.021525921572135,0.6981115933477917,3.4072964752828776,-1.792897410149279
C00582,12.799693370865542,3.6170882639200452,6.2198780413070365,0.6152843270082538,-4.9960105064284885,-1.8610365338755477
C00583,26.07878962734777,2.2799661197402,11.42648522281997,0.4641779059325272,1.2630355885238336,1.6462574880614138
C00584,12.187552962576511,0.3869829142819423,2.522831951479831,0.793035503605308,15.125856760493177,16.884674675614725
C00585,17.19200809272818,0.5055502936357588,7.485911881813978,0.7666774624659816,14.164163370260187,10.419772382946896
C00586,13.006627609820864,3.2340802094061485,2.439456484469768,0.833803282266393,-3.6018070985613395,-7.605188601644792
C00587,30.0,5.2848361940066475,20.024312016260765,0.583471894576965,20.930372127202325,13.911109870545062
C00588,17.70045271642101,1.5492447205783622,1.808065001539691,0.7183080369794873,-2.6614383334507306,-1.3001597864141345
C00589,25.348107477056164,1.7928399728606694,10.824947053611513,0.9397203145977225,6.503794829314085,0.4606506272721793
C00590,25.738382124019584,3.4505427853927126,8.59183019576804,0.9289222863160261,-44.577170606941635,-46.19042534282083
C00591,7.494027960820231,3.0553478307601076,2.345324878830277,0.7750533717421019,-41.466597278156385,-37.6240912126542
C00592,20.31787805819209,3.4284403972461632,18.485671619426007,0.6467013602094124,-39.89445713152646,-30.56022892987941
C00593,8.596302721657654,3.7768104749605746,4.441740343927563,0.3850849884634796,6.871792582795417,8.56562571926199
C00594,12.139024853111406,2.972672043583894,24.537112004718953,0.5759086464749106,0.7672809206833291,1.2336677274143275
C00595,1.4089782552297976,3.2052347170579627,4.771760375556062,0.0840295507369302,-27.011568794137386,-33.709227828551306
C00596,8.896158553290359,1.3097957825749007,3.350925033947644,0.740694920401183,10.20295542995847,7.832563996627108
C00597,30.0,2.3726549579828244,10.11984650397067,0.6687875479188752,25.39112966420253,23.229936654522483
C00598,12.173497771114441,4.893134440192387,5.120713521112653,0.6692454045772902,-24.336793797990396,-22.351363228674593
C00599,14.336893018976909,3.7070511767988075,4.55977324124629,0.6185030324923457,6.797900293003786,5.1526925876519645
C00600,5.670295751920737,3.4185747043018138,1.8730656153524485,0.3974019449029439,-48.76895578498746,-38.42288452180959
C00601,23.023477962307084,1.6913730981788757,7.704954257455551,0.6038564000388148,6.912912359023313,9.417450606807378
C00602,20.164692963730666,1.7935822853584902,6.120643150726599,0.9868343841750975,7.687491511060941,11.361810809002119
C00603,27.988160519257722,1.3884621471435508,7.819185729118231,0.867135991527864,8.817611210144925,11.321966921320698
C00604,30.0,0.24724505822791,19.935389002172258,0.6807393655815048,13.748072189061197,8.782188341487
C00605,3.065611814878938,2.596322754799701,8.55575978057662,0.8344358976218564,-18.45964953587903,-21.29022237295857
C00606,3.4333439018115897,2.41568249282918,5.164710670457851,0.7645745874217914,-30.02818767692574,-32.449484849836416
C00607,13.283110691245872,3.277205606754169,7.4263724543656755,0.5408173351839708,-7.337012415931099e-05,5.9523457142929805
C00608,11.104214125403928,4.553675057829315,5.653416486770984,0.44975133674718937,11.490723256516155,16.510168592867963
C00609,18.98404353212836,2.0603456209721176,6.319135777857542,0.372787239442399,-33.885384882888495,-32.288454182794766
C00610,10.323468122435525,4.873651836835843,7.234931849074389,0.5070454025134218,-39.253434797764015,-38.092882787824855
C00611,2.5771013381262797,3.7718199746824475,6.225314532299976,0.7783857693916452,19.44558798934768,22.816390148663913
C00612,17.723601385674655,5.132943475073485,7.827488040340909,0.4159041863214538,-15.139944893018043,-22.628891932216817
C00613,30.0,1.2910742799663628,22.67388867093466,0.3226577725024643,-26.683651477903418,-26.00706058423059
C00614,30.0,4.759343225943044,24.65558819701784,0.9713208080199418,18.09959879708964,10.62146342523647
C00615,9.984048670436058,1.9879627620837552,7.99895954795975,0.6229265735165794,-24.95198481977782,-26.190761151609752
C00616,23.729047755208146,1.8069060632072518,4.348359163249405,0.5474779645985366,-57.16973663401513,-52.65605626000675
C00617,1.0,2.9114436285938523,4.811939754841963,0.08793565594347033,-15.878629003971078,-20.669222334739906
C00618,13.287746308031076,1.7272122266402012,9.828104617169762,0.7760862565182133,18.470155761246534,25.06783766273574
C00619,16.310240529520023,3.643856115614768,3.045795226506257,0.32103836964848975,6.781010904583512,10.45328485630017
C00620,30.0,4.261614578254968,21.61146266073477,0.6912660327143322,-0.5784884589511785,-0.33435912206682683
C00621,18.08887057687562,3.740822467122581,18.884389223597857,0.7113911473940042,-42.555640677276,-42.60610649484019
C00622,3.6265424867819442,2.9155170062190745,7.175781980479763,0.8087536481668948,1.4602002289514497,-3.419853375974603
C00623,27.635342565604013,4.769251821276728,9.510616354989933,0.4139855868455697,14.31518369307371,8.552426927132553
C00624,30.0,3.642573691710579,5.9554184723501535,0.7766537387069506,12.766418942586165,8.314397962231483
C00625,11.09890008371506,2.7822295687991057,1.5481199814056406,0.6152712153805343,13.763061676877141,10.896639268396894
C00626,21.088240782187864,2.8085640974657338,8.522479080270344,0.6315608012404945,-54.33062274390785,-52.55430241306612
C00627,12.91284048882153,1.6736486165277547,14.499023847902672,0.29340528457628307,-29.307200599093242,-33.99080977442896
C00628,30.0,1.5538931082620975,17.761954524469633,0.2228458980760394,-4.911289823507996,-6.901426234035984
C00629,16.97226664983642,2.317603754580921,5.147750189638255,1.0,7.13908486843104,11.123859418388015
C00630,30.0,1.4208472724733838,12.35901087414471,0.8377837007215612,-32.68389375719,-39.52679511393707
C00631,23.60644592713203,1.2748312656407665,9.520731436127896,0.18496611110082756,-0.9682254699794548,-7.596627999605836
C00632,30.0,1.6245213036005968,27.749965184802036,0.8046479028276767,-4.47583140633334,-5.444181399692047
C00633,5.888745992462181,4.6121368927133695,9.924012950324762,0.6006967233690566,-2.2725965811525732,-1.8664077624171462
C00634,6.066411974627217,1.7871503658456758,7.315164932350944,0.707327965376179,-16.27995526004407,-16.2910724136304
C00635,13.820659348654948,4.237281426955324,7.234484732435634,0.27234406149439894,0.2096295333088687,6.332781485850815
C00636,30.0,2.0395231650602086,15.517759944919508,0.618120578773363,-6.592210976691151,-10.992931835177512
C00637,15.52612272650132,3.2840838837860136,1.626774134785288,0.6991843508257903,5.981364057979851,-0.3540815891308178
C00638,14.109406698533668,1.779178404874512,4.732744724395189,0.262693582860455,5.4144749564572106,-4.33609159807429
C00639,7.650743286223614,3.294224408480742,6.798716249874765,0.23909473857342908,-18.028326818394603,-19.410027778198227
C00640,1.0,6.416382091982985,3.820242059035044,0.5342923338266792,-4.748065245968196,-2.998110264906556
C00641,30.0,1.9532875412757988,33.23152169222246,0.351336334353362,-6.121918661390765,-4.122375953131539
C00642,10.768031203261371,2.5594838676743206,6.2785908834844335,0.5214299720360993,-38.85081160112284,-39.79556922344762
C00643,11.158203608932281,1.218669950598395,5.715198447559418,0.5794332011196002,-1.91668522755287,-3.8132738058129343
C00644,30.0,4.649224657632461,19.29223046785622,0.756947713093528,0.37798775144360874,1.2480117273116034
C00645,17.15322528934243,4.888588351780056,5.251346944432162,0.6615303023035107,-30.34861800839586,-29.305517395472386
C00646,30.0,1.6019035388690495,31.79265395291445,0.410220631944508,-21.012916599466084,-25.974632058217004
C00647,6.752709836816877,2.7642573719191676,6.015408307522259,0.8653633641210083,14.193063885701346,17.149230852460374
C00648,22.817497331384047,3.6310844363594192,10.466890750372277,0.2868305315787616,-23.895994599475717,-20.879775421055015
C00649,25.13186314139252,3.1007615572869325,10.66515210643228,0.4200822668431188,-15.486098965144727,-23.370116555523996
C00650,30.0,1.6122987046903032,14.261003791411936,0.14250036339425756,16.27277955017133,13.821817156914276
C00651,25.273069522542905,1.5501024411277684,18.381398730357475,0.6517250244010053,0.44693345903633297,-5.049216012305345
C00652,30.0,1.1523529203218201,30.5140915603023,0.9309235047192954,-10.69993513292945,-11.546491353152316
C00653,25.956437572823372,4.536670774963808,16.496351119432152,0.6355546131562909,-7.488924531883246,-10.88436832826335
C00654,7.455779404986157,3.9952228693699467,3.6898361134161064,0.4926161900561189,-0.26859663621856456,0.6011752687552644
C00655,16.51859826850442,5.50255822647669,4.22006321353016,0.23198661124284953,-4.514307018672378,-10.267818903329836
C00656,1.0,1.487916157739384,1.4233478758989428,0.18025310960376442,-33.8146838362624,-31.85317378310896
C00657,30.0,3.4493833982077047,24.47329250509219,0.47229822854619735,-14.811587672199597,-3.182394079708052
C00658,30.0,3.204165207012186,13.852019966744713,0.4634347381071265,-17.350468036578235,-15.869731885020274
C00659,30.0,3.5570328482829017,30.854039179245643,0.7787696314483948,14.644588379922423,20.96966816553461
C00660,30.0,3.914417228554793,14.939167108516223,0.9521241949869581,-2.6613568675086423,-3.6908940626725526
C00661,19.655921130740865,7.0,7.323159247296143,0.6774412181567121,13.612409685985142,8.385842662351019
C00662,30.0,7.0,17.936569179810633,0.5180878996265139,0.3103870135736635,-1.5878876520110383
C00663,30.0,3.5387978239580207,34.53127708055372,0.6673464673701869,-49.11665946514832,-46.42859013949986
C00664,28.209815874219657,5.422303387609778,1.610121192029343,0.6989460823205682,-6.9789412032273965,-7.188258594842999
C00665,12.91774418173363,1.707595695264615,5.99046559574297,0.7316374395901883,-21.621108991256996,-23.421123568190232
C00666,29.40233691479957,2.8509320147567596,10.440419405831413,0.5088335014740972,13.088904476461908,16.711313126650815
C00667,8.764956308089966,1.8039659822690741,4.963384139035305,0.7328756908981331,7.227560476530791,6.700087912056739
C00668,30.0,3.378171834051847,3.3177685799511902,0.7394952056066993,-0.281267649437539,-8.402215523772327
C00669,16.81406706565134,3.7886916596495617,7.619819155936687,0.6303437345529983,-14.933948458200959,-12.016081380366264
C00670,5.004252504950251,6.448977818449449,3.1025076728776435,0.31287345479251116,13.619427928389955,14.680383701069323
C00671,1.0,1.6029604983610843,15.000729830298926,0.7008781255312277,2.9769586262362195,8.529181790070915
C00672,21.654569062107637,4.989229714409145,7.289670610300503,0.405384543567079,-27.026130981232086,-25.154123765752907
C00673,11.282436865058006,2.3798902424048896,4.481367654569564,0.8724274397069663,-1.1984164739865566,-4.2877601590793635
C00674,3.884122677050322,2.1627992447699755,6.813578260316414,0.49953207716275516,-35.89455048472598,-34.37441674526552
C00675,30.0,2.6467404087998907,34.89797596132191,0.6916729035869059,-7.213722976293031,-7.8971017569387225
C00676,30.0,5.9710247340165505,36.94606864064576,0.5341793972497677,9.251049865910456,10.142135654216936
C00677,13.198003808011944,0.05844521200029895,1.927574804647041,0.6156422475696366,2.4683049902070975,7.680948951038197
C00678,30.0,3.67833777362575,24.251770406414025,1.0,-2.1285579281165123,-4.171461041824866
C00679,2.5350272779175187,4.689111996326547,4.013726573559776,0.672102911628995,-38.325219262357336,-39.79593148910634
C00680,30.0,1.5492678841208107,11.335941847355581,0.26773750230038496,-21.785377465361012,-33.72346433546959
C00681,10.740501642972294,3.799789619923437,13.618336146507351,0.5434477978046677,-25.268436551718224,-16.952355640780496
C00682,30.0,1.9149506669139384,19.286118350991597,0.3372741324822722,-1.417947256413548,-1.4846536285318161
C00683,29.31160349560264,5.944252792196602,26.38018174680521,0.8394347464428105,-20.605125306277976,-23.699870591947292
C00684,8.900274280254235,1.0666662611182005,4.191595261268163,0.8974006073443448,3.9442440481841423,8.646656737695936
C00685,18.409258261486997,3.868825432713094,4.700024927673973,0.9890114943003295,17.12485368051703,23.511288420370146
C00686,9.869385756905226,2.3516006506853206,2.306113922850282,0.14672374576373523,-36.47305561359582,-44.14651280002204
C00687,13.57500195291567,2.79057734189227,15.214407558778472,0.28217306084884236,-25.874101720466843,-28.812267521284
C00688,27.19758162636362,2.566620108569998,18.010845493789375,0.4124898458562587,2.5952692640053785,3.9326410770367066
C00689,14.713464168233797,4.6651585987139175,3.1518773848352195,0.4538931933164169,6.445085338730262,0.8629691914742565
C00690,16.10695996864107,3.2923944843791486,6.065845645516633,0.45514025285405224,-3.0995004958050494,-6.034275424190978
C00691,7.767240231490918,0.8911445635925346,4.72184468956056,0.41800850201212447,11.082083327177935,4.670645625313416
C00692,8.81124165133583,3.5721807723370076,4.027049951344656,0.4889208582196297,-59.41540096791417,-59.263495441673754
C00693,22.138101476351537,3.422666116407263,13.306892282086322,0.7702419357030608,-6.670808861192549,-11.633380535117276
C00694,11.8526991925949,4.578077331144424,4.952957492638587,0.6793077222925011,11.246550587649892,23.498608369096466
C00695,30.0,3.522673435853725,6.222225640989169,0.8879758167964241,-2.7614517909112157,5.796335945374575
C00696,17.66776405948329,0.7379192838311752,5.9881246162332324,0.5979530641957197,-10.202302635810504,-15.72216716213914
C00697,21.10775719108682,4.7834274178278,16.32927838815231,0.6606035461729995,1.2426899463811374,-7.660879819572045
C00698,30.0,4.7317781907673275,4.528870481362456,0.7593800656086596,-26.21430296053069,-33.61029226738237
C00699,14.397804565236243,3.8042116001045327,2.6180592301281944,0.7119385954493458,-48.28736314214061,-50.729239100455715
C00700,14.552118705663869,3.4552180676064905,5.600412426557224,0.6641255208811708,5.485131260383525,6.318673558644171
C00701,30.0,3.581373863248354,36.03581933823283,0.29802521391902026,3.0795791534056196,-3.625200838237311
C00702,16.88471325093622,4.753466174071442,7.705945581830166,0.8967572638639156,8.552265395315786,7.066081468297195
C00703,6.948254244050789,5.062821308965229,5.747246764409213,0.3308508202324689,9.149606942751856,7.9338740892786985
C00704,10.915591813436698,3.8207672159043096,5.882087680931496,0.36784841050979467,-4.055487793957905,-10.17252470543826
C00705,30.0,3.9741538576097324,39.793243860304706,0.18401328472881,15.014645148928668,21.911321846496897
C00706,9.015674255220976,3.320658905531311,2.824502182182321,0.8977916462612985,-34.39136024218557,-32.83678387638646
C00707,30.0,6.628535434651761,29.36730506440602,0.5134625265434412,26.127044094073746,28.382974282450654
C00708,4.844539949864627,0.0,7.961442514879968,0.6699778795490865,-4.138207670945889,7.975385976656767
C00709,25.120359356931022,2.030325511400106,12.277370898506737,0.29511061319906506,-9.995405323270363,-15.484879904842039
C00710,4.657939363772657,1.8283653859882771,8.801304443931128,0.5993220199196472,-6.76172382047141,-2.1624542779717455
C00711,23.97969247045249,6.176965210214281,9.881623425683289,0.8177505954511857,14.11754225410316,22.462627678979754
C00712,22.832537830973536,2.6956772444060952,9.767621491521144,0.5037963475904776,1.6086576974939772,9.185809361629246
C00713,18.610897644437813,0.024053726799915687,5.918720544318201,0.6692366302556509,-3.2154984006361538,0.01761994075820672
C00714,16.026371125651977,1.8083762561971524,6.599969148521856,0.6903583379227903,5.05220365087934,-3.7479499785110715
C00715,17.950303844248797,3.862439245730945,8.625982075473164,0.3977871183385173,2.4812398857726685,4.164119461523485
C00716,1.0,3.075436853001702,1.0,0.6876853739547527,-36.44294734535209,-39.30514231712397
C00717,2.5647684010251375,2.8750031491989034,2.633511139746338,0.40213601098521934,-2.7884477903038842,-1.672245320280211
C00718,30.0,3.3357999113391323,33.399228942973366,0.6874196058836644,-0.17464177334874176,4.9729199862093365
C00719,30.0,4.741668215813817,16.505922857673717,0.6647309681434106,14.57314601943121,16.282875780690496
C00720,3.191574031678953,4.4139666127485135,8.209334309749808,0.913656129979836,17.72710750890294,12.056741127292028
C00721,30.0,1.8062432522694307,26.789340253091854,0.6034488743954861,-58.87690336615988,-65.82512605810922
C00722,6.3628669570683005,3.473249573352321,36.86152175327209,0.08033673185109626,-59.90852652944993,-63.83811876030833
C00723,1.47033655675774,5.355556274239083,10.8291263793099,0.5609261087957773,-53.54937438871091,-54.048332575466496
C00724,30.0,3.3532252654131347,2.5161232712264177,0.5680663275727347,-21.92397319408638,-15.078296705117701
C00725,30.0,2.1426169872207046,27.39717443070685,0.7362179247479796,13.972824315957697,15.299551891362418
C00726,4.623412176674481,1.3100413251122112,6.505105248740689,0.3876213372559624,5.95557027230948,5.338017151523848
C00727,17.841045510297544,3.3823052222414587,10.243227659994895,0.3755368646691996,3.056708097193663,2.0331946761904915
C00728,12.191112464157106,2.7073396685385234,13.395285866050182,0.22229619855108804,-13.977951929300854,-14.93565732806713
C00729,7.864729942718532,2.6805721515942658,3.534385044586114,0.6307953338000956,9.10542146226073,13.331296239957107
C00730,30.0,3.3462093802527773,8.87907482822143,0.9651861596381739,-19.392638497586137,-24.65549528859958
C00731,22.111484205830454,1.9880065602314385,11.14430718126671,0.5848311261628725,-2.2028990956682044,3.4988924325162367
C00732,24.493284939158276,4.938446596636707,15.413961762820563,0.6621738272053914,4.574530761040535,8.293847309993065
C00733,6.56906262957722,2.8938804800064135,3.0013464113974035,0.6627867118658373,22.724615614446453,21.38861000563984
C00734,6.314439583294526,5.979012451827529,4.436741908666825,0.8086032098959216,21.473070228421285,35.136630052525604
C00735,12.02176456082594,4.54994818271742,6.655649984483032,0.48682328918043477,-17.0196763433712,-11.884926871337369
C00736,6.745969912926841,2.88609250040393,3.446974176057243,0.7120702741669925,-22.850471068129675,-23.78404809862823
C00737,13.416115001612784,1.0815959186386577,14.057343786677016,0.8872699990249618,6.447529855700598,10.281263975500405
C00738,10.528168527324148,3.9944016968617904,1.3898729309183357,0.8284063305246697,11.301942585233691,9.76956252013989
C00739,10.152808321701961,3.7094095249876173,5.66329038848764,0.7598331762376176,-48.88709348056169,-52.621646841787836
C00740,15.557914530696424,1.9495257449403576,16.184599950116016,0.9703124199380114,10.17529333876219,7.729112109425664
C00741,30.0,1.280354749757592,7.387247352562118,0.5737278249668252,-1.6402238852656055,-1.6738319666868229
C00742,12.46934695157807,2.980170403716259,4.973015818637562,0.404070605879452,-26.945930200462026,-35.39526557962763
C00743,20.09045904151587,3.3511209817079157,1.0,0.328540606702295,-6.151946761475157,-13.177791488100455
C00744,30.0,3.240156495118552,16.84737448819664,0.723295030600523,-8.679598825215706,-6.69086788047794
C00745,13.526499516960078,3.00488568722293,4.718733857446538,0.5445700033033176,-0.05313473484779063,-1.9995418470670143
C00746,30.0,4.7927287651954975,35.1721030843203,0.6931047548265526,-46.39278843999358,-36.503750208712844
C00747,5.534735894881589,2.0466883638170548,7.5572960781596565,0.5543002456098836,9.80890595066171,13.159074229757994
C00748,16.414640770772372,5.84325786595373,12.427925861192454,0.3512981357050365,7.705863949746604,9.902919025627197
C00749,16.131278688397373,0.4999521741829467,1.6165834196642725,0.5816886478177257,2.153799685581537,4.547852451158569
C00750,26.733251084517825,1.9071947585604385,9.086462725313396,0.2575119088931872,9.226270643319259,8.323390195508406
C00751,9.88567366880383,1.2097991462336144,4.428502568026464,0.6722455973106765,0.2625211376946792,3.8986213893256125
C00752,3.091956562729864,3.3311483149571726,6.00563531674687,0.5335771116570267,-3.0170981426099797,-3.2800642670290974
C00753,3.5103093212358996,3.598469067787833,6.088914411163969,0.8513571216053482,10.309803743634667,11.9888618947392
C00754,15.468211774632676,5.63011441896418,9.040350320019057,0.8843555488368392,-0.6772633200161895,-1.8163123087555748
C00755,29.929731130665125,3.320996178297663,28.522316336796607,0.5306126760495808,-51.209847009824166,-45.2716548624356
C00756,6.102836584979838,4.270232722028529,3.308828202143272,0.29728914811312235,9.317347241388081,5.378060762026081
C00757,1.0,1.3673818015108916,7.0609259291745925,0.4692602940380173,-8.579478986633474,-18.99233160514647
C00758,6.434653041482903,0.9280478291795937,6.131905934958233,0.6807200464360216,8.88735101863515,6.447242129509963
C00759,27.97282936619287,4.962479088852943,21.77916085917976,0.38676094928143584,9.061176134675405,16.69177151479952
C00760,21.17348627384478,4.41224196916198,14.678383744968015,0.5215802109230784,-7.868695902993819,-3.692576803620205
C00761,30.0,3.358567092937788,29.65702574477365,0.9045569065289992,-7.186755367430042,-1.272800244004718
C00762,10.292292459350334,1.6858387096262606,3.600934317283485,0.5748866055872833,18.04959304135396,18.73261658624726
C00763,10.074927864537102,6.646152816189787,5.314476730521361,0.6050998079796158,11.219713228826588,11.912344171375445
C00764,1.4970792091521403,4.2432068976289194,5.374414936789199,0.603413756220042,-44.48984340335279,-47.56055120258519
C00765,30.0,1.9629813395324693,17.15583089546913,0.37013687804338247,7.162663210545678,4.329651944625526
C00766,13.66520991802247,3.079202884544543,6.773111473089653,0.4799808857884977,12.142732206050047,12.297981349367415
C00767,10.213664873002172,0.8121214507373713,6.4142031337703616,0.6239276393727919,12.142516733872824,12.250584065315962
C00768,7.352828208502872,3.1826809531528313,3.2513527052057594,0.5499382242766765,-45.195524650229885,-45.69170987537384
C00769,30.0,2.303271518107326,6.674749745940355,0.7704512012579003,3.0992100394804276,4.6033088150290755
C00770,4.921043844292289,6.581018670470359,3.6598222610535607,0.30057248492716243,-20.88774038109466,-23.027405756623537
C00771,14.89556699778119,4.142886225889365,8.402800749776036,0.614552627330741,10.734062429938062,12.742854919235128
C00772,28.284406348356356,0.0,20.604093313583867,0.058272653444085276,6.688626121716855,13.249353723416888
C00773,16.581769512019523,5.760948213430053,4.319354007011778,0.6247658527205674,17.65014768967672,27.762697876707968
C00774,12.322968293927799,3.6055619573293907,2.203430554616226,0.6849247198747315,7.787252421460674,4.284474254871475
C00775,28.951225565164656,5.310062317012806,4.820016579102852,0.6078450175032284,5.367564652456725,11.467712012803801
C00776,30.0,3.416644021822539,25.743436183104286,0.9417918545331418,-44.75213779002054,-40.787322541107244
C00777,24.46962834880797,3.227992653118526,14.44745811024966,0.5210357966160497,13.258039932167812,19.340859871814693
C00778,10.156094802521718,1.7480209149399997,4.85892167920848,0.5924550738335966,17.225888415868873,27.28072019237139
C00779,24.58680651757004,3.9800842893405393,25.235910982329294,0.6159183143668534,7.046337362515794,14.65362313253064
C00780,30.0,4.633559453251268,16.73509657288706,0.6155623431587259,-15.673558864053309,-21.817614267281584
C00781,8.670314352698156,0.37025040705348555,5.030062927425665,1.0,14.249933977568812,14.664741808089206
C00782,20.975512313052093,1.7702235388844594,9.896010369393466,0.8465085676699172,25.956782449237565,21.991601807684575
C00783,4.133756700192215,1.1526406079262648,14.113148963166992,0.5015381119567143,5.856078355996137,7.13898951733619
C00784,18.225817962887803,5.677397549546996,13.41624504877822,0.27258568016905277,27.68633713824149,38.044633604618035
C00785,30.0,4.681156660105017,19.3216864905147,0.713757343506949,-19.117694672578597,-15.54496953260277
C00786,30.0,2.4608063094536403,8.932175677019474,0.7175733392860963,-5.249224620676706,-4.6618932178999195
C00787,30.0,4.613388398195923,29.143926370307828,0.8267103137520425,-4.5227375302639,-8.229243248398326
C00788,16.574837301731534,0.9477551633536603,10.840944236476016,0.3678793355729195,2.0334166166893524,0.48784531477165327
C00789,6.705095933812068,3.456908775794843,8.102739331799661,0.475542485972588,1.9139692606467569,7.5773682831935485
C00790,13.65742795560995,4.401185293504827,8.877572010548256,0.4356361882122305,8.402438632231306,4.388725963035907
C00791,18.928544950338143,2.18897932666329,6.395525276155661,0.7698753635367896,22.58460102153226,30.260045918086888
C00792,4.67640341378357,2.987412041745279,5.899886282362709,0.11321169276425783,-57.19765872037526,-53.05321631625142
C00793,15.856285415033533,3.754564609395103,11.619130310076256,0.2560220481402528,-35.99180921702288,-41.74602264343741
C00794,30.0,4.7307754930127235,7.514920801491618,0.5903912822031754,-31.676874370071168,-24.301405401616847
C00795,15.763359254045962,0.711591328143689,4.842009085424853,0.15772002509782063,-15.682674853259437,-22.28544076790144
C00796,21.580415233517748,2.743865844069874,4.975671331888128,0.7464994086910492,1.4971600375997678,-6.549399568470681
C00797,15.364383475957315,1.6209249174596132,7.761929438856763,0.5573236456962963,3.1382541488725417,6.382226090275131
C00798,30.0,3.8209934412366913,22.01051701011056,0.020356119196292835,-17.641263786591757,-12.818347844409496
C00799,13.098808841194547,2.5390113311285374,4.948884336666393,0.7966871361223319,-7.953706497273341,-9.449979714973505
C00800,9.883492047243505,4.2219931763180725,10.027558646571345,0.16792507539354434,5.956067327035158,2.1686859277577852
C00801,18.99679226208266,0.9854249756467288,17.389899417918915,0.6689678978617516,-42.765879303740874,-43.734233706191816
C00802,5.173039814560438,2.289094255036614,6.507953115193344,0.7169392947438084,-15.439377476471726,-13.853501237905004
C00803,17.14986233870625,6.005438245783763,6.20038309060404,0.634549938426291,-6.8918022918902935,-6.297190596579779
C00804,2.656845623500919,2.694589642081995,5.234886686761334,0.8400389116005295,-20.311521754004367,-23.83363349080603
C00805,17.541836801222352,4.622831454489843,8.254554530084553,0.3796560802501667,8.300902463088658,2.124587939273148
C00806,9.501423195049597,1.4142886428520534,14.286957473809093,0.45970225250370783,10.780608582632,8.9517732584085
C00807,30.0,0.7692764794755038,8.49651680393836,0.8036201494448213,-23.10456319779486,-28.070850733643013
C00808,21.699598709355275,5.107843761990198,17.537919221055144,0.9407602445379561,6.1278432718684686,8.345201382408115
C00809,9.851214494626614,4.208822245717106,5.365324100389858,1.0,-5.3560143195009235,0.4021178185933758
C00810,4.092771156871709,2.3737391331081157,6.324732717773662,0.38916056207357475,-54.27588023610694,-57.17908276275109
C00811,30.0,5.451198231697177,25.228397464213174,0.6126626352540541,3.745360256937979,8.385241989946005
C00812,10.710331497671561,2.068282755357588,20.753589841680785,0.8335210357986641,-0.19353324696851892,7.78915768955397
C00813,15.949908286599083,1.7153652112726254,5.901238508113314,0.6004629950432889,9.939745216885736,6.402859370718505
C00814,19.957303210478447,3.0231929301262044,8.576129612054707,0.09919513870745503,-53.02820150303549,-51.26320933073595
C00815,12.685785060216066,2.5942380761058876,3.194336925823325,0.6848210601532753,-36.955616821733074,-36.85592544203115
C00816,8.55883928505082,1.2602821666240573,2.562950975607178,0.5459066573074639,0.12978893850748374,-5.511383852132433
C00817,30.0,2.8239108270049673,11.415670962779384,0.6718397651330564,7.423440977001953,7.428104475388219
C00818,30.0,3.378360848400238,21.08429506859906,0.6751634263496298,-25.739318439519735,-27.962367156385817
C00819,18.33101993244309,4.2449127505842235,4.360923409673632,0.7953540325653328,-13.042811868852066,-15.770500113882841
C00820,5.400336994021455,6.987524217072259,4.462073171844856,0.702529064536046,9.240316656154299,8.009850674718109
C00821,12.6403043618601,4.836793298039534,5.1061873687085315,0.7440000939041556,13.409072296887231,10.81491048270712
C00822,6.305245940428961,1.410940625635818,2.1658398876386142,0.7437883038754994,9.07024377169011,15.688907939915318
C00823,18.438733612083578,7.0,5.404358543846152,0.41480040608146385,11.351506459156727,0.9727678176401255
C00824,16.691820660153994,3.076289547870456,12.444900866147828,0.4426955531869088,-17.9953457031069,-22.624051307448227
C00825,30.0,3.4978235804007958,10.388564055893339,0.48041065665911686,14.422354606939424,14.01759258131473
C00826,30.0,1.981091614977537,25.770690960909374,0.49707567061581803,-45.27595508955994,-49.48052389371484
C00827,30.0,2.986740486679912,10.06232768882179,0.49648263592347797,-36.21580967949417,-32.79125801661459
C00828,14.808369807725814,2.9625492413669043,5.993441145431039,0.31517681493760386,6.623142530476943,8.027665222463236
C00829,30.0,4.0209992050437755,28.422266441880918,0.370961162527455,-43.79713933980823,-44.49917197650708
C00830,11.057653974108838,4.361923688936228,1.8360454198647629,0.7828101635130339,-7.493142275388758,-7.052939615849701
C00831,30.0,2.4309788822862934,23.768956039411755,0.5098795582959048,3.254269255742745,2.9880267516374603
C00832,19.901404508563253,4.788405685655755,10.740542276683952,0.7218766734257853,11.033647676399287,5.829650398395614
C00833,13.05135057902806,2.1818149299975658,2.963767651726611,0.9803114703595489,3.7308819168238356,6.883141446116273
C00834,28.234672586925214,4.674736804418796,4.323381978388213,0.764395679670776,10.325656502240399,4.3538190548967215
C00835,1.0,2.013746080046406,6.464160646685659,0.9822866902421229,18.426417848500662,18.917412359043013
C00836,9.436472286936459,1.2998569875492438,3.24512672878864,0.7360806014645894,2.2699177183176182,3.422364368920049
C00837,8.890848046714837,2.553567300501422,6.723513364105415,0.5414244092080678,13.848831712128272,11.606887478989545
C00838,30.0,2.6300819121525763,25.462600972710717,0.4671101250691133,1.58762087238998,-1.1709173972987732
C00839,12.821171463069458,1.5228641343992122,8.83239629379945,0.6407958255890992,-10.492442302463616,-13.219220082204028
C00840,10.82649204515524,2.4310858339211765,6.266883282852643,0.7199038425008407,-11.324604805014072,-19.595689939213553
C00841,11.784488970789665,2.186987901433345,5.273966859460929,0.7899127156997203,-41.76772235516589,-32.74300386610821
C00842,9.953731694677101,3.004075284951409,9.60149290036,1.0,6.64977623576195,10.15253916453607
C00843,10.187652571398356,3.8211799034029656,3.3167095067649024,0.893325950773186,22.209455428438986,23.122532105870434
C00844,17.51693401637651,2.876874268316578,15.874021375314967,0.6926886810551598,0.1431867238032556,-3.3618513211451484
C00845,30.0,1.5985782219562075,6.002479191994538,0.6568974616496954,-14.19126145154152,-14.7442176001195
C00846,12.8933339062408,2.4540828407217616,7.207407661704023,0.6666608814641583,-26.38999491325314,-28.70121982443487
C00847,6.15347829107964,4.486817955477301,2.075898829653883,0.7157188642056382,-5.124414557795426,3.0872357260410332
C00848,29.778458189962894,2.005633500439419,11.783942974459984,0.6115189940929713,5.605756050445324,-3.7296507230971443
C00849,9.743068256196123,1.5580289699247425,6.564935155171123,0.5420561313046668,-1.600416297201158,-8.764881600426396
C00850,10.315794904636967,0.6936582432486085,5.228332900252737,0.6131533820993551,-33.83092554352786,-41.89209662292453
C00851,5.381336499309664,1.9736327875746058,6.364039933926416,0.32716761797691374,-6.269488934380224,-2.4148689374681296
C00852,11.011090841956412,4.237895187385759,7.372430971201837,0.5722951341754601,-12.300496958440934,-15.82825666229084
C00853,30.0,1.9038819282489838,31.09285240061403,1.0,8.819295499457585,11.33542716154102
C00854,17.59387219977927,2.9455259720294316,16.743808649958233,0.3576073671928986,3.5492531653972414,3.3921586762345957
C00855,30.0,2.265130567406097,18.521507866144916,0.41255710226299847,-21.425420113472843,-16.469892567535158
C00856,14.515330828421295,2.175655316399623,8.084401257833374,0.44511016712430324,-18.574707342168217,-14.051767584182018
C00857,5.827967417303256,4.970158862604382,6.378102443236778,0.7171028366747553,-54.45760616168866,-53.58374071038356
C00858,11.307165161126338,2.7764659611865548,4.269004361915549,0.6514268659608526,2.2225496311075292,6.749127177766487
C00859,6.233536744470678,1.1181073456661301,11.29479430303981,0.7884742763921332,9.346473398717873,3.74872501202955
C00860,5.168636474246075,0.7090526070088226,6.1777321093392885,0.7526063956546811,3.8511000822516834,-7.184056640772599
C00861,2.5972418503457106,1.413128120942937,5.4159949617986705,1.0,-12.496725024018854,-10.420032422127711
C00862,1.969700474983357,1.2408723517505322,4.803903851555437,0.2992004840884898,2.6101329731145126,2.3097930829210984
C00863,30.0,4.291905866248685,15.191450352677695,1.0,-21.16632526342633,-25.132065866018262
C00864,30.0,2.6878762987974754,19.98374912207406,0.7637928358039426,-19.070654635327877,-20.247932619058055
C00865,11.13599685786899,3.0985299991207014,5.705929515985064,1.0,-60.545822272948925,-69.52633238177803
C00866,11.035289927632665,2.623846406801457,9.394710882460146,0.490382134674932,-47.307152887327554,-50.81064248407908
C00867,14.168742307414806,2.697359986154489,3.8454632193041807,0.6337109077618666,3.485223269676121,10.422692778501407
C00868,17.862778843149176,4.412915298188362,11.617489659334275,0.3503451746664026,-31.163941584272692,-27.04613915957052
C00869,11.55107860207534,4.524048985395151,4.827871638885343,0.2899472265748332,22.27728651765802,26.65321642109558
C00870,1.0,5.683321014097455,5.061928759781993,0.6458875245053972,-2.889589637159702,-4.615693468397338
C00871,10.01507916722671,1.6826973323315415,5.046172072038597,0.5779370633972389,14.66830321381288,17.74239352147616
C00872,30.0,2.413729662101379,28.52262700152934,0.5506629816869829,2.3574185197768003,9.759730856250783
C00873,1.0,3.292455640497211,3.526846051489054,0.4523678747210374,3.962310669898697,8.955642118145954
C00874,10.164855682045001,5.359883231300719,5.067473815557184,0.6864839743416553,7.844364931097444,11.621372810216592
C00875,12.10894897853058,1.9581280408840198,16.423302677819876,0.7037071224704319,0.47245390831329726,-11.577874274433736
C00876,17.70314002365802,4.4184407770327,1.0,0.6232957765691507,1.4132041662485957,4.602664485738573
C00877,3.5641761488148616,2.0854038912135517,4.25365456040593,0.4071200949963313,23.711173859729076,22.460072480558203
C00878,30.0,4.46047356246073,26.300080290732616,0.3652950270936903,-8.558619304882598,-13.484909057258246
C00879,16.461352776914836,3.1396551131962243,2.734875649122312,0.604694283406379,9.957177605427876,13.160572768422071
C00880,21.135872679131417,1.4359210168538796,3.672849084706847,0.33956734201358396,-32.62735710181579,-32.26904092158502
C00881,2.8221221551519076,2.8229495998327168,4.124169580178922,0.7354574673559335,22.88891313637332,25.203565442905955
C00882,7.70595435034393,3.9209611701294507,3.819107549007139,0.4535652344547913,3.2360654918626075,0.12740278167914054
C00883,13.430994630327273,0.0,6.383427605416256,0.8945098359336535,-2.757116193438037,-9.743529006964808
C00884,30.0,4.36495085126289,19.131395306835394,0.4065531764013129,-44.42971283558563,-34.575573600410905
C00885,9.015074460036693,0.8016837571202275,12.046606759089965,0.8978688660024104,-6.76649657823085,-12.393282288164228
C00886,15.537611117101486,2.6724190343871026,5.45318988416343,0.7314803543662483,0.7251086000150719,-2.1669387470767054
C00887,19.039614061683807,2.836415706801832,12.857722468537158,0.38880417232243414,-21.956952814396942,-17.550397594090796
C00888,30.0,0.0,21.441425314149125,0.7505991672018975,4.360190619645378,11.311787205894596
C00889,14.973951791932853,2.0781320292937,4.685711074461015,0.9507847545513738,-2.1663325835817036,-1.0364455035750653
C00890,14.411237295776147,3.6267271867498634,7.197078854388096,0.5013051751540717,1.6310249564270514,6.159881425327618
C00891,15.400055129736373,5.794386029070475,7.55494356671133,0.553408946521065,4.002724557979458,6.571505866032214
C00892,13.493118045128693,4.2338188394091105,8.383740539006086,0.7051165936675543,1.803284760094197,-2.835914791292044
C00893,13.30355372084286,4.358073245368664,5.63669618417442,0.7227208219564243,-38.32684033298953,-44.04058476162986
C00894,9.788489467600039,0.0,3.2379083530792023,0.5641069525900675,8.551683128184205,13.575912373844178
C00895,16.747840331477192,2.5480096575475026,5.674647161025025,0.6579855925497287,17.30685187798987,20.47290879260486
C00896,3.2553739275337223,5.729417702885494,4.338588763573458,0.8420072938231657,17.067645948503156,30.8826035655255
C00897,4.359900945530883,4.4974728913455095,1.0,0.49398846491868087,13.573080016816043,9.443539070342617
C00898,25.412277838475358,2.2314444041252663,11.71057090828851,0.2926133133445874,-23.95330584052659,-23.835914885056766
C00899,19.0977058357971,3.1714582202904142,6.649758866578605,0.7393602706083335,-7.96028447892386,-7.409506103854797
C00900,1.6229036594425104,4.469658809946736,5.039910197060282,0.673935102856575,-39.3369338613801,-46.3130926079937
C00901,13.4948035672505,4.4315140298054665,5.530732326187298,0.36404187512940084,8.2711182043703,5.572553574303092
C00902,12.264606480268132,2.810387667043986,4.193693526712521,0.8429050868613416,-34.210087833744765,-31.681399216615237
C00903,30.0,2.632844052179069,22.06794272993113,0.8204786776530442,23.46896681212098,25.944788430238205
C00904,10.968802332766154,3.662691151748174,6.309142335482651,0.6703761555189028,4.778384383179465,1.5797611169265626
C00905,20.600173658142218,4.462482457658025,1.491077217262038,0.5852245657763301,-2.5684634279934446,-3.332495580148896
C00906,14.91805756814122,2.4114413164655146,2.476094552371581,0.5868183638835647,-0.28583889125897777,9.490614938024668
C00907,1.0,0.22501131172509536,1.0,0.5802002621851355,-46.76603825644065,-46.96191442756644
C00908,10.152937417040299,2.8798807946194156,3.7541790625223768,0.726738730567734,-36.71195304159827,-39.93591279823196
C00909,19.35766455152803,1.1053664836752513,16.304048918074255,0.34408006465710206,-27.623423469817148,-17.19572496799786
C00910,19.109481930082797,5.90008596446071,5.516248171472806,0.6544899609572317,12.008909633911157,13.625238097171394
C00911,5.6787494577119855,1.5701088625537916,5.233294392413948,0.8097006468880774,17.89218338542667,13.614304138046109
C00912,28.018974655550206,2.8232705790026933,9.759779723701069,0.7297978204080716,-53.701319898558936,-48.454353219464984
C00913,16.558018627467693,1.9345885056060739,5.9332471464400385,0.5496650629615213,-20.23518247302303,-25.473427765961095
C00914,15.879378466299674,2.2229868404376107,3.6355573624830413,0.609685692610265,-2.8493299259889815,-7.334837461403713
C00915,15.144722111751953,4.251176150549995,1.0,0.5089096630632255,6.091653167806837,3.5146030134102313
C00916,8.805971605267795,4.5794363100567725,5.859184462920507,0.6995452926970566,-6.197754666820302,-10.589427149401033
C00917,30.0,3.983761444951485,39.783215158493405,0.565415717600964,-30.47135795591428,-34.35084367014898
C00918,14.416277329209809,4.4519920780662146,4.865885464146615,0.7104475904014089,-2.737118777174267,-8.266211017873923
C00919,10.134761525988255,2.2106609243021245,5.323188424606745,0.8196059079263822,0.8592090653101216,1.3694286121082189
C00920,11.611008734947525,1.3559658131958021,7.2096297904638,0.6574736331811263,21.733667647875766,15.52745720004141
C00921,15.51886704497377,1.8762487897205777,13.743108617763111,0.2996925290069812,17.307409573852013,10.556376277505516
C00922,7.9251377688498374,3.6465801165722302,6.399717330277702,0.5080648251500218,5.297896791341978,7.591811643361686
C00923,22.852130057614392,4.825434005569869,16.033229940027315,1.0,-3.7806128226074467,-4.89896121754872
C00924,15.165534269304347,1.1480990433027944,2.225152867667905,0.35075038766785693,-58.86114558134693,-58.85253028406046
C00925,30.0,2.4669812020062185,17.846252209622886,0.6404545182589773,-27.48964199833793,-28.78508463967824
C00926,19.72115317763417,2.5904675528182297,9.52851751629672,0.84312103870192,11.780431510325094,22.869921398335308
C00927,11.18568788493805,1.8404290123416813,6.386946547480662,0.9105340538133083,-67.22000974605861,-67.12442173037321
C00928,2.0410134859223774,3.895295741985822,13.683649315147484,0.5687036537279629,-23.402356094666892,-24.315039565843776
C00929,8.841097360488185,4.497881205164866,5.04466044013929,0.7873193875527136,18.569737333192105,20.449140169288732
C00930,3.716707904308877,6.6794235533928665,5.997747744624377,0.5783150805850744,-0.7616168176167193,0.854257174151156
C00931,14.547777415427984,5.962391676062884,11.534493456460025,0.37647827066149026,-51.07767484520363,-46.25509889012024
C00932,5.425638790235958,4.185078575372272,1.4088481578955987,0.5596064898306851,6.959455632472828,7.821877945347977
C00933,10.71551457210487,2.3104005337352875,7.265168977922039,0.5465106121954539,-7.982896631234693,-5.878918086002717
C00934,5.074646306798062,4.060447694113806,1.0,0.8335812046363967,-25.81105268157536,-21.96892248337235
C00935,30.0,0.06760614676368881,8.514745384114326,1.0,8.703576282832262,14.109229918729012
C00936,9.71766909455378,3.991918995167773,4.844906341829386,0.5771693785174826,-11.562165874423062,-13.824216146547935
C00937,30.0,3.548487490302134,10.265074287005843,0.3724816511458824,-7.153617670590549,-14.559723511477117
C00938,13.803273700534476,3.1153869946235,4.010519091149507,0.3348967057208597,-27.83320831278952,-36.12649142053493
C00939,13.442277988620086,1.8276257686863142,5.661734959588331,0.9539301938459229,6.147134337913507,8.689310650985202
C00940,12.718904550509366,4.19083437700369,5.00316180744069,0.35578592819168653,-29.747763982106395,-28.689856844625094
C00941,20.429838461142197,1.515521519517541,3.479110551975471,0.2601180190881546,13.123254106410183,6.5080369266005675
C00942,12.1376128184814,4.582838137962552,2.2621141615093108,0.739643925666164,-25.665553335060665,-25.665147973594557
C00943,1.097890379600038,3.9014092141215806,3.4612777768063197,0.6943948334743709,23.42610207240003,21.251389904047635
C00944,30.0,3.64418431656083,27.75478057938003,0.4151080213107373,-13.544055434061072,-17.475868306503806
C00945,4.768573078277817,1.5240160958623428,4.813813849115386,0.6295917795864154,4.751244757395957,-4.447536233425577
C00946,5.999971588968183,2.0215967546824203,10.784413322091028,0.8674321741963448,14.32606505052635,12.400934744603546
C00947,24.316495031629273,0.7694400200125253,10.767998556268003,0.726588358789351,17.275370476403666,19.082193229018735
C00948,1.0,4.260327594025044,7.341811648623272,0.6164473032454536,-3.92368959539297,5.05355188575305
C00949,21.086450777302584,3.054449563383608,7.2584059536489445,0.4250068990802155,6.534430255029022,-0.23112000398632926
C00950,8.811465309981292,2.1937955662708424,32.66472369953644,0.4415189950051166,13.029823324445541,10.828065412407529
C00951,9.12281479929091,2.7954948166034654,8.59371775377736,0.673012773157293,3.3538543964096803,11.463680773872055
C00952,30.0,4.574673461103043,10.061967321161468,0.8436921991343838,-6.878359636595642,-1.9679889096906757
C00953,6.7349845519725005,1.2908726682401597,5.633195855771827,0.7137807198696873,-12.137059515911215,-8.076734498883525
C00954,8.173689246889822,2.342351194554604,7.877426898757819,0.3031030021115438,-17.79219924218203,-17.78794344648992
C00955,8.297149231518302,0.6304245481423663,3.341227573697336,0.7339908942491363,-0.5025334440497904,3.611357972092674
C00956,13.096462153038303,1.4217258056331137,9.305429236245448,0.3382067674212689,-2.5655475771629623,-6.604895235117951
C00957,23.034203655517164,2.62372978076752,12.204168254354975,0.8909767508919472,23.653154222114946,18.854536532552263
C00958,9.64174003321891,4.6263743249912626,4.258791079506814,0.9228610005565645,10.577511756447766,2.617051294970702
C00959,5.816762532020286,3.9627006630300983,7.039656567238625,0.659470414986141,2.147458667877735,1.8641899030338915
C00960,7.965241677000021,4.484324805822655,6.787068480064049,0.5262432300618713,2.7953539707334616,6.048807956243532
C00961,26.896774367771414,3.994895291756372,10.244217332972353,0.7082295785261028,3.396594770731305,5.296193339612933
C00962,18.662797449241616,1.5588416448619364,10.52477747154904,0.5208209658949358,10.957503762972209,19.542925466021764
C00963,11.210160598217152,5.542119152792367,4.729851683024529,0.4358620562602661,-5.777594994955136,-9.566721198316891
C00964,8.199157791578351,4.112959727651745,4.659983539585899,0.27261529119965744,-4.558949457994569,0.9163077616289357
C00965,8.698500768991416,5.695092327965206,6.665528521039159,0.9143596315603326,4.744345889976926,5.418505142013617
C00966,30.0,5.510760056571579,7.794921263069616,0.8067441417525456,-22.57826086110444,-17.384584108289875
C00967,13.9207837523848,2.8629276662714864,4.937912703814734,0.4344832397256034,-40.114113409108946,-40.34798910084114
C00968,11.386509467205727,2.2664566635947594,4.267795627176312,0.6967645748701905,13.974939903311203,13.878290920078754
C00969,9.178039141621559,0.0,3.5354004819314313,0.4420459274727031,-42.01262396157376,-40.721441345285484
C00970,30.0,3.2493591357754603,42.47420525690059,0.4617148501952369,-35.12971501781692,-34.99011657605816
C00971,12.035041390264507,2.9410458513344784,11.750801161284198,0.42938382472502434,-51.29660963798188,-44.08320412065465
C00972,13.34905668089983,2.0413789292235336,4.393638759238086,0.8157362457290307,-8.228277823021315,-18.97971680497901
C00973,20.37798181952526,2.25160130582654,14.413249211937735,0.529539826638635,-2.6348392482508265,-5.9260830518788294
C00974,8.687447950437692,3.7787209510856976,4.272672688245615,0.4426075908083759,-1.295120609190131,-4.4203153974816605
C00975,8.61271967571274,0.1738592797081342,3.9545337332942085,0.34360176034933393,-35.29417166778288,-30.552566786796454
C00976,30.0,4.9211708354556,14.913514760581478,0.3240497140038341,14.349279020204506,11.920443398064593
C00977,3.2187465253806913,4.312258798751852,23.188194938638993,0.706275512823556,-0.12949008842525167,-0.36372160764301625
C00978,30.0,2.465083778822394,12.94592851715797,0.312335666769092,-10.128928995819159,-11.952386850232637
C00979,15.119063279337684,2.8859877530681612,6.272216108242108,0.9421023582742277,-13.064065362044651,-9.621163096766262
C00980,10.186969159128248,3.4763129647313957,5.752271996894845,0.6078317352214336,-28.381763217607578,-29.009092717549205
C00981,30.0,4.22238981768721,27.112432350128497,0.02864660685861614,2.1254086916900734,6.426737718400803
C00982,19.894773363441796,6.043168560870734,8.479685402209975,0.46397062704146375,2.8164334350368927,7.743278429209924
C00983,12.423089290901217,2.2107876884601514,8.267265031719663,0.45494015010516275,-6.561435747020665,3.2053741513831433
C00984,16.17207308185905,5.0459205490503525,9.998015491173785,0.13990788078252275,14.107289433871307,18.445455308576747
C00985,30.0,2.6676338585355026,24.127090479502044,0.7681151453074606,11.024431833517593,13.437011641662027
C00986,30.0,2.403061278447997,25.203894707675893,0.6882343620427299,0.6114379935016183,9.728595434565282
C00987,20.264681259215397,2.6130166050661887,2.6178155162726693,0.7389958713974951,-16.626187980001514,-10.949117107851215
C00988,1.5679034619753338,4.6244035882169685,10.114087690581721,0.5900374900381115,-26.640371179933947,-26.18406931719451
C00989,1.6999359099039726,2.1418696094919927,3.531065258125111,0.8224681897816457,-13.632648501574803,-15.127603111157988
C00990,30.0,3.160080031351185,14.955856190915227,0.627544800471323,-5.919540114651195,0.16304995158594782
C00991,24.723505508763566,2.230434024337274,15.447865187953326,0.8379439087099814,1.8697721178926048,-0.05398188176425567
C00992,14.136968436029788,2.3572806890604054,2.4673227714929564,0.746667075719464,6.75666544257964,8.8542033484472
C00993,28.090182247210162,5.02607284882907,8.130281069540986,0.742776349547278,4.560408246809114,-3.2499299551945917
C00994,30.0,2.9840176485033507,26.70024912104505,0.7500597886555991,13.427546578182259,12.529056982378773
C00995,14.34410821204618,2.000878363407566,7.976349085416064,0.5314944650549227,14.06390235299189,21.26232462336762
C00996,11.443569141704069,2.3489355294672163,14.751699561374537,0.3260021263679135,15.37584926951957,10.181384935143763
C00997,25.663209036543638,3.4190179287466305,15.102809953409416,0.6989209389539832,5.9689878163523575,9.8078710297726
C00998,24.528794497542883,2.9216359346027065,9.338908927784308,0.5834968579892047,4.179751322006326,-6.687237318474023
C00999,30.0,3.0036655640462113,15.266795828803264,0.43877478448969026,-1.787889151282359,4.539798425280654
C01000,1.0,2.551708591447156,1.5884925650103638,0.6481456836234923,-0.8636146423794866,-4.825038497907424
C01001,30.0,4.566074327602983,12.225745528732102,0.5249568707259797,8.488983898655345,6.775834380478501
C01002,14.237504329807228,3.8647705437534303,5.105640705385481,0.7864425029070599,5.14863193612672,12.213169597684711
C01003,22.56243379610712,2.663049014186814,16.562653514616372,0.6810404207604138,-64.50531472062738,-66.38863969403727
C01004,5.236647343711684,3.194923944185963,3.8542909284400864,0.6247363172796531,-34.3903059551598,-29.709685174162473
C01005,8.541682446224282,1.7779233712535696,6.55180963668832,0.5538450587436048,-9.39457470702282,-5.874025425428127
C01006,11.734325466548867,2.889383521807938,9.143648467825159,0.16046861340836505,6.464388113159384,12.621812112509831
C01007,18.352072603421682,1.9645564911341344,4.820925425658961,0.6023031259096815,14.26318886521478,19.180279806752356
C01008,17.628400022495402,3.2934105717680504,5.86970853066746,0.5375672367332076,-25.293318125508677,-25.849850010868813
C01009,13.093508520677737,2.8447945592078825,4.927447999373938,1.0,9.721484096768624,15.615481712854631
C01010,27.307095087946305,2.638666761266335,7.472046107323955,0.414848893353828,15.094410073951643,16.346271037212013
C01011,30.0,3.214328527738179,20.208930822626847,0.1339253288241864,-37.4104379644428,-36.211066868882185
C01012,24.602188407516866,3.447884439203345,30.17359520207924,0.7474929860183921,-11.470030567263393,-2.8787500643190747
C01013,30.0,4.635562130245619,19.807538574899482,0.5946432358084566,13.420394457986578,15.136481237662217
C01014,29.646019620428127,4.167855607989274,10.750641721827359,0.3621586331950688,-25.106061130033027,-25.76634391916818
C01015,13.533424089126473,4.426627900990464,3.471707556452137,0.6921076249985596,-40.59696155919961,-32.24588541538664
C01016,13.836464762320755,2.4719682271586487,14.16759353218626,0.38522432387141636,-7.254196386570273,-7.039563336019427
C01017,12.436957408756042,3.431561838177823,12.91283782288462,0.9987025006401972,-16.927927688984454,-22.373102223427093
C01018,13.234761520156013,5.602328869699239,2.790591132491002,0.8164822833412422,-13.456508935514627,-21.256669135018505
C01019,16.989391844949516,2.854713272621219,8.26982064372651,0.7838480024092707,-0.3801427019454646,-0.9731354900946875
C01020,6.04941925744503,3.1939957190540063,3.7382865298759222,0.6260067328988601,-1.034770790537113,-3.4278132604369933
C01021,30.0,3.2140654162720854,22.691484523073726,0.7546681869089743,3.748669329458318,8.944406714483986
C01022,26.76263469889511,2.844062632397134,13.09128281771569,0.5011327665420532,20.615772388890633,17.872514772148484
C01023,22.438312758867404,4.932233495964827,18.228895168396676,0.6678025693336701,14.561290846038919,8.1364690225708
C01024,8.306788435872834,2.336831616126467,3.821325351470966,0.5922974963050806,-17.826179525813565,-17.795317006453143
C01025,13.656239049975829,4.6199141427239985,4.398904794133086,0.8957421103653683,-2.5624686406138784,-10.546176547464047
C01026,30.0,4.154259248220873,29.2710084349508,0.6401970833957169,-6.517681995893071,-6.245107073644908
C01027,11.461256875580894,2.9088341878305983,1.0,0.6554738650155978,15.681736496533743,15.84239207897545
C01028,7.4524069277964555,2.3834115728796643,5.746822039845595,0.333405578789768,-7.838064011716575,-9.579637927821835
C01029,11.702194420901188,2.950944146964463,1.324281529363125,0.7748885289905599,-6.686180945478476,-13.069770140293539
C01030,30.0,4.738823501050429,24.8502940580333,0.6967804422152015,30.647538626214374,27.234817003139646
C01031,9.808643159364442,4.615320781014217,3.7977542297391667,0.7144809885054352,3.0136626853257695,2.1152596491771956
C01032,1.0,4.1999413405017805,1.5748925421026776,0.8284478515899985,25.749092861663332,19.390103762835615
C01033,3.0367815661177673,2.870358590811281,13.786689871724578,0.6440089077516433,-10.191292403366411,-8.349181528914706
C01034,1.0,3.065355910927784,4.068773369518622,0.42602277637115105,-29.59454788676205,-26.956790077612784
C01035,10.073449971744017,3.9394826605328697,2.532056075574395,0.9275666112298724,7.674834550510042,8.108513210601535
C01036,30.0,2.6447203184348576,28.073436129145044,0.6803329430405133,-1.975665560812713,-5.835999134692019
C01037,29.1138825791436,4.256374182022709,14.149475576810904,0.5707965339804205,-3.9324259616529584,-5.170053925351706
C01038,18.010888783093893,3.227585000031514,12.741916063609406,0.7528231767971769,-17.246355732167377,-9.826002888363845
C01039,5.415854048318304,4.520946116944755,6.97517918471362,0.6997085320242058,-4.992857180436239,-2.0861062137670103
C01040,6.980458997231869,0.8783947414401116,3.716323025667152,0.47519662048901473,-28.48461918248327,-29.300176529126155
C01041,30.0,2.0892540328999365,4.49502349881012,0.8173378788937179,4.2344988089099305,7.69580354807874
C01042,29.25195570128668,2.5005552928320562,8.669577757141706,0.7297287434772001,-41.04622110552475,-52.00506744083846
C01043,15.6876270581232,3.618775401045861,4.83203083982123,0.12425707857603539,3.815552306949566,16.390054508731843
C01044,30.0,2.436241660059906,35.2289082032441,0.4579024897471746,14.49068999319479,8.42079847356739
C01045,21.103484551812688,6.270278667333004,8.036068011967652,0.22896119861439024,-52.348997055072466,-50.980081530087226
C01046,12.558193735385528,1.1719430714827168,9.811494489910604,0.3693387403195713,8.420380193295527,3.8668867181710826
C01047,10.115240645096014,4.529498320401793,3.7540395299938965,0.7660088137956091,-33.21169501905029,-38.658627097033026
C01048,13.656945788419577,4.845269173900098,18.5409010795586,0.4220132508674273,-22.875234500770112,-17.679228732180942
C01049,30.0,3.747421497620219,20.731581310116013,0.7429983945960505,-27.627195552839265,-28.252475589839623
C01050,6.778084627977252,2.5266521237933226,7.635285197246886,0.6837806382377234,0.11965592113708823,0.9562213738079864
C01051,1.0,2.9712274450879055,4.382116373464444,0.7425980854494119,1.661970003109856,3.1961353440808846
C01052,8.090618052880824,4.225588687242199,4.513353503537127,0.514109539027267,3.9160559275277977,6.914167504588409
C01053,11.693830956354047,0.6021441970562655,1.0426803686825385,0.41483205023331704,10.203956857807128,12.825023066167653
C01054,11.020234943471303,2.0485494711262664,3.1341678094973844,0.41527352556785213,-2.5026770903435533,1.8531018365860374
C01055,5.032605426544961,2.1936236209112914,4.775576382839508,0.6261225409237315,-37.80566352812387,-47.03248423380461
C01056,1.0,3.8169289789809624,3.529458126387655,0.6416266816775059,15.695233620554177,11.774084753529888
C01057,9.601188940500606,4.63347195412425,8.249042076308864,0.06051832753570627,17.584266083163776,13.055129947842126
C01058,4.202022787121833,5.971473661689236,1.0,0.9620803965422531,6.954660695540349,12.207183039404718
C01059,7.748158950505587,0.20357730156584886,2.357143701162462,0.4902642918662302,-20.557761971028043,-16.773709100631205
C01060,8.309806616785414,1.4583559630737457,12.103570020391954,0.5464241386075765,-35.433870195861815,-32.1400430736512
C01061,4.4400933999420715,2.4868030563062664,6.639969368143153,0.7309688203368178,14.970556164133242,10.352224125253807
C01062,30.0,3.8341944234914087,34.69310179530957,0.3683958470659065,-7.167280079883046,-13.162859234400823
C01063,12.299557061083732,4.146614879395232,7.295846874235147,0.22970278063069352,-46.607495477611295,-54.92292170703928
C01064,19.751566781863726,1.2317986812566413,2.6043069100205054,0.4775238765951729,-11.73178706341941,-10.008189313732483
C01065,14.442970503959536,3.564560385845355,2.34603223563744,0.8592259421717875,7.651700421051458,0.0030195516702713476
C01066,10.087397268957515,0.0,8.717840889885599,0.6014140417938114,10.915088710351903,14.641007864379855
C01067,16.215370725692352,3.437882627345416,11.82247237905329,0.9092693799651571,-8.82220357547647,-12.26586623972941
C01068,30.0,2.9607938719413447,4.363826525497527,0.06908389243845686,11.503706443904356,8.917026906932854
C01069,18.615415153835514,2.850537364314072,3.1860481881771703,0.6235823589920344,14.430873544231543,12.94090838691135
C01070,4.954148195997632,2.4122450055641007,6.4161705220396685,0.3942296729970871,19.90307714334896,13.623010421640753
C01071,22.727218156039232,2.8654776888007056,9.636279336949489,0.8239193200046425,3.3898173351812915,7.916923224216636
C01072,21.43694732774711,3.482419288289404,10.927963526870668,0.4846743965704408,9.74123046381917,4.0772347781446925
C01073,14.314265600163619,5.491040211590528,3.7878095427788017,0.4724798056562871,18.18277509605976,16.81993974192598
C01074,9.40974785458874,1.0721266080362628,8.16875526898007,0.5636720100396131,-6.84915201142141,-1.8020591443732936
C01075,30.0,2.5906840134189983,35.90617225751608,0.30193684883796656,3.574687298445694,-6.095250960926563
C01076,5.376180394198755,3.811287666080913,6.598989718071659,0.7050360998797638,-7.916072142023328,-14.693519427293857
C01077,9.325900693687721,2.90953575318839,1.9934908061695809,0.32535092591930065,5.435742574449066,2.8348520754994935
C01078,4.317857767570724,3.186224244798625,4.069518102312752,0.42532778597662657,2.7059159722686497,2.4213920563289397
C01079,14.65025031743162,2.120070756028437,13.630258308097204,0.6614301143541661,-1.4166004441405624,1.3592356796710323
C01080,4.8258552475272865,4.238055432558239,1.0,0.1065657424993315,-40.21372341684847,-39.64506423729542
C01081,26.125435468599242,0.0,2.850231919070443,0.6171258800090418,-2.617857174587563,-0.36517788280590935
C01082,27.722565606227143,1.5109723183958694,16.790340751685967,0.4046872028799858,-19.26443938645549,-17.486022570884998
C01083,9.781055403102604,5.93319666692324,4.982583384643015,0.8265519089681085,16.169934448443914,18.874369098463504
C01084,19.97075531872896,1.1567137727569927,4.693742033994048,0.8022291660895011,25.18222461691615,18.347611611055758
C01085,17.817568507629264,1.691940069644751,12.942532009922335,0.4671793063755448,19.312707411847903,16.711302723257415
C01086,6.0710039625501295,1.8184960324493449,1.0273030098624836,0.33475154486319375,-31.090124940629977,-31.861363092087885
C01087,30.0,2.1883069188045967,26.756303774333084,0.6536060735693838,12.340966140111409,13.22179872766614
C01088,9.228081548694771,2.9710524612118916,7.056879110467011,0.5747233644805083,7.939870138561766,6.427077037783083
C01089,11.559661974166794,4.618486855851271,4.1444173452139825,0.8355619048278511,-15.23846871428962,-16.49831552014599
C01090,15.996632026522509,3.7161347545342505,16.534225400193044,0.6500730568403397,-11.179246073306839,-13.688868478362679
C01091,3.557511763075948,2.645845577760549,8.498143383768033,0.7107893365054089,2.154544612305237,1.9916354744392541
C01092,29.336859572223105,5.623686972131012,15.36875295034196,0.8051668634556084,24.21105813878024,35.55315629552391
C01093,16.094449001350718,2.3741567866303392,5.698936003487965,0.8801943112304975,-6.916516806302319,-6.584142351604022
C01094,15.741765234747076,3.0863706736598733,9.556829268435305,0.5462121785807382,-31.713941271135553,-37.328386478936125
C01095,30.0,3.1788969793056516,8.11836679904921,0.7962369792395214,-7.481566259912658,-2.696857614915251
C01096,14.95204290287551,4.2705063321385,9.727904514019473,0.590333743084638,14.116694157852343,5.245508577483982
C01097,30.0,1.2733484591587878,14.058111933829416,0.3520338242233082,2.944676785089996,4.286868834878748
C01098,5.251356903852498,1.4642908980532385,2.3415183546994074,0.7832108636413309,-7.632014268401022,-7.5264613042102235
C01099,21.86713453986602,4.4140499615533795,5.431941527520027,0.4941366478999933,6.16065887468201,14.09775201930429
C01100,1.2077526321083027,5.677189923783422,6.53905753042913,0.38956151048776894,11.54944075805702,12.756437171972705
C01101,4.498629073049071,2.453861683845899,3.3359025621756686,0.6095004806664548,7.301018121288366,14.779530441815904
C01102,30.0,1.1074660522644,24.43962752630064,0.7132195809768641,16.937008578342187,17.02877852680002
C01103,1.4419442812419678,1.214862004129769,6.65742732833025,0.6444504110587189,12.171728955369751,14.157649700866429
C01104,17.526044241411007,4.554313847224748,12.11433745635787,0.936245821366069,23.475289654753272,20.409811510962047
C01105,7.3579509497608475,0.4701564843454835,4.024380101899181,0.7453674486515269,-15.475958498279272,-17.430368101918877
C01106,20.31092112675409,3.0957417068690924,6.253539748972349,1.0,-21.997091498581987,-18.914691413796795
C01107,22.54864913411218,2.735660789883875,5.380552014052975,0.49921683380977405,-21.94863908942726,-15.893990123598734
C01108,8.806192860061344,1.986871714536326,4.864911176509864,0.6378882813907806,-33.08265261929099,-41.88131408962985
C01109,27.406643369550554,1.7124612287684857,11.808953484629301,0.8330192018484835,-27.68399036668538,-17.304557680609644
C01110,17.059621697412904,4.044238804150503,4.837622523948539,0.3784451387972334,11.720103298796687,13.980678917594357
C01111,7.094985802089312,4.166109339403604,3.4100264946605847,0.9427807870832572,-0.454863081286522,-2.1509875867664507
C01112,2.1254264300041825,4.750986587202926,12.09230293815531,0.35935650192352403,20.305082097746187,22.65899450655064
C01113,6.6278299070655695,3.726511138759824,4.751156180266821,0.9198588557747382,1.1864351961233544,-1.5559536912561205
C01114,22.9986282161737,3.011357708187457,6.359740060209043,0.7516466491853548,8.067135128473108,11.812172109723205
C01115,10.810263311454321,3.24489137718368,2.6967163942463483,0.5427964498683785,3.1823403085662174,6.629587648455432
C01116,28.82019232533819,4.486238276934059,8.796175367499668,0.3480553305750942,-33.17143473870966,-32.5290070990208
C01117,19.316408025157713,0.43869835486060227,4.217974380443271,0.40792464984272797,-8.774821751468627,-13.316179939924288
C01118,22.116552298565594,3.665943189318878,8.519234852544871,0.5103854876313598,-7.7902672144361045,-7.66187709695522
C01119,30.0,2.1326109708665153,40.63498856002906,0.6009603420023077,-0.9414290565358883,0.02303260246373906
C01120,6.365272180413163,3.5642230573842664,5.80159519481104,0.46908317232199676,1.2257552753774306,5.718478206134628
C01121,9.067061951270269,1.4541572691323714,5.460644756578633,0.5545861625619736,5.549555398561195,2.758823921247112
C01122,30.0,4.275100893158703,19.681889057949427,0.6613613162044373,-35.7745479082259,-37.529026669468266
C01123,6.981244196005608,3.8813577606579432,5.8984813539111185,0.8413462748909527,10.25476042010785,16.662288989240647
C01124,25.964853765238328,1.9419076661038288,8.073835299107602,0.590841892350193,-7.957353553290325,0.55159827940947
C01125,22.886441109183806,2.2993973072971388,43.971078843230615,0.5320564272116112,-48.69461339615415,-48.45244382905569
C01126,19.813835700669387,2.1615092666069478,16.073563417555427,0.4022329297841255,16.907461436426775,23.085815265533046
C01127,2.2541321626095385,3.0858435726337676,2.408443655123352,0.5187038118194458,13.579039986796671,13.565809985585215
C01128,7.161858219671388,6.044655643690331,3.158870754161563,0.46095563143070983,1.5182734043223056,-4.322220726765778
C01129,17.389832111741292,0.27345006486782086,8.199430680397223,0.71234583090716,-39.18509492757711,-42.32380787679471
C01130,11.302721470800433,3.488530566038144,4.544643290492754,0.4529489464830037,30.696465686272205,27.203720088451103
C01131,9.333336322675054,3.6461700491501823,5.813728409939101,0.7720498224691273,11.903053650845294,10.023838696823066
C01132,22.70400966022153,2.2035666047039406,8.292728229685695,0.43097786124698345,11.537149022118232,9.772640196864268
C01133,12.572043412590956,0.489642378256709,1.0,0.9512043485810356,15.111034558784604,25.725914811265405
C01134,30.0,2.6984660998969785,13.296540811232438,0.7438866235914479,10.705169186107879,7.186944319910705
C01135,22.284519864212392,1.1736501111159297,11.330922564411102,0.5605599938295527,-6.462444740326138,-11.517458694231728
C01136,25.066591493148543,3.834666719575496,24.529714300082595,0.9017221846660206,8.57051050590578,14.604323529229614
C01137,2.6055147924759083,0.9270382893477285,4.389274757435999,0.6752788041395514,-24.92724059106179,-32.88795894459979
C01138,27.267062769741962,2.9248942484343425,9.838110138725758,0.6271282356929362,-31.209275116761695,-29.841728703519674
C01139,3.456604442477217,1.8437759892002565,2.5845724644130073,0.4647334044790883,4.3089618961759895,4.19583906290105
C01140,11.826515373750786,4.675454661704442,2.289410903620684,0.8641547923980484,20.320443611211616,18.520520407463653
C01141,30.0,5.354717968219386,2.2150357759085644,0.807703280369973,13.586416661850034,9.37990391671288
C01142,9.692921551111587,2.4613863881695868,10.353522064904983,0.5356126317493811,-3.1218390306234376,-8.456129842105941
C01143,6.718343612149296,1.4233710828345143,6.958141717125864,0.7284513977694721,14.385409749974054,17.44939327614302
C01144,9.232138099141281,5.508796705752742,6.800901728050569,0.22310266111359484,4.372245455118101,9.928903290289941
C01145,5.564497561698942,2.7954609827300017,7.168569455171239,0.20264648257415652,-18.42057072255289,-21.684235259919664
C01146,10.970087686483058,3.4712304940091445,2.010753537773409,0.619378312840954,9.272038781624692,8.379057027213937
C01147,30.0,2.818057328234044,20.36635842167626,0.8135034285694064,-3.4359341353245956,-9.100331372607807
C01148,6.145746802428463,2.6915806888798572,5.959360911567752,0.66718082152718,-3.929266856549509,-3.498909884131553
C01149,12.431398425982916,2.2607285850362215,5.06466088455058,0.5026755808768655,-36.87186742478283,-39.770989675754514
C01150,30.0,0.16648876783265099,21.0945375350394,0.6063468364940053,-7.114341573752306,-6.082300605394335
C01151,2.766922935165569,5.651240345310693,6.674550737789828,0.7092116312021935,7.118555453649362,6.568454554373043
C01152,30.0,3.296963670293795,17.34352727564561,0.49677874760964624,13.915828295478708,7.629211995235602
C01153,8.508006783087788,2.877744172113458,1.6818344449985938,0.7659034428262808,-3.0979115061424736,-2.560026776174747
C01154,9.653899042694572,4.392195569237072,7.987214217971737,0.6779127053834986,-34.07415384989397,-34.38793072278084
C01155,14.766460750834032,2.160753867407294,8.530978338793949,0.975281660620225,11.34731527459752,8.294825504431312
C01156,19.889683810358218,3.5545321717362857,10.486777057255926,0.7089318738639249,39.55630917466666,43.779809427028205
C01157,5.467180696202966,1.8456086323543226,4.631386070638402,0.997987559652916,-23.678382876938972,-24.197755159632045
C01158,3.2325321592497485,2.4824811563779736,2.670332171823763,0.5867773827939878,23.97211601587053,25.95134354315048
C01159,8.338806257188951,3.87662563172933,5.32937765307692,0.7862846061769536,-17.737509701443273,-8.892440645633425
C01160,30.0,3.412332025701703,12.019633296160235,0.9148338138295588,-35.476671967637195,-26.02910604887669
C01161,30.0,2.51092217805944,18.890050915094847,0.2742751068922092,-52.30857914203887,-58.54585984989391
C01162,30.0,4.096386605871148,1.58682619302901,0.27867558883996607,-39.749498630530546,-36.110207318473705
C01163,7.124560523271972,1.8341543326494303,5.29340156457504,0.6823651265061648,0.6046847673522917,-0.305203397361942
C01164,29.587792293786443,1.628636819768963,36.93907070139203,0.7280229377458065,24.120732261192355,25.7595806514779
C01165,7.424033427690115,2.3210317818528843,4.790342663905601,1.0,12.092129313163055,17.913509976297274
C01166,12.568773308477844,2.654358907193696,3.8597592180657387,0.5342511399600816,10.75027254810049,14.361042963751558
C01167,30.0,2.501340750285062,13.319566806633906,0.2193647266833936,8.197632599061695,7.6211700795931
C01168,8.617661749964281,2.3596291953416966,4.535256335743236,0.5818419345736502,-16.674199943478875,-11.567206796566094
C01169,2.977565160938095,4.355487334456239,4.204363534952924,0.6990335793260491,-12.179198948105135,-14.559748613459805
C01170,14.870596881024053,5.25548040550421,4.644339574719118,0.7526158255314335,6.963785382425425,8.179200705894766
C01171,30.0,2.804187881530202,8.40755733117566,0.4035038106222733,-1.6447364266656495,1.9402770156278049
C01172,25.114039108715826,3.8877903200865855,9.49312080168545,0.18968424897027372,-26.522344155830933,-22.623742958968567
C01173,17.143865820759217,1.8973037235770025,5.640058185390514,0.9194874355384752,-1.7795753716029843,-10.251584262385336
C01174,1.0,2.8579915822421715,14.71551046095005,0.8213073771240946,-0.2691288964283265,-4.329105625246791
C01175,10.765589083870532,3.6951713182414507,1.2669860008844207,0.9696517010971977,-8.351512272213483,-12.175646343073197
C01176,20.20664218207844,1.7383295497559956,8.091840515912882,0.4149730555715436,11.594254551271643,10.47531470855751
C01177,4.711390920527949,4.124879687775381,7.7541174101320856,0.5338673500634573,-14.64870612933461,-11.120888773451373
C01178,14.58696830883585,1.9093555927396137,4.212124236675232,0.6656098843859031,-28.920839399113564,-27.743805017049645
C01179,4.119349684423765,4.531991895300012,7.21943009790138,0.8987070969588643,-1.4375336307398552,2.9288990426204133
C01180,30.0,4.274355509425507,10.763398759560456,0.8543218842583734,15.211527545156853,24.198446474073755
C01181,11.51037812960475,4.673385707348968,15.547642861167187,0.3515858056515634,-20.52875353942769,-20.42420534654339
C01182,30.0,4.535750844350864,27.91458407608733,0.6222824085124815,7.352202508961183,8.578409986168124
C01183,5.878738056067434,5.898971208399958,7.358135666667577,0.711052102141953,10.444950710065925,16.975718770681894
C01184,1.0,3.7611799439044606,5.631989282636207,0.7014694303226423,2.7494785263587356,-2.170068591167954
C01185,10.705868130767353,0.8299667336990653,7.23242249493067,0.2490118209636491,1.48093778241716,3.853586507592886
C01186,13.405419635919218,3.1932896793473713,8.500614388668923,0.6425265967104618,-52.76974725057005,-52.66205541602009
C01187,9.621473143857934,2.3134989077576247,12.735550090968317,0.6614160975920983,-5.083931776752932,-12.424842783348907
C01188,30.0,0.9528170488324141,34.505333932077576,0.44243791186787446,-21.381454021839644,-16.509230812061656
C01189,30.0,4.9181632797833315,7.5710938703648125,0.6336124872758925,6.637181596790491,13.063123074177366
C01190,18.232420643313375,2.5406686173651454,10.008644607791082,0.2552947716453755,6.632296937722163,11.309154929835028
C01191,23.184713112595382,0.7639824141061484,4.828153531600053,0.9665782418189608,9.66837611146267,5.9481269699011445
C01192,10.077819172070907,2.0328500290173253,6.021812120104231,0.5363016905760016,-23.079966522323744,-12.091528420398722
C01193,26.556527467898757,6.397576364866174,13.322286569038376,0.5498928194159837,7.298335705459238,12.332760187685821
C01194,28.513220780419218,5.051066150020059,5.449606987735288,1.0,-8.889707939959223,-5.356825742349098
C01195,1.7176059657301028,4.094234749548171,8.524759515684279,0.324340380800952,-1.856485074982328,2.8205572637769256
C01196,30.0,3.9461584601239217,8.474684913355267,0.5427374772051086,-4.889870485222339,-1.9504286123358
C01197,30.0,1.644892762480077,13.921556699468121,0.9352616527504825,-4.61519148686955,-5.9213892052228205
C01198,4.769347299810887,1.5319184437702953,4.430674722270091,0.338541235698263,-35.887041881493666,-33.54307616104143
C01199,17.260464109503406,3.8370325046296374,4.532089859648718,0.5439755643603452,5.6833105943504165,8.998291244389378
C01200,19.554760504793798,5.382688823422924,1.0,0.5512995165320779,-21.61305395738751,-21.135189110819613
C01201,1.4254236080392584,1.4753359885899564,5.020583420799315,0.7516388216431441,12.328160266626128,8.67870339179952
C01202,13.436765244854534,2.8551675080324137,2.8422127834451114,0.6107424079871675,2.93670569761819,3.99050261090209
C01203,29.18895315147075,3.3513760129694843,13.121248561227622,0.6671408234648958,-2.3982291467712624,2.4738437105119173
C01204,11.824486210335653,2.2778072140094556,3.455879817187763,0.5792533761256979,-1.2224609467795347,-1.2320066985431846
C01205,30.0,2.736185559812144,7.533368283975369,0.5461903392577103,5.3096015224758375,10.892596478727969
C01206,30.0,1.4571560805163495,24.916063524862956,0.5488784737817738,-1.338411831895531,-2.748857871579007
C01207,24.947209872178544,3.4631256119835214,13.564161080803933,0.5214936954571203,-17.230506154222265,-17.356138708904183
C01208,1.0,3.2584033682009403,10.61480401826804,0.6544214768197537,9.48485712957483,0.8442858304659993
C01209,13.43184508498301,3.9244065672581456,8.478551403850043,0.20421016712390067,6.781596954276677,8.906004369296529
C01210,30.0,2.693786312904709,12.180567813453425,0.9670842988842352,0.7092373946956236,-9.506624522915054
C01211,6.519472007085466,4.069187881318636,5.698848097827614,0.41049926522345237,-1.035266040197448,-0.6658229543875996
C01212,9.717357781598059,3.5080874163476996,4.135910436454916,0.4745812333087717,6.493181888879457,8.191319530774338
C01213,8.707623370591461,4.852994416055559,1.0150326765821553,0.8472941003489194,-6.622706071291844,-6.456705987541814
C01214,13.359232854822048,2.602564478340668,15.447632931946071,0.9851552914093207,0.8911151465506624,-5.628406308793851
C01215,30.0,4.414185736571776,19.01489207265849,0.8971051673363521,-1.9305923098724609,2.233381231217658
C01216,18.61259085616574,2.6637133271670757,13.003553078131981,0.7357539742752957,-4.163644800782935,3.7847078839048187
C01217,4.544979291307314,3.962327292745398,30.430270121428972,0.6130253256332477,-39.968968125260474,-29.694793561358573
C01218,6.220472875934413,4.992915407130423,2.3279266861031127,0.5545879513192181,23.54204152141552,23.65568400707803
C01219,30.0,4.762340693070309,7.893256817588211,0.7298204770718982,-10.480635417454456,-11.619274435836758
C01220,30.0,2.6941969690101915,8.639329076733866,0.7276387508384564,-45.644884865805516,-51.780014666910695
C01221,10.159972553482735,2.211534100340282,2.1594838649081463,0.7319717231835013,-44.239258312022855,-41.81069521314139
C01222,11.680275379957251,4.456702780118931,4.564880236686886,0.7364489057801393,-41.05162079471622,-33.402405065066446
C01223,6.7676357993817025,2.3197487792398896,5.936410529819101,0.5823034925228737,1.3646020869283797,0.7543513011228389
C01224,30.0,4.484789465519764,15.399112824942357,0.5828229264891807,39.2959636284776,43.70450971981952
C01225,8.686666727915306,1.2074331999071237,4.8400774315033805,0.2849876281882976,-15.478070572902034,-28.84255277509752
C01226,7.684845280391395,3.710625171631991,5.275082458661283,0.8848996189990279,16.865341209003507,12.036634285562709
C01227,1.490530828748808,2.4476512202695124,5.128428220865753,0.5486787033260637,9.199228397786847,12.01891247892449
C01228,1.2935521242061245,0.501084948168792,4.891503563168315,0.22993821837383915,-4.02792313132877,-11.612879029782938
C01229,30.0,1.838864114128697,24.18852366833108,0.6498719221973048,9.965585342019562,5.9965560843159285
C01230,18.235103110154242,2.419509774801731,5.385503636526585,0.7637782069983785,-29.898458243638785,-33.39381629437317
C01231,23.36754883332013,5.887005848310575,9.202494834995829,0.5471550743795282,4.376592380030021,7.108999618601393
C01232,15.34332008934792,0.0,6.144262841812927,0.6313131971387239,-52.78392470352537,-52.03337936071977
C01233,2.568583882947358,2.500578850396312,4.058714042240579,0.41139800133520504,-28.467556456692428,-31.19781840054348
C01234,4.424752129857907,2.4766458744846167,5.211803384360206,0.3746635023119217,-9.081771048446129,-11.640284091203739
C01235,8.90322873950221,1.5448938959193557,3.771796468221644,0.7078642473679735,10.200879393231611,4.995422798287111
C01236,30.0,2.4178351361896384,30.241236516042477,0.49034032828791513,14.803718419357942,15.06839839184399
C01237,5.794470582460667,2.7781264325317987,5.041734479071686,0.6590641954273101,3.401634738581709,5.865615048101483
C01238,13.114432532422914,1.9950794972914543,2.4692312818596647,0.3735404741068612,8.59076284243367,12.667579677043555
C01239,8.572642114743083,3.5360426534411555,4.440737864304644,0.5277410264074162,-37.680249060801835,-29.115397091219123
C01240,28.747900923969386,5.372614184853099,9.69704746212491,0.8471599348045413,-12.341851015510336,-9.504216348382883
C01241,12.976453810531858,2.9256494262985395,8.692737173595217,0.27646144595983835,-25.506712908504724,-30.628651838399605
C01242,30.0,1.9701245154032367,3.683051385609864,0.4629526042281218,-2.7658974045403184,-0.02407866173895945
C01243,30.0,2.835127964546271,26.3183281232315,0.43720575444087184,4.91006244859332,-2.114719980137476
C01244,14.767160099031742,2.478099038364829,5.375159408281421,0.8312810515922765,9.12785968165683,8.342332367289
C01245,12.463246329550717,4.645147511384818,8.751875132825376,0.678628776746991,5.845511795863519,6.377380057189518
C01246,9.725452293881139,2.3036367136625824,4.360720305400627,0.6273083531285126,-0.17109825920701383,3.752631641665438
C01247,11.651398388646651,3.7311386419408636,5.990085266469574,0.6407658299463821,-3.483267800019391,0.20942411710922304
C01248,11.771157183486983,3.433376149338454,5.771347384666594,0.4127511126919021,-21.252742522656064,-22.22216975205859
C01249,30.0,3.1600679332676447,8.213953425294275,0.27699559171546556,15.828201873895926,15.875073412487914
C01250,30.0,1.2957881590678824,7.671509909686998,0.5889454635394902,5.097512585201491,9.71504619866651
C01251,11.797516955770925,2.0785470380860205,6.646210506051993,0.8822687464489741,-2.686761274014547,-8.313506865579983
C01252,18.594791733207764,2.7145533204791823,12.95862227822169,0.4848769068718222,12.501557672663058,18.302948479668153
C01253,19.82113606029464,1.2140536509925433,14.767102554699122,0.6624182101155548,-12.98498228510605,-10.587365425898557
C01254,17.637945979768304,1.530403500535392,3.93459714443532,0.2562825571619553,-28.28299696719041,-37.587460440673354
C01255,28.960050869904386,2.2803068752895106,41.49191396020588,0.9406937455269613,11.438962570595788,12.985797971058462
C01256,12.330753586991756,3.5127077970421814,3.0018650090211842,0.8314719115482507,-65.00877023794456,-59.490010201734485
C01257,30.0,5.112311130205092,7.866673924284337,0.6946911965909109,-7.74834757031115,2.351876774178077
C01258,9.954846801031483,3.400840906519858,1.1481887977901102,0.656153998091291,17.07079147945786,14.550311714756456
C01259,29.267078956884,3.1903907810038006,4.6090003088565386,0.44184473053595025,-11.339199351937086,-8.597199323880357
C01260,21.08629452576544,3.104623331725578,7.564846220987743,0.2722931650047732,1.7496274657881243,4.729719391940828
C01261,9.537869245439364,2.4884770552678175,3.149186033495038,0.7035662794298592,22.540211629822018,25.50218216148002
C01262,8.726496629415106,2.857055476167936,5.818743983057497,0.7797903193416835,-11.010288574572723,-11.890081871219277
C01263,22.21029324281355,3.84500938279782,2.9233576098087912,0.5822785132861141,-5.312090530952494,-5.477874520031442
C01264,24.902997330464583,4.419303845306743,9.493805827358205,0.5687205129673494,-23.03847500811733,-24.669808671500792
C01265,30.0,0.0,1.0,0.4088060873212842,9.230758080142369,10.604546934745706
C01266,30.0,4.082299642552358,16.961539342407455,0.5987923074586359,-48.28370804264165,-45.42739994524028
C01267,30.0,2.5581274445964084,30.078104591614757,0.7626002448352639,-38.928241733015646,-43.00058030407085
C01268,1.0,3.7418154739632925,13.562154925584547,0.8038390263431281,18.240528411770036,20.658728487663065
C01269,5.504863971244875,3.540661505265412,12.005522311215085,0.5139863561079483,20.740181536830267,23.011494259324028
C01270,14.848496800223618,2.802362283101483,8.809524416126276,0.43638210970899366,-13.26759899912738,-12.868467444774753
C01271,13.704677906877944,3.78845756092578,8.875299976146234,0.7672841611642975,13.150218682215897,9.91309667650701
C01272,30.0,3.4278074143502684,11.31254503663934,0.545061883768073,-4.020862053665587,-9.42394124803591
C01273,14.123841550642322,2.9435052226672824,5.129805421272197,0.8843332273560762,-18.324838164595448,-26.259003737953343
C01274,18.14877847307577,2.8359903853485227,14.529622913303877,0.9645958248169337,-52.90793604988549,-59.214947406459274
C01275,29.37580269801961,1.5191059955012614,29.096643529069745,0.48373911355380805,-32.76904212058875,-39.33640700908414
C01276,9.15291877697875,3.021505419888123,5.214970821696704,1.0,-17.43769409946233,-14.294142819330759
C01277,11.013045381295479,0.01372745609815551,8.64592972159173,0.704436330287116,-0.2502047690541742,-12.919016625680094
C01278,3.0847660597851245,3.4318642602544984,3.3618853656413012,0.9046457392670476,-6.652441374192799,-5.929916941405049
C01279,14.642956307499237,4.123627060233426,6.525255877025587,0.623501948403201,2.1690820176041696,-4.153691055375626
C01280,13.50781893859788,0.8269008665520943,5.078205529712711,0.6296256112867233,20.277716255398836,23.8176722630945
C01281,10.93546143849654,2.584730282760769,1.6180135461520306,0.4278990610769744,-1.30076774696599,6.918701740473665
C01282,10.953682150381386,5.129184274850762,4.828667180983607,0.5135235176753918,-29.214991094690223,-27.398357480234566
C01283,30.0,6.27423790721354,33.50730266766697,0.968342627744149,19.101222068622626,23.50750326754409
C01284,6.3384055436660525,2.8550993355963734,4.9295057447804265,0.6765918639484105,-14.918633021875646,-12.37521095013438
C01285,8.218089527825818,3.0936733752218597,2.648126952687616,0.6155555071807544,13.144701533270997,6.191723426771841
C01286,10.312311413349882,2.892998465233493,5.0047493790100095,0.6878514207090394,2.832849145863649,6.692326963274028
C01287,7.100719566483523,3.225785366340881,1.0,0.6948685146215616,9.894170262144163,12.366499368116596
C01288,30.0,4.8534005711115125,33.2977790470703,0.5465226338153875,-16.192381380640114,-13.797876142010931
C01289,4.244913142317142,3.00502738905384,5.0339144295887515,0.7642173868564326,18.886769706282323,19.466266984785317
C01290,16.19283886666524,0.9428876789226801,12.875687004811493,0.4973049946289235,-37.51445536604316,-40.2570239393786
C01291,9.397599022039278,3.385707814730538,5.377034824287792,0.6223735586334697,-8.393486248314488,-7.017391661380579
C01292,12.51331376515575,2.4227179591886823,1.9154168463710857,0.41285639128386314,8.605584520819527,14.129303843945747
C01293,16.47098303850369,1.3200778703950093,4.5002764866344425,0.9520050255132526,-6.247691371297213,-10.08078027326529
C01294,12.185710292255145,1.3206046771320694,4.341079936500063,0.431924552672883,13.126671679964495,12.452290756165077
C01295,9.45257161258835,2.834924016838039,3.2556912566205964,0.6598319177103669,9.373433617285416,7.771902000659362
C01296,30.0,3.9401786943823187,32.6630107221741,0.46577599485053256,-42.97094783706698,-42.10394474361024
C01297,2.301614316364912,3.8566678756528736,1.0,0.4494749534159077,-11.930044947958262,-8.11850615027819
C01298,13.175800164136803,4.808581231452434,5.225775185811093,0.43080563668964356,-45.17584436859576,-44.2822130647901
C01299,10.331703488205013,1.8646790205748003,4.6272143268496055,0.40499948994802976,-65.12577804722466,-57.87638599126801
C01300,9.64185877983149,2.445256636206203,8.488665217486977,0.5696817566274976,-30.75169911029207,-32.92222684538639
C01301,12.50010622330297,3.953197891658963,14.472888670640348,0.7448688099649635,2.232326655194408,5.589077953273883
C01302,18.35755525187696,4.081155656484636,4.004333511121583,0.7553579149991958,-1.6458517188632733,-3.613158039397068
C01303,30.0,2.218558591904822,17.970642422664763,0.2918997540157754,15.208739693513598,10.169075532882914
C01304,7.810487915207313,1.969528916604399,7.678219256261023,0.8569246618045988,-4.442020155027869,2.8963764847641666
C01305,12.923710569148263,3.706783865290272,6.836616253301747,0.8084630487418356,23.243596906937086,22.19065958244062
C01306,30.0,4.318914315348375,9.246280371094212,0.4362783623592419,-23.70509092611229,-27.519341311442552
C01307,23.477000694374116,2.64372390829254,13.61167537859139,0.7102622713167155,22.908483589116113,20.6361840601238
C01308,9.170108616427582,3.68915694577957,7.2116745718062845,0.8484293584646415,5.087731840798645,9.589855518937842
C01309,1.8673228019182346,3.0042569901537246,7.720750370243763,0.46002548014189654,-27.27758558156282,-21.123558318049973
C01310,19.3279254461082,2.0226213138176785,11.213298510924604,0.45214259566260045,22.447727198950556,29.67869734956599
C01311,6.213920022489633,4.102823368335434,1.5171512501476436,1.0,2.3918506552000722,0.44494805958499595
C01312,30.0,2.658977555046253,30.291084176326315,1.0,-5.332717308165055,-6.094564881954401
C01313,8.398798989632557,0.7266506926417757,5.4393182111271345,0.8391463952964454,4.392920896972563,5.461238813614633
C01314,8.896978657283041,2.0129299745288787,4.210659962680456,0.9061558584847011,11.309067382001656,5.611568692225667
C01315,16.232389778081934,0.0,5.661287900748547,0.5532859610921433,-10.473199740895016,-9.20661131753682
C01316,3.3290150454014835,7.0,2.7652806035562327,0.7583148243864309,-37.48980024238843,-38.31238524607504
C01317,2.511469176001487,4.9487183675458475,15.58926384936133,0.22783975588492691,1.8783366108844035,10.214792428059202
C01318,14.117708079877284,1.0207454367349427,7.350757825660961,0.7924754529892253,10.818271115921423,8.720650729528447
C01319,18.494479930608804,2.1152752026317483,10.24897075540131,0.7104416929462208,-6.641032014360327,-6.782273808520393
C01320,30.0,3.3375109300274177,12.945843040501146,0.6637846962452295,-54.34541430534277,-45.664852030259006
C01321,9.047957658746032,5.399320212708779,10.762105124929382,0.7277885092260867,20.2507926492607,16.802300949041637
C01322,29.89972011286035,4.086346221538054,7.879939105933278,0.6877698378817465,19.185774278054033,20.12910033468506
C01323,20.35521783360006,3.3311861930200557,2.5588807031042022,0.4156460376217681,-12.909802692205364,-9.441334714445532
C01324,16.067524512845665,2.117329714893911,5.806856240140468,0.9525863653022748,0.4195876933410929,-2.026020011502343
C01325,30.0,3.7174042732451777,16.698534837763866,0.8512570123949494,-55.98658971981021,-51.6171259013851
C01326,8.321898281186355,3.656961946051802,10.59710651505991,1.0,3.529642859123527,2.386329890708011
C01327,7.180738812512562,3.051482392317401,6.268986632448446,0.45112462501480455,9.119720811048222,8.906624936593127
C01328,16.03502793373587,2.8804711179763944,8.071691176865176,0.8305372487447207,5.149095012495521,-3.7193708355283297
C01329,3.962327690524007,2.329366729379788,4.208436302901129,0.7467623632566245,-1.4284500888273932,-0.5973192347539622
C01330,7.231834697496335,4.930294347414004,3.5074740304987353,0.23231506954928302,6.5820021479745145,2.751309492625599
C01331,21.890541708008033,0.4626406771638405,15.3770077501688,0.5581781302511843,-6.995854612405022,-11.461407937609092
C01332,12.69031407303179,3.4627910645194206,4.1212406280718605,0.7412601035836878,10.692387609358244,14.652288585369558
C01333,8.624763647148033,3.02520106101021,8.394020661762312,0.6411637778907715,9.003467219124698,11.246684831551828
C01334,10.051511959200916,0.047250955787279114,5.637608040773721,0.39889365120883924,-20.023383049975667,-25.334342648439215
C01335,10.826050279725862,2.4326342035172592,5.397090066974695,0.740753481547147,-14.98722169603232,-21.566371060882283
C01336,8.8649676992546,1.4713676923974133,6.357061923732739,0.6338000086834539,7.587920234576706,-1.9868287644747218
C01337,30.0,1.451156017382583,19.54179504084134,0.5074529922319456,-10.990887505686146,-4.836481010144276
C01338,18.781346843114544,1.8250439316517404,8.407737061275784,0.6727779649786914,-56.21713169388733,-71.70716415369787
C01339,7.293533819903735,4.867613428658845,3.1523870479974105,0.4592941395694955,9.215329540787398,10.901251708469369
C01340,28.929281756579293,2.9111553377126675,6.295657948107783,0.6426090409617619,19.340653955152234,12.73744629972597
C01341,23.056063533198543,4.117633380170828,6.357742637469421,0.5387676868917184,-23.151841085819793,-18.10928790834946
C01342,9.633736867814727,1.1966053226567555,5.86995961081904,0.6296544713303096,4.337193741517431,8.946028624571532
C01343,8.806700203302753,2.071027956936326,4.849571969940328,0.3706175080369541,-26.524886781032016,-30.47862155916871
C01344,15.215478406770554,2.362007192110592,4.98038931914749,0.4137464389597799,11.840169091198543,8.909961919416123
C01345,8.16112216280745,3.2397178491930623,3.127597938420603,0.45462541074767726,0.5679443581959767,0.0077919458223908444
C01346,27.25088475186295,3.7976251535481715,15.386373432855896,0.3931358081530033,17.467779568646623,14.387763002742298
C01347,15.925529452735042,3.4063542716694095,8.204358597427492,0.7023942985863025,2.7605755177670086,7.494761607296731
C01348,30.0,1.7886823744710627,23.780311895751574,0.7174921472184727,7.299649423192332,7.406846079232406
C01349,3.873432977004221,4.110267468724174,10.207485030839186,0.7505273934060284,-2.1431958344080915,2.61218442911637
C01350,7.8812260407928125,2.0861249279010803,7.258106826639118,0.4740534324644227,-6.511959900501477,-7.50495461742048
C01351,11.455472559457514,3.399392574629892,15.151186687021639,0.3051634318513847,-37.27999481424566,-29.99719216126843
C01352,4.02097306309517,0.9389515610659043,6.634656855164938,0.7760920264270472,-3.541681686590012,-11.21822558712597
C01353,15.457185438390155,2.6160199805356843,6.995970063957628,0.6690772314493477,-5.194729907264266,-7.361176874936833
C01354,23.785074017448597,3.7761176929773645,5.86505192618317,0.9119694316198641,4.62747390192479,7.986680668071013
C01355,1.0,3.1541265119207833,3.5323590471463024,0.28951280373150057,-35.10311017143948,-39.153654083726124
C01356,9.943934895885508,1.7732391679832475,8.961426880746515,0.48378007297832715,-40.05440543686928,-45.84284650748059
C01357,13.366577053387841,3.813025244584531,10.182415093306933,0.6918901460719218,5.26521246195796,-3.376784998937227
C01358,30.0,1.8333273427610313,24.846683556615087,0.24726164187496077,-41.72402371361002,-40.18295961570761
C01359,6.695982849920021,0.3787973240744522,7.792760416093512,0.5499117972060372,3.627662547414921,8.261541024160898
C01360,11.584434405816763,4.549622907512342,3.713864799285396,0.2909871713339364,8.911558973271834,7.160820839945064
C01361,23.057579724187722,1.4947425642966863,11.942903890913195,0.5460453011371214,-7.70011962398064,-4.753758000219895
C01362,11.790976214380988,4.1839164299463345,17.74125480397823,0.8255879406781137,-34.06873435835989,-24.448449529710473
C01363,4.963649931576233,2.6445139899250933,3.897159227193173,1.0,13.631122768668272,18.286014496192823
C01364,30.0,3.9682500077343486,11.19485214195861,0.5449028077823774,-36.183928169402165,-32.093390364643206
C01365,23.91847404671834,1.822394713440201,6.193189653686824,0.5766287194735615,-34.919194812337125,-37.1180981464667
C01366,20.503600228504396,4.282391091592206,8.267438406139805,0.6670443170787129,-5.112710114770355,-7.0827090333271725
C01367,30.0,2.182274039535817,17.309157114299932,0.7731281753262409,1.5711893185343229,3.366105271324316
C01368,30.0,2.589274503870508,28.899823665972196,0.7637631199422411,11.383566813624064,11.252556129968022
C01369,17.5054613261313,0.0,5.082849240720228,0.2263730510361074,-27.155901389673073,-24.798834802703933
C01370,3.126256678375432,0.5695320981877416,8.582859652852534,0.67592070833593,31.28167906531223,18.140365823834752
C01371,20.326163384298862,4.137124514138584,9.789091231220382,0.33709502455660656,5.657783506335997,2.710320806117966
C01372,30.0,2.0001725253848934,28.724724717635265,0.7982916650008401,-3.6931723069313236,1.81672249366287
C01373,30.0,0.0576291857182234,10.405981880564058,0.8490901085865912,3.34437638383587,-5.968048942359379
C01374,13.561542608838113,2.06392368720181,6.415529795605165,0.19151288798913277,-42.54385067367204,-46.370669141220645
C01375,7.049714781050962,3.8073754811233393,6.944895808084377,0.8905451074273544,6.740708313745548,5.531714463341303
C01376,1.0,1.205346907215644,4.239383176855825,0.475026990938767,-3.069537612369553,-12.190143204995396
C01377,30.0,4.55428448262372,38.06990001761793,0.5830504722816295,6.387621552994419,9.305616679199872
C01378,9.938107889022241,2.173870228420873,6.494552331225218,0.41783680323581845,0.1272158537294139,2.0807021222110174
C01379,30.0,2.4224537673051585,35.4375416841234,0.692161796583503,10.879956017954733,0.9501450432639302
C01380,8.280944592087769,1.8375029073329041,4.320064207760481,1.0,22.194193946196265,20.536343710569454
C01381,29.22376718219878,0.18009096094238508,40.25734438161274,0.5705830705460062,-2.116702642397077,-3.4038979649426437
C01382,10.19633349567491,2.5340383775641047,3.868261775488635,0.533619357952763,4.505631203458114,7.73465913890457
C01383,28.06767804994889,2.8538881159186227,7.829033116511044,0.6524035840090344,11.628071426245132,15.295963575673582
C01384,30.0,3.537304179686953,24.421004146591546,0.902638329853158,17.207402257604457,21.264557825436384
C01385,30.0,1.8228156963276205,15.666425176010588,0.7299499142734237,-36.2219556944525,-30.955175685809532
C01386,26.878047235509037,0.517919239295042,7.520756572920202,0.8467582058315101,-2.5051403220557065,-1.4615062550439126
C01387,14.513685132694931,5.539670945603193,2.452628810596297,0.6616542682970319,-7.044308077482224,0.4904543302479114
C01388,10.915746783832912,3.2400664728991373,7.658912897592877,0.16883482804561306,7.707378471115526,10.625327888346671
C01389,30.0,2.8509545423629685,18.29545388534717,0.15558606295413685,-49.192517775803395,-49.40159189851586
C01390,4.24616096083683,4.542675478824064,7.322673831803665,0.5738872869327944,10.194894540493099,18.894334131112995
C01391,29.853158970758837,1.501865399231424,7.327083254148487,0.32428028896110506,11.475384372733423,7.720198487525506
C01392,22.559965216932987,1.2565130328933063,9.231001931245078,0.6541221192356736,-5.520206880888047,-4.987633258910205
C01393,8.726154890687353,3.9110738771716242,8.290004186704248,0.6271362127243175,-0.7071832988970836,0.35546852678566876
C01394,4.319306054405272,5.656004071593222,7.744557323066177,0.1885884580584344,-35.51868283254912,-32.91162540339062
C01395,16.34008474046994,0.8408029213907593,8.038585655771445,0.7083816513133633,7.456712108649998,5.144819302515476
C01396,9.931186739020545,2.901886642935072,4.193612645713547,0.37768234533692957,-26.193879682056625,-29.31412770087558
C01397,30.0,3.4549688709964914,28.49649007786634,0.6481254085787485,8.40269893799453,14.13103252197616
C01398,1.0,3.607858437938349,12.103799014448722,0.7101229656224864,-35.52977477670842,-41.26558820200178
C01399,11.56431255564986,2.463891593415613,6.44872384798425,0.799893579128412,-35.00094706752216,-28.88966087075987
C01400,3.2142452857119768,1.547210455684629,5.1473261704592295,0.9013413254389407,5.507041302639717,5.090874338580565
C01401,12.675855284731073,0.0,16.18565277395426,0.6871807117744189,-36.778149469911824,-35.521772233308305
C01402,8.616311061486913,5.937851182708367,2.6453515037929494,0.8730681414835989,-36.51554411512095,-39.023257350560634
C01403,13.121414245387795,5.318645608076185,7.335234354727181,0.6166464620653624,9.031543670212022,7.971463753823566
C01404,11.360223274852126,1.917090093905048,5.514402609424044,0.48197248941250403,-49.390603845294095,-44.33908467203155
C01405,30.0,2.9353109775997743,54.89999039270071,0.49280708360524006,-6.102871866873107,-8.37505324281936
C01406,6.655837761653705,1.9919875957769626,4.9545257244944185,0.7133908843658917,-12.272872694570339,-21.091734409522125
C01407,1.4224936019987844,2.456048004749832,2.7495506789200053,0.6776389195126444,1.0317445734777526,1.2755054473251004
C01408,30.0,2.688571329540646,23.55430130720052,0.5580092022422194,-46.13459007519876,-49.847678543690414
C01409,6.280005108743007,1.080649053818938,3.0177766023424786,0.49777055905865353,-25.635295825336733,-30.274188350227597
C01410,30.0,2.79492560605482,38.183139597575504,0.7084073001175784,-35.00476217964545,-38.30574994840113
C01411,8.010421477334706,3.074077598527038,4.358902951901204,0.6260965776686139,17.30606387932574,28.062601447028765
C01412,8.052183304424158,0.44459184022220155,4.799785455687952,0.49232088009241226,-34.241189191586415,-35.15519508443502
C01413,11.049164466296,1.8234566238479926,5.053569711372123,0.6992068757359037,12.27548539888041,9.855277223281494
C01414,16.83355342954324,0.7950862327070305,3.3602116499897905,0.42701731418789535,20.773555444165208,25.00593153671858
C01415,16.731504787398368,1.3323886219253995,3.61704145738631,0.39222576601866865,-10.004062774940248,-7.284528696809934
C01416,21.955791765904955,2.548064588524377,2.275925154151061,0.4540529034930848,-43.81450411052613,-38.01194934477084
C01417,2.9978911438432583,2.672947702112372,1.0,0.6983883665501858,-0.27198280517629936,6.992618355842362
C01418,10.819213371776437,2.684351075692705,4.752181702219863,0.6409988624001035,11.965209453853255,24.249268198610434
C01419,18.9586595503759,6.045942047721335,7.970496505191526,0.5170970750064944,-7.316588662976134,-11.01533211840395
C01420,1.7659634885811357,3.3788345515741973,6.063212564576135,0.6447205810988658,4.63159973875189,9.53067282820949
C01421,20.82593719119175,3.4911878563745353,29.956432785118793,0.9236572597732033,-1.3015174917915848,-4.866906627318491
C01422,29.100692107601006,3.0932690648491037,13.55936028248683,0.4409924778844242,13.064874297068883,12.12835770943441
C01423,30.0,0.7547571562936612,28.879705639264444,0.7204364262300059,0.002863261090491953,2.6483340746833157
C01424,12.59567586492143,2.73406598851387,5.281171485303378,0.42295471496812265,-10.571482397012241,-10.191838759075436
C01425,12.237292663788747,2.9272443916776885,8.626001682889676,0.37953668682281594,-40.80984167176862,-39.033083635120605
C01426,1.577447198013095,4.0275427674036575,4.207853384473612,0.6806716026082325,13.607572064758514,12.712881078826609
C01427,9.020406431369548,1.2586869246981784,14.18408374893898,0.7624539839254241,-3.880324360304467,-8.3833428816859
C01428,30.0,2.0711875351900217,52.356290637824344,0.6042621382087202,-39.040590296402506,-35.16217710585731
C01429,28.29666893804825,1.2926020303628016,14.32722637404497,0.7218143365235501,6.036597425207724,0.13697692563243358
C01430,10.658599594997874,1.9206607678051846,3.1816925864725647,0.7449633902559726,5.975044832777589,13.15757823764282
C01431,29.041877729608494,2.478879685428244,6.5210478106435446,0.9082267698071872,-16.777595042632505,-17.00903650201661
C01432,19.779371398048223,1.128034142598127,2.979601925719453,0.7383421797238183,16.490830985744903,21.591724420085225
C01433,2.0551706095665896,4.163981308960292,6.139605280184867,0.6133311642965019,8.537732378012343,18.252067055741783
C01434,18.80624688749098,1.4444219459223242,6.596726230110555,0.7848167060128193,7.77481761707417,8.785148364389144
C01435,9.42526038306922,3.958903848905296,5.323096500855121,0.6098758513337927,9.178218611634664,3.961346188332799
C01436,5.856259947155368,2.2560040791230094,1.3189502792475452,0.783379658457305,7.446448533848178,13.405963855692173
C01437,24.401195854809774,2.221237522998412,17.52017920561796,0.7413405414412568,-2.5572758568461857,-3.7622260520083213
C01438,30.0,4.212808492662671,9.07329136638204,0.981813453886653,16.032470104670445,10.130595637790545
C01439,5.259672001301685,3.8879771990435836,6.216071178241185,0.9640876781980633,0.4880090326568194,5.2492256612757195
C01440,13.010929834880734,3.629675434790297,4.044915055133939,0.9376879806921516,-17.571113114779468,-14.48761906764787
C01441,23.86613887887186,0.3537438292255901,16.732752958469817,0.764175963591541,12.703280340996862,13.579487267035418
C01442,1.0,4.784386147756002,7.4992566376451535,0.5992830230756181,24.50661235979185,20.430509598668877
C01443,6.931683552019057,5.153069211086641,5.026326411072221,0.6153063704530514,-17.656719905093226,-11.451159756958479
C01444,11.364575371289398,2.555943693109666,2.902102962949743,0.42887645511398786,-15.715416858071364,-10.450964535745818
C01445,23.991582999723292,1.5048115063216083,11.9096478399154,0.5367558985858688,-7.41070657264304,-7.5446361198734335
C01446,18.88725245981167,1.1331780382929852,6.64835947901433,0.5565588981278082,-17.082654730506373,-9.038893698405357
C01447,11.3928556519253,2.497001515332326,4.80006791991583,0.8036515463253547,5.18949218521483,10.085672970347455
C01448,10.068082039490132,1.309766949085299,2.3136907864186065,0.4984471126695123,1.6007461049596587,-1.8460727965908377
C01449,14.164586313664872,2.6154655629027657,7.9194514363051205,0.6465087671444473,9.01039678759102,6.665879240935675
C01450,11.24079289251908,2.1115655339081494,6.895191222649398,0.23063492069534455,-13.377669987891583,-11.596309549263005
C01451,19.762544049951845,0.9418134255080917,6.891654715235562,0.577769587269162,12.219108983146265,11.403493107628433
C01452,30.0,1.9350477850372827,21.49107546152472,0.750978630304198,14.061521921373005,15.239838171612936
C01453,30.0,3.0772431432765472,25.08971455399905,0.6779921571129028,22.373245542912166,17.31438676957827
C01454,25.283099801262054,1.5788523005541835,15.239903137991298,0.9048405674597199,28.68287208411377,25.236369933669156
C01455,17.357182565327978,2.419462218783751,11.862214070930435,0.7718926295862965,12.538901904044433,12.913783286435894
C01456,30.0,4.289544488771692,15.027664849716441,0.1628210421949453,-9.173458259402754,-7.8923093051240505
C01457,28.423158597693433,1.820721269190102,8.702426939368422,0.7525257908698958,9.397436333194236,10.464104935962258
C01458,29.62391837390136,1.5560953883424036,14.375854385295316,0.6922951624752163,7.78976090094413,1.3822404775296135
C01459,5.433405312301932,3.1300867976108195,7.088699567448945,0.8671068635550461,-4.858369623269374,-4.053020886452215
C01460,7.433550297872862,4.692945889099041,6.191523159013478,0.35975984341501244,5.914077351930849,10.905680863495945
C01461,30.0,3.5989773450969302,8.529544835989945,0.8643949377896514,1.8103787196360428,-0.21618981391643777
C01462,30.0,1.942995544780467,31.735167017407804,0.9424506853915451,-4.484611827640904,-7.979183743535344
C01463,5.853147399704605,1.9378756721664123,10.886808968523498,0.8049714686321171,-38.04869554362489,-40.236377654037064
C01464,30.0,2.218182107563348,53.869463765706854,0.575398247755736,4.791495734762167,3.1824005058060556
C01465,29.57893458023165,2.456835625407615,12.355424120935583,0.866800172129561,-6.014138333613364,-0.10736649495114747
C01466,9.739220528232007,6.695243794431677,7.2268765434576,0.7699301428732761,3.5713307279982747,-2.7627210028263303
C01467,15.05341998070913,3.1385005755481874,6.498378182598719,1.0,13.03098059860286,8.026241070356997
C01468,20.513974569885395,5.6819578608025765,7.899260316004787,0.7985703408467548,-3.896386298107922,-14.359479066153318
C01469,30.0,4.229350462082758,10.048534197937636,0.5689044088043127,-40.526506524182516,-34.62446993751139
C01470,30.0,0.0,10.037845539889796,0.5859408321958024,-41.553427254549476,-40.029711039422374
C01471,2.7732592426717932,2.23025358747354,6.618397135444622,0.42099236924602845,-1.7013883142927444,-7.897549806397663
C01472,25.284629945592652,2.8910614567651,4.533898321912925,0.4419601796800302,-32.61891843242831,-33.716009244858355
C01473,8.762743709426628,3.2439699243345004,11.313329221965178,0.5446948779250285,-51.471788031966405,-49.22411422704257
C01474,7.137190389834031,3.095395490025785,4.287861537433628,0.7555055640600655,14.462199899596431,17.421229219766452
C01475,1.0,0.411378229348498,4.684664692611359,0.33357388096948726,10.657213026171059,15.722177459315619
C01476,11.919873412969949,0.35369702909406886,11.946982679208073,0.750680604162459,-10.252597388595003,-18.352869044844915
C01477,16.718083517535952,2.9285893332659723,2.516661156077211,0.5020339504341171,-5.584278264861888,-0.28013180316375585
C01478,21.472723516205964,2.386662546009945,14.486575806828721,0.3603220668042098,13.451534206558197,4.97450640673131
C01479,8.837964226315062,4.905549523265938,4.272938640406725,0.3532024629799542,-33.80228762304077,-28.939998585508114
C01480,5.617373499945366,3.003558072754463,7.616895115245107,0.6148882880130544,-4.556706698558484,-0.26259855999892157
C01481,11.036915223878882,4.1493814441516434,2.8399060724392133,0.7434197574896501,2.9013821303919953,14.863835104703787
C01482,8.894196463379867,3.970501302555954,5.323176753928389,0.7650093996648736,-2.625194077686891,-4.624046612146558
C01483,21.946800528046438,2.8925208658418184,4.884314085012974,0.5548785530977701,25.925770101124485,22.223698554790662
C01484,30.0,4.652452845182745,36.886906949943665,0.5077547628457613,9.526978581125679,10.992456095211505
C01485,12.268161905751276,2.2997547620068777,7.789240718844064,0.5701675216461489,-80.27745732865677,-79.44848635244705
C01486,30.0,2.917357302111089,36.57311260094516,0.21014392158998454,-11.567010519666656,-0.48798344674526817
C01487,30.0,3.0997006265042164,33.65836820814156,0.5669582088622487,-30.709982392290648,-37.75652963639796
C01488,30.0,1.7285993669843505,18.373785785745657,0.6960041349168774,7.815846389416123,4.222523338332003
C01489,5.388494938435259,1.257141704679511,5.12032276516798,0.2941954575909937,-9.493491136924806,-14.774716596974065
C01490,25.933153489487857,1.0646143386429676,15.087101460890278,0.8130636512131869,-11.414436773118297,-9.228680581748328
C01491,10.648194749511095,1.4281017926742972,3.919862543444297,0.41596078052076396,-1.3423652132487804,-3.6480794489812514
C01492,1.0,2.7933116816195267,4.797169516378541,0.728205022190767,1.6295221825258062,3.813225762278869
C01493,30.0,3.4580308706028964,1.0738719573860633,0.43680556828573297,9.76707846652185,12.98777377272116
C01494,12.440767648682996,1.11012490675689,2.819160950987508,0.7769249006603498,14.305875025679217,17.061858797753167
C01495,30.0,3.079845986312918,22.23453967187944,0.5714870195408777,4.997268343820646,4.702920713321449
C01496,13.653871114927748,2.6149798038865812,10.460275361283905,0.5027476048886285,5.846000962975197,9.371334214727604
C01497,22.326235609803803,4.39078061166986,5.968354341196144,0.8396032648060976,-6.974893283390003,-6.054690785937331
C01498,7.059476423641577,2.2418976482391493,1.0,0.34769573224603056,-3.583292815114799,-5.8429264155263905
C01499,1.0,5.376908832109206,18.886062610291376,0.7306454238877129,-13.085450607418792,-15.577454042355264
C01500,25.173446316378744,4.14231813106551,9.006221154397082,0.8005779914000462,-1.1486198070549172,-2.4786979636112187
C01501,18.644675589530262,2.5004427317022304,8.877244511111334,0.5703599994496741,8.2596461032197,15.671536779029957
C01502,2.786212560345291,2.1773355747643213,2.918663136475192,0.734331170251901,11.581382518510553,11.745060259669964
C01503,8.735597487739131,4.328720268029842,2.1508174933936526,0.20244065995402208,-4.80689075735701,-4.285075907813293
C01504,9.664164702861257,2.498392472631769,6.9190415595617605,0.5971320279298743,15.659662204924361,15.26378920148155
C01505,6.221591057546906,3.057097010906712,5.932238011973347,0.632393352568992,19.697050926525456,14.650885027320026
C01506,10.552657335993471,2.2333199073855683,5.229606238420223,0.9010786368639038,13.674325499378044,5.469867794333517
C01507,11.777726089499597,2.1650696052895224,5.3141178876056365,0.4437438377786423,16.907410352720298,18.67167891125116
C01508,9.768792720291934,1.1651863431496476,5.59948407210922,0.29516552153735764,-4.205700075471988,-8.70622095745617
C01509,10.774082495658973,5.053234093293959,12.058118650020083,0.5703626542740465,-37.67591710433661,-35.3735609614007
C01510,24.686567107292294,2.4072671433246127,7.665812880460646,0.5996541236840761,14.158910777304088,14.136167788757795
C01511,1.909399903533897,3.201868129057434,6.2218439319136785,0.5806049725021666,18.799590977038456,23.98810748695328
C01512,24.06411922645268,3.736641134545903,9.711693577060633,0.25601400017786663,-16.374887230924777,-12.40164477108575
C01513,23.084026842471655,5.035256566533517,4.743154212434937,0.4932251636065602,-11.708446841997045,-8.519698277559907
C01514,17.835381257996477,2.1616060165508504,12.07425178780868,0.4007059764375824,-35.38113858181768,-39.89087745820895
C01515,14.892439111586736,0.0,5.5167355256850295,0.5913127235386596,-6.314349165913097,-16.817771002119088
C01516,3.861749604693232,3.136328977302408,2.6762464077930637,0.17284576162578158,-33.130281281931424,-26.861629246335447
C01517,7.3395540325611694,3.748740310747086,6.829401801295941,0.8809889413506931,13.487465574520709,13.885602696700026
C01518,5.932586217984675,2.188604680280056,3.494369269478468,0.9680968945238856,8.733393354582539,8.174935860361412
C01519,4.958260490974809,3.822383791357106,2.8560686412319427,0.33348370075097156,-39.92025106669784,-41.108736070084625
C01520,7.956815415197756,3.000754981446933,7.7001791442068335,0.371513676923775,3.1429042661917013,5.840453531163185
C01521,30.0,2.4729806199395066,16.331611323185754,0.3638747168153831,-0.2528611490793766,5.698351602326041
C01522,13.820362063150514,4.9893034534436485,9.730112886445077,0.7797178824285083,14.214294127273575,11.448821064921109
C01523,30.0,2.519036572594004,10.000968697972624,0.6205757321502396,-2.2960878492304655,-10.418038389365252
C01524,22.358802141038133,5.48538449813091,12.56855622716769,0.5864887423999359,6.614768861939282,15.517274213069689
C01525,13.601943232893445,3.049538896686096,7.356113444364725,0.8862820130038663,-36.89804561300919,-34.951610976578266
C01526,30.0,1.7522975873712554,26.985682269208183,0.6285933548296928,22.76168523949218,25.00031448247589
C01527,17.559449664609573,0.1413391436157454,7.513310309115216,0.899319175198847,11.94523548463302,-1.0884024545036937
C01528,30.0,4.786225190696984,33.02408862091525,0.7260128388580038,-41.467142075143045,-40.102366192064416
C01529,14.87216353901243,4.431912537172978,6.152660962319627,0.6466132508443123,1.3170947472180252,-8.576005589145613
C01530,10.92895367801746,4.19336504743047,5.331166665947424,0.3364333352288832,4.935140734388588,3.4359105659552016
C01531,30.0,4.92677951858183,14.342376108572175,0.6367829750438476,26.895891528276152,30.37977958487822
C01532,30.0,5.6954999594169315,3.787273493483325,0.477592061526332,10.87882459234242,12.483058180569294
C01533,15.73961713533554,0.0,4.846772138623421,0.7012008923200288,8.130546951870679,11.663387683807931
C01534,18.9169585065378,0.34522114808822213,9.027538818113463,0.8817476918934267,11.890989406265394,9.183086310614897
C01535,11.637720680273466,2.57828941763805,10.026307760791072,0.3142984198585496,-9.3751201330203,-13.949684822069118
C01536,9.743775307064098,4.467854616339522,7.263491849984044,0.5607974153244634,11.651057556076395,9.920791128423705
C01537,1.0,3.4330398564134867,4.765672615454254,0.7790418456279484,11.858185631026409,11.72856783920175
C01538,14.674194410433918,3.4363188769954487,3.316355238012328,0.9929201293178991,-4.800219424698417,-7.686093964499627
C01539,13.330433246292333,2.331875506205325,1.0,0.25542575709339127,-7.975754710623644,-8.487415775898782
C01540,30.0,1.730680555386732,9.490757564301948,0.6049536318493235,11.97277079128372,12.043531429263293
C01541,25.949091589854522,2.8540531114479673,34.693710574454286,0.6233755133812325,8.68378201625165,9.992561617748427
C01542,12.565032439594379,2.6182677741664433,9.54737720378986,0.6352881523907496,-0.4409120668760371,10.339479167420464
C01543,18.424579274614587,2.325930044567527,27.161602118771455,0.5438654907351468,-1.8531884505706575,-6.7004154098828
C01544,11.82806726568096,3.943576089315612,4.834980952129626,0.17344427568814416,-43.14578869784983,-39.63382154976821
C01545,7.923596290444286,2.9850918382512495,6.316538667070095,0.6505810943813999,10.085300958908578,10.239760707739045
C01546,29.37298792292401,3.663442354556864,28.108745275141835,0.2891492011425562,-22.984940661269942,-13.854538190583252
C01547,30.0,2.832443038518202,24.588017550989182,0.6506673895170123,5.453120512290918,1.1330926244921313
C01548,15.511380232794867,4.029521896488946,2.059535265073016,0.747083063189787,3.735620671877423,2.6032431549664885
C01549,10.531478740126566,1.3434628269234623,3.348414737063429,0.8954078266350569,2.3490787897630545,0.531660504570787
C01550,15.21198153826159,0.8785958361501547,10.52106966504068,0.6978558486981437,-5.872262507452426,-16.136482896238057
C01551,15.858568621758986,2.4947631943839097,7.282461304385041,1.0,-1.9178015518099087,-1.9048843875709287
C01552,8.729447914391976,4.146784566293378,4.959789775229715,0.8715801370241085,-22.715682992056593,-22.10873507342487
C01553,17.310440405622284,2.4566846442793837,10.603992750710713,0.4062863099252371,-13.588399868562458,-16.75219290517504
C01554,30.0,6.050947797560308,20.248433430514787,0.7106489978014794,15.552735836078044,5.109655045593833
C01555,13.142897453338513,1.4715141294783178,10.065220575876753,0.8498263577316565,4.295739592397083,8.754011313833999
C01556,30.0,2.7094916095122077,11.162252264126016,0.7784037232569885,-0.7782150841545743,7.798466069202076
C01557,5.412155346065617,0.24525750943822677,6.4605392078162245,0.7731920595345071,-45.469150849928596,-39.21451395920666
C01558,13.899090884323122,5.216807135270334,3.238265816934568,0.6435178904064115,7.480352970448135,7.651853934995418
C01559,4.237300682999038,2.8193268546936845,3.089457906265915,0.12332547462621633,-11.862534630757366,-12.55214700804602
C01560,30.0,0.0,26.00252767630408,0.859368984138283,12.239329961835354,18.403603810735095
C01561,16.775523050018137,2.526461611500068,6.304684783136493,0.6109783259952746,-14.727461768595594,-8.630432543169578
C01562,18.47432433546641,0.0,5.599116066290485,0.4205362791905978,-1.5831087831564803,-0.6189199954412091
C01563,30.0,4.829013899428324,7.67662794573043,0.5065738382438147,-17.683785313439145,-17.303131545884742
C01564,11.833880338639684,1.633571389063053,7.059948992398816,0.6323474143096012,-32.31082089700676,-29.047387616173804
C01565,30.0,3.0608226879005365,25.05943777253172,0.23736236111087564,-20.542991036545814,-19.579504648935288
C01566,4.212466820778799,1.8892140955040913,5.0392939483038015,0.85877660326607,-2.25677601250165,4.461259067674984
C01567,6.725761922902866,2.700052661826731,4.6664962717132275,0.45206123672299126,-27.137467968211702,-24.299615149606755
C01568,13.800205659733304,4.205048614994187,1.8847877377835651,0.43207822632840487,8.379268896348249,11.937664021198776
C01569,30.0,2.391997970077134,34.822857856966884,1.0,21.993572901167425,25.333804490460587
C01570,30.0,3.835878315606799,37.08494205190927,0.42214005919694897,12.933170939585285,12.494084618783997
C01571,10.08292633716977,0.0,6.469597737481634,0.3987866769598515,-26.327553445343522,-17.301857240120366
C01572,14.010742595871596,1.0904242393640065,2.478520571055691,0.5655020628853324,-3.1563809514341585,-3.5714573001161294
C01573,11.563717764535216,3.0783563726244547,19.914791500853948,0.5771687771784063,-14.684431467105753,-15.56508341873387
C01574,1.0,1.9221117197607382,1.0002101672246595,0.6630894419788054,-15.626486064436925,-16.8776072224849
C01575,6.246142885613006,4.7607716705237735,13.421333461914113,0.6853457946197016,12.55270132805649,21.522000458582752
C01576,30.0,4.25541748817664,17.14517772110789,0.498107607664961,-35.51698778851513,-43.87910722087998
C01577,30.0,5.045064622092467,16.75875373704712,0.48111323744047246,15.354806757177336,12.310438570316094
C01578,4.025894357486191,3.1478048440477937,15.934759104687995,1.0,-10.658851350376972,-7.0690408087328045
C01579,8.887155500941839,1.884810952761013,5.503558904694618,0.9902157156151087,8.221319165270168,10.002967536331557
C01580,30.0,3.918669196726956,18.57309591107071,0.5551065272022346,9.602384429658049,10.855757113846257
C01581,16.473486546426443,1.417956134341185,2.239499392432379,0.3541462180604904,-14.231243757678687,-12.012922023769402
C01582,13.273665175482149,2.564458447143617,2.680217450228456,0.7723560132169809,-5.65197542933541,0.11884402098915992
C01583,8.111442945847836,3.612172020573694,4.533614134368369,0.5630631619372719,-37.05730766417318,-35.87689230739763
C01584,30.0,1.9421082303874555,22.038210322271375,0.07570734757655354,-2.062220352388744,-1.0929013453444656
C01585,27.731680453972764,6.583147010057927,4.741507006994875,0.5578272295088865,0.047508972411974604,6.739636422009338
C01586,1.0,4.081126856534611,7.3805147369990545,0.08842791313515971,-30.54479913037131,-29.355944026440298
C01587,25.31958428358586,1.621080800030039,14.962280412701919,0.4171116405460957,-46.63618017046544,-42.951135060161945
C01588,9.904535059217455,4.437224288541971,2.29903421318588,0.6712663535136232,-31.800994073041547,-44.73126764165843
C01589,21.365221156317684,5.44942632476583,30.80607589884631,0.6344650643930441,-7.5097856293350205,-9.66159565866672
C01590,7.042703244922456,0.7378312050826716,6.213274488186517,0.15288718657035527,-16.775081034709995,-20.23281502362294
C01591,22.835540767411167,4.919654376125979,15.557498572898172,0.45526654616004286,-40.72961057763221,-44.363678574828434
C01592,21.247596988615918,1.106979746950528,3.13825458645392,0.7528898118470211,1.4996294950513227,-0.22740312254522044
C01593,9.051836730595126,2.986949288674391,3.6830533283916305,0.8958930425698941,-5.277064863625242,-7.147627744375976
C01594,30.0,3.2625047240395406,11.970035285807807,0.688983748724989,-1.9056265986686878,2.5407790671725934
C01595,10.277905171856078,2.011631683980702,4.909814919844497,0.5928785979344585,-30.43033584074036,-34.178860667374785
C01596,3.9438010096374114,2.0068044575300554,8.851081233671492,0.4703544147323334,0.38859651874592416,5.154253025362081
C01597,30.0,1.7160306758254422,6.700300972644754,0.5440531442974577,2.652218546127598,6.5194656338762105
C01598,16.37291274580696,2.1895853926268014,23.937962194307282,0.5694639505385087,4.580772577145906,-0.6778144898382914
C01599,12.530113034485236,1.5088104922363805,2.7639379509091726,0.6143930648908776,15.366144718070272,8.15143464684974
C01600,30.0,4.669578099418415,18.922960918105133,0.21689093757215777,-26.743134930705896,-28.20366105008478
C01601,15.674079144983448,0.7942815825955032,7.151578981822981,0.2882746608422008,-25.61431516317119,-19.825609275167462
C01602,23.017486266327865,5.696799290670791,9.468908344894711,0.6145251516339035,-33.49214533971062,-31.945919600511534
C01603,18.902304966680806,2.799728486281569,9.773114424924398,0.5221820003386067,-44.12061812385389,-35.021444448753236
C01604,30.0,0.0,29.11167696209143,0.4906934814840247,11.371780080153624,4.290419366808113
C01605,3.7167523466723758,4.159212155028928,14.934652198948147,0.5680117343876645,-33.05465766353024,-39.38809699715542
C01606,3.900625999237189,2.4175024965455645,5.920207050660424,0.4592851780411507,1.23670512820161,-4.39065854641648
C01607,22.402244656490613,1.2107680188977128,5.250002145469464,0.6258961965705107,-30.07932902145394,-26.527528352962555
C01608,8.109622858318096,2.488059512294885,3.855478727197167,0.6323420960949642,-3.777160848478422,-0.3583014987209072
C01609,2.5098060309407497,1.8386915302737257,6.501800323085586,0.5617771881976319,-2.995579367073562,-0.4784826856485451
C01610,30.0,4.93115336508554,19.96784416209023,0.4524975744614484,12.48055071754548,13.926424237999877
C01611,27.55120823350289,1.8290064732836933,12.461414770194523,0.35462463515722076,-4.730100351718129,2.6992042993693444
C01612,15.825942559564403,1.0133849978842795,6.041847449795979,0.4833489190358363,-5.985638089942157,-6.122240586752927
C01613,25.31532278953563,1.9367080646494907,5.749148389570084,0.3518008849884693,-9.224536756597983,-3.491816603884727
C01614,6.844713070040413,1.5112345184742846,5.628840298161227,0.6712576201340192,13.313117941383119,24.70818880547902
C01615,13.42123447412402,4.615841620565702,4.2811634928742075,0.6769542990651332,3.4478285667686395,0.1665093021438997
C01616,11.40622877646025,3.3017682207459496,2.068602308407705,0.7426813916300792,-57.9476777165541,-60.242803625616766
C01617,10.74927730878125,0.800134354917609,6.299517869139201,0.6339143127022964,14.658932676248261,5.110719564004281
C01618,10.41620298859849,1.4159210598258105,9.981329632213397,0.6672269979885492,12.272797329167984,15.740882936293248
C01619,28.491683817263308,2.3320950266478544,7.833501580404796,0.4899879917563661,-0.1681483633893297,-1.7656864344495986
C01620,11.568399478019689,0.23611814841883083,5.781549535574825,0.5368979473150639,-7.224583879426124,-7.60285482099123
C01621,22.57659255919941,1.3383827315341863,7.483448452717454,0.6737657942997296,19.420509380653378,29.51361535966048
C01622,10.316975312602764,3.4863113463800093,9.055259484738851,0.6468919698592878,11.032380150855964,14.17459778082049
C01623,26.01870333061326,5.721865161563331,7.611421393995435,1.0,3.4104782360786126,-0.7961327459207115
C01624,30.0,0.2434390995912712,34.084022861842264,0.343827563740586,-12.37367747394757,-14.262758917787037
C01625,9.363554606554477,7.0,3.995560073024874,0.323023718735218,9.16786252798112,5.590157551932743
C01626,27.45038119304154,3.5623492756768327,12.728837191828342,0.39850281984025493,-5.539955621136407,-3.5754213571310918
C01627,30.0,1.2983497578251777,19.95266492989203,0.8943232392404722,11.00188841794754,11.9615213789016
C01628,6.253626275881365,5.290899161616811,10.403827492019182,0.9197145637176893,9.900827134768663,16.507731841956147
C01629,13.119228098767774,3.627592252272019,6.249476483524873,0.5134435933679712,-2.2469869665287554,-0.4511851570882037
C01630,20.447907523493566,4.268895992612182,8.996116124493716,0.6733714271338783,9.94036472448755,8.757861692581796
C01631,1.0,4.238028520469704,6.4405012447104735,0.7465388852825174,-18.02357978940156,-16.547063082867314
C01632,30.0,4.6129956889715125,5.794891687230078,0.9339948540723895,14.89624865657058,9.668831508303278
C01633,18.261746027021466,1.123596599781165,13.895645719285403,0.14090742455207614,-0.04077895827696043,-2.1261230180628097
C01634,12.4275914585753,4.210578426179867,10.127731832724772,0.7013938647958246,11.79457267480282,12.324193141172774
C01635,13.185779734672675,3.0801124104123585,2.9864954690701713,0.8239787640718266,-13.505985344673807,-5.683661326102294
C01636,30.0,3.87134102189283,26.696265764370906,0.6877722299920166,-3.179291184692202,1.2395854984734527
C01637,6.340318811048229,1.9869156193278719,10.633573667002214,0.16602346905253412,-45.72065626428126,-44.41478479982363
C01638,4.665503685795944,2.029675983541134,2.5178876705390563,0.9528126550579891,-55.26183260746609,-52.69844358655933
C01639,2.5526891330202943,2.1309583340921323,3.1369623913798588,0.7738636491967609,9.87578074427633,15.754974371841264
C01640,30.0,4.096832054770649,1.0,0.2359213657395373,-28.89452579277033,-29.153611335083646
C01641,2.285045921957276,2.873744674868985,4.692817173313653,0.4464692473598879,-68.18478620188836,-63.442762694165445
C01642,6.681830597417469,2.191239036001866,5.369936080641194,0.8274798031293079,-3.1199008653792273,-5.07017632463232
C01643,30.0,2.494183744397544,11.06314773225248,0.6005380417657558,-10.528784175533856,-8.869747081557323
C01644,8.703448587854561,4.876114370624554,13.021755179735253,0.8116814203732944,-36.55064511988244,-31.045519310032304
C01645,10.747086525215712,3.741138376139755,7.257058667290112,0.7856003642462863,4.726158940825495,9.840592677353275
C01646,13.796534973135685,3.6875403803963307,4.821679201377531,0.6964528317304717,-5.925994894093574,-14.638897330987009
C01647,9.706038307908731,3.399556405709011,4.425089479831922,0.35403368976376437,-31.464797977289944,-30.209932990039103
C01648,10.77840285756878,4.6076990355547665,6.2200095795104104,0.5882512475499545,-15.91006826037221,-12.179667074512096
C01649,12.665040293020686,1.4133621215080434,9.09081282320046,1.0,3.5313485964021036,1.2900359872822609
C01650,18.930804830784336,4.328994001280664,1.8187053834647329,0.7594919559948525,-9.637149079467948,-4.732367036460562
C01651,5.328583606233921,3.1145952513532547,2.3358947169179887,0.6708438629934586,-19.20506129505595,-24.283911603950664
C01652,7.80418960332114,1.6006106984362771,2.740499817215181,0.2626057388645526,-55.11997163965856,-59.44031971303287
C01653,30.0,2.9711624097693328,12.914738908494659,0.4822344029758241,-11.332443554156264,-25.31176104711976
C01654,9.015835548068877,2.5880690725760913,1.211051620468241,0.6898765642557108,1.3155533188994695,-0.48252351192949106
C01655,7.195560787984251,3.511955675690009,4.6424378279502605,0.5938708089317041,15.758221516233116,5.041955997122022
C01656,15.155025717325845,4.3508903800930225,1.6809457553347804,0.7882899862629833,2.8326838697425836,8.828751269696186
C01657,1.0,1.3055137231016298,6.14569079593786,0.44254291921776073,1.0668006357393929,10.82962302639219
C01658,30.0,5.576308218482811,15.13081195105151,0.5994364517796169,-71.26881984440939,-75.89627184859377
C01659,17.940176383310366,0.4789661305998818,2.8746683302455303,0.6665070872592174,6.708362726427538,5.771088565541708
C01660,17.9474236210109,1.8892974514959526,8.513445657635,0.8550381324716916,18.43368259269647,18.97042443583494
C01661,3.4221464801862655,5.956475023712468,5.09200550059816,0.6796902722733731,-5.801785211588523,-10.052938065462598
C01662,30.0,0.7725426678833247,38.154347994638115,0.5765131763768362,11.827149692020948,13.875660760178539
C01663,12.408042865997785,2.112367891910145,4.597719717109546,0.17562315356454372,2.2240459224010682,1.3784841062076043
C01664,1.7961288328864882,1.832671873570554,3.534859977694498,0.6105999395063605,-8.256531289419103,-15.037258529804118
C01665,10.410538615733023,0.0,6.483248429174532,0.6945091368852042,8.120055140171127,10.16122976782312
C01666,19.74824002359865,2.834745319928598,3.219279675835363,0.6401072814679768,0.4970840248417394,3.1049370779087377
C01667,30.0,3.665930595521946,7.271401109665167,0.8345037699537743,17.78558951249289,7.527987637402738
C01668,12.622397668542625,3.661375269382122,5.917781322702024,0.8183986959158955,-3.495038350723357,-3.5666615282470095
C01669,24.08940947580473,2.107589697802517,11.422016989074187,0.5813663810264661,-1.408757189702298,-3.537444520448777
C01670,10.194498594060978,0.025439989416440767,3.059375095147656,0.3991964612825576,-41.02528043614426,-39.64078152691873
C01671,10.753823431791943,1.9456893320032989,5.802279005702482,0.7151707441992066,-12.597866544482951,-5.9376763194364965
C01672,9.525041393972355,1.6359336528785904,2.94698510446993,0.4095963853047557,14.875879495094216,20.705569995452585
C01673,22.046146929812785,3.3705457660618614,6.235012418121784,0.6292447312656186,16.09155487022459,21.23880524713666
C01674,1.8418068065239837,2.132061244254274,3.328456252834817,0.5111945435493239,-14.572075717722528,-13.84047239752893
C01675,1.0,3.5835143933209808,4.656526263000942,0.458063392431055,6.161328725552481,4.844505399306931
C01676,6.245258533617991,0.08037487102935703,5.477637802765833,0.631666301963023,10.993803064682194,0.7347825064457929
C01677,30.0,3.9113329477876846,8.352835565471123,0.3775291533210303,-37.33550822812003,-33.3085095408522
C01678,25.936443595392838,3.7272065326773824,13.05656056831896,1.0,-35.60694554274121,-30.799858191505923
C01679,14.23083935708183,1.3045834749936436,5.360734605628069,0.8585740104758083,-24.75402137346753,-33.10412280733014
C01680,10.47607432090552,1.8731618439903044,5.321068274916591,0.49963502553165723,-10.932662262343815,-8.643808908424122
C01681,16.074880856575035,2.464905851386866,5.895315364752438,0.487236883096272,2.2437938615145026,7.379049832896825
C01682,16.662510164216414,4.570799700272864,7.232397028392194,0.0,3.0509477131342795,-1.3294549152136232
C01683,30.0,2.5076904781594127,11.943965976302742,0.337264337945732,-7.048912461208856,-3.0727269429242696
C01684,6.591096488697936,3.4526158535687457,7.341460895168625,0.7411940383923122,-36.977139467143445,-42.7629434228571
C01685,10.275013086962257,2.9460585070077645,6.5595158219509155,0.5550916146874476,-11.187577657357892,-13.497318007499548
C01686,15.366757450739968,4.316733264322616,9.620411116278369,0.608449023494283,-45.36322721834443,-51.21533135675954
C01687,17.375414164355497,3.2031451175855414,4.272813482147519,0.7775427005850056,17.833690656544327,21.898690524829846
C01688,15.613731298619015,1.0891267211384914,7.383239006709651,0.5247903210363702,-3.6503996970887247,0.39254009335866513
C01689,12.28648971592962,2.5631457556178727,6.348562659960355,0.841490188628425,-5.7550059211078555,-8.414608376178176
C01690,13.4452345331176,4.460520918175822,3.847711787928259,0.6054609410512277,-58.264414343718755,-64.50527600202096
C01691,30.0,3.4458866771098675,17.37175150191716,0.6582076008445167,-10.405945307323567,2.795329098850038
C01692,10.670686794936518,1.1249310935318335,9.760419063193188,0.5180459860009925,-48.37665788056606,-47.99797419681866
C01693,15.3608433804148,5.626850535318303,6.930221898023985,0.9042380220235354,-5.690011541010788,-5.9523080949428495
C01694,20.088415540557136,2.0525082615098924,2.870078626750829,0.8445991558338906,8.55342709236225,4.598180522730499
C01695,12.527078630745471,4.356813229468141,3.527366139378062,0.3396780337935197,8.697308692074179,3.81818432375863
C01696,9.397717441126275,5.08872265251248,4.552102421976757,0.8099402078939867,-38.12474758776186,-35.448894937200066
C01697,30.0,4.560309123519348,28.428904807253623,0.6235950129436937,3.284637594258095,5.050058198878951
C01698,8.71540356462438,1.6522256440163354,1.0,0.49005778616816625,10.872636312529066,8.280558670940101
C01699,18.13238630201613,4.616329783069791,18.041414525006097,0.36743347068464216,-24.96109865086005,-20.791801873286246
C01700,10.850091256232066,3.3422930630924026,7.887556470241112,0.6064502569090326,19.488797062769567,18.421111576503737
C01701,30.0,1.0048366347998616,16.09122558819333,0.5694097120023452,14.167560706489976,17.35410405964978
C01702,23.163961127908568,2.8628037498736854,11.470954371726522,0.3894143862816261,-3.549097282460698,-1.5818241057191795
C01703,5.2448370328662985,1.4936316795651046,4.64529337271909,0.6324437875989863,0.6128399825905664,-0.16125085279855278
C01704,21.92344244970066,3.5808350566880263,10.806526935096558,0.3441516569856152,2.1244673754678693,5.871444350527588
C01705,30.0,4.177583142149878,3.4580631779855153,0.16837085244435737,-5.464824333209574,0.035651092697018605
C01706,12.177034216174732,4.683733787376376,3.8930961447101566,0.5304836186493882,-44.34187339594196,-39.2532153130434
C01707,30.0,2.880958925151588,14.467614615796347,0.6118492897214917,-8.509717502849846,-15.798226042705325
C01708,24.058651906757536,1.6194036859049663,8.021880268804809,0.7384288093231802,1.4130845398030663,6.885594522844475
C01709,1.998183958224537,1.190566811876871,5.043184505139598,0.8476911109866055,8.795008697290303,11.287824022622935
C01710,12.199257821977403,4.012310035456269,27.304677362969603,0.266345648539306,-0.22239987099465708,2.85697486346986
C01711,30.0,4.456122668400649,20.71238963904691,0.7234496940056483,13.602655440946542,3.050591132918889
C01712,27.102303173291972,3.8170958268783983,11.591462081041321,0.8081764279967054,2.5092912788967303,-4.80563744690304
C01713,15.224041521541785,1.714413844634767,6.842974060585543,0.516464052600635,-9.36642933239278,-10.586834489589506
C01714,30.0,2.0367840169229887,9.93277766962822,0.5782350826295917,-8.543973716537657,-17.573426646459513
C01715,14.83500587045728,2.138276808025818,10.001029033692381,0.6855003072302015,16.93327612085389,25.52552867573523
C01716,29.708241492380655,0.7433329947886369,4.692496656724647,0.7314468264353964,-22.842475075565755,-27.120721831475908
C01717,30.0,3.7529658772926355,27.453003527805883,0.5260040639201722,-34.615783023532025,-40.521226539485454
C01718,17.68106554691735,2.783272171487119,1.0,0.6428768122574539,2.7010541636417744,0.6746370553478709
C01719,18.015624976549976,5.144519442319311,2.0951197536853403,0.5079845852217855,-10.029789767661514,-11.134626681646084
C01720,16.103299288369847,1.5388112910880831,10.393112372351375,0.5159236740574716,-6.579390813192932,-5.292437226200067
C01721,9.602215783558263,2.7785712163916068,4.470697927889267,0.2236820858492669,-23.972930214091672,-35.31941563054297
C01722,22.07863577369646,1.1284827831878363,14.58351360662374,0.1491810750322295,-25.518077891700663,-32.14752936900297
C01723,5.864313722287404,2.426357095562968,7.04463010078882,0.712136044454277,-9.390902540059237,-12.276556171519122
C01724,15.53993584350689,4.183176501156526,5.8101757455045355,0.6518626725945913,16.306197074776208,19.109109233111532
C01725,8.939168020985274,3.0834562303531188,6.4235111930542885,0.5488217228303666,-0.6647658779968761,-1.9103898558933514
C01726,15.845662547671239,1.5493851248125896,1.51368179281289,0.7698004197342252,6.40245997157477,7.253004966798325
C01727,17.564428102601966,0.7509866674260017,5.743105068668658,1.0,4.385024220649856,9.949268836808375
C01728,8.58844016947407,2.497200655439382,3.1382832305795842,0.5356634271227018,-67.73718793719723,-68.13835677088565
C01729,1.2724250149094622,3.3084110443631025,6.685167434330838,0.41183571855785817,12.816145501533628,15.201721162066661
C01730,19.713490773306837,4.230211704537849,6.819454335850356,0.5705463860407336,-72.9034337500486,-73.35176426371775
C01731,30.0,1.880018040124041,32.49256170139062,0.7865977255102736,15.509693129027685,22.121133247272578
C01732,16.620582756815004,1.8418304991301564,6.376693066504124,0.1855416988117085,-41.281387409157794,-37.90576549331227
C01733,18.995142876485954,6.1850344331706895,10.312851533529297,0.7972440979180662,-51.58035732181216,-65.41938633861554
C01734,10.609280252474223,2.9638545715369826,2.7938440617162046,0.491769821295004,-5.696600577276156,-3.7544311136382906
C01735,9.237142330222666,4.430490708969674,2.670867451881571,0.894165010924315,9.273048135994417,18.967538999611243
C01736,30.0,1.1015567810319054,36.768888831222995,0.6203728441251244,-0.19621353640502015,5.921086820249963
C01737,1.4216475065973384,3.482737975354588,6.7706139021029275,0.3685225569574323,-41.44388947909752,-43.85803398596374
C01738,12.598247854645514,4.107415394639276,3.050831173255567,0.7034355594601797,-4.373749933027289,-0.47658172562787593
C01739,7.582228351907999,3.086680383826814,2.474576943841465,0.4940278152053598,18.97037289010469,14.555595076220488
C01740,30.0,0.3891479667930602,17.522773324892952,0.16526236624511112,3.9349327118307498,2.956065013145724
C01741,13.389612984799628,1.638193922248178,9.047051679924685,0.6220027142633543,18.37347523101468,14.802096131709673
C01742,29.036733297703613,3.5511163995202195,14.22962685857686,0.987264250831866,12.160076353805778,12.836552853221782
C01743,6.559178517701689,0.6027827289442982,6.025943012479402,0.4001250159404404,-47.829885451341035,-37.44822039994908
C01744,5.116419642826843,6.799409563333257,3.7954679376670337,0.23402914114014106,-2.767136610911068,-11.105301902254448
C01745,25.88622598188342,4.709596595679069,15.543605894798073,0.4151895253429651,3.2391943303280653,6.842215795348192
C01746,13.30558585095047,0.7394266247710428,5.288617676859965,0.41518055745395155,-45.31480915462325,-48.87035737458822
C01747,14.364439405982075,3.3937723299963545,2.9368494528620053,0.9050422548759622,0.7231773669074579,-3.668364658471999
C01748,29.94755002087711,3.1137680399170278,1.0485108073523062,0.1908013480326633,-33.74454015394276,-31.56398145896754
C01749,9.80973509733025,4.633427948792668,7.993082537383082,0.48007853470725587,2.2043005740575055,2.352840570410846
C01750,6.284460478835238,0.0,3.0833740554698776,0.26552382415261944,-25.36852247207965,-23.659755953125394
C01751,10.16878275441174,3.254616653281782,3.0949395781478133,0.6222578597118548,-29.01959729086059,-29.263788316866073
C01752,12.441072416216812,1.196829421032174,7.9033707134745885,0.7769030403924938,-12.931431237409917,-13.702959353153458
C01753,11.20105163456514,3.6582426213557024,8.048390994154776,0.6332520401076941,-33.32700447339819,-32.84385061927102
C01754,11.89897167589163,1.3685102108789144,5.816032504614793,0.5784580036770014,-26.430390360231154,-26.905148743703347
C01755,8.940017104691327,5.053709174412477,1.0,0.43202415466581073,2.1713247867624847,0.9945875669769635
C01756,1.0,3.4637130323742347,13.45553707389399,0.5529129252082284,4.129173820835261,4.420514955458433
C01757,26.107635434102114,0.29662701683824366,7.777879194841822,0.6881863509756766,6.25838296484756,3.754423058894843
C01758,16.00399045136046,0.0,8.145069520796378,0.9407310533068027,0.02305925234389683,7.418285231007451
C01759,3.807964578220144,3.7474558848135318,12.011511206454003,0.29826822880291487,-39.97835492150515,-48.04222181067776
C01760,7.895920668153094,1.9576825495022434,3.083585633087347,0.3601732325682381,-18.304013215853526,-25.45010600930754
C01761,23.19596908870055,3.860537371590826,6.785878246648446,0.6160162323512988,-12.26385702217376,-4.3415789245140015
C01762,25.631630920307472,2.010339169985644,8.406696196890321,0.7776979342365062,-44.50457493592289,-40.93356682367663
C01763,30.0,4.805267728511678,4.305922545539303,0.5016664313742194,10.17590765414165,3.9198691865426696
C01764,30.0,4.513854915948473,11.816057134736775,0.9751002782123841,-27.9217674520875,-24.345001297247727
C01765,7.578819956652032,3.647952632893921,7.812281653484722,0.504056941102836,6.0053648325496,2.350487424528691
C01766,30.0,1.6511498758195344,15.913145560907957,0.2958148070215434,-47.73520431448101,-45.661477624366846
C01767,6.549907513626678,2.120857018860265,17.96521105656208,0.4676884695257154,-53.076755643430054,-53.21074111146836
C01768,12.544482620407283,2.6114603042850035,3.325256652953022,0.333304656299578,-11.758037539628859,-9.364666463869835
C01769,11.72683476259693,1.4253809164812505,3.8814640378456744,0.5644714853834046,-50.314316077533654,-49.52278925275682
C01770,4.4833189467165635,3.992134149383093,4.841181151280345,0.7853320294256414,3.5964583185108996,-0.6248854921763476
C01771,6.2899793638499695,2.5113144464977872,4.89189152151093,0.8288417613898086,5.6096982359319325,3.0554342222448794
C01772,30.0,2.727257474707371,25.344412986083476,0.6807516866425016,-21.480401021730636,-21.05404268302744
C01773,2.774720204627127,2.219614608058492,3.20737747380821,0.5130593283903101,6.7357245453193615,-0.31393925179748106
C01774,5.866530058012918,2.972938051911496,13.66220686501602,0.546456023371516,-23.928581972136925,-26.972711846385884
C01775,16.78904892255297,3.263217745814884,1.0,0.31371217954984,13.800360691433218,12.704295055561802
C01776,15.146852099502985,2.178213956790303,5.8329976114260615,0.4867511974866996,18.73706515885906,18.84345831259704
C01777,6.717704142890712,2.6450853169288235,3.300513396147899,0.8856998266138789,7.64221765479852,4.512878274781748
C01778,30.0,2.30147314960587,16.41730011077067,0.5249002678982345,11.707075957653142,15.467542421618308
C01779,6.245953914428757,2.3052868058936435,4.76696203422735,0.6663784335150391,4.872370626359371,-2.8260975913487387
C01780,22.678991828150213,3.0308730775483075,11.075891210281625,0.6244277918647714,-10.885175504901731,-10.788880713080518
C01781,19.989630229820147,0.0,7.706273238707815,0.18818071229145159,13.46767165240726,16.44917689509257
C01782,8.422960585266532,5.1038669608240195,3.543331846271772,0.6482271765362736,19.046842364210566,34.22558924108996
C01783,15.797678766336318,4.1444065617289185,14.121708951320564,0.44882585551152243,-33.76922863705123,-40.44511794139741
C01784,9.145921565983414,3.240719820802648,7.222098051111555,0.8076136470081998,10.728000358169165,0.8068536124657566
C01785,13.583986993483958,4.255981227687931,8.744909033070366,0.595574431967441,2.320603186276045,7.215877312148866
C01786,29.61510571229011,0.9649104575208591,5.180207852475635,0.3598149250118422,-47.19472687310018,-45.000310574943434
C01787,26.385546477774945,0.38015739401306536,9.008679386121077,0.4650469019403919,-16.121655196360134,-14.36675338911234
C01788,7.059939619922188,0.16626143300268925,3.129288935962997,0.3965645683273976,-2.9652447269900692,-12.824150967769306
C01789,11.066650884927334,3.649148884862071,8.63834798164915,0.8376329770963407,-11.734087371927089,-12.907297480386465
C01790,11.058353533410523,3.211817765129604,13.88092633487325,0.5837736735354887,-29.43454721436391,-28.183255044881065
C01791,8.768497298523267,3.5394438744364902,7.953497249526493,0.7884341387903107,1.0448361953717091,-5.790837325134681
C01792,30.0,4.40361015954334,10.288831331132462,0.6970501336087258,-47.303541097714735,-54.63569481099988
C01793,30.0,0.0,7.485031656915577,0.3582466330958328,-41.97452437453127,-45.29213915700999
C01794,1.0,1.1980297515464486,10.088765955839357,0.5473879374573314,-34.71026714343334,-38.922272146955734
C01795,17.592300900789656,2.0202351056957486,5.534977861102811,0.6209057199550826,-32.323539497889314,-29.12418729526755
C01796,9.410202262935941,3.998379689098092,4.613106067213323,0.7288240874767871,-9.178369028938505,-11.74579159589823
C01797,3.1231932741929116,3.223223411523041,6.240549160743764,0.8199772457136336,5.091907891618589,-0.01256528308557403
C01798,9.744086677622674,6.950371541467177,6.438131602488951,0.5641594873141238,4.997772492997696,15.618858820666933
C01799,29.333902397335585,1.3603068723630685,4.362556842347285,0.772724973849711,1.7367424128820397,4.65901651637426
C01800,18.261605773221696,3.7834628330374453,6.335232405711712,0.7629685821117427,10.538683016765377,12.634908772145046
C01801,7.102688610873434,4.425375381145198,7.118390460765426,0.5023930437115038,-3.7930865577489747,-8.643646502477687
C01802,10.435288952553549,5.197070705834049,15.041707008718241,0.5188579921486027,20.40857022575797,15.035086815291628
C01803,20.49541836688217,2.692331754740712,5.11521398357761,0.8045290823869429,-8.778165525514058,-10.372253634885048
C01804,11.99894855070232,1.0466021952321345,9.476197954658897,0.6489028541724196,-9.054953544973717,-2.491947733886043
C01805,14.899557196708386,3.984096811604455,8.269359881896085,0.6711148891858701,10.866360682753513,5.1483111066086185
C01806,30.0,3.4376914066083915,3.5508830656725694,0.479061568604018,26.507051959886812,16.859238369931024
C01807,30.0,3.863319168566849,3.9934977280177044,0.7465309624274308,-44.38077906761465,-52.62024565139425
C01808,13.8524097237827,5.025803753591816,10.256290090639723,0.8034269119376766,-48.99131764874039,-58.316043266492315
C01809,5.973538547762696,2.643610948271757,6.406123694682341,0.39771832458843215,-28.68345980874443,-32.275101314835666
C01810,30.0,1.4421243756888535,18.4969412716147,0.7140440246534114,-48.71666423002225,-42.684250124867845
C01811,9.1890987411764,3.849964775677136,9.053890173878248,0.779050358622654,-0.2344464138851059,-9.986049051650273
C01812,6.441747123414117,3.46211865422414,2.6290841507644807,0.4555725022678804,-41.0159288684671,-41.47732504821792
C01813,9.900299818839352,2.523978032460853,1.0,0.4412995359577464,-39.146763041815326,-42.55100555154302
C01814,18.740904339395684,1.483219574423313,9.049189479378569,0.7313471779075513,10.517548386298026,9.569790090000806
C01815,15.232567752109953,3.5130543610213154,2.4053620123804045,0.19426715510088094,-54.263313315480644,-57.394273726142025
C01816,23.88228883074657,4.284718143070095,6.25903556316151,0.26017107504387726,9.434454040043267,-1.5763451052197688
C01817,16.592157283659443,0.6130429107315463,12.448281572868332,0.8323949328964841,14.574618598566156,12.07508622082973
C01818,9.36423320703337,3.065838773008416,4.483758933869291,0.6139360279570811,9.87969455612554,14.558952801107244
C01819,26.84195874700232,3.8849492012904627,9.302784314479952,0.6256501731283095,-48.63134754946269,-47.74258554309528
C01820,26.03549266422447,5.700403628409777,8.615597904247817,1.0,21.20993736442303,19.799077507194863
C01821,10.326958468398448,3.1002004771666876,3.2555917837065937,0.7026209411000628,10.63803601074319,14.254681690305294
C01822,15.428588549163315,5.332265053817967,6.587038190777957,0.6755665751252402,16.893473796006628,15.810609470076981
C01823,4.176649400906682,4.257609453737372,4.019968463616665,0.46877870955320855,-46.35708052126377,-50.06426420453365
C01824,14.921125751712584,4.288205764565068,6.919435732331349,0.5955304749042201,-0.5984731407529758,-4.714699794873673
C01825,26.209385718923826,1.7915111845368314,10.200610254376564,0.31780298162548454,-23.294990735550346,-24.587211145846844
C01826,2.866861160278395,6.715614244158866,2.980808465619063,0.7769657727061037,10.793989561250912,17.846679067969166
C01827,6.716281075814123,3.09374979852373,3.8605723374883336,0.7030462956582553,-17.863847388138588,-23.153605315889926
C01828,17.4896960881426,3.3053147578936786,5.028023600260374,0.43162766752389836,6.885528108699227,1.6957132739654117
C01829,25.25872108171044,3.0295592331821637,7.132890263500466,0.7783039540545293,17.09656898338792,21.665495055581964
C01830,9.422828436340177,4.859978577168466,5.871967258285533,0.4329240465459691,-21.87748953197486,-20.98151658893132
C01831,23.289722285263682,5.937924299968056,11.244685351989025,0.5953535884894784,-5.966240096014786,1.4367951054124717
C01832,10.062442455790382,3.98943581540685,2.145657719323986,0.7162810297356227,8.423409009823917,15.743161379320826
C01833,23.60331303564554,2.4243447593687737,12.193971440659027,0.6925165700849542,-6.466882961738092,-2.287715470584188
C01834,30.0,5.547570101438622,31.965458259875827,0.6078818295588473,16.335699449966057,20.300414404571253
C01835,19.05420534274746,1.1074723994622473,4.199097946878415,0.28147454734789346,-9.416820494790002,-9.009741689527107
C01836,10.240872593285118,1.9564514429308106,5.7315151740547705,0.7274198712893605,11.78020191056699,2.6946499221252473
C01837,30.0,0.91819633548223,11.282788133360135,0.8718856465739875,-4.121388656110284,-8.488591052722487
C01838,16.287189937733213,2.4495287147649023,7.880466760516393,0.33053807078751185,-15.115051159748512,-18.96803505239043
C01839,7.716517917509851,4.506163854875544,2.7730086160020324,0.24424051063338928,-26.03780440274873,-20.709507662464887
C01840,16.546208781731313,2.6653745345814017,4.513162920159696,0.9740614296494972,16.273891517569357,25.07544174071035
C01841,6.545499775029748,3.088324039630316,6.081356833616525,0.3831978112788891,-1.8281421753679776,-1.7911430662918495
C01842,30.0,3.5465069864555065,17.016312255360546,0.5435402112900132,4.30213473989897,5.500300745396347
C01843,15.394755996586827,2.6572031111333034,1.918669223227408,0.6364644553212554,-14.772602221785544,-17.79631329542255
C01844,30.0,1.3249468199415144,21.423395376491015,0.7004944908212012,-22.51742220444472,-23.810766471435098
C01845,30.0,0.5190566435762141,10.363284641554266,0.3158426571293689,6.177045991503407,4.011021702144831
C01846,16.51664691725464,4.959680260238541,6.318867925799752,0.6404825018416496,4.1090848809884495,12.816949315785305
C01847,30.0,2.047368415469332,15.312958926778077,0.29139967251889154,-39.70053190826556,-31.84992073511156
C01848,22.256582621779287,1.9718063823734533,6.449963490359503,1.0,14.861173262544627,8.181642545634634
C01849,16.7768715405088,0.7585814053557995,4.44878928198128,0.43255587782966043,-14.601197038653677,-13.999936608663345
C01850,8.687066523438467,2.793927410512057,4.995985408045435,0.42086300852160136,5.453305014400983,4.0969858268611885
C01851,13.764291542902129,3.813856598825736,8.886298370295656,0.5206145819934421,9.301692507915172,-9.265014549941236
C01852,30.0,2.4536015746895563,7.786266425693176,0.5702469906079547,24.3151050241054,30.87579239570487
C01853,30.0,3.5263971812911867,9.161736499000453,0.6735076206624104,-4.098783266705082,8.268803290144605
C01854,9.144633882046898,0.035730700647532476,8.235952784047953,0.7831788169710068,-7.579437436711832,-2.592942012197881
C01855,8.02663786333827,3.255786537547536,3.4099652689318374,0.4122438156733282,-2.809462850336013,-4.6673125359625836
C01856,14.103903408987236,2.386419065253647,21.517530236353124,0.5295475611701445,17.019313287277058,23.447797473904487
C01857,5.888188408827755,0.8398915295475935,10.801430004623787,0.2072773186902458,7.799843241465987,10.166763479318622
C01858,13.036331917295712,0.5723854648209992,12.927240531161392,0.37474209603723724,-2.7069293474778577,7.232752424018741
C01859,16.12936172898312,1.710806394771427,3.562483731640416,0.435021349577298,-25.4224974909107,-23.660832531126637
C01860,7.976381153996877,1.178258413567777,2.6877868056456844,0.88200135474888,0.03380532664406566,0.032454949016277324
C01861,12.40647402506055,3.5208399739404728,3.7500841918774084,0.5378869735236356,-44.25194304698523,-44.499757810027056
C01862,2.496599915598469,3.6527394818674632,1.5344335701970344,0.432167339389296,-4.524767999280762,-5.92528131485045
C01863,30.0,3.257766856476414,7.586752977559339,0.8198008631703961,-16.041524829920903,-13.263424638707825
C01864,11.177597219467799,3.564467487599175,7.149405763416945,0.49426056623846243,-36.397295321814724,-28.909507612643488
C01865,3.2407646270582617,0.6442720281383618,6.489789093817633,0.3951149451079941,7.41592950125168,1.984761150254709
C01866,7.408098303311009,3.7619916091210257,4.0025074557494,0.5311057802878482,3.0619971310407177,7.257162755895483
C01867,30.0,4.000105733990706,30.428352783455807,0.3714270304310049,-1.196969254497132,14.093580078739238
C01868,22.315673577070196,3.410857169994845,12.303041816864873,0.4070452163051349,7.4690446516141416,2.548489536099801
C01869,8.21306976370535,2.852832813260805,6.001231302516486,0.6278490553430809,11.22774173267031,15.891099691620795
C01870,8.50974052551782,1.8862648048168813,5.625301140633345,0.5841177415590995,-16.79500406311185,-17.301342960382264
C01871,11.628328588606152,3.507999420837452,6.707895358213296,0.8010642751650042,6.071244568442722,-1.0674828892118349
C01872,19.296746879798086,2.426545062361854,30.30823789074931,0.585842629917265,-47.951680397801326,-56.57145901610414
C01873,14.103545466577177,4.384215221322558,4.001318459175061,0.8450703256521417,1.2585259265891588,4.84305734470969
C01874,14.983242097631303,3.4160063436003583,4.697619700429988,0.8970913310791547,11.516851514433812,5.163969626669415
C01875,13.340909528762875,2.7477206280892177,12.81525711680901,0.7225497037037355,-13.681400476066422,-9.416675089942164
C01876,24.98866317562104,2.485921151920301,15.120098673785833,0.491914434010548,-24.41296206115499,-23.91212972889419
C01877,11.067957704980568,2.7620945207606544,7.946952286948263,0.497241769981776,-18.911401346368866,-9.388143615239677
C01878,13.925370997041266,2.7693267180034336,5.55362256797941,0.7934567059696195,12.092255863891461,7.541218504312501
C01879,9.323203932724782,2.8832416302830355,4.057181948245643,0.9244040974386438,0.21022071907673734,-4.860347729089274
C01880,6.302868834553909,1.0621252174528955,1.022645448632629,0.5975702780172932,-56.11227545975352,-50.26993669443142
C01881,4.8899236622920075,3.357847998464429,7.533675573567438,1.0,22.04241227650106,20.624249278303626
C01882,30.0,3.255496564586533,29.292620381923562,0.46110838631651263,-24.367722822197305,-19.834957696509857
C01883,3.046092264833603,1.2325896929227689,3.157029414081612,0.7675619923515945,15.189153212931366,21.71103414672292
C01884,19.214635478983002,3.3453623680207913,11.429824230406377,0.3381158936698244,4.329811997653443,12.06321429163157
C01885,1.0,2.9826283303130308,14.036520293022445,0.6815500886460932,-16.558404201250365,-22.899715879347866
C01886,5.180472575296707,1.7547381749115996,3.51528199222426,0.6864039022731715,-23.013610894798276,-24.587468523355398
C01887,18.21975688564439,3.9094861267199157,25.109356106981075,0.8186599411645101,-42.127793492239405,-50.81218843677922
C01888,1.0,5.008634554570804,10.81620195856282,0.0,-33.82354906853113,-27.369652858881288
C01889,30.0,2.1408803227392923,13.175067637036113,0.2812472389254729,8.913043323675959,8.217135057262851
C01890,8.333266663377753,3.157397605837023,3.7849988458653456,0.44786121300237236,-20.731387070320366,-32.61844947660272
C01891,4.139905442661553,4.873247258420809,5.395742615492227,0.15605649370760677,-1.976430546389464,3.8648102093759604
C01892,6.947968262366342,0.0,5.276950238573929,0.6046432575428725,0.5901221624001076,5.098917224051687
C01893,8.83642647337572,5.839289942303493,5.066737427196975,1.0,11.451421057737205,6.481925003013469
C01894,1.0,3.120517077760742,7.400265080284175,0.4622964582111989,-24.72864263481692,-25.682063299956518
C01895,30.0,4.136323642815037,36.628071656518635,0.7356030754005615,-16.043585807447602,-12.893211226143595
C01896,13.015322055845374,0.4469150419905117,5.6160049570192285,0.5306185630229153,-56.08805966178622,-50.66341335974194
C01897,30.0,0.9525368280933169,15.32252122259273,0.37895226528676773,-43.85818475495432,-46.94449595508966
C01898,11.569042604951393,1.5526184873681566,6.191352007560916,0.4094200243820788,7.477398108984798,12.517981588781147
C01899,18.4642575331369,1.415009033713838,5.5259791232875095,0.7829293865024831,31.13144561361263,29.948144830167177
C01900,11.74397441563174,0.0,3.210475588186252,0.6747429074102883,-41.93280723103546,-39.892459761700145
C01901,15.337882181718866,1.2133825893173724,3.924000687751571,0.6748823497386723,-1.0141675015891396,0.5591910515938925
C01902,30.0,1.7534662243497154,17.951788931279104,0.7217590747718321,17.752055562212465,8.658803888777108
C01903,4.827503054309142,0.849597171900712,5.69797367838761,1.0,9.43283839037871,5.86860138180495
C01904,11.702696087527002,5.232491132455802,11.909922929177398,0.9497638815503786,12.960109405616514,6.879609978229302
C01905,10.292011044376538,3.956181970412472,5.2004617656825545,0.42213728030485453,0.6893956575780944,-3.369335741243706
C01906,30.0,1.896500744045531,30.47674687272824,0.2286435817707181,-69.9471247144958,-68.38551567325618
C01907,30.0,3.8704581299396805,9.964715176559123,0.740921286680784,13.96130487529202,10.067970084903878
C01908,13.80642180571053,3.5034894231110947,1.8255094122364852,0.3363024522240137,8.544808126125861,10.187118723552505
C01909,6.7138237533815275,0.4156997805361513,18.82757598105023,0.6613626556641146,24.782653217400604,19.24319775627618
C01910,8.493365733854878,3.64464877591337,4.627487450065009,0.8943793896933758,7.718665172030379,6.076548549267115
C01911,11.744961987179252,2.374286785115042,3.9502129078721007,0.4085607524233281,-28.839134022066197,-21.42850396478193
C01912,11.70759932684457,4.0358573595931295,3.532083691881133,0.5905343668990971,0.5886455596291649,-3.494306596049138
C01913,19.683485974603034,1.3767907928937393,3.418174394946134,0.826540602213232,9.39879146775833,13.27671240361521
C01914,15.310019740279232,3.815783755396502,5.487786048584992,0.5426582863343491,7.912145727434894,0.5853442068768553
C01915,30.0,4.5770873395850495,15.468147902208347,0.733143029478802,-57.00364931738088,-52.83637016425611
C01916,15.786129561712558,3.597669095537931,9.399812500691311,0.6130668288793559,8.737770706804103,4.32629497261648
C01917,30.0,0.3120316537491039,13.724315488804852,0.5967507439148128,-37.49760594208883,-41.06181415308694
C01918,1.7823862003575321,6.688055613166863,7.40831140684314,0.21783195004600137,-34.4844124606428,-29.27615114198072
C01919,20.83269141544421,3.8924747675287876,10.62698247704254,0.5570283650447667,-19.769377259300512,-31.740306098485917
C01920,10.887032002767045,2.641242456718502,3.55712838790495,0.7876927805980156,6.835175935643546,5.917200679425571
C01921,3.7400919482961594,3.935048000065664,1.0,0.49870194719610805,1.7510238733818984,6.44902913258674
C01922,30.0,6.1683228001955905,14.048697208017414,0.4998750675907191,-2.8353763368537717,-11.984583412228123
C01923,30.0,0.8798324858380453,15.740438512819175,0.8761144650046362,13.371407581569889,12.58689172452017
C01924,9.810081663115259,4.6395112519787425,3.73969929223383,0.6385004581190958,-17.41091174541048,-23.541244692831974
C01925,30.0,2.750409668636891,40.182907539946804,0.7012714708141258,3.844277355281358,0.37184178642924115
C01926,30.0,2.523988187373145,11.099229696904123,0.7515861584970414,-7.776161927014931,-7.266607295304864
C01927,30.0,2.6136479674477204,23.333480797377753,0.19683544919357168,-39.24374720087808,-36.81927974250036
C01928,28.504297404910414,0.0,11.46473237704459,0.683661577098541,18.247647823396647,20.60683426974168
C01929,30.0,3.7207683243228464,34.657858290684736,0.4322348698008392,28.91134013332573,34.882314884426506
C01930,30.0,0.0,31.810752181820977,0.49743652964900087,-24.97070612495873,-26.166078661620162
C01931,9.781453434344437,2.2160119227060244,6.648839093536496,0.34980088878244553,2.2378863329838614,-0.8314397194951484
C01932,15.280102568906113,2.245869877596212,4.913698749349065,0.6760050072045525,-35.97993257036277,-33.95515976954683
C01933,16.867462187296564,2.426421549033098,6.460352154518883,0.46385866093266376,-12.855663553177529,-7.382414218173118
C01934,17.965173354999767,0.0,1.0,1.0,5.578768928775965,2.0501849883872665
C01935,30.0,4.335572054291856,13.51163105807208,0.6158158279982713,7.494667377109904,8.865244598278345
C01936,2.819209076346727,0.2390712479148167,9.12975453718701,0.4602487203046173,4.2578895754541115,6.474980457661791
C01937,21.290912852932465,1.6106187684014102,7.349736179070508,0.5782117927258152,-11.180129261364279,-11.026886700911236
C01938,16.54370907198055,2.1823154054303786,5.74962490473205,0.2965990771907878,11.14562584344251,12.933269751692086
C01939,21.902027480036683,2.528381605023337,6.177114333455272,0.5668368401181345,-6.887951706926195,-3.419649073750391
C01940,3.688175441465635,3.571535104557514,9.96350634483203,0.8519392357235154,15.45108792773256,16.66630389440728
C01941,8.718296331857173,3.0294510268705186,10.824239415315638,0.6299820854562099,-12.332287090716886,-12.425754661568533
C01942,7.377949440688985,5.896597126637002,4.1001918894959895,0.44733318241964193,-17.270403837250413,-17.89841751476411
C01943,10.82252239951304,3.5219745923878105,4.902770835914642,0.8717199879330898,0.9299253056216994,6.047428942592474
C01944,6.758927633717752,3.413183284948256,6.082306132771621,0.5041904270576838,6.43450459248875,8.248762398312314
C01945,14.464954618005093,2.1363650407371773,1.0,0.43616268735133007,-2.897915036339924,2.746709098532225
C01946,8.590794206403183,3.4548521616680654,5.573083689708994,0.39519069311973454,11.312602945157478,11.892215097502024
C01947,6.436989930973249,2.2672311167421775,6.784011070682234,0.37454247319977235,19.12781771293789,22.36410808293572
C01948,23.92604366733979,2.2811127145203223,22.651441675357113,0.7294826849673272,-41.94195053385779,-39.18477911531335
C01949,10.275262495024714,7.0,4.594906480702675,0.4282004015491378,5.270605690240933,2.3636118523702603
C01950,30.0,5.314137084151555,10.784558664898539,0.7097787981611053,19.114938897963317,6.958377058659014
C01951,14.538624309371835,1.6968504069099994,3.375990189172468,0.5664381329548799,8.383726865505956,0.1749569239993889
C01952,30.0,3.973533515129826,17.703902089716863,0.7440141986146913,-66.10100966264994,-61.909610118963485
C01953,24.73553180718871,3.40534131088121,11.761381626901047,0.8315530011206355,18.006202627898276,20.79056157245186
C01954,30.0,2.005897786971575,12.935220371305505,0.2716860187224398,6.850865728261475,6.867159811645857
C01955,30.0,6.126380962051562,39.03069979971725,0.7466683121180823,9.663997340203842,10.900068133355449
C01956,15.822369704331098,2.699187065369067,11.426236392254983,0.594964879122544,1.0339658295220682,-2.291986077008849
C01957,30.0,5.077579416247528,7.7347679861398415,0.8413895915452053,18.406154179222973,14.775835918861462
C01958,18.181907251829628,2.0120573189384894,15.257555105313415,0.7208503425132637,-2.382626924178761,-3.805686630645856
C01959,15.627391201639039,4.649776457534955,5.384460472492353,0.7554925156361575,-34.843458197313566,-30.82598851054822
C01960,5.349644592320045,5.003769764503398,4.967665648760736,0.6934529711377632,-56.947545699685605,-51.74949633981679
C01961,30.0,1.54522453384221,16.825893992453967,0.6537502332624785,-14.541717325827458,-12.903943477853081
C01962,12.955668183351746,2.5073635245013524,9.249937336803663,0.8803092609001145,18.814563412285683,19.30868950934572
C01963,9.212169642687845,2.8702720539510835,6.300332395318133,0.5558902502954728,19.864088969032288,19.595051163976976
C01964,1.0,5.451518036852907,11.012537666885704,0.5643808650948094,13.55273887664835,11.59139169740813
C01965,30.0,5.329627241761873,16.863740392866195,0.8560971072780718,16.174646662219835,6.283537085247573
C01966,19.669921966895377,2.406343277599929,12.677259466005388,0.7639787968061189,-35.478644769367406,-31.1229735611693
C01967,30.0,2.4243834553460473,43.51110716599987,0.731305070926631,0.8470398069044158,4.318850584463403
C01968,11.766185446200923,3.367747402489953,5.123688187386678,0.6379352839809833,-15.371300774937735,-13.89720687294164
C01969,10.672396773779983,0.6428611708079552,3.757483117991869,0.26723376966825146,7.857250354967075,10.961069860241865
C01970,28.400618165876082,4.908218093465814,13.500958378321425,0.6827928845305116,15.946072598805642,24.759069337579824
C01971,9.944589352722216,1.7053837644771184,3.075013036133915,0.64568280729757,16.619444695533737,14.062231679809628
C01972,1.0,3.1460012256155796,4.888486269061804,0.8368602854563101,5.56948654773809,7.127522363033738
C01973,22.64962388421308,5.1021143332365,8.07743954007309,0.5484231404036413,4.0646384519069345,-2.1406551965572396
C01974,15.558967199869237,3.6679106014077885,8.334196996564561,0.011834539094370447,15.511027810345553,24.20752024704923
C01975,5.684514582157259,2.4034964285012617,5.074712901442155,0.731208838858058,3.1854055492909694,3.580170890231736
C01976,1.0,1.4659122813318168,3.836145291346009,0.596256260301187,16.429654394263224,6.366583619990923
C01977,12.812048518623687,2.9176427709579045,8.119353782128755,0.6130150812491045,6.434901789252164,4.573392937607585
C01978,11.644019804337537,2.5660379582897392,1.0,0.6754706245833252,-0.45048268135538283,6.037730327228855
C01979,4.111263129259836,6.937082524252213,4.350782543878665,0.8238751989531311,-41.04659494699605,-37.414882791697636
C01980,18.843034433170708,1.792025033978776,11.1703763641827,1.0,-23.32344377029066,-15.052586091407093
C01981,12.047311561783792,2.202026506629595,4.3167622729357396,0.5935407932924335,4.388808434420489,3.8394023856784276
C01982,28.07293891148867,1.4965630471815392,14.76009160165617,0.4131419105521602,11.392709586277746,15.537867166938842
C01983,16.457384556972226,2.6111324632172694,6.421919227569248,0.1482624467856355,30.52335062552382,32.39256086866297
C01984,30.0,3.7830940036458616,24.93786837270614,0.917963981408363,-38.513443897377684,-36.76479343368789
C01985,4.971889197364594,1.5805599997755,8.93513402287946,0.9568893261130996,-47.06825979021367,-51.95035495878996
C01986,30.0,3.5292403227042466,18.23687364803049,0.34308737538612305,-1.6781733038026534,-17.00564131654893
C01987,5.870242388220122,1.1815920014160728,4.973224465383874,0.6681706091795989,-2.670298652859401,-2.9500357821944365
C01988,7.424360494859144,4.398593126838124,4.557441718788793,0.6849323084976122,10.8139624907967,0.33560959008448954
C01989,20.427108754008213,2.314190439349251,7.973335371315258,0.22803527969434736,1.093325970752809,4.092315824845226
C01990,14.121121181181984,2.5096182029298006,6.6160830641523365,0.6534532387250878,-2.231401490187328,-4.330354832457072
C01991,19.559959698739775,5.1103935039550805,9.982141694577198,0.6275081854823169,-29.561092859877355,-33.74629254729519
C01992,12.067262742762217,2.3455159155076832,5.319219095142628,0.5248948313148165,10.509738536934396,6.1914073102364595
C01993,30.0,3.595732728888648,10.235804946268077,0.6747602112557631,-1.9896110958651514,-1.6004290526408216
C01994,30.0,4.059158237256753,33.61494665832419,0.6868408307090098,15.89730980245503,20.685306814348962
C01995,30.0,4.951669392139452,40.67998140029286,0.4959754633509581,-41.83183744595397,-43.31024644936049
C01996,13.4879878547112,3.492385507218563,3.4721919187314336,0.4954474747389028,-40.063295835097094,-43.8472361848868
C01997,7.267178070082586,2.524549142663587,4.762229448704594,0.6106316929093089,10.40923743105921,6.69398282608922
C01998,30.0,2.2169622556329465,29.396984487869386,0.7529545840531628,-17.88549443415954,-9.784669656027987
C01999,30.0,3.4722545875813373,28.821313568550437,0.7441883264727256,-3.4793615597350893,-3.7130256433451048
C02000,12.92901271766809,1.8615064307917937,6.747453475497966,0.7245384904433846,-12.108976405140599,-25.792552361158783
C02001,18.187753337676963,3.810359408233495,7.794667850613293,0.634048747287193,14.299308106493838,12.336835056168178
C02002,8.435770226851647,3.3015861218512836,4.698864403049121,0.6986465109310723,-13.373383268190572,-20.544009612311278
C02003,30.0,1.2497000247283618,34.052451526318954,0.9582148764624681,9.43938854853516,6.352549181330518
C02004,1.0,1.1571838587242784,3.969314939993975,0.24578941882351918,-11.723222494861744,-17.61042371710164
C02005,23.648305798427636,3.124066399022896,10.620751684235898,0.760005119944581,2.3483185364619468,11.882607330897997
C02006,20.17025959974792,2.569203988427795,6.518127643476684,0.6900128124171976,43.566301743769934,45.15941781959068
C02007,30.0,4.223560055998801,46.17102363946364,0.5337794675807809,12.990515263662438,18.32474814498715
C02008,22.88230523440902,1.6240167777290553,10.620299736337042,0.8118890964113442,4.065812778888463,13.524793325779282
C02009,5.124729186587549,4.09752690415382,7.5721401970218025,0.4722593662736195,-20.026415337523844,-18.567120095353655
C02010,6.9740074768211855,4.1401421384055865,10.165387423937918,0.6453649967215336,-7.805894488327109,4.950794657376228
C02011,30.0,1.2268000344435108,31.141448522333523,0.3240807720027832,10.724452114019293,3.0669487846745316
C02012,13.269713639020246,2.6658327199982637,11.252480378591214,0.5164781537740476,-52.3075209501135,-45.25701635454632
C02013,18.775008841121377,5.049380549543181,13.74338863508832,0.5822678556142179,-38.61535488787759,-37.62787794725092
C02014,1.0,3.601010739222598,13.31921837857908,0.825819030216271,-4.481523388399239,-0.12591557937309172
C02015,1.328783389407425,2.85210721709177,4.396566338159331,0.8989679043979544,23.226169449480004,22.510725919352687
C02016,22.527162447854174,4.287293739319436,8.815697876787736,0.5144625166966498,-49.78218425343713,-46.50862287077823
C02017,15.417889783632653,2.262949773788725,6.657178501638535,0.7245088960257687,1.5788280427414243,3.702931125051411
C02018,6.569203671071405,2.5082343714929163,8.73423584634993,0.8341219695298024,-6.015361023224674,-6.497193334300829
C02019,30.0,3.2527988929501097,21.050577868010045,0.5239438004964906,-2.263239839802143,-1.5443423281597992
C02020,16.430785114854782,5.131411963383447,3.7934381416583416,0.44790867032426906,3.6183540156870646,12.405493354672952
C02021,14.426796727527652,1.6187721866586597,2.6417457731104257,0.44644738348969626,5.495075204789411,1.8516105190090357
C02022,15.419329810944568,3.706034147336517,6.140775134941718,0.5760717552857698,-36.65035640076185,-28.941725193237673
C02023,16.572650298642063,2.400589337828975,5.232169175879074,0.4440872150972428,-20.141762006812748,-23.8821681443246
C02024,14.79817310004506,4.863989240177979,10.157575466228868,0.4391248717844774,-34.35888512063119,-31.025646001959732
C02025,15.27400225111878,4.148550169960391,11.286242154323936,0.31803524518569093,-15.638600355680902,-15.911645451656963
C02026,13.481540368575331,2.885290392858094,5.7812452805206345,0.810447647960772,-46.42981969365367,-43.28487192169257
C02027,3.782132913350134,3.895554237524841,5.269403164589949,0.5863367004152935,18.77225814771488,20.291851618434563
C02028,11.661111332324936,2.135435182384559,6.075812682297197,0.3481013455672903,-23.506376998608275,-20.90040433842039
C02029,12.29529455790508,2.049462899749809,6.4679158104351995,0.858195001937677,21.498506720992808,24.682321319850875
C02030,26.990455848989043,6.78501502285736,12.881564381175906,0.7442779773195859,-13.347661820551416,-12.383760893267288
C02031,12.867283097423332,2.4407906301346474,5.094359770273929,0.20825493248601334,-3.6879673381805276,2.5613042708969713
C02032,7.1229247532088635,3.2670368535481353,10.608486869075776,0.6629739198925193,-4.46821252787413,-1.8507768249727645
C02033,1.4720454043144553,2.41104288604573,3.3171932969974534,0.7366829280075285,4.215741560844904,12.982143248518105
C02034,10.32957111594958,1.0722280188830782,3.7450886014362834,0.24845692543544692,-23.297431460678236,-24.406891788104996
C02035,22.22871685601565,1.4690483008802264,7.108908310958696,0.40671404755930707,14.140740496676957,10.469119176942291
C02036,5.194044640835434,3.507656648063621,3.442563194390678,0.5273675933371154,11.93762833217785,14.239336965529482
C02037,30.0,0.8828767037866894,13.389827999826911,0.8463189662017228,-1.8699753421112728,-9.019324812278452
C02038,11.489662450207094,1.9329903784902251,6.294844772344448,0.7839534913832363,-1.85822823848898,3.595197093079472
C02039,7.305409164646564,3.978330113308067,6.166980336653535,0.5630211377843317,-3.334340450895372,-5.093122928751571
C02040,30.0,3.33966662410998,26.700293301862605,0.38475062767225837,2.469669192946928,7.063302351650293
C02041,27.108925975671294,2.3813814043989394,13.133117124197007,0.6537302644286729,-0.768982513840144,1.0548088072938193
C02042,17.70762020181632,2.335031601586006,1.5702944660085407,0.30605670097289955,-24.245542539589128,-24.4538360060181
C02043,30.0,1.4553680146886405,29.148269710892723,0.71449704589132,-0.4150322960775812,1.212535851765749
C02044,8.34850820199251,6.3438392363513465,4.405000664386291,0.42053500299511265,6.794286220688302,-0.35899723712002096
C02045,28.682400098608568,1.5257833294611407,8.65691543081774,0.27159262788462896,-8.530342732314258,-10.573843188410919
C02046,9.798462680840197,4.515847259235582,6.833031586636536,0.677178856512661,10.894524325411089,14.908821422648083
C02047,16.229679360333527,0.0,14.240279840686778,0.5261872324598714,-0.028252191599653642,-6.66920004135102
C02048,15.863065645234489,4.312994216129082,7.249399317437769,0.28540061554670043,-15.51586019617304,-12.56873532292507
C02049,7.529262181094163,4.465900451894505,6.678634219418517,0.6062196061038785,-33.16413633535472,-28.843721546999753
C02050,30.0,1.601613622779961,15.223779528260224,0.3310310820995477,23.60721361648237,20.38168579144733
C02051,30.0,2.0739171617584,9.913769417461149,0.3711434036294207,10.561878402366656,17.2088198715065
C02052,22.821304140469508,4.602013757120567,10.383650936916448,0.41967684417354734,7.395719897407648,11.456403509950583
C02053,30.0,1.2874133136839974,28.827120119686526,0.7513981000380856,-45.63494234684396,-38.73159895662742
C02054,21.878168150196025,3.6552404803451397,6.5916846885851665,0.4847969519932511,-44.420832847183746,-42.582840023171244
C02055,6.324846543215416,1.9843759720456755,2.8872164761177332,0.6522788468809927,10.767354452241221,8.70715321771523
C02056,19.07673092681967,4.3509256832875405,20.240911152008238,0.7040292406550254,-49.753403991364095,-43.90510609450688
C02057,4.883733933712843,5.793724669568439,9.35932471139627,0.5755349209946975,9.633878733724583,9.694787997883548
C02058,9.430335409192931,1.490887056754977,1.5628528359435712,0.5827032854836411,-12.30009493675568,-7.603059709904523
C02059,28.714913620067527,3.883360415576771,11.599488086614608,0.678999349223003,7.028403877942646,4.773931483906029
C02060,14.676933803632497,4.4674086254044445,12.618369624154868,0.5174163057074557,-31.398747366206123,-34.12016148919928
C02061,30.0,0.008526096342964529,6.075199808072911,0.573589198678021,8.64610329444806,4.9341606173333314
C02062,26.130689632394652,4.506613254456113,8.186426086899333,0.6588338538113068,16.071859035749423,23.147922031089294
C02063,12.179269139679494,3.5256647224616717,6.645157257822065,0.6078853069232637,19.720725928778087,22.98737486161142
C02064,14.372670694553964,3.9617068309278225,12.5356079160447,0.5462469267486165,5.3957085624980605,-2.0111011126706932
C02065,10.902222430305299,0.2615539868353287,9.00884939541227,0.5205471595672251,23.5406282170939,21.991009988539567
C02066,30.0,4.115844701317276,15.374840543533912,0.5652797152516421,2.1822672232062934,3.301613829080706
C02067,8.241293527357957,2.7256382242663477,14.551093727877998,0.8444840005247276,-4.800286518651394,2.771770425226358
C02068,30.0,1.2914689836425555,13.285370587745366,0.17199650685052853,-23.691340847081378,-25.110355341596694
C02069,11.231361138436483,4.051863967393589,9.05794427722743,0.6485906929849989,3.9675958731295395,9.259911667779644
C02070,30.0,4.216732907816453,12.434231098206117,1.0,2.5575358388037395,11.041315756533228
C02071,27.17686888807391,2.8848439610207803,6.629941236376131,0.5735310312300919,-28.865890343170317,-35.06133151909561
C02072,6.690259547108967,3.544294011917796,4.444244921190112,0.5114661042731881,-24.726287770844653,-24.40282640177096
C02073,9.91171310116591,2.757378797930454,4.020931383158055,0.45098161822799765,-10.601228780119898,-13.83575254213287
C02074,17.666476591989415,0.9371095627985269,10.523555363789528,0.3348246260214021,31.249030164488964,38.54416664018374
C02075,23.278512474265085,2.7835693830717734,9.712508530430688,0.6024694368704211,-6.682890601317537,-3.81486118724132
C02076,30.0,4.799770398847342,33.02276241661634,0.6601858495023754,11.152817713174812,8.978393689964413
C02077,30.0,4.82111726978165,24.897129178541526,0.16722820710849,-7.450141188113154,-12.317972599569744
C02078,10.973969145074506,1.7617866023033812,4.7495883483296595,0.4586212460736356,3.5587310551529336,0.444030524099436
C02079,30.0,3.359231090703891,22.18254194819743,0.358777729934742,16.098395730138595,11.375298555720688
C02080,4.010042814169292,3.1150721022110703,6.709791247449356,0.7902634427584418,13.233215376146568,10.449926294127252
C02081,18.619124565245937,3.7413628418993445,14.735170810373297,0.7063726039672668,3.903361567732914,0.7964198792966841
C02082,8.160692110365826,3.078121266786643,2.7447339636191677,0.624778347839097,11.262901332912731,13.972528566598235
C02083,9.90266315034425,4.08328653320398,6.905956874428155,0.6849647514351912,-17.02653772696412,-20.97799159000325
C02084,1.0,2.3792190782503697,38.6496456472684,0.48899507055524416,-26.665496716897277,-24.12874018381168
C02085,6.4818370618009995,4.655017628086908,3.8589053096305745,0.8398337774985194,-42.409604456104944,-45.79066961609091
C02086,1.0,2.2032908298648235,9.285523630932985,0.7399383821663805,-1.6096481439118584,-7.485792258915033
C02087,4.669208849249042,3.2887564616827247,4.5466792337946815,0.6386289224439801,4.175941905593842,2.9342932834279445
C02088,10.67410623841601,3.998499719453129,6.049082453130781,0.37922477610123334,-30.584753326530222,-33.72246729261259
C02089,12.050669161485215,3.32598227996197,3.8469394453229104,0.8102001640563479,-12.089358424914963,-17.844596429983916
C02090,16.058841815236377,0.0,14.596494705917216,0.0,14.106179348383309,11.040254753019422
C02091,1.0,3.448671763019773,1.0,0.3148485361673438,6.2915345784410075,14.205881090296668
C02092,7.06618759308105,4.034061920107106,4.805041517758587,0.8845720853885128,-6.7791208982302305,-8.833798541487536
C02093,7.451002633250585,3.4469285361336555,9.042048068881247,0.2709570338006523,23.480656299399005,24.939539905729365
C02094,8.724218875949799,4.411942185419559,3.824201338526483,0.34429682638380077,-36.36912383281438,-39.77436980978992
C02095,10.480804471390123,4.7578439401277315,5.958332949812273,0.8073440719233529,7.394716060340104,11.309045353541705
C02096,9.711965673022851,1.9578106313286796,25.571244101574816,0.7526464615219419,4.039164741021077,-2.5351957975823565
C02097,8.083317231848076,0.4290488630192777,5.4783845363196075,0.5859682641263558,24.05928771830528,29.79774628802723
C02098,1.0,1.2006199127056818,5.8308516239577,0.3764229507243776,-16.42734062794259,-11.852079224317421
C02099,18.074234880965115,3.1069918656624087,17.373657218070974,0.4727198241173124,-2.0224040279789026,-2.611014001963517
C02100,18.036319251139535,3.919387301887588,19.120574390458764,0.5813852553888376,-34.76497955732443,-26.69553427824063
C02101,4.907915331619179,2.812641947653787,6.35957264360078,0.543621713700035,11.792810308180094,15.801501960716475
C02102,13.853649779336724,0.9255594062899557,13.596048794801217,0.19489439132383568,3.732910165927515,15.482369447496694
C02103,18.827581758046797,3.445307377065666,4.360289874580521,0.2904327200527923,-32.44570032428919,-28.575931870858604
C02104,30.0,3.0170123168471097,16.475609421659495,0.6402812370219328,-45.51298980098402,-50.98493454991509
C02105,30.0,3.2413452593869585,29.199860326355807,0.8260280240663028,-41.87011980951735,-45.07571627419516
C02106,30.0,5.714457107093746,23.81374556044582,0.6537116077682508,6.3683229445627365,10.96592062623154
C02107,4.04755918018177,4.2275541310464515,6.434893065325674,0.3766018626309378,-45.243311010598326,-52.6877328209567
C02108,30.0,2.7990709124375286,24.04324402252533,0.7452158686404994,0.5357799081876058,0.21722150761558146
C02109,9.420800820619535,1.0108151169747828,6.209426735148024,0.5807563403038112,5.6644215376351905,-9.303160632341859
C02110,27.293538201370755,5.017214262686899,13.16644819391649,0.7372194574767699,20.59654345177017,25.29825611063213
C02111,15.13097972023921,0.35026635666098915,3.419763264309366,1.0,1.6241938135656997,1.0733723407466027
C02112,30.0,2.5775998704189234,2.664927804358986,0.4467370018959787,17.517977748582197,15.369188112923506
C02113,28.59816432616679,1.1998275855898313,9.497524916908151,1.0,6.623621819036487,6.222664700463972
C02114,8.917258857129394,2.387974187141655,4.067098113902627,0.2946346492896495,-23.379653144733908,-26.93067905536794
C02115,16.04377790940907,2.864023060228001,28.251330560560795,0.18850152680289603,4.396538098462144,-1.082562338268107
C02116,17.06352762811831,1.0268492855336444,11.71201347078726,0.5756567539405961,-3.7217984670080178,-3.4900766422285696
C02117,19.515034623558446,0.0,7.692539295591527,0.17405440503205927,-36.0894284983445,-38.156658969201004
C02118,11.97647762231069,1.5506831751467232,6.2779062775208825,0.5176840100132497,15.171686876046808,10.222432947675022
C02119,30.0,0.9693304044129252,31.26270210043183,0.31343840391812533,19.322533619427393,28.838955899721753
C02120,7.98826256873074,1.564647359373139,5.553000233758537,0.6405681078894242,11.02561228191453,10.540715941904141
C02121,11.280651251281821,2.5757648542856013,2.7765098477449257,0.6668658391549022,5.643005890994323,3.510060302079378
C02122,30.0,5.282358247652045,12.207760414424019,0.5249823608375678,14.908418334020023,14.714202019694762
C02123,30.0,2.101695224946598,6.749010986147756,0.588804416422653,-23.742928351153502,-24.209786891434813
C02124,30.0,2.2048238727995235,15.765638434364657,0.6462246066296227,-0.2973098144889983,-1.3397095618005455
C02125,8.153753005417,2.8431210538804415,4.410278605075272,0.27737478652494013,-20.732338749857472,-27.84914740592192
C02126,6.243786278907706,3.992830797976284,6.683163529928777,0.37733087536915694,-6.555317737313882,0.07477175208874698
C02127,27.622226771684495,3.8422166643351368,7.281596966041863,0.42347727470087404,-7.8183333579449705,-11.920630111814067
C02128,30.0,0.12175485437359557,18.965864442707264,0.49020104569856404,-22.62866647252571,-14.702581860421688
C02129,17.37591869728317,1.4327562479282971,3.9561277741757435,0.6118842858624349,-1.0359501702987384,-6.9055200649274635
C02130,7.078189550631068,4.661591090239844,4.1359785958275435,0.6498239910077215,26.025373846694002,30.631885361200162
C02131,7.317128297496148,2.218001747737223,3.405264888377726,0.2902702452277817,-17.53995520230614,-12.35360297289616
C02132,22.143638972447118,4.444671621353793,4.026895464838802,0.6181292264565303,0.6473090830436403,1.027148990107913
C02133,30.0,4.075827999422987,24.076551413493725,0.535858183307406,-0.6966396711986178,-9.603214658601805
C02134,10.072972625147843,0.0,7.715371524810626,0.6136240238511246,12.827330707595195,13.372466561411077
C02135,30.0,0.5153865500709522,7.045644785689534,0.48329569049431614,-12.960174557009282,-6.411156018299367
C02136,14.329234954563823,2.5001654503743476,4.511188985405092,0.8530254294201435,24.079313314444704,17.19811983275387
C02137,9.126687146290443,3.600762017791276,8.23740994260082,0.6558773981153833,20.087589465409067,18.171594679783034
C02138,9.995148700799906,2.598858727274571,5.772709524462969,0.0,-38.29063586642995,-42.93046049265518
C02139,30.0,2.7075391098857127,20.483125215126744,0.70180166682805,-5.8342489932049,-3.167128218777597
C02140,30.0,3.052131244592997,12.607889157510279,0.327607015116607,8.75113290360853,16.94024152024908
C02141,18.24056743983096,2.8487247613202316,3.982191870544885,0.8176608976112671,7.339910250524527,7.313567300386183
C02142,26.764867121084343,2.950927484394391,6.490218656157479,0.5801787497013567,-9.92272193983856,-13.584352307519117
C02143,11.293297021514366,0.0,3.5216577992119467,0.5588185050218331,2.985545834151679,12.430511798392509
C02144,15.078658653154292,2.53264966353386,8.43530833059156,0.8496076698061581,7.000745110788176,8.139789070173762
C02145,4.307794529011737,2.5189624764394782,7.6748396240328285,0.6857573398400935,5.4362846506702,5.284794909887742
C02146,15.302214782242405,1.3987226226654585,1.593383836081709,0.6123070545884066,-4.778794038234929,-5.814185148593015
C02147,15.357324401957786,1.8508827489035937,4.760508268794969,0.6919989139552081,4.8792541879124585,-0.6696667056528085
C02148,30.0,0.4974765904214822,7.770403397916839,0.32373843889841264,3.8296745957995824,7.285704677722597
C02149,7.801709424482288,3.578895184581285,7.662383986647864,0.7651847699948888,-28.231627371703837,-23.704690339613215
C02150,11.91330597459893,1.2709337856948244,4.9911741898535436,0.4466653045333544,-14.559876186617766,-15.885912943634102
C02151,13.290550479172516,2.8187793219625257,7.727653538492881,0.6923522353144067,16.718243695396353,20.212823339596618
C02152,18.981326284865485,2.2638395687002326,10.941987158964894,0.6265997238212988,9.96615991143756,-0.6035853186097793
C02153,4.377216319775181,2.7222308421749353,9.628146704214227,0.3318330438066766,-8.226812827784077,-9.551837130312704
C02154,6.605221592737098,4.365460443789569,4.64142034166756,0.1326904609876502,-47.76124393837624,-50.86308248903005
C02155,18.963190301492222,1.8998346755985283,8.694358485379883,0.606939052157806,5.422558370888097,6.3781071604376525
C02156,23.94540575849334,2.8499465062611353,6.299104942874438,0.7113403974385989,-44.578819171122355,-50.14145145813703
C02157,27.498920793138808,3.957094227932777,11.9571588590101,0.7853950387034273,-9.692230788744682,-18.16511044729635
C02158,30.0,3.2310790823708095,33.69966006315628,0.92540101559969,1.8224527179741528,0.375173234462284
C02159,9.404874237459948,1.8086500633101623,3.7291295739989976,0.906552274824966,-31.73867419957495,-32.13776115395198
C02160,15.297808814933937,0.6742971893675103,11.454743159564728,0.6428201634761073,0.5105432262576217,6.526886237333427
C02161,11.74575283082151,1.744508698457253,3.5752617721174196,0.5023524429912869,14.073946088704028,16.739778636953037
C02162,11.526829900398834,3.2720864473579065,2.3694184496896544,0.55536684334051,-1.7247825892402933,1.8146094436830116
C02163,8.844665663580482,2.931179360634377,6.298019740932106,0.6520113715496968,26.92356366657436,17.30746613974427
C02164,19.577510143702355,3.9563461056289,13.16760579988748,0.653088118996816,29.771519889184983,35.209816198857276
C02165,21.46129749232408,2.5026210887772113,7.691347240410581,0.2922310825392,-30.010025094684462,-25.129769002397524
C02166,30.0,1.838139257944862,20.372895952092904,0.38850131691542633,-7.843332356503305,-5.414383499078781
C02167,13.982435164006624,0.7724018961520187,4.786368370320103,0.5849698906250729,-7.847642354850375,-21.140444478738576
C02168,12.834036020630087,1.1823210299696898,6.527435284461567,0.733343971498405,-65.40962906251869,-64.89340795497247
C02169,12.373443481805392,1.428548690790361,2.9208808679021327,0.6506919895368903,2.6872847316633535,-0.2834599576765857
C02170,30.0,4.965581244967912,6.7898135684436784,0.7743425141098208,-2.261499177680024,-4.0976761497469605
C02171,30.0,1.2269417546873724,6.916786054340564,0.6533946277854148,5.126949089036545,1.281987801361442
C02172,12.793070499386817,1.2445360843977207,3.001461709865702,0.5989094296552392,-7.989563723545498,-6.216759326963647
C02173,10.603170991598045,1.9322828824271208,5.528493617807391,0.6043082447262405,-36.67698249108686,-42.65994161710409
C02174,30.0,4.548199417531881,16.00253655958101,0.6657890634011856,10.753365203598657,11.272621728166172
C02175,17.747245465723555,3.7076410270864235,13.870290205646025,0.5549244597385721,21.374138249094294,27.85634684335947
C02176,3.981546989772223,2.6163279916251554,1.6330574274031049,0.7630685968434808,-35.707035140331016,-38.37509498482057
C02177,30.0,0.6273609605280086,29.954306053809397,0.8660239653529562,12.617102850641473,10.57261926924583
C02178,10.94379423530244,2.802502642931092,15.191949130663001,0.6212695352524054,-3.894151282514809,-10.195008215971491
C02179,6.067821997210653,4.050921799660156,3.2265964921938624,0.5200182416060484,-21.321070777413617,-17.28266126949312
C02180,3.671326301602793,4.848322722690396,2.2294606681583136,0.7827962434467489,-2.0322234183740306,-6.7265815471258215
C02181,1.0,0.0,13.817184793666673,0.6054261776443964,5.18814957240438,1.8340244110976753
C02182,3.3986108777105626,1.5894818700714426,4.857374046600858,0.7669982715979287,27.072406765725944,30.810193335447163
C02183,21.07228615401381,2.891683092185055,11.220287455357338,0.7122475738875383,-20.652751963122334,-18.49400876320805
C02184,16.001713287624085,4.6187474011929766,5.022100827820892,0.8583784332589728,5.2310218694445005,-3.083660488603668
C02185,14.65901645007273,0.7681043242138141,12.631941074350825,0.7939143035554012,1.649058763329002,4.350232553940598
C02186,6.535052758781685,1.0913190185347068,5.682684046295983,0.6517257361976398,18.348093697573997,17.037505110628068
C02187,30.0,2.0380769043272355,24.725373296095153,0.8696293194472917,-19.171326087945786,-19.703948496056164
C02188,30.0,0.6316801629754432,29.602061195974898,0.7245538813639992,8.968887868742318,16.253549569225974
C02189,30.0,0.0,32.110679421486275,0.5142215197061001,-1.5217391894739052,2.752350635256752
C02190,15.30841822511348,5.914262267563715,5.457220032630996,0.8100830205055677,5.753588019680411,11.838763574444208
C02191,16.913789116490925,2.354628539251849,7.535319910231914,0.8201502924400291,20.566503919229042,15.755708999045286
C02192,15.105112020294031,1.7538928756423218,10.415008004310783,0.4793710259773608,-5.713503111054511,1.6564191473527048
C02193,20.134357708694285,0.9544854273862766,11.539364380679219,0.7494591083874683,-5.892672606578149,-9.844202517518774
C02194,13.259011440687123,2.6763774498730766,5.347955517012838,0.9332573940873425,23.82708872890496,20.228680839694167
C02195,30.0,1.9068117744263777,12.64473602681452,0.5646151958885788,1.487694668218602,1.0074396504641427
C02196,30.0,3.9112110769699346,31.382682017457746,0.6591853173081895,-39.75047594462795,-37.0313044450363
C02197,11.233515931588421,1.1186766655896547,5.364543851997612,0.316241473368878,-16.416701693703978,-10.141819253050926
C02198,7.437774965119377,2.701898339250557,4.353880405981473,0.23173522447316275,-30.50216801738543,-30.74796956609939
C02199,9.571490391217171,2.6372921889463226,5.765802162972472,0.727603010802061,20.594330432070663,29.33712533330409
C02200,6.640525224341252,3.532184565601968,1.2578445429404321,0.49695256859922154,19.435106606472,29.767104437136997
C02201,22.16752569552891,2.4542584450276657,15.986003061618991,1.0,-12.305469421535207,-18.18815387594339
C02202,23.227157903784114,3.5908237271702497,18.311419692995784,0.4365100260725052,1.5860473845438374,8.341944909326225
C02203,13.054747780587348,3.1717138617142635,5.404158480239718,0.5799939955885217,-10.666776330465954,-10.033690548839163
C02204,1.0,4.01380599899679,9.854186084974247,0.4973774694523766,13.08049195588594,18.178363502763624
C02205,5.624548866045416,3.612059712389421,5.512307451894708,0.6276874401453945,11.000224217502925,5.656328055305826
C02206,17.26342246359181,2.449593108532862,6.795225107571701,1.0,-4.942438899241187,1.232653096221302
C02207,8.980187479483435,5.213357605609014,15.321907219222501,0.5376166846046262,0.5800564503083478,-2.129322021075949
C02208,6.161774891155563,1.959705765020697,6.834907396218987,0.4771084405270569,18.54240171994875,24.084840983861113
C02209,16.756210087257337,5.028653923142168,16.271167946132078,0.8185911713061266,3.6117730515892195,3.3902190845546567
C02210,17.107123719773156,4.357904902162311,6.566823639754232,0.23022368315194924,-1.2141493454661116,-1.8529360526383971
C02211,26.63311851308338,3.7519721054554607,18.518669643995132,0.6050364624177366,14.702160156643856,14.697672729480496
C02212,8.610403683268757,2.732189575862318,6.498253570054576,0.2519130112897399,5.7943486714531165,9.534778652311362
C02213,30.0,1.8169207452607783,23.196759166983494,0.24491167763281682,17.875588479042467,17.87016663561369
C02214,13.175785787844115,3.167512060315975,3.096769090476376,0.5769311263798914,14.591261629485013,17.60478509757078
C02215,3.722213361686123,3.1528245623819857,4.8106341346737285,0.21221212861942962,11.530469440677262,11.56616906508467
C02216,5.941978911559448,2.722059399925973,5.339964704913486,0.39898396637645217,-3.816193713404358,-9.881628077077256
C02217,18.80612887229592,3.6875386874437246,6.218394424686032,0.3969726555404275,-28.17804245596139,-26.56142840845992
C02218,30.0,4.232186676081636,8.909505541214806,0.8833801627591329,5.075983029351668,7.161835701099077
C02219,8.284560803956108,1.62592223219181,4.969151584950193,0.5796075024914846,-12.091491651597845,-19.173124916533737
C02220,15.055107158870545,1.8845661570042216,2.262359547804209,0.5904550785308489,-10.020198434499829,-11.6448303377796
C02221,15.702157179899793,0.9738462956598655,7.706855956761888,0.7645153262008403,-19.524721448275365,-15.973293416473396
C02222,6.978138246463404,3.4372546954246372,7.640289116504347,0.0,-44.23452315502886,-43.56644917686876
C02223,13.335133230859016,5.230704651148558,6.616272904640596,0.17160800271074272,-21.686940949103388,-19.612511840938986
C02224,4.466581120844321,0.9043425634601716,5.9531395595763605,0.30007935820409315,14.050337974840492,12.0046582317209
C02225,21.688409928875235,1.7430781677034344,11.424995029245405,0.8606931284987687,2.271853649005575,-1.045883158713115
C02226,7.6413242335156255,0.8295817550250368,5.132291380725336,0.7364668090408886,6.444734092285403,8.085324248888465
C02227,30.0,2.090935671031793,40.22184093359943,0.6888379504401027,4.336434524652702,-10.832599715973103
C02228,30.0,0.0,7.993654402740891,0.8358462711914078,-12.56477598370661,-10.096971952207264
C02229,6.972991969028314,4.634282069924808,1.699552630471009,0.7560485844668972,-31.210736809716373,-26.041542294702978
C02230,4.670220240171352,4.009222499619882,5.728763865074469,0.6851768349579752,-10.259425220570321,-6.682149434870529
C02231,8.509276796382272,3.2759308451399702,7.037739882576921,0.41414568073130364,2.084837307614144,2.1274090231416154
C02232,30.0,4.34871228485694,10.305067641369309,0.7077221116702883,8.179611308919615,13.740016694076367
C02233,10.661099286537212,4.269265951817953,7.495150114065858,0.8657152027852043,0.042951071549640396,5.5082845744927225
C02234,9.626028738846541,2.9019828154246183,8.458188380928348,0.8287236544444967,-11.30387482296518,-18.7678871205124
C02235,15.769168973206476,0.9767171332544207,5.664591609600399,0.6557495330582119,11.620618690262862,9.677024081171298
C02236,12.592035481891068,1.8633630486391024,9.047027175035199,0.45145496760511894,21.917591175885175,22.414126881274235
C02237,30.0,2.8682829218013124,3.9274747327967674,0.4845175187126677,-44.04273646449063,-43.16668116700579
C02238,22.72221627508868,1.8341145040576907,16.238045827294737,0.7447802774386667,-53.47669807203185,-50.78018585321877
C02239,9.954368038392133,5.59283597693728,7.005378503264688,0.6527179529816011,16.32448293595956,18.910290465942985
C02240,6.173901368901664,3.235639202218166,12.910249202484275,0.4310572420188038,9.564944234854753,10.38715958365936
C02241,22.73470640383794,3.154870019472275,19.506981589692455,0.6649396632868821,15.600369745288736,18.812574265640222
C02242,16.567610509214056,4.4206527517585,4.815175617742302,0.3156577040461642,1.2528676375670358,0.36737979255042985
C02243,10.974676447955082,3.4153717128782595,19.177465047161405,0.6949032057427934,-3.822388108269479,3.101264337061674
C02244,17.829139507042864,2.6024901491932955,7.68899545140531,0.9860249465286028,18.090386340438474,27.31796602037187
C02245,8.91560163818838,5.270791364710302,1.1145805152668125,0.7234192028905685,8.771470811745035,15.109315770264082
C02246,19.07445107503993,3.6515500271368806,8.667779969508388,0.4190582564954177,-14.875359272362976,-11.235855784727178
C02247,20.151799880710215,2.2591439102317272,24.540808692122283,1.0,7.421247575553059,9.227100174438014
C02248,13.275208840600317,3.2674700902017864,6.925565750679903,0.2965836800468317,-6.613659548245234,-6.820620196205399
C02249,22.044150865082536,2.2050806929046143,12.16424346111036,0.4127444690882069,-1.4645595106533555,1.8996160490294876
C02250,16.289080035608954,1.7694662024706855,7.348960706770914,0.38851339968174103,6.807454747873944,8.099422665577002
C02251,14.219839259290556,4.184699118396318,5.730394025609251,0.35066707120974366,-4.89682707371723,0.5565826900195807
C02252,30.0,2.248059606457687,27.775789355154565,0.8422650856923458,-5.741737437785133,-7.917142085310823
C02253,21.150228373584735,1.8490638309894185,12.686143095470129,0.5889315914531733,-2.2328327339927236,3.3846772734878696
C02254,3.6734427934525193,3.271388719297543,3.951202600361479,0.3864721537346386,10.856955104125946,12.824780359289985
C02255,23.819547877219897,4.5731669854107215,11.880215735929212,0.34408373571274414,-44.3595492509838,-41.445928574196955
C02256,9.517584844614362,0.0,8.403480034647405,0.732570248926573,-44.84463226244692,-46.066336075543326
C02257,13.294763378494164,1.9135819698776901,1.2127079772902194,0.534609193508765,-7.251378872085667,-7.490223240090193
C02258,27.490642979510714,0.0,11.806022371594503,0.37278392932277366,-30.51798751167419,-26.493333420237374
C02259,13.576051478895689,0.0,1.0509284763416176,0.32643223750162986,-20.34625582906819,-13.253095504837685
C02260,6.382037720041976,3.0716810113452566,6.572199821942758,0.6649054214875114,-4.2542908887420054,-13.657723690108718
C02261,20.770298186875536,1.023016877805993,10.791956235657812,0.4497807401785866,5.7921365229688,5.701738276518261
C02262,8.69105205370973,4.148399499396954,6.875820967044888,0.47678578161116625,-16.478055035964108,-23.62843162006397
C02263,2.6979693907648947,1.1990195424387138,3.434247195369736,0.5431645873229006,-5.394971341363849,-6.746492177243217
C02264,4.982084061716323,3.881068896497447,4.11516629672187,0.5349228147698887,-7.837884513639594,-3.860020275230827
C02265,30.0,3.43395653217116,35.63847267014903,0.6761693557831171,-2.0251305610781687,1.6463207086835028
C02266,30.0,1.5973624613751831,37.528885180068194,0.4463334945877936,8.915793985502884,15.954637368417828
C02267,9.865111919976169,2.2443757318315933,2.9328975080194164,0.6588589607129565,-33.41409622493509,-32.28583944278453
C02268,16.251147601310695,3.260411089730355,4.143693433431799,0.2804791268758061,-5.693758566071699,-14.168809026738169
C02269,19.383235609632322,3.7955561843225962,6.045744692093696,0.7893616779961972,-4.361587702563005,-3.4677433772532114
C02270,27.064874131687557,5.045137098378364,13.723033502571294,0.5277635591018468,27.535518096189726,33.274192602935095
C02271,9.815326944833812,3.3217163762331543,5.842853821543126,0.7796706715250783,6.335021394299414,11.415996235617241
C02272,10.30223651167538,2.931463273703233,6.348727106441505,0.7251210941507422,1.9853563637214808,5.6171670679332255
C02273,30.0,3.035070782212013,25.546868164789018,0.8928995112440907,-3.3244403236477424,-4.686798733075634
C02274,13.057930376808606,2.6170115919663806,1.440657881612779,0.6509439403998881,-1.5911483452850703,4.995879263684122
C02275,12.753900459208939,2.2977962996810657,3.5233844054392955,0.8969890705022637,5.477314449864185,6.15751484590796
C02276,25.292973300693944,1.5998628844912994,9.327255410716676,0.8127957850100648,16.484901778258326,9.75315479562758
C02277,15.749839329856119,3.578997895656745,2.4974765490271555,0.3018410766143904,-54.06890517393269,-56.797720094901806
C02278,9.637425097120008,1.7374745261444355,1.0,0.8297664479429786,2.5694312914804445,4.5659143100170585
C02279,30.0,3.258157668270326,34.995767154239125,0.7291845135960588,22.869556569114295,17.39781856310232
C02280,8.194937235753232,2.9477481512859502,3.3952753425211872,0.48608028532302194,-24.415446739506052,-27.201128797206113
C02281,7.757532802294916,3.9628521292570174,6.094963266846717,0.7319534944090975,17.648142690627054,13.06209628738365
C02282,28.43366067296975,3.3549476783732537,15.570508813444665,0.43593632657656967,25.984344076767343,27.832765609094356
C02283,30.0,1.8364770355239712,19.67669014392185,1.0,-25.932052556436446,-29.2315587651864
C02284,7.526187327133611,1.3359437145927782,9.783668592347535,0.6275071477499247,18.15907495311925,21.333441560112526
C02285,6.148302433243433,4.557466543381681,6.3693312028369276,0.49428617205867054,-14.162164721125972,-13.989725671817803
C02286,21.706171754412445,2.3682176305211975,8.826945387565091,0.2694074303814435,2.3213646094123943,-8.154577575977193
C02287,25.948202669481113,5.096031194937318,10.813152369392613,0.6860165992940482,-26.005060468763393,-26.24852058487112
C02288,16.74284048198477,0.0,6.652233990618795,0.613668073491703,-25.412941105641636,-30.14275412289649
C02289,21.153403545388496,3.2717084154969216,2.9549688301470587,0.6492261313487164,18.076644825561235,20.86958414196677
C02290,15.772911195778088,4.283405133287933,8.53544915983574,0.7560335850326875,30.23815719658531,27.961675989804306
C02291,4.908720440607226,3.1308443222751134,28.912348759326537,0.7123531727544906,-2.282861909109454,2.497006731800237
C02292,7.989378156953762,3.3179339938422796,11.126122027699498,0.7780511697822305,12.425261146194178,18.6817259049743
C02293,9.961538450210288,3.858243373007492,5.390555139549521,0.5969217780229034,14.633393945690903,11.084383807024516
C02294,30.0,4.240462871101409,17.027956259879208,0.36480861443584434,21.049357000597627,25.888365408291932
C02295,8.389303220129527,3.905247657168051,2.5145796334657553,0.3874583958209388,-21.537402806698495,-25.798779298066112
C02296,17.088877223284666,4.843120753307815,12.387229426875933,0.5993837471911687,-18.60815582898116,-19.085915670792218
C02297,11.90672969081503,2.2908826220640846,7.602203282031239,0.6113255204043034,11.45950218755147,10.465672917630336
C02298,8.862326728632965,5.506189034566654,7.542921437377036,0.874395472077243,5.909686859911368,3.3963622003708256
C02299,30.0,1.4495755309753477,13.651270314089231,0.891449191071845,23.221365123836993,25.039248737191873
C02300,20.99104381202443,4.437040470094965,8.551174035029117,0.5900847866681755,1.9427536433001014,7.95015600585093
C02301,22.294338169491695,3.5917167570228985,6.421272837604623,0.4881484844687911,0.7536238833023496,3.0772210080673466
C02302,21.517448207190277,6.3616231452015715,13.654413897712928,0.5923361663472674,8.694621882405452,8.319008302844978
C02303,16.21138727140677,3.447905514065239,11.025454371463947,0.616673624089324,8.463579310310504,1.7119730783943634
C02304,10.445028581242527,4.030506097443486,3.9098542611365787,0.7153370922156725,3.7934132545512735,-8.752849611613357
C02305,15.471539948197686,0.5206604328762188,4.883538290773394,0.9648495709872774,-4.2136931104975535,-5.781516468242398
C02306,18.354806855380286,4.281551294810123,10.13098635075304,0.6294566011858503,6.420187702919396,-1.7856082110329066
C02307,1.0,3.42272146060799,3.5259757020556117,0.617308751247485,9.63548885967774,3.9959067907847228
C02308,30.0,4.104628113387648,32.72246153378812,0.19599581568232918,-33.142890744296274,-32.00041360226611
C02309,1.0,1.570641381327379,10.906149523143037,0.8078704830835447,-6.365714316902224,-11.90500861808633
C02310,30.0,2.251787968156271,42.52249512470868,0.6482534651303185,8.706735907594215,5.3171061103926895
C02311,4.394604851180009,3.2721826887033174,3.340020081242333,0.2802994192823922,35.94532883987492,37.18596069619517
C02312,20.473449478876123,2.893237333524607,10.71514716308201,0.11978892926984133,-31.286250239269723,-29.988980885187512
C02313,2.6432807349122465,3.4090540564483796,7.706041983829585,0.569048873154241,3.1432999508927795,1.2281049840842857
C02314,19.148034237987986,3.24806524259318,7.617753848009588,0.7899546728772686,2.9503296510270953,-4.706553510159221
C02315,10.849245620953239,2.2556007222106653,2.378814905593026,0.41816751880244263,6.738766731780393,4.663443531110626
C02316,7.52767896910701,2.6414425303761653,6.122588820942895,0.49508303339504484,-21.01321973469499,-20.316713633656533
C02317,9.773780196826358,1.8796972459882706,1.433900435635016,0.18689847426690737,-24.617037234691892,-24.469285084561353
C02318,1.5828282850007227,7.0,6.29519663969107,0.4440817564918479,-9.603781038369622,-4.462229251392731
C02319,20.449108827544887,3.5095804323069757,2.0909407560694895,0.485585180463451,0.5558068255088662,-2.032117404910162
C02320,13.615553171590275,5.634221568326165,11.184827841926035,0.38400452316039657,-32.37943758595583,-39.23397505163599
C02321,20.8855496610121,1.439501813398436,14.926434450808394,0.7397035241621452,12.288222646483948,10.699234884112736
C02322,9.398020999011859,2.867324411355442,4.9732141661757225,0.4992321926689322,11.238630239365193,9.391337107593383
C02323,8.803933821081184,2.330823863294416,5.47979146732511,0.6518670094233012,-21.576188011924287,-21.004557579674415
C02324,15.526494712280675,3.5939049207282205,9.0315843090006,0.7027517213259441,1.8140743585253643,8.509712675662696
C02325,22.735343922007267,3.306215311897673,16.19925488385532,0.6013809369895156,-33.400531855947044,-38.88282477321724
C02326,18.336285074109785,1.2947522507736984,3.901853612166506,0.44714768157038637,-37.75177388589003,-36.072062816263696
C02327,18.666310117038936,3.7137660853996888,16.71201383706888,0.6569074949364978,9.790447683338972,11.883441614693592
C02328,25.406448765371263,3.401331857547623,12.100705202666036,0.5534138631440046,22.473369704367265,21.361997297951444
C02329,30.0,3.441863562960852,30.914102924204194,0.5487931102188272,-1.8416970167665339,-1.5334878463052124
C02330,12.01282686115345,4.728505385718218,7.380981041145892,1.0,2.540757618522918,2.321344123095899
C02331,27.544308799963318,4.4216269090903,7.376677042794913,0.5522643327575885,16.9041419702394,17.083853172956026
C02332,5.713308103286133,5.437746629411178,6.007280191052982,0.7713871215429758,14.030064275626136,24.608724242084904
C02333,23.619706434089803,3.508398683668115,6.498664777132177,0.6000014965304998,-9.559792311983237,-6.973823720487863
C02334,11.760460698124243,4.370890159909706,8.706587154232132,0.9006379334598824,16.713198189767628,11.856315127108694
C02335,30.0,2.7144919802233822,10.828013324133995,0.3261058988268311,-55.906844962446854,-55.51775653403691
C02336,7.526009256280254,3.2880124268444204,12.979754449487524,0.8498258269779002,0.018582114715767872,12.678972550225405
C02337,20.867817254450813,3.87150826135906,9.643648139742638,0.2759108572640927,16.676348092730702,15.825203930430796
C02338,30.0,2.2586203324711813,14.944814633683293,0.3303603729714058,-39.10581889898838,-54.67092271386847
C02339,29.656342670490364,3.092594613074105,10.336454480476284,0.8290249843159445,-3.3437854171152743,-6.885594252088786
C02340,4.256590131374731,1.0778447342411623,10.362975918003935,0.6136784770635012,-22.384025893376766,-23.44755511256514
C02341,5.475589881289523,4.850929844881906,3.1494771350435116,0.36982052847786395,9.220147457049444,8.331268222299705
C02342,13.125141899858876,4.8945026525327915,4.353815356010071,0.43647066294209935,-37.21645491249282,-29.597085736410953
C02343,1.0,1.1799261087093758,11.447677913017344,0.7403369379457599,-20.098633739288715,-17.722316016439933
C02344,4.945027820310955,4.736585264370625,7.752616076300159,0.8271535973964937,-48.60868445184427,-51.26650107842501
C02345,27.959802711080826,4.451997322518024,11.360083589336888,0.771619448164653,-16.52832904521187,-14.465958668444554
C02346,15.950635510842456,3.4798818884955587,3.5963512612658866,0.573903785457847,6.40326689527833,5.081892373620099
C02347,20.71104573538876,3.483544310687068,5.156729920326819,0.8808750876052067,-2.389610666914484,-3.6167633105663457
C02348,8.328424846326326,3.8588370856593635,3.4170612231716087,0.4257503380225965,-61.04472844021778,-53.94618858007072
C02349,28.33224610059154,1.02900416512911,15.73375419808297,0.48523507862403714,22.1317284156286,30.42588232865844
C02350,6.160496375315953,6.456105383601203,7.2166555535098365,0.541697241373676,12.760101342011286,15.472256316086462
C02351,12.25965888009716,0.0,6.594765020451086,0.3516050802121199,11.952377123074964,8.916281866631453
C02352,17.992141813182307,0.8066352130266243,7.203557143848705,0.8087197634531225,4.511645889710196,12.809710325272068
C02353,16.13031419250052,4.592180005724399,24.156884477511724,0.5650658071582985,-26.69089936473747,-24.385172199281605
C02354,12.623783517767926,4.376528802430205,8.223840432083968,0.7320037517941481,8.146770521931922,9.15407204162745
C02355,4.871087891144841,5.55614928593355,5.511717537483073,0.7412496741698091,1.6006819035943263,-1.839232064490047
C02356,27.44764088542523,3.156698188542205,7.541983581095182,0.9281448678474236,4.829469313137558,4.081847259024922
C02357,27.06205636117657,1.6154748476382061,9.336151697846805,0.9344094559881934,17.32512087941179,28.76897318599054
C02358,8.515945525055493,3.0978444840008392,5.061501848512792,0.5782631804970035,8.565583546070688,-1.011716869611913
C02359,22.855379526408345,4.2783029772984875,6.363570246820132,0.6536457565264358,29.080820192456606,43.214089793740825
C02360,17.08228684731773,1.9577566515928075,11.408825735794432,0.4402267388807555,-53.60247414662872,-45.21361072669685
C02361,19.2922175348359,1.400127934242252,12.071545568748572,0.6017044436786476,4.37810238001096,11.747798829059516
C02362,3.5938382750830336,3.04753580014946,6.944303657228765,0.6740403972583096,7.206694232253473,9.302795089320467
C02363,1.0,1.9166358442694484,5.092487195533785,0.7345490970908104,5.2387423236974255,2.8832440157156105
C02364,18.741500083444983,2.739036325621494,7.394401706271444,0.8391402977370213,19.203077835216888,16.676241059610895
C02365,10.056451187736435,2.0734170927741142,11.913546520099377,0.9169257359044428,-6.5825156381176875,-12.988506110431313
C02366,11.44999548460537,3.873813897332437,11.770909181857052,0.6697725456923086,3.814078261040792,2.3762260182767068
C02367,10.85158630786401,2.325275781096482,7.128334254872126,0.5446860482506376,12.164460330380802,11.128532718006195
C02368,14.754294834983234,2.2230801060797605,6.47692771507637,0.7126084344434066,10.504631692520377,13.009542992844164
C02369,15.378930405528259,4.0577997388955716,8.378722199005518,0.5034614545148539,20.0743189946609,13.62685660877257
C02370,11.70559562058121,1.3346081578907163,7.918795870074744,0.8033183193736055,1.0460930577497827,-3.817910166956551
C02371,30.0,1.6410683618608903,10.366534854363715,0.8657424856503523,-10.533670471092169,-16.87844818063008
C02372,11.654306580988118,3.5081410031793596,7.343368360487867,0.8160440531064517,10.197467501338226,11.898173341999449
C02373,15.491022976937153,1.6875254472079921,5.091781038661438,0.6175789160494969,7.195075002048391,10.545908126933668
C02374,18.30734420451217,4.951363574269595,3.8733629961270313,0.6410988773460675,-23.094305087283313,-16.509121911541783
C02375,30.0,1.420051958710403,1.0,0.6513313338376671,1.3262375299845464,-2.770785435615742
C02376,4.815434353121333,2.8208912175997067,12.470247225546295,0.5049677385435596,11.360115617607168,10.216752511901008
C02377,30.0,1.698162336957377,32.59711930308113,0.720231381015267,2.746756761951051,-1.9229922768712786
C02378,1.023022077616261,5.194231449223474,4.023516148193082,0.9090689786115044,11.9322824353507,7.643486741697345
C02379,22.76949800774931,1.415549756292281,6.334980906612699,0.5983452406742179,3.73369506309231,6.068062038263377
C02380,11.113758995860087,5.876552617095387,4.362140327515231,0.6129880910122258,20.94961783582759,34.29740935006946
C02381,9.335248437948234,3.1248816233039,6.370134924298501,0.6905886411453402,-29.444275519725863,-32.09286928169116
C02382,18.950185148869572,2.7231406128357887,7.59511097679901,0.5444007825492392,-40.48426486068077,-48.86305486100351
C02383,10.385473205991081,0.0,3.320568602183323,0.49731794453066436,-35.41151766466571,-25.73459853493732
C02384,25.52868472841394,5.498985824921952,8.162502067909424,0.4803887799089996,-9.651654227507214,-18.022769120528935
C02385,30.0,3.7618191878867924,17.807035525758376,0.628088755882766,-45.8771319923689,-47.606215402810676
C02386,9.65222784027334,1.1714851076070207,4.800040191679218,0.5123207463712794,-45.89224761773839,-45.68510871631374
C02387,30.0,2.218212760599395,20.34706578256756,0.240258573355646,-49.18797790620232,-44.277002775144716
C02388,8.18241736628154,0.5185876823790156,3.5545966122459958,0.808744911531361,5.590886876074375,12.52463840788329
C02389,12.110402606453057,1.8331610171120716,7.951428033489714,0.7197931909395395,-0.15181976306874656,-1.3926076717491391
C02390,11.60908069188527,2.8284385446094595,1.487207438674432,0.5391144408963215,21.856100552669808,31.463402174619453
C02391,18.559735903363283,5.455245745658013,2.777771472314011,0.7762065976489587,11.455481409258464,10.3528958432939
C02392,6.826202293812873,6.737578409302814,4.770575234875939,0.35631694949819936,-6.177571667860791,-12.827657165411555
C02393,17.646428951398093,3.799759773099742,12.618278593539323,0.36404927271471854,-16.06666736035772,-16.393355907420737
C02394,29.5437029728765,0.664677834264118,14.073493269182574,0.41912110075677855,-16.54599706522415,-17.858661251436118
C02395,26.565085657411217,6.494062003809379,9.319193741009881,0.5478176278339872,-60.003688005347726,-62.31097198199032
C02396,9.715388830811923,0.3415614173745043,6.021312601394564,0.5991657111281133,-25.679453812227845,-20.839779139258884
C02397,18.04584743132206,4.28836896874005,2.369189961546235,0.5054180628172171,16.755052624356328,9.114974820513549
C02398,14.984907681670514,3.0987082438067035,6.464858563122418,0.6948788317518526,11.012415827778366,13.946921929311905
C02399,27.390764823049242,4.849377971248154,17.060473255001927,0.5125474852340657,8.084414601168898,8.402847447201928
C02400,9.87605618390211,1.8667797819816951,6.92878890037893,0.14581556753547642,3.893608904779931,-1.6734590238846185
C02401,30.0,4.55218727080269,29.12689508545813,0.2570333886891677,-24.95051833014513,-24.176917303466585
C02402,23.696006421439925,5.176818969143692,9.955643973889229,0.844378996003242,-45.51251108657465,-37.89283319215805
C02403,19.176397958178384,3.6151455456638635,10.054965792803944,0.4170435032137989,18.37677003625837,21.512714414342724
C02404,11.592227782463187,3.019576679811896,4.249137225828611,0.4130877767391895,-28.81004857793162,-31.67194597429416
C02405,5.232820042896902,4.53068276004035,5.189087456749078,0.33675809970793014,19.85154248834283,24.073105305184452
C02406,25.668630101879366,5.013236168823215,10.013823018689214,0.7277899520037702,8.36327997179669,1.8809485017789482
C02407,2.841477590435005,2.3013825153362575,3.8341405217703093,0.45043906298585445,-41.765875468400836,-39.46543549835576
C02408,11.274847905080678,2.047932949391434,3.77133322810987,0.6014238045163068,4.163516685812246,12.424637766021505
C02409,30.0,2.0327999125748013,25.586422783449443,0.6684273191584753,22.113291718667174,15.81789500255117
C02410,10.524242645542499,0.0,3.233114264755814,0.29150260097363456,-6.800075150869736,-1.8532352676468529
C02411,10.032434067743354,4.400008032937942,6.230266112362335,0.5158227030599125,-13.431713563076222,-18.68178316077414
C02412,9.411864232320944,2.9902876754423313,7.420970270554417,0.9128403038089964,3.0924754195892876,2.8709281277513465
C02413,9.780734359674957,2.573719653104281,1.5343610583315406,0.6606901982475958,3.97511484340662,-3.691807230757434
C02414,30.0,2.3346333359248677,9.058761655857937,0.1370593448836211,-21.795622812554623,-16.007818586935713
C02415,19.321257146572393,3.65648997523735,13.186970475521383,0.49939887359124596,-33.31376030833444,-38.95227689596547
C02416,8.618388105850528,2.0057791257276802,6.378983342330866,0.5217691191110422,3.7954092174865823,2.486116543030693
C02417,3.837553955510529,4.346289461822308,6.039020616450355,0.47808437815968474,-2.667260415947432,3.5895149426903545
C02418,11.826600376108349,2.4336344752274908,3.5412094308158886,0.5513419911044419,-18.966794501086728,-16.226930797095218
C02419,30.0,1.278508676702447,32.37948377738083,0.4306493105713426,-24.641908031942616,-20.066175929066187
C02420,30.0,3.9074046589428892,28.269715199331014,0.5754419935675767,11.326838215878132,16.456838544138563
C02421,8.776617407492774,1.6963246819348277,3.9217568116448707,0.42467551036262713,-23.96917637536016,-21.946368150614433
C02422,6.70598865485448,2.8939776322976463,5.586979008011069,0.7437980479036908,16.100886014930857,25.789726210263105
C02423,21.233070629160018,4.402781501219976,11.904801510802594,0.513509185212506,-12.85238948135165,-10.054690323184076
C02424,12.486172467845183,3.0727629445477307,1.6712559429044376,0.2940896218148336,-19.351063568637805,-20.11683553143407
C02425,1.0,3.16241909696317,1.0,0.8148367274060179,5.042144160061957,3.538063284519575
C02426,9.816109768412623,2.3421734552073414,7.470070094601811,0.44626263926251497,-14.770361942057104,-16.39000552580448
C02427,30.0,3.2523949682725894,21.575927401361543,0.615646777660762,13.480306283996246,13.169922505612346
C02428,10.75273516781845,2.064158555225431,4.808467404798207,0.21928028873322536,-8.392060161487247,-3.712960274810303
C02429,12.459380289224175,3.790814127425527,5.433609812630635,0.2528507968616358,0.8412220768639926,-5.84063961351542
C02430,15.29348757722418,2.496250694925893,6.467221928604744,0.5241538028957624,-36.95944620562565,-46.51943894844482
C02431,25.68615121377889,2.7173814111627217,7.724763326249378,0.6212492997524554,-18.033615197974946,-27.0741689938934
C02432,30.0,1.489701587193006,26.1071493101662,0.942824688610252,14.516930436601832,9.87119254649015
C02433,3.806639923368877,3.775910226244302,10.468576225636768,0.5284716705361725,-12.511323621973492,-12.334051851198257
C02434,23.514165595813903,2.184717606075356,4.676342015018343,0.6926375080380687,17.184305567451016,24.074992388216618
C02435,13.729668343433037,1.3599146978901766,2.225254296209687,0.4173025691394816,1.3432789987037737,1.391196857217781
C02436,14.220408153456491,2.2222933675805097,5.456069362870234,0.8119453256569269,3.2468482923410242,4.570692397075874
C02437,15.201905270931643,4.221637636894732,5.976420521331119,0.7140367928648017,13.52460448977649,16.375376279559312
C02438,30.0,3.8699690447666493,10.207817389604275,0.5152430261922883,-13.973281602852623,-10.269042408475315
C02439,13.977382612090581,0.0,3.969798674299337,0.4636222432225413,-36.8263303832038,-30.17768375975796
C02440,20.287171320775716,1.9584669187002122,11.593148073583912,0.36756684131155126,8.2173164331682,5.939239643332766
C02441,16.802921179135932,5.157856026988515,12.338974070242351,0.46387482749472286,1.8929870376514684,-0.10843673138994969
C02442,27.32091180297834,4.883451562221101,13.016247274251864,0.6467844585984075,21.13237673902059,18.80459390658217
C02443,30.0,1.1199331399705876,39.51725662349215,0.6929723273518738,11.211764673332185,18.623982496247724
C02444,30.0,4.347702966968296,28.91146925639785,0.4263436184475634,-9.310337224812603,-5.145351013264823
C02445,14.927488023314961,0.8426585303349969,5.867655567993468,0.37968595078538964,8.078816100944042,8.80953041043882
C02446,30.0,1.744909999414539,17.977395417719976,0.4711538113602327,-53.56666240212206,-42.43789936031974
C02447,10.588790127851231,1.393717130517329,4.544663414424507,1.0,18.379150415367075,16.677778204356432
C02448,24.80104888835288,4.107080709296615,13.570630477190768,0.5870619229906936,-32.85083814351261,-37.696529643827446
C02449,4.970301347074429,3.049994454558518,7.206921229824046,0.3582047860965458,1.7731679877703845,-5.046862075102777
C02450,10.97698087874264,3.760440594599404,7.349086145242778,0.5081194110744484,-4.942319545737041,-2.3308469749816743
C02451,7.970454688362318,0.059959067706159,19.174381899999844,0.47895140001304154,-6.475110624454619,-12.83315947193185
C02452,6.5136626142301735,4.325482279900589,4.136982884890516,0.7215787074272517,-2.8834022087067197,0.41469546750429
C02453,10.10285751046491,5.453820852829974,2.5503739639859453,0.3455741099253198,14.701687085316472,13.255706572144415
C02454,15.348997043861292,3.3609008646270384,1.6541615454905076,0.8182367624926687,22.031900145922332,18.721623305505176
C02455,12.99102683891245,5.979770526744558,22.50940822345398,0.6147929553916893,21.258017428709742,25.388814412272723
C02456,12.167401402737891,4.306131074645352,7.526049248056017,0.6035095388467091,9.728632162242357,6.7048891919383955
C02457,30.0,5.710380116153555,22.32794862318476,0.43530814265645046,-2.783256311284264,-6.473298416949085
C02458,17.3180983089567,2.6551660174530807,8.389704217045086,0.4938229706853102,-7.294494336343222,-7.4331904377370295
C02459,7.9783650804216615,3.4809285800494965,5.389176093573203,0.0823885597915901,-41.018078878204975,-43.94566803406451
C02460,12.170955758753884,1.9824728037464387,3.8970840359068033,0.5786076807359883,-5.029522701651473,-1.0355600501299618
C02461,18.438909496998406,0.8226251008117966,10.178981634379625,0.7345605333089555,-19.176319414434104,-12.101204322159719
C02462,5.115833031735094,1.780651012728207,6.931517415874843,0.5339936318918019,12.700346097711801,24.265006757836826
C02463,7.139177148092408,3.4270399811014602,6.9780291759613515,0.6624594961797181,5.085950980424694,2.8876431049606843
C02464,6.21709193715414,1.1103998682600267,6.433350352751938,0.444483608676483,7.438209031762167,4.209443480124659
C02465,1.2711943883671708,3.1703754142101475,1.7197777496555093,0.3690551339789109,-11.157688944932993,-18.222716352731595
C02466,30.0,0.0,9.144787636242793,0.38251947309466455,15.945575871130357,17.858089410128624
C02467,8.208191632847603,2.504069866204447,5.42852751801142,0.7340703282916234,8.371940270923952,14.668746080597096
C02468,12.38926114915963,3.3905538457393467,5.469442882237273,0.6504154846180145,-1.4093700968386553,-7.764920095740925
C02469,4.468144889071322,1.9428296859444867,5.466454646195622,0.2886146235662224,-25.292544242692205,-32.61722339930045
C02470,10.231748108592937,2.5301110227122035,5.5147164711474606,0.7059453140560045,2.7370669522671407,17.183595069443058
C02471,30.0,2.970269579119115,22.589936911106427,0.4490946742283296,1.0619985303891717,-5.4596536419126505
C02472,10.43535649912841,2.416481878518468,2.9264864311879473,0.665362345489993,1.7230023061302369,-1.7888034120380878
C02473,5.849326331841715,3.428439304027068,4.169307288657551,0.6474952193476156,3.433530050741711,-7.867866265294481
C02474,14.044490068414682,0.46451891173626025,4.256868866506059,0.8092008835703162,-23.92362805060918,-37.58916330803301
C02475,1.0,1.2204827930501247,9.599724295550407,0.5864444048126661,-28.24448895388638,-29.298671601852572
C02476,4.235044410607639,1.4612735192384907,16.03872174282804,0.7149383712104815,11.75253147369557,18.23117208187312
C02477,9.419962713705697,2.6819459448467016,4.626311503585175,0.5602015359299553,-5.462001861911405,-5.5312164823483485
C02478,1.0,5.711318452928846,6.7427032245048375,0.6773973718268382,-10.616245676155767,-21.195912514333617
C02479,12.151072984752817,3.8687040129627523,16.113350038067146,0.5365544728108316,19.50547283678788,19.171882698321962
C02480,7.643181292394537,0.4261956509379283,1.6740420913386855,0.6794517704145356,26.563116510411668,18.144353626539434
C02481,17.604620525514406,3.3131731069435206,2.461107124732205,0.6930378160785304,4.142362881043491,-1.1039793444555617
C02482,13.399276185122922,2.173084658324356,12.531518947878922,1.0,16.28032626044365,16.687210441335605
C02483,14.778005683750031,2.3177935623964077,1.7822118181697935,0.07657725775675134,3.4541850902608484,2.670708472726892
C02484,3.765188900486587,1.9077586212014117,17.11359970086965,0.34288695061409613,-33.688860360286846,-32.49576726187941
C02485,10.38096227760323,2.579731320970072,4.259245693035231,0.24255586157631173,-9.862453907435548,-4.606060681881306
C02486,20.09922970193388,0.3185336926986926,7.402230923197537,0.4623691979014375,12.547786285877223,12.32179712686187
C02487,4.536520697169566,2.8168831608943585,3.2920607531906554,0.6080145548749708,8.187183235017496,4.317131742572484
C02488,30.0,3.473254190849289,26.11373022506426,0.6427635172455453,19.09931134273721,21.92476988806841
C02489,28.486885880580044,1.7967997554971369,10.22753775455035,0.8919990005957373,1.7194414216637828,-6.698367814653322
C02490,14.406952313200962,2.2055701736049786,7.5133957005097685,0.699602967377832,-20.490223136527433,-20.231472456584108
C02491,1.0,1.2078542331689697,2.373197944159885,0.7019592557993439,13.0454204579135,19.50400264111045
C02492,4.639097629993978,2.391092730456786,4.4444540160177715,0.9588784894492188,-48.36062038864113,-51.83866828437012
C02493,30.0,3.13389082438568,8.051127407244051,0.51372003013834,8.485089076622696,5.454331554670492
C02494,10.696343330259936,2.7158897915658464,5.5030311623931185,0.7462451271989075,-28.714946857175224,-19.43885231483728
C02495,6.1696076889983775,3.9810520269839134,4.000254603247906,0.49840344387810104,-5.319803517801692,-4.182105764666137
C02496,16.83115572683598,4.431405279000163,4.424279153111671,0.27717020960916006,10.964373412215602,11.47692352877771
C02497,9.073710158584388,2.1144741890411933,6.612742720795432,0.5558344285164107,-2.0620563839539576,-0.6988839808135996
C02498,20.13357262424755,2.6511910068381206,15.53149344728788,0.8687354189047957,-3.6045039789588813,-8.275999828963045
C02499,21.954145376429885,1.3439282537529778,5.489369280700088,0.4225851989884821,-36.45432903687495,-30.702289775310298
C02500,14.605757290007478,2.2759402052194684,2.3424162828850053,0.5545503807630364,-44.29910083122745,-36.516466018279814
C02501,8.57243842625947,3.077432537650948,2.4776839290999213,0.3794930652489396,-30.862017302880375,-32.28608545770722
C02502,23.69932007048545,4.1305314140483445,14.368654452709576,0.6698929667860085,2.7116091561163764,4.751887787114056
C02503,30.0,2.8518976980756445,27.228103552692954,0.7956792124492817,-49.557264327243516,-44.7370225399416
C02504,14.107640591928115,3.4620231010393567,4.493881486916206,0.45784471058798687,-46.77841434883075,-41.720891971995016
C02505,9.63399610790695,0.9936881584731099,13.884218891906238,0.8815007865705942,23.32290891468266,29.06083910774401
C02506,18.14809741500396,3.36557143299747,9.42950449294593,0.3374676101016505,0.9382631153834637,-6.448691501210373
C02507,30.0,1.696154285720107,7.964265007758987,0.10583488603120515,-2.4654111793736497,0.9229607781699274
C02508,10.710649258435218,5.354186341816477,12.916065941601953,0.3646909686900904,6.14502854554551,13.805419595169509
C02509,9.927848056060716,5.722149670115468,6.528640026237039,0.5920154606839523,-59.56855856774534,-56.62688281629324
C02510,10.373713288193294,5.313694720715141,2.2804752136683746,0.5658216632990402,27.20445787709926,34.921083391209294
C02511,21.603275144549134,1.618655362268951,10.067370391577803,0.5262885603896172,1.7966561541442538,1.7649835430814822
C02512,30.0,3.9845907548876447,27.14679280590548,0.33767270074069633,-2.940476627624581,-1.0312851446760876
C02513,30.0,0.0,31.781412387506833,0.31058081287357203,5.7531222915759965,5.577018350452399
C02514,24.32002138395488,4.605311731508233,10.189379829780448,0.5174251831364255,5.979019672859841,8.66082540732437
C02515,13.165381810294354,2.946379962415735,4.034157000317746,0.7140673645842895,7.4130030892757794,11.385821675320415
C02516,12.478222783398742,0.2661581002560536,3.5199499226018265,0.7242254770100381,9.600843024988066,3.6815219430901536
C02517,24.7566230914876,3.9017933246068806,7.722452302092632,0.41577871329229216,-4.628715558492964,-4.256649470323471
C02518,12.774745794058491,2.480850221968054,4.289574817364938,0.497930423405837,8.537845397018474,8.676384183951436
C02519,22.150142271624006,2.4746645330008907,10.262332782199028,0.31159328608520903,-33.31779645401708,-36.03768923961714
C02520,1.0,3.7903775141486036,7.8828315498361405,0.7656922697102007,-16.622312187584754,-15.021214839863136
C02521,4.929948769173262,4.496751580603366,8.456693964304996,0.5096473235719018,14.185966045000537,9.798245602950338
C02522,3.5332066781230145,3.4003524460556855,7.909204596435982,0.5927461063487119,-33.759102364690236,-38.1831932846706
C02523,23.149243364658155,0.0,16.086679761542186,0.5407938986365888,12.255198121740365,9.041172060627172
C02524,5.052741012214271,3.39703943890272,9.404934549114955,0.29285867176294533,22.899645805039366,16.693162089244517
C02525,30.0,1.4421199315362871,11.905190801168146,0.4529357435925873,-40.02951647363419,-43.58945150803882
C02526,30.0,3.7171049740854136,5.301419135774731,0.8231687577335932,25.146779528290523,34.23817494602957
C02527,30.0,3.4819859553031196,22.151786526901457,0.4710785994391283,-12.815547886940937,-18.374891545734222
C02528,5.034056336568309,2.509867370756557,6.628374409401911,0.545175592793414,2.220387536084914,-2.2949161527598942
C02529,10.77737909944992,2.7757442009348066,10.274195599780292,0.30638154879933477,-2.8683066552817706,-2.219910821182642
C02530,30.0,0.21624205016479214,17.033675009680124,0.9401483302573785,3.782112132450716,-1.4731694618903042
C02531,6.3378519592620535,5.32014713828972,4.938129213272001,0.5698033386053489,6.392654818342094,1.8818478221194503
C02532,30.0,3.3780342423286527,10.543607568992059,0.7903243386311244,2.1447584760830423,-3.9204762380438702
C02533,3.2135719358052395,3.267580308736714,5.001473361963533,0.570456711031187,12.57490310883615,12.649056875955148
C02534,11.569456316931158,3.33762226587543,4.192867361557483,0.7136154679158316,-8.236200926021102,-9.404544638391844
C02535,3.6301690729672087,0.1736121287846979,3.7280751229126334,0.6449858856631722,-5.952075200515576,-3.711124711654526
C02536,24.960234508362277,4.345328685024652,9.317491527965705,0.6650248580464198,-27.57706016895102,-26.547492893897076
C02537,16.17830156603534,2.2643240975743772,11.184558429742241,1.0,-1.3625059759385847,4.436460347697728
C02538,4.390235674039772,3.0415720283337597,6.869264295237061,0.6396554439860916,3.3252568179883566,0.6621669638213046
C02539,14.419174166526481,1.964540736228115,17.025988026162885,0.5463724776283254,-7.646994959928829,-13.491168832119975
C02540,12.502251163305921,1.0270953417582742,6.415693140342273,0.7286185833670793,1.8813627732454496,-2.3772557641100334
C02541,3.7214113967359665,2.0479712972950583,11.348592638772944,0.35054427540108724,-42.60767706011207,-33.57336991131638
C02542,30.0,2.576145313436972,25.587923294351015,0.4754629216725583,-1.3231532426071704,-11.313286019703945
C02543,9.06473008635434,2.8421088006300894,4.983327319203571,0.6905225104715893,8.888915843350066,14.449156920920382
C02544,6.2373402837413465,2.105356880934523,8.63052189430466,0.5734411076975107,-5.563647009817034,-0.039010227343844406
C02545,10.476353295028648,2.700612782366335,11.610556964369398,0.971553760543349,19.293152918754977,20.620889741830602
C02546,30.0,2.4045635306514876,2.29639315506509,0.28974855116174225,-34.163091301198804,-38.71504551844434
C02547,3.3862288536507057,0.8020072324617882,6.625393600376994,0.6888776626500739,-1.5459326278225758,1.0791455371828693
C02548,7.321898351787188,2.8092219606432836,4.305294998849976,0.627817538029118,-25.151181008425624,-29.27607109799696
C02549,24.8447039343453,2.8085532039371577,6.411317870763851,0.45298030548155543,24.68136396871823,22.24324802298548
C02550,9.62519092826289,1.8139005375175499,4.218925458535975,0.7120444097187278,10.41058263127617,11.534297519765829
C02551,7.143490177881776,4.253347538349056,3.5188620305600753,0.6748403503316668,-39.60291457470984,-42.12419457020335
C02552,27.846519869105215,2.8446231172684735,19.855618009208357,0.5666456464233771,-40.81200639607194,-46.30476491032763
C02553,1.0,3.4425500412228645,4.187742134841161,0.6975107621275108,-56.3125093255503,-57.28728101374019
C02554,26.99667093118333,1.567764461967376,10.79081437795375,0.2791090082197375,7.759732746575878,10.258378262811084
C02555,5.25196185572906,1.8499698108585625,3.351849166224893,0.7652516602702912,8.87788466685922,14.600634114279046
C02556,1.0,2.449133112268723,13.752960168807942,0.40468039648775134,6.891568475387383,10.213204832581846
C02557,30.0,1.0469111345376523,12.873081111043996,0.2434974473159892,13.373625632320262,21.117337574183377
C02558,30.0,0.10399384957525415,34.947370757524595,0.5459657595320121,-35.663884459518584,-34.41831956745731
C02559,13.843651513008446,4.9154591121401126,5.67600995399833,0.2174135983685395,8.902086642249511,7.986857337080611
C02560,30.0,2.016543488765573,28.377028522108212,0.6224047847412124,14.025733738342236,22.918500527761374
C02561,5.377558114433651,2.6681248490838634,6.135524550584764,0.6881129888642885,14.707653927747769,12.812363446639193
C02562,8.699337915981136,3.3204792980224096,4.462977736950455,0.2498432573113931,-31.24735151235819,-26.873026607864873
C02563,19.644530788984454,2.5721180909841506,12.736242196645751,0.3569203663574825,-39.348370687908954,-33.06555864452698
C02564,30.0,1.196330543664942,21.90616549555081,0.7498826683905113,13.516883423050277,1.759987491954698
C02565,30.0,4.455953148253496,18.845008599001286,0.4765607879768088,-1.7926339753385614,-1.5648412347131935
C02566,16.657404549014814,2.1807945219582767,3.2189014385542616,0.26272866358846925,-31.971562978906555,-37.463527925824295
C02567,18.70487831205618,3.854270888427937,14.183997187814438,0.5488152132321404,-4.488249566872373,-10.276109670599352
C02568,24.988606901576812,5.091286556576449,14.63905693077411,0.8998308188084766,2.747113451934471,-1.4363947461365605
C02569,14.27306352497844,1.0303569854631336,9.242401400251325,0.9454051510429704,-20.912628925316593,-29.955176603696884
C02570,22.81549473377653,4.207614314691736,8.955094636843342,0.30221073373455554,-39.43082849180121,-35.353386034479776
C02571,7.118861429971233,3.1469381282879105,4.108693869960487,0.828687277127321,6.585685521320054,5.21899490159833
C02572,1.0,1.6317022313290888,3.8799867694349275,0.7832951220817967,-2.5745680453860045,2.8227384572759746
C02573,20.944497979044645,3.635700599758203,3.848919959049274,0.9240924916144261,-33.97772390215714,-32.55965551637122
C02574,13.975731647404718,3.1558274515055595,5.684927973200765,0.5151332092529579,-2.8305302181866434,-3.086408673056269
C02575,5.2803308220186205,2.082394395451944,5.392477517983066,0.8240492148200907,1.9366406226510833,-2.3750708669580263
C02576,10.858135240674137,5.8552074641459155,4.207995206859833,0.6533486542616562,10.057881912168543,8.203705637570469
C02577,24.455846253684626,3.573545467547202,15.022500116235776,0.38958342715097743,-50.18057343576965,-48.15479176696822
C02578,12.255390153894396,1.3595697980342027,3.2310739349667017,0.6584788531718118,-4.4201803968542706,-5.87054886947834
C02579,10.624483471591365,3.4940611432607906,2.9293557465564253,0.3195015526218875,15.836184032633353,12.823117281445658
C02580,10.006458087941956,2.7264681282767036,13.27975363919903,0.8608072050062192,22.347983896958965,22.312062401000702
C02581,16.030085134174108,1.2997306096523147,6.976873153091473,0.9539170172832662,-2.4045170192547927,3.4584366850586106
C02582,30.0,2.649974501030829,19.676534074685875,0.7390585580190905,23.008554396630597,23.829415103968184
C02583,7.314647699949566,3.5810674816820605,1.0,0.5108169670574396,2.355082410620591,7.7158158823705145
C02584,1.790764307422645,1.60840919074512,4.516085301500052,0.5593672196218074,9.661710200868876,-1.2017060543419635
C02585,12.021184693930529,0.9034556671634224,3.612777904783517,0.8035778792236945,-27.78769290304238,-27.188795938330628
C02586,22.28180282451283,0.936882740863251,9.29082843994238,0.33507323420228124,17.509634379804105,16.88065450800207
C02587,30.0,1.013352703297718,38.692985774873854,0.7999752842075005,1.871039096779036,-2.7462144399488286
C02588,7.563646635077605,3.80128401630796,4.394707078172065,0.9345884975770503,17.646979673166296,18.524774392966364
C02589,19.874085416205112,3.6128911851551746,10.340862873180885,0.7303935346366937,10.350846104210081,14.414641294925403
C02590,9.622541929602138,1.6181455835220278,6.4925106562120805,0.6926626506565102,-46.42208965956587,-45.97771573742664
C02591,16.324224409995423,2.6762033054754912,10.59819697784215,0.0,-2.1207025263149637,-8.337452656822514
C02592,30.0,1.03135382132524,24.299444588149257,0.7515608191345515,3.0874166134522447,5.40209709229382
C02593,10.221916598538714,2.0282004745758657,6.997940253104714,0.6476016689976942,12.42226258383588,18.216591010150882
C02594,6.969772666065657,2.0049517602657225,15.228726918669025,0.7210608702261496,1.1815738420478086,1.9479272303974537
C02595,20.558384166531486,3.4485065445030902,39.653493022877925,0.6938971499381208,7.746807039482509,7.45019795875522
C02596,30.0,4.766953991433629,12.601039841152492,0.9058442280836103,-0.13400758872111673,-3.523786829495299
C02597,11.420481055047649,1.3592087613868484,6.365084271843123,0.8259793462457404,-41.37976595239954,-39.472094665185644
C02598,8.242034118246576,1.7570548611517793,6.292084062370039,0.7000241317389306,-3.5869450443256117,-5.406280003686202
C02599,7.825924737933076,3.409567561181232,4.867728849986882,0.2520951619528987,-15.576368875657167,3.004677685948998
C02600,30.0,0.8401140953355446,28.543698360388724,0.6823923230031346,7.409048536734744,13.066644810009262
C02601,12.107889006231858,1.627931541646286,7.669879561149328,0.6899751337835411,-1.6212046200155967,-0.32712392299034443
C02602,30.0,4.284762894695877,10.84264766711552,0.733353390483698,-14.483087974089173,-12.100726232397587
C02603,13.643693596981901,4.835115068042467,5.473674414347121,0.5204121299706541,-35.7661703368899,-36.459263675937436
C02604,6.283946315782636,1.6034675517508332,8.105064876378066,0.7545487278278308,15.367669617048296,17.702204367896663
C02605,16.359087513549234,1.7603903649161436,4.240002445947137,0.3994862056644838,8.239571820500892,11.216675331257418
C02606,1.812017691018271,4.004972266984662,6.050429508699701,0.45481411481637873,-53.77035493536472,-57.722054628571584
C02607,10.190863086340341,4.437662212729115,3.229446388421135,0.26656271401822745,-36.36117002401805,-37.60085269443137
C02608,10.380794881521268,2.5422361870966466,6.674348770605096,0.3948391065213932,-44.6355609663179,-43.03153706838597
C02609,1.0,1.9398104738284199,8.864106901553146,0.7152621324925982,2.0959522208524772,4.176119382427151
C02610,6.2866044935251315,3.754506003340455,7.750245327052477,0.7256154331842583,-13.384996942759386,-14.6778244000946
C02611,12.982770932050453,3.476353651565825,3.649802235463352,0.4648974801116738,24.477140561249758,22.45708737946862
C02612,30.0,2.8852256722494767,41.88792627299382,0.6858607211307519,-8.5808382924506,-5.671963618740962
C02613,30.0,5.694181714421061,35.48634100704713,0.5616128129427127,-0.895856149051431,1.8786003484681069
C02614,7.967240754023642,3.3117076568171737,3.7434055078885136,0.5077713299601869,2.8880000215717097,0.668416790419724
C02615,30.0,1.2332488844105003,18.567321058936262,0.6695332022346612,7.398182091000549,-3.009991576512806
C02616,11.713182821780153,3.570681641440609,3.902752740499776,0.40399563058953203,-22.081640111647456,-19.14178057627672
C02617,7.749786209925874,1.9137001695605071,7.593524675968782,0.728376665366602,9.737998192600466,14.116244034906863
C02618,30.0,2.6879267516756005,10.49518915071751,0.4275530705470957,25.08208426401474,28.11025001511668
C02619,28.66245324500087,4.091620718117308,11.564800146852287,1.0,9.016265035535962,17.787647983250583
C02620,30.0,4.234856527907038,8.798034347255179,0.9227190013453003,-5.792528078711303,-1.7299202192606744
C02621,30.0,0.0,4.214208785234491,0.4571097655313401,20.479600140189973,21.79043724201836
C02622,13.0882918928672,2.0877275437590215,1.774717190930608,0.630517520464726,19.48029446918198,14.91515006300658
C02623,1.0,2.1822136966593564,7.505951070913341,0.4241838694361767,-31.973077783081145,-32.32097599188442
C02624,15.36107696470341,2.9353325471066847,2.9188937696702073,0.4561097000639156,10.803845202692292,9.776018705227875
C02625,10.624259902423212,1.6211182729920832,3.1508252023439596,0.7285782629668386,-1.8488383147616023,-0.6820684337111849
C02626,11.230394512297538,2.510964860406918,3.3699824634418545,0.6089132738748643,-25.987998126562886,-32.24030657670906
C02627,1.0,2.8231292265091064,4.744906005012197,0.49323584565671097,-3.5459364800900524,-0.7536528474734197
C02628,30.0,0.42698207208673455,17.011026684818653,0.5153696240998958,-1.6924720539772853,-4.6756099046646336
C02629,30.0,2.6868430302543436,16.352616399101038,0.7526465993083623,12.159617953304005,13.820657505151688
C02630,7.168952137020172,4.403789855841701,19.261753297354105,0.4028330739473468,15.035976046141517,12.59524480684839
C02631,16.636134180694295,1.0905636247943102,4.013269409471015,0.6638626163508247,-4.026052837652973,-4.67785802255979
C02632,27.464851889292685,3.164983369710863,1.851004488047618,0.3855313069470447,-22.55779014613541,-27.096089312392145
C02633,15.984419815480546,3.0783716145400337,13.63509665147973,0.786804795882641,1.4546914278155603,-2.7904248436936854
C02634,30.0,0.24513664583286365,20.962731454405684,0.5144197562792591,15.620646144948832,18.110221858775013
C02635,11.84906210189213,2.4348356398775484,3.265574508893722,0.5990217000806621,1.3762771804662597,6.009774326173208
C02636,16.861685415701068,2.8346425384971727,3.075393374895432,0.5789388147887378,1.8383115729227701,1.5715396920575642
C02637,29.60026495976136,4.842308623132872,30.604662734541215,0.8023127949015098,-69.69362727743194,-63.44871283595912
C02638,30.0,2.4201834817387415,27.93033580329236,0.8515234626795797,-9.211822565771264,-4.142867242454967
C02639,16.712578065732494,3.5336737374127187,3.8425114112130534,0.6330187553232451,-1.1447730027083578,0.045073674597787994
C02640,15.920246399185212,1.9110712639290424,5.502038237016996,0.8192680415663404,-20.060420365275718,-25.009184790541916
C02641,30.0,3.4224190820700082,10.872054375089656,0.7762476005579062,-17.696361624616355,-16.456562076544365
C02642,30.0,4.2857524604179025,11.291880584283346,0.5073393978910781,-1.140286695434817,0.6111045936614179
C02643,30.0,0.4880075616480579,6.203207853914675,0.42712475081253853,-12.35487556886476,-9.685750591601073
C02644,1.0,3.1848389237496417,6.5554992148808555,0.5496426984708672,-11.98557508112085,-13.774401133170457
C02645,7.868797316288123,3.776541598769546,3.23344375217662,0.6621959393549712,-15.580656538248103,-19.136405278619986
C02646,1.2881211894126494,2.777100670651875,5.102485435765421,0.4689799176761476,-45.947275672681464,-54.16281257188308
C02647,2.711986069265656,3.3391041212478276,8.542760139215288,0.2953615351084437,-48.98391860300612,-48.404761642506315
C02648,7.392973808104293,4.112322866014084,5.103786040214098,0.7066793176010789,4.440262306692978,3.967647987504756
C02649,7.856486773854998,0.9314615125361381,7.514334973714039,0.75064504475571,14.30483098378463,20.36651596204718
C02650,16.803600238523053,3.5639242764802437,5.256131606348135,0.9240508262816997,-8.097965412792998,-13.024158967833271
C02651,4.041633177088709,4.765209920956136,6.920658704910531,0.5904634602770122,22.460541147602754,22.282442581817556
C02652,10.895987529299875,2.341939172998593,5.403172573581364,0.3343035442057075,4.018285473296575,-1.429808903773477
C02653,17.98707655955451,2.037159871013492,8.769150744219214,0.6902859208898975,-7.351478652797166,0.8114510913150266
C02654,30.0,2.032613819150205,29.91495288289635,0.6193503618411441,3.991821135947595,2.190436348474677
C02655,19.75964054656098,3.432518741739238,2.1638346075158377,0.4576993031093756,8.760213030339614,1.8665012939793577
C02656,1.0,5.121909820996773,3.1334511563253047,0.4595103829808691,12.967213573520425,13.22126383876939
C02657,5.753662448171739,6.106385430935939,3.562101412590218,0.768354727774823,17.75476201434366,18.65814605916449
C02658,30.0,5.354336621470121,22.028330867954963,0.4779346462170889,-41.72792481978458,-44.91847019448684
C02659,6.613964964489725,2.4812053335943536,3.689318012779161,0.5403616857743365,4.341605810948977,4.235311699813202
C02660,8.800770613915821,1.7095969613387205,2.150284029013614,0.3004091263477651,-18.93096674539565,-24.017126408104552
C02661,18.356828667244876,0.6887442723770265,4.880701759975799,0.5789671442411354,-15.44990562239751,-18.233294494243346
C02662,26.644193311654746,3.6691682287070337,1.4288435772288501,0.4662347825215687,-2.3281895276409346,-5.118971796841402
C02663,3.5561953062237315,7.0,16.92917152626845,0.5007248706556526,-3.4865248920887772,9.963238718853754
C02664,13.086041662601232,3.309446608706867,4.827319243137849,0.4135345759274393,4.069984640832187,9.653471822462944
C02665,6.466039046400707,3.5139081650045583,8.249961242805238,0.7772135045295605,16.17990029380443,16.18119484217099
C02666,7.533445971879354,2.935277139276859,3.0881097512122304,0.5286836114347262,-0.27367893916914277,-1.1092468622985707
C02667,19.06627563774395,3.8341504374481037,9.558628679864945,0.478934317921458,12.375336287135873,18.4724936334742
C02668,14.21534002097864,2.066977925142149,13.89825100607897,0.49678907720458176,-21.525594426361558,-15.727690721611344
C02669,12.449465676051837,3.4870659260745582,8.818039242587645,0.760497159117727,0.6714310552519258,-1.0549164138907856
C02670,11.283502720503657,2.5507831450435696,12.302679614449016,0.7148731446911983,-0.9731766213958393,10.701293418847008
C02671,11.518647544722706,3.7157741730505136,2.4865470044668854,0.7135359143825476,8.452200688211258,6.725313774838801
C02672,27.56753913619921,2.9817690656132076,9.912044449661176,0.7849951832017742,-6.670976486020475,-8.040004786056402
C02673,19.337066479909414,3.7789970847383256,5.418105747933521,0.7532224126023286,18.538984413159426,21.354430420821828
C02674,30.0,1.6323863345133431,34.54068296865095,0.5490172234062053,-44.651041170309995,-43.96323143510157
C02675,10.451857783354166,4.634788615279852,5.998395953317801,0.676457477340378,3.36583979210011,0.7696418861919478
C02676,21.28740576512177,4.458547834267738,14.144549718258606,0.8313451077821359,24.480110258358675,23.042579876688315
C02677,9.484196381892213,2.551756080933739,6.110774033475342,0.798759920810571,7.433757713708532,4.338150451826313
C02678,9.243300902039888,2.154066585635195,5.68578427362834,0.7949313224770627,-0.03489089384838984,0.33322905350296905
C02679,9.390690717384189,1.104844013263373,2.4019612200465597,0.5284523275543377,1.1676656538321302,0.32577921098863705
C02680,10.930338964375784,1.2529212871259292,4.380092618831695,0.47305795682799806,-11.319014921170417,-9.07044891050675
C02681,7.83817892498802,2.412444557667622,6.419656844772337,0.7800963845145616,-0.32068639515412034,0.9785213242379547
C02682,30.0,3.2310000671234005,16.69284586346776,0.7222827717860196,-3.2571762087917904,-7.637634570063458
C02683,29.91684155935277,3.3020728319871333,5.365021016858333,0.8296447192297143,15.90430095790367,13.482867809846375
C02684,20.0336455306677,5.6143364622750305,6.65764592120681,0.9587586261478515,2.9611091683073676,8.461488307025423
C02685,22.305364601352604,2.232176293029192,5.078605823775253,0.6739426078669237,-24.786633248844108,-25.323732438330996
C02686,10.66895507906021,2.0832506034394074,7.212381951210923,0.10976321213663294,-40.510608646288695,-45.552018030844515
C02687,4.844336788220518,2.860203280618653,4.462922664999292,0.7092850908067303,-36.74086101378144,-38.08477699383895
C02688,8.782372229754433,1.6259068203369413,5.382012411653891,0.6149034149062825,-13.715453118122841,-13.746296208256123
C02689,10.72882477858898,5.293936229618874,4.572733318936515,0.5096857398530417,-9.53347517632631,1.287780577964055
C02690,30.0,5.689121096762618,27.580046080163623,0.5206406944540517,-11.639286824990013,-13.514026732072708
C02691,12.825393778549882,4.188361498349464,17.903053180792508,0.3844252533673877,6.0704187457184124,4.419857723114244
C02692,18.759584655268874,4.396131559461879,14.915424429806684,0.8687176669780464,9.484253112863485,10.572429271433741
C02693,9.890765259016623,2.757424823360254,14.317300906509992,0.7857915112447047,7.515178997570145,10.821090264576469
C02694,18.331579842102435,4.009249101644146,3.0062398082380675,0.19526526482350026,0.010158471851161366,9.95235779843754
C02695,12.713394124897164,4.872489654285419,4.330843420741012,0.6774600213999308,-1.0260720996707215,-2.238955915151463
C02696,8.22610647484163,2.5176818423676712,5.188669046623744,0.3175994962610621,6.6662784990406685,5.676689038474814
C02697,20.640871648248517,5.149168763646436,8.325794715619933,0.7670454863768964,-1.2255330812502923,-7.14110998100961
C02698,3.250563159781227,2.964305029738784,6.551034468337771,0.2917847065466937,-45.60372713782755,-51.93400676749778
C02699,12.273434460550234,2.8526130842116926,6.332040070793442,0.069605899811821,-47.092265476383076,-46.93880325884557
C02700,30.0,1.6840806225976341,11.149846748477978,0.7392390012368479,-1.3276853228612495,-5.7348502219475375
C02701,1.1433097133797094,3.3310656254047872,4.682871200118404,0.7121340276160818,18.786318962937877,11.04821118434823
C02702,12.706369407314634,4.6800947012555385,4.336315719820996,0.7322549951364639,-8.589413439907217,-12.283338338917309
C02703,30.0,0.0,15.606121310077247,0.48487194386648763,-34.90926090349045,-41.04559135105433
C02704,8.554430147763938,3.5147828447096416,6.237990219700668,0.5688335239141895,5.04005104520746,4.722290347420339
C02705,14.933906079582902,4.088820214729799,13.91168696833594,0.781670131555978,-8.375728397052134,-14.693223060162147
C02706,21.274383846127947,3.1787881440285046,1.5426049355228884,0.8559693193472613,6.586019500452082,4.6702322813423605
C02707,30.0,0.04869172069336081,26.370540259312598,0.5333792485593261,9.18214984188926,11.54978761449816
C02708,12.394432139012986,0.9615141545864079,7.133254864083936,0.44356122125404573,-29.873092023357042,-30.96481720286185
C02709,30.0,2.880045168109269,7.898640537373753,0.052040578471028096,-40.243427310765895,-40.68280259824523
C02710,11.822184688496504,0.4902018045679526,4.876087867463683,0.6422394916333687,-1.682807134913019,-7.5842509028015614
C02711,16.8085962988982,7.0,1.942073231014552,0.8032528612106228,-40.85014091049677,-37.75367472434889
C02712,9.114115685313354,4.946612064301486,4.991155474562772,0.7421017574291076,7.418861924299781,8.610484839790885
C02713,14.01381305073659,1.4450421163938305,7.658122652456312,0.8126040638222153,2.8356881772063622,2.2164100887648823
C02714,12.703239469042183,4.309972648938255,5.555023575419453,0.7254468443908241,-4.18840016961158,-3.151919286192554
C02715,16.665847283466952,4.005057868788226,4.080972329957412,0.6250671742811195,2.074421310450192,1.2550547943695167
C02716,10.034856351354538,2.4561763051282175,7.124650322162417,0.3911582866964029,4.708811755938611,6.862330228788588
C02717,3.0229170227532265,4.4743717659187014,3.2256339214441825,0.49971561045851465,-17.484770526779144,-13.919788483632326
C02718,9.026107938311954,0.0,8.09980794118911,0.29821543474052614,-21.042134800321563,-22.95857125486877
C02719,2.5375078666019126,2.487265860097837,5.335887496019547,0.759610315340915,-2.7857866670622533,-5.072595581609393
C02720,9.327284355794724,2.2160859431717945,4.164601230634253,0.8176513649242869,-12.337271546089191,-15.169090137059014
C02721,4.131471014510729,5.696209467821207,5.727869366474522,0.8572595551854315,11.81914011531907,8.291338089743556
C02722,30.0,1.5594306797931798,29.336218705014847,0.4642209540760356,-2.8896245847929913,-7.333620205378023
C02723,21.474081993848642,4.02801431921228,15.014862592969717,0.6062829502754372,21.566653400356117,21.316055136531734
C02724,9.394761247884366,1.968757013655961,6.107189458871513,0.2554539552018135,5.547219217310111,3.963322578830617
C02725,17.244545809837014,4.594124713671808,13.571444391981014,0.3121099371958619,-16.1056066114496,-16.329434146251767
C02726,16.161093762912344,2.352592048007519,9.618296712104707,0.37644538560298224,10.27445928770635,12.327950345721547
C02727,15.66783057528097,1.1783818383863804,4.069712170738211,0.914149649925377,22.865260451358864,24.3428922444342
C02728,11.409999557086111,2.9550808968418916,4.9209467009967724,0.5642886034851444,-0.9764764998954476,5.505455394007949
C02729,2.397495485260918,4.26576904861541,6.719812230288364,0.3196569674532317,16.98062014300327,17.19265218324968
C02730,30.0,3.7841581723269426,30.264319782247796,0.4530942850774303,1.1321719278417568,-0.0707618962920189
C02731,17.588742350989126,0.7607476251726384,3.578719679471593,0.9122865874884578,1.7869979580636897,2.174415024203258
C02732,15.385267174639624,0.6027956772047696,5.702020887527299,0.5747612753502935,-23.111871382456055,-19.87910803056869
C02733,8.076264497284212,2.0348954934214003,6.324754917368564,0.46662804519288936,2.8994002002536363,13.079257320268946
C02734,26.318380668979266,1.5226006976050583,16.99774791745908,0.8206882428811137,1.9121356500788962,3.582585429832567
C02735,5.724103970973965,1.6469256016622342,4.886396368084156,0.7151830732704407,-9.764098627580323,-8.847995647982016
C02736,4.096186364276822,2.3081649333503464,6.984325024054334,0.4281927352877413,4.28605995490067,9.532980041662878
C02737,2.1751908559535096,3.8878312763626557,2.6154535170407267,0.5169053512840422,-21.28220079327361,-23.6230613786608
C02738,30.0,2.5856906201883443,34.00369602893838,0.8505238317958757,15.808390902271729,15.335264450488808
C02739,14.347489377133208,1.2228154167865544,4.61828537796289,0.40283027420169687,-73.8437685855996,-72.31603833050256
C02740,7.073589488221197,1.6242341988097553,6.258970288131472,0.785397942409323,-12.729068679596523,-16.724372764371036
C02741,8.45403931542245,3.665669398096236,18.971173004535693,0.5714088171687336,-22.878435937789167,-29.662499104801036
C02742,28.70035354691745,2.8331640227293646,13.044556559567074,0.49031100961029306,10.46933626901616,13.561181450706032
C02743,9.371467282401268,1.9321565786440225,3.32732416595357,0.3539600171943944,-27.00300704239466,-31.897649210615622
C02744,1.0,3.947252369425094,2.7571180831638595,0.22751477712724316,-15.837108744131854,-10.97381755020741
C02745,11.859246475399823,4.210544422040348,1.4669674353459707,0.5480368753100993,9.98186437765391,8.13605524888549
C02746,11.45675552052092,4.148328003409549,5.037403716196896,0.197761879129738,14.418962793026115,13.598218839786897
C02747,30.0,2.848553760563118,6.6387754890374335,0.21132567223461574,12.031524177349338,3.1700756184660506
C02748,14.196810325805782,1.6503406091046853,1.4938468194656518,0.13516723232661404,15.19851816922813,17.29722667868572
C02749,30.0,2.6618411688205157,37.038232958187436,0.5550393376834948,-5.203553013178709,-2.7229071899067834
C02750,5.612293573119877,1.935368276398111,5.331639290882218,0.7305555894885367,7.572489755121898,10.196903970183596
C02751,3.2357247284813395,0.0,5.688918997420811,0.3769560287338436,8.665990892807848,12.64490478850354
C02752,25.125701407816447,2.645951983117682,6.065381352594037,0.8000200846098283,16.37773441988945,7.568525210423477
C02753,20.184638970042855,0.0,13.536014351925012,0.8121095919240828,14.926808328501648,8.636732141830617
C02754,13.231904487991052,1.911067297378734,4.287513419682944,0.46255539249651656,12.164148999213419,5.548880098508809
C02755,21.25656544524944,2.1257276588122496,6.363943617514442,0.1267038844352144,-34.69697135138708,-36.70642612981426
C02756,30.0,5.3170029323546855,11.651873732130994,0.723756340491856,-38.27880745236805,-42.67829019383087
C02757,7.844104199040428,1.2214133876217304,4.077846362515574,0.9027867025636392,-15.506701463919804,-13.801722119409423
C02758,10.209551673336039,3.3498670389183935,7.860871476590033,0.6048926305859816,10.387127710548235,10.28303406458376
C02759,6.834176712088448,2.526352282632417,5.418261142745586,0.6192440825748944,13.36895348410244,15.555478883230494
C02760,11.250097094350673,3.691140752878664,1.6501974508819668,0.5971286792490154,-2.299693348447298,0.22254282797044755
C02761,16.6248765349617,2.0054990934969457,6.078765354494468,0.7671809395291229,11.737545902554693,1.7086356040908086
C02762,18.86651846699637,0.6320037984261511,20.710718064983034,0.7074749790899817,-46.27274817962695,-41.984739502060044
C02763,30.0,3.1605841274976285,6.420613082877257,0.4262718756440191,-16.90658454497609,-18.883992624312768
C02764,6.564893843649699,3.025880315450467,3.719702952762452,0.444051036132506,16.263785769930283,20.890034043174577
C02765,20.97195876989311,3.281676927634495,17.58338689532366,0.42076097614526525,-50.452905716593726,-58.00776694602753
C02766,10.8033356627506,2.550130130145704,3.422643075146501,0.5415250208369436,-38.12117501369679,-35.234062542872536
C02767,30.0,2.4662317060796406,26.40803184083162,0.6970176737623794,0.41200514726436666,0.8157677720015885
C02768,11.181690627806518,4.206500748959485,4.701582035012042,0.828915449362894,15.017187720045706,22.696467472862725
C02769,7.0198335146376944,4.068766405404074,3.4662292187125843,0.7946516793381599,-2.6234265277391735,-1.8171876319437406
C02770,5.853783212311207,1.793640117195394,8.587090531872594,0.6631771181788094,15.433809208761058,20.05789775070264
C02771,30.0,2.7774177639527373,11.20124041980935,0.49405158021175183,17.056186815456932,8.714070570005326
C02772,1.3916166465832767,1.1971941863390132,3.10627202489231,0.1980427050957883,-2.71407015206763,-2.6482834635745296
C02773,10.605295845294068,3.851883857841484,5.280792358277916,0.7083563898289422,-20.93351757335192,-24.857109959693435
C02774,22.488084775986135,3.6931593514335352,2.984526359508911,0.8853073588367354,-30.081264752219752,-31.849701945628357
C02775,30.0,5.12359040781303,28.138082561563273,0.46094267598181576,-37.02188631602078,-37.4732015839102
C02776,30.0,4.105242762917992,8.939341534793256,0.7235318539006537,-36.63318115874591,-40.5229810716996
C02777,18.56828267710836,3.2679862108608586,4.733782130176239,0.29724458388005587,3.576930818426688,6.658215427797783
C02778,21.731753250519432,6.86909366259782,7.877958353774248,0.5911030972357372,19.27532368481094,23.772452146000184
C02779,10.833766663868056,3.5210175980383527,6.57340664418366,0.4364620415682375,13.975554631620884,9.121216038555959
C02780,9.985340941298016,3.8336037222030592,6.651439517011113,0.966134817614192,0.6028175259047783,1.7802782237395798
C02781,9.614420441103086,0.28444181086502596,4.322124349235818,0.43772877830265733,12.010842427278494,2.666678142104553
C02782,13.87516686064608,4.218301614626774,8.412028306962636,0.648382234759229,6.434980900482119,11.210686547899776
C02783,30.0,6.624939642043932,44.07991252406401,0.725939575499467,-9.471276860153102,-9.094150445227552
C02784,30.0,3.429798360752943,29.79730360963705,0.9008781215668987,-9.514314116084122,-10.004230021988757
C02785,8.587970619824796,4.175880394612029,6.3147716704685894,0.3301297420497704,-32.35998943608986,-24.165204068794516
C02786,6.755647227821608,4.663887938038426,15.5031093205193,0.8641848034220284,-0.6856815014398618,0.8715660471503046
C02787,28.302462473480883,5.7032112820115,8.771310936456834,0.5056126084596861,-5.375571918264887,8.401194287163312
C02788,17.9629681391907,3.9140188182196547,7.893042498274694,0.5726906316559106,0.9038594250756873,-4.554378736345244
C02789,1.0,0.6263779395751832,2.247570004320994,1.0,10.613198147528355,5.681450166558095
C02790,30.0,3.343477024055464,42.59320882986182,0.5651715099035199,-39.32345448269035,-35.18510134751722
C02791,27.38152126345455,4.1655026830499935,7.340610784263783,0.7420982258354192,4.850566345541309,3.555829812035344
C02792,16.352080220542426,4.046416912157903,6.067006329306572,0.7295514244289069,-11.341992884619337,-5.657907343566253
C02793,30.0,2.771386161957628,31.81847278044863,0.6326225284891059,-13.64560737910994,-18.651186844906128
C02794,30.0,2.448574223501764,19.988032111205193,0.7751393805639987,18.316890977728768,24.31741485008532
C02795,23.321877990597148,2.457913043647752,13.97397895595478,0.32723449382005665,-19.49264002781416,-19.817592942864472
C02796,5.003589737601236,2.7762624666109943,6.811433526700329,0.6740200841308439,13.128252644924483,13.27238809368981
C02797,18.78901834572653,3.1967248631701377,9.854075087865901,0.19071347693475305,-20.182692146816194,-26.41686019642609
C02798,7.551452435768239,3.813366018730054,3.124373849356669,0.490682078637077,-2.4543911223267845,3.379347800128153
C02799,15.429466275343433,3.5638581087994283,7.902533364682405,0.9355456203624295,0.9793160947378476,3.2813998872482295
C02800,17.305414000746826,2.3521792002405832,11.334291577828846,0.44903561347125687,16.648283004941096,19.59451605868498
C02801,30.0,1.2168255545207087,37.234418778225084,0.6831184883959522,-60.63286370432597,-67.55358166570124
C02802,9.120487542614011,3.5674602718049204,1.0,0.0,-2.7492394737305146,-3.822413710809653
C02803,30.0,2.5657539028415224,12.5731198981171,0.3999392396057581,-24.904708476395406,-25.143568158240104
C02804,11.305384501415952,5.4110267004620916,3.986370579599622,0.5407959351848116,-2.611261110976269,-9.177340222810518
C02805,3.231538920590184,4.368188794457889,4.851473495786992,0.5525013436493396,8.963999222439497,12.48950678701639
C02806,30.0,3.5113421243740066,33.57653720265447,0.6251356180465908,-11.445912808777287,-6.787081212252292
C02807,22.509346942015263,1.866671254856724,2.463402275761262,0.6431645121803176,3.0624140789294567,-4.184703271273275
C02808,27.91162990876324,0.973112336724899,7.246215005264229,0.4485172441774628,-7.918688273326897,-8.076484844574694
C02809,25.745764588463842,3.003576261235554,5.766407423168523,0.6881753488235172,-0.6608060182684783,3.7117470998706246
C02810,30.0,3.219160804677528,3.3039869943051787,0.6508742972660633,12.73921063903849,21.38598631352977
C02811,30.0,0.39484249904091406,28.195891787792675,0.8157328087808136,-7.013183302816749,-2.8989992362946753
C02812,8.223710827784533,3.710326453365926,2.6296401488066525,0.9617818833154067,12.53099119339125,7.509097029235953
C02813,10.536393596048361,3.074032166026687,8.616058592117467,0.6648758303848775,8.295045950837457,3.7002295418611304
C02814,8.217619726086056,0.0,6.142548328062125,0.8914478951979068,-2.7428754883394006,-1.3603669930814528
C02815,17.240894700379283,1.7161945771313378,32.3481462062768,0.5492893538074712,-21.964930191772893,-18.409216121395794
C02816,15.709138122837912,1.8157164250248283,6.008556315435618,0.7544918443589336,-24.387274586352614,-24.399224389372524
C02817,30.0,1.1698019858660647,10.101573471271035,0.6222361197378383,4.708612955655422,2.3988611767963626
C02818,11.91006891531656,3.581239154025547,4.287379394819896,0.6568897418230597,-0.46119536293745433,3.5556945407426594
C02819,8.334109677560118,5.6823562887853125,11.935212882495685,0.24142206472619235,1.0779823106227848,6.378355310629187
C02820,18.921444937934297,3.695358582371915,12.922910294199443,0.7413046134151167,-4.804279437397536,-6.361202613207221
C02821,6.072105412970959,3.9483426161688953,4.770726303072986,0.663397047620883,11.52162004692645,11.525635079081653
C02822,30.0,1.8361907753230537,26.143690752519465,0.4505878640749441,6.2794979338440635,9.597036159621599
C02823,6.579345994415755,3.7645176942838656,4.494509379657943,0.4081762506016367,-33.96826274736061,-35.885400737759696
C02824,7.225008735931848,2.724977215721933,8.578094062427288,0.21753253769445635,-20.603037215646253,-16.07388016792042
C02825,3.5723923054748896,3.0011858069970585,2.760806897231133,0.820422810659828,-8.164236697966292,-10.411449916127886
C02826,18.32312050064982,2.0945607507983555,2.254765328452438,0.42180686526230365,12.912692087768344,17.893821445645465
C02827,19.47729678750663,0.6326682360201374,11.221365894087715,0.7097512967283646,-2.6340317400504727,-6.044809351087434
C02828,9.43371207349963,4.379384615241622,3.7657569631293377,0.5224942395165038,16.64757469707871,28.363053430003966
C02829,23.336730652212125,3.2420034087904632,5.925092130980656,0.4898680256653716,19.742537327921767,19.470484215549934
C02830,12.032484105142345,2.656317669289314,5.773601371292862,0.8830397495722466,1.1154092428597373,4.336460454047754
C02831,6.5734380665440515,5.738282194553763,2.8496028237264563,0.4281167704618067,-9.27641879523117,-2.801901092307717
C02832,22.364729810237872,1.5054730084013026,10.513581136562337,0.8605344779373197,-9.797452586943372,-10.164948694625405
C02833,20.92127428578102,3.9603363518819714,9.096536398658765,0.4299216650890169,-14.059447871970825,-12.322803812454197
C02834,15.108310047696012,6.079584192997401,4.815043867765491,0.49374049314152596,-28.289764703304847,-27.653677866179823
C02835,30.0,3.628275900198961,16.13710438306699,0.83913308664844,-0.4100779775027501,10.375624974962497
C02836,19.90605089260962,1.259864603545507,6.364253098181406,0.5612335283622161,-39.88802340746764,-31.31559828379077
C02837,10.120796577626205,4.467594446818764,4.356701134048443,0.7490897203572056,12.3764813341868,9.07031215650783
C02838,8.938588097908132,2.18179913522875,8.236054391692567,1.0,9.757648065227126,4.768865988377495
C02839,10.544202187726759,2.078403504952298,1.9073762728228614,0.502282706010202,-15.386312396379928,-12.49919965726583
C02840,19.674430638263665,1.6461739953219652,11.804843451932857,0.8223968986628042,16.71603215574944,17.539627859244757
C02841,10.794071686743532,5.442558999276922,2.6709881586042825,0.5033707175398873,-62.028313191678905,-53.79195595121159
C02842,2.6598237651006906,2.3925074053373434,5.316210490946155,0.6336814340926491,-6.07198771807324,-3.8306734276689722
C02843,6.799623199171715,1.619994234031814,5.01676536841983,0.4242187802891375,-19.135605442801285,-18.88265025402838
C02844,17.183629273967,4.870200643205685,5.48632494494801,0.6901718760883399,-0.6586858042513395,-5.198087074908855
C02845,13.406529748767694,0.6185497509342763,16.891508160415285,0.485398378078813,8.926971021824983,6.678342604425032
C02846,18.60913444118328,3.096345975316813,13.642996594139722,0.8942272949803183,-16.532183007412637,-19.84262259036293
C02847,11.055530725284891,1.9798895700063381,4.855968003086918,1.0,15.715595796752273,14.023186943717146
C02848,9.140546337863885,3.9093683759836093,7.955291529164768,0.6015148142008269,-22.36312943461894,-24.053549911577008
C02849,7.174784957500269,2.3649055178159957,3.086586788199864,0.5517128878157989,-10.033688701221969,-11.799907509224335
C02850,29.206684924951464,0.8829186186847142,5.375963042471695,0.93192108470815,19.674997202538812,19.915999846450127
C02851,9.629230337978598,3.2157661404246802,16.87680091978781,0.5045110729906641,6.541800971030998,9.503363537288617
C02852,1.0,2.3113504809390677,5.285911254175891,0.4764408547374588,24.32684006234671,29.361480597807496
C02853,16.44361914741968,4.262896796176785,6.491461512129843,0.5840469659637434,-19.642871464811307,-15.630475794844347
C02854,3.5503242464898435,3.100505126384383,2.9229716714783014,0.5915099341713002,8.553426222963079,1.5191480935467023
C02855,30.0,6.212186154118028,18.988645816623304,0.9398613163048983,-1.080687726687457,-7.142159779588701
C02856,16.122820011355046,2.164999090950107,16.261183653147665,0.3653610917262733,1.998429247425364,0.3024809386909406
C02857,17.511281366349124,4.758952030234242,1.075898092172086,0.7344853236447325,6.48556052267023,0.973162831767949
C02858,8.760106653216024,2.474634605531854,5.5284306225826345,0.9341382083702688,-13.013802194364477,-10.780485231108916
C02859,7.293023189415243,2.818380093515942,7.527344734430293,0.023218026026294046,-41.96513756502664,-42.05133749723453
C02860,28.875982573353383,4.134323780977669,2.9218103669231947,0.9548802250558119,22.32618753075458,22.98908640057688
C02861,16.19886548320948,1.587409136934968,5.035771569284688,0.6671066078473536,7.247967615138354,13.737704351405206
C02862,18.09815117406893,4.782947260934959,1.0,0.9180296405048739,-45.80448375045374,-47.4724079826745
C02863,1.0,4.038777783477845,9.274837780311355,0.8538036345926246,-5.13697262351058,-10.688945222471501
C02864,1.0,4.186947785790306,5.57685867455327,0.2293835923575806,-34.45791200467486,-35.404045209041655
C02865,9.108815690812822,4.403646375731805,10.940497031360202,0.9636363803855904,-21.974846291170284,-32.5358773569082
C02866,4.411324998682584,3.867970008738074,7.112269845005677,0.3886655222231545,13.600002450494626,12.866775035357605
C02867,15.068363499111472,4.0204433778240345,10.684829489494671,0.74410033782543,6.488554375400856,-5.8561764933610885
C02868,10.253850023180119,4.97454473994461,5.406460159190693,0.09719742956926425,4.267895451860877,4.479785655358565
C02869,30.0,3.0084758069886433,29.212120681129452,0.8064692586821098,12.801483172513043,18.432944898318638
C02870,12.769067612923498,2.7319628300351195,4.313024028276498,0.7896840074778227,-12.237779739194721,-9.494813882808263
C02871,6.512032455475554,3.725854817199888,5.096433213913831,0.854335544234662,-38.76223213392039,-37.14709361114032
C02872,19.099635784756497,3.150093100036678,4.931283073588308,0.7365926389797266,3.8751895437550252,6.462015109574702
C02873,30.0,4.403257579930117,60.91999147373207,0.3559374810541626,-2.495174865439913,-6.131694095097716
C02874,10.08435905777884,5.797861228569797,5.898928562972311,0.7337999815947187,-9.184287501518572,-19.413070147906375
C02875,30.0,1.5812941213748268,17.89011788718636,0.5072244809184264,-6.669893343108885,-12.755902235199532
C02876,11.063594196514597,3.1473176601250095,8.05203038523208,1.0,4.951970465654347,8.031462522408152
C02877,9.626957927796262,1.4050467696697055,18.130723017665552,0.6112707246366568,-59.027545247012206,-54.08318697965022
C02878,18.60278477701072,2.6842753790819653,3.8916493029887604,0.47415586383341163,-35.655758361291205,-28.99583951845689
C02879,5.605620558532239,2.7770540364430794,3.7345584328357315,0.88238971808317,15.794685944844431,9.345581623207147
C02880,11.976890808617545,2.415212815514314,8.694356832115194,0.6602654225979094,-6.037745927962705,0.017231947567237782
C02881,16.75523119035317,4.357028903123906,5.659608950218306,0.9350354826011752,17.363525394629995,11.006069108642425
C02882,15.084631145401246,3.538087951557524,12.063564750113766,0.35919111680295623,5.5109701610138755,7.647176416090218
C02883,2.4397310080313,2.100455281527144,4.465505834975922,0.4379257075274791,-40.14774728038507,-37.23909277846121
C02884,30.0,4.359835242130276,34.77034201875262,0.7559911584844659,-35.63446606649185,-38.99572230974724
C02885,8.788536655760122,2.828900296755691,6.436816093945769,0.4807144513898932,-26.624749265192115,-22.5762564342829
C02886,7.105975100095319,2.201825031341971,5.449628952901765,0.710767836727265,-17.81285758973045,-28.745862689076453
C02887,26.749509529859758,1.4724182046163201,11.429492123286902,0.6764912100462538,-26.483954298074107,-31.44871261488869
C02888,18.35750556570743,0.8021613305877153,3.101987027481675,0.49036531682574946,2.070331353169734,-1.8251997494797911
C02889,9.646167708714541,2.302590601628189,5.094229814877565,0.5962752853037719,-32.889508414217325,-29.58396174508538
C02890,12.558418202556734,3.0877711749343137,4.955626519686959,0.6070868218072857,15.29568154536477,18.44038565913693
C02891,16.195796828925015,4.391486862321386,3.7980654733023176,0.3972659253178489,-32.18306805834632,-31.080804492898192
C02892,23.256785314881068,0.0,18.878758407542726,0.6713517425582165,-36.37612853653618,-35.33033968522421
C02893,18.864551587525753,5.795928593401825,3.4119224033223956,0.5317048670452011,7.704901980113709,14.09438585194612
C02894,3.4033414204150603,1.8458904755755348,6.853892984460204,0.566584755548649,-29.745873290770632,-31.578553995563503
C02895,9.993875711035415,2.421792096859686,5.171986519701105,0.9884702803636207,-6.815547268109102,-9.032206426379165
C02896,13.371100735085793,2.475748657491374,2.961072433555927,0.5498991802567769,-36.970539916383174,-37.733723540230024
C02897,17.727764114810324,2.0528650715924472,6.727209245339224,0.4971820378411434,0.16310521542472944,-4.77792632537793
C02898,19.897493897098634,2.543102676081045,14.529047869534553,0.3882725743092017,9.043487549516374,12.151117420015677
C02899,21.033357584218376,2.642557773808045,8.771090881407769,0.3318351901993724,8.436996956228757,2.281541643963135
C02900,30.0,2.771793362871578,7.267668221392188,0.40374332595350665,4.890897496852775,4.002220443449731
C02901,2.4818195182685185,5.377887133506983,7.713715630326734,0.529600293554997,27.376887420543227,31.927201633204998
C02902,4.968033259784791,1.8977103574557754,8.60309068962937,0.18315301527467862,-6.584371085710714,-7.866748999444047
C02903,19.38197206309632,5.750763799316714,36.94939382003756,0.5640299729016239,-3.6708945170792706,-8.90393629492391
C02904,4.57623663563184,3.8178481303342204,4.865470649057353,0.32267474719260897,14.658769087659136,16.341621802821095
C02905,26.88961252082563,0.6710979986609251,17.647514270324734,0.5095236228448506,-37.14860850575513,-33.515857093241735
C02906,30.0,1.7531338061372255,1.9901657731213511,0.6268164774395341,-3.605253924109812,-1.250201256623812
C02907,30.0,1.5742975622064568,37.091320974444024,0.6853593792996391,18.027172660148594,20.602851459078565
C02908,11.90276756567686,2.966526981434415,2.0063377904971493,0.623095809392623,5.42600496093748,1.905818735394766
C02909,14.902185708042584,4.979427280194011,3.266394440829415,0.4262911433575348,5.586458570284945,16.544830448513807
C02910,28.174784564359506,4.221152884500819,8.200405873261671,0.33817678533222595,-15.7696397512871,-10.606474728330976
C02911,20.01765111281241,1.4740533054071598,12.313183811446525,0.29135431687847996,9.419625764317253,6.053851233541911
C02912,14.633591789506097,4.8225058597548935,1.0,0.8725311206106765,-6.838319082777174,-5.722128071681705
C02913,27.572218346240284,1.4354524335157834,10.34224139066926,0.7751791286483726,-2.9703600664378973,-1.8639206257314276
C02914,13.232050995730855,1.6619776501816372,8.444688031184453,0.5537233202134617,13.759021170872412,14.56786322147547
C02915,10.447224621584091,4.5733355010157855,3.7093149040805025,0.6762602346228026,-21.230921506225194,-19.05601748353679
C02916,30.0,4.541789022405722,32.1293001942312,0.6216645554207029,-0.9865243994749111,-0.986082398729731
C02917,9.152120128106,4.222574221741166,4.048937846431865,0.8629003005374793,10.663369566468598,13.634760665919886
C02918,1.2007711937230194,3.030086156231177,5.563015159859806,0.5335827544347953,19.45338517799042,23.827149602074606
C02919,9.680319459905684,2.88760766808607,4.706922827478564,0.12223442108030463,-29.80720650687106,-27.797418195746165
C02920,10.269361891686875,1.2436424928647236,2.9818829283631043,0.6187648791131202,-21.37526691343611,-24.466122232991946
C02921,5.529507334937594,2.9814143944242275,5.9915240710598345,0.3244433761177068,11.271866991114171,17.13937553346068
C02922,7.6036545368588015,1.989866287056347,5.4793124305026435,0.8966210564577768,-1.9894064380690129,-2.2394356842826806
C02923,13.504895648353594,2.732511701260357,5.111084454312506,0.49285195855233177,1.0700904141643308,2.0970954106033224
C02924,28.76709626892928,6.442446729706431,16.023960198806098,0.7705414254994273,5.976371598898462,3.9016984633937324
C02925,8.489929517660775,3.485167838904678,24.170459887493394,0.4605934176751241,-41.01893948660332,-34.53545911292696
C02926,6.5202148710550905,1.3370482442248819,5.729978388348089,0.45662670929165716,-1.46170471642559,-4.3494356623727075
C02927,13.980914821983799,4.864833570259355,3.570234300481207,0.8095643993854807,3.6801407859729176,3.1384645455578655
C02928,3.6756931829069615,5.01419912578435,6.390585041203362,0.6548132677193983,-8.378855903259995,4.192043464729091
C02929,18.696000339509425,5.15173944797269,5.221948733314287,0.48369969251330097,0.9896500576481406,-8.005009194982197
C02930,7.5481133342274624,2.285064813711247,10.45277801059458,0.600915647772601,1.1534084645619842,-3.1228208868355773
C02931,27.765273986136798,2.833001076957785,20.41490812319993,0.3163222440467146,11.583407408553144,17.017483869143113
C02932,11.763882726991888,1.1075471556571848,5.852904722971339,0.5665727511270504,-36.59557071355885,-36.00776589881039
C02933,26.275592242707074,5.338963394996963,6.842714881312569,0.5953756169115116,-63.33897529896661,-60.44592716554269
C02934,30.0,3.1861892675226464,11.862560364738183,1.0,-31.815571292556577,-38.399947932157204
C02935,30.0,0.9444629428451923,25.12286097019168,0.7155369811626554,6.930480995954568,5.986859568504611
C02936,18.10445349335316,5.480564532309144,15.368888359252672,0.6062043880416488,-1.4429467995629182,-2.0396195398380006
C02937,9.307108533563163,1.9821785034605015,1.4876074798353436,0.290611832892108,-17.11880685682705,-17.047969550560698
C02938,30.0,2.4081118261968255,6.230915295472043,0.5875506184472873,8.207960455547267,8.639083299968553
C02939,30.0,1.4301211400438725,7.705237686258421,0.6145338685491506,-0.9956997592728385,-11.592083174080447
C02940,12.723105646642606,1.1895579581179665,5.522865771921409,0.43732603024716854,-12.218677157550822,-12.90826201108321
C02941,8.073857216209532,3.584390225630904,5.832726516664893,0.7949433729270657,6.894314878460186,14.373795090588827
C02942,13.705858357341103,1.955174717132298,6.135392469564504,0.5902737492974071,-14.573136560891523,-15.943724558474358
C02943,7.055030063391007,0.712506162533237,5.415976177739396,0.7918917091070811,3.3985710675809933,-1.2167742824349221
C02944,6.7022192212370095,4.4864353433283455,4.88934927893324,0.35127705887317906,-29.90546428266247,-32.8802565195677
C02945,30.0,3.754727518338519,19.738446615981317,0.7152385258210625,2.142013141441291,8.103236694607013
C02946,30.0,5.681750537840113,13.049418567088217,0.5329178841459632,22.06596393959397,9.450117152488952
C02947,17.15801714428801,2.440940612844746,6.919880833842569,0.7679645085493427,-40.06058207672643,-36.87141822660525
C02948,20.586754127247406,3.060072250975625,11.583869011167462,0.5175659237386152,-35.317609660186854,-33.439045377068716
C02949,4.238764012156375,3.317358097646027,10.705807601621816,0.32737107540206417,-8.450019091300776,-12.473374425013606
C02950,27.371831749221425,3.209315240284198,9.349203731044662,0.5972262704584317,-13.961779790843615,1.1301037164284846
C02951,23.636516286864744,3.376721514868754,11.619198770943404,0.3038936983000243,-8.631401432142244,-3.8847228459447205
C02952,12.394307654615336,2.5186515032917756,10.263582575180681,0.6104270332304872,-40.835738303230336,-39.90997790165706
C02953,19.701741321179924,0.2965596178627976,9.041923069114928,0.781334901159805,-42.89135133377632,-37.0294990043846
C02954,4.765358564407622,3.4320023672355693,7.243838274930062,0.7320104866686571,9.025085756310212,12.055141283276196
C02955,10.688215083297104,3.8626413355086426,6.230132744133399,0.5966994964709311,-27.84093424963442,-25.914617439231378
C02956,7.731944821584638,2.4953876698566346,2.751137336130262,0.7524652946852735,20.670377715944035,21.6687365047782
C02957,22.844011348509035,6.729269075482261,11.655187303902435,0.4631190614236328,-5.8112967689314985,-8.438289457718083
C02958,14.647415710828643,2.2842623336731576,18.451846988885535,0.4352412161866998,1.291618034519138,6.534781866166975
C02959,1.3304080882863332,2.061810600631107,3.924269894496341,0.7455243075108243,-12.63886686079569,-13.172335475517633
C02960,30.0,3.6656594379656022,9.482835651522931,0.5241623360521714,5.404192090347246,11.21127997893025
C02961,6.289536246866296,3.352527704528438,6.804720613325879,1.0,-14.197200615618922,-8.50605076791301
C02962,17.66170446147562,0.6390490454417992,6.954893455054615,0.9451115841994183,-6.509355823082037,-1.692190621009856
C02963,20.6765678971174,4.195068840031938,5.814045300090563,0.44286932517656996,4.119696610063118,2.035887073522129
C02964,19.74317778149306,2.3154661089718367,11.423377629652668,0.5506704989140082,-25.395502192538647,-29.640977235957624
C02965,1.0,4.857707127509082,6.769376369233282,0.2795150897841472,-28.45465425827322,-28.637706249886577
C02966,4.071603265655526,3.599647335776395,10.59330614634392,0.4436321137392828,-0.295176358335171,-0.27389061691492955
C02967,8.613515210265705,2.64744348461924,6.761914514007069,0.45965833118421157,-13.9899411468014,-15.911807316521141
C02968,30.0,4.9123619171256045,15.361094007625155,0.736116534883443,10.240758955296766,15.354298827637548
C02969,5.334144754920547,2.1767528794974758,5.973512475809006,0.5292618415489276,-41.39196151101462,-36.793555485772515
C02970,16.259561869781916,0.9967837338366543,12.427708554644916,1.0,-3.080180353047721,0.7344691311215588
C02971,16.72588679464114,0.9556561984499328,4.422979070634576,0.8116839177424493,2.00855417508851,9.193522229429117
C02972,27.04223853954309,3.364036376703066,17.59057581856088,0.7289633826376931,11.603746237019447,12.794110114741873
C02973,12.117400594544236,5.730572134371576,6.0769484796405395,0.7334854929624888,7.780383442257232,2.411897116421036
C02974,30.0,2.7861004926810606,30.023983869991923,0.2045286625137288,18.614323899631238,25.601236602783178
C02975,2.4128741913036933,4.139859336412369,22.120125804444836,0.22723282826713323,4.5125203623622205,6.928079169988469
C02976,2.099879430987704,3.4671201386009396,3.6310982809286587,0.5265712376484999,-48.039528371196475,-42.4264241599171
C02977,5.422733795003756,2.3804953297838636,3.4764520717133554,0.7033135402252086,-37.136291492562016,-34.814755365531276
C02978,16.00850926724196,0.5135858844555132,8.511712602968228,0.5893531508655877,2.099672615748345,-0.7917395635350344
C02979,16.03370676221641,3.2496484908233847,5.128435504026832,0.6221698994399352,-2.9648636149577676,-8.890300231439543
C02980,10.161843254514352,4.206641874575595,5.731010020379464,0.8342091971327878,3.7941748805025464,8.64204889960181
C02981,6.818136730467879,3.6827516833944114,1.4921040481993613,0.7444142748163738,-32.84067316235476,-34.7847043932955
C02982,17.192975618785425,2.4905256044747173,15.359733067300757,0.4756519029250761,-8.309650351159197,-3.0330166898423574
C02983,16.87246827109592,2.2068511702446014,4.716419030882237,0.5966122649293587,1.150676815128012,-8.816686288823465
C02984,10.637877638607796,2.0493183775261405,8.129098114417902,0.5025504542444966,20.722980873619477,24.074615301251505
C02985,26.675224006934215,2.011799777376481,12.209827761582611,0.45633384214182504,11.921545466325679,14.847738729385526
C02986,7.579499481107573,3.0675284873884836,5.7080716925051025,0.6037989274452309,6.696467326054957,14.784719105660294
C02987,1.0,2.7650077895395153,7.36700818741086,0.3812349462172905,-7.888457509001434,-9.873966219453047
C02988,30.0,3.7586704337099643,40.08389504198358,0.8115357519549266,-24.073295471638463,-24.19625931128269
C02989,23.227738388477754,1.5447557313675597,10.062556576276302,0.6707836602069924,2.6142383654889527,10.58512495082923
C02990,14.8374903190871,2.9605302912384577,7.980733448117697,0.5893600308668117,15.786170173524305,22.768934364296502
C02991,10.420467306398416,2.9474905247478858,5.270734805753273,0.2539480134688508,5.949750165634537,3.2833635364449383
C02992,30.0,2.237306509365992,9.670889558069241,0.3301524188864287,20.62558146144363,15.557027971460823
C02993,5.290218972156751,3.461146235714213,4.638483347329144,0.8745832037768659,24.747822536104017,25.415765342626568
C02994,22.81593894480913,1.661230629996779,12.3368755427205,1.0,8.113525391649945,13.259559200058025
C02995,18.16458166797548,4.7889022746757774,1.0,0.8499193105544973,8.977854650864238,12.490003743835082
C02996,30.0,3.636052202253718,18.934913871901383,0.563204518260031,3.541711799745446,3.0187077530176887
C02997,18.048915639479993,3.816808042839517,11.55382288086066,0.5026010136649868,-11.028551448554676,-0.021041349853719638
C02998,9.50885625864493,2.8923750020812897,6.141428364834481,0.3562266915393937,-10.656326501266427,-12.075076902442957
C02999,16.78617813159949,2.5069140768852156,2.9103785174054977,0.29388160206407155,14.190182702602435,16.342343251463426
C03000,14.54887785881135,1.9169633237639134,12.34185160477797,0.6878039283652307,18.990622378872512,13.271444526584
C03001,10.093592603169458,1.7511564812650973,5.749284725903451,0.5501607824991794,-43.143990599714385,-46.40596086762016
C03002,12.780446940391396,0.7064864062619689,6.928743976918954,0.4212111283244584,2.0098371488264672,2.195847194917837
C03003,15.958789317237356,3.1392734534443374,6.091046161595733,0.5577252230150423,2.17224290527139,4.943095837438973
C03004,26.47384394101286,4.048111123904121,2.654884684470139,0.6669194169585957,-3.0378129578807602,-13.787056486788407
C03005,23.689182851451893,1.1674064448286448,7.926313019472144,0.1972959533222084,-24.071500966161196,-27.92181606738043
C03006,30.0,4.984154565843389,4.553742048261151,0.8704546068116558,1.2863114891772849,-9.542281621020694
C03007,30.0,0.6409758258136415,32.59954857077351,0.9103640519460112,16.263738794490223,8.069670519222482
C03008,27.061705087170957,4.281559227467948,9.947840942253137,0.6944918745798794,-17.55793596932722,-9.795506980937617
C03009,19.279158881756675,1.7317204134575839,8.607589137036165,1.0,17.129694205695913,13.869818774296961
C03010,8.556941110578123,4.618512011628023,4.068704698327342,0.8056008179866017,25.86744924948739,37.15838461805793
C03011,8.814768496311249,4.1444505900150475,8.005922868045872,0.9431774364876483,8.280953126913094,2.028989915669987
C03012,30.0,6.97462877443132,26.003435293790595,0.5233554817291804,12.264263835821811,16.399162376539667
C03013,30.0,2.0650496030855474,13.013614275216947,0.8392998758098265,14.883523828207432,16.16613759772179
C03014,11.623344176816559,0.0,10.153004290016593,0.7512317946498337,10.61274499195926,10.884804565877783
C03015,12.500351726000638,0.16363948412146279,4.464509173672978,0.4001878670428347,-36.92438806170903,-43.8527104128042
C03016,17.380088304635425,2.690844745032725,19.00364180431277,0.8097521631904177,-2.9377096713062247,-4.857112990776779
C03017,30.0,3.2465246451974803,12.771171056116444,0.7688089134077882,-29.7727478977429,-29.730244328455523
C03018,4.065280842329418,1.923767463324941,3.186414879192128,0.7124582905078831,-7.066140845141735,-8.684937780154938
C03019,30.0,3.546192249499195,10.73128841515874,0.6229328592972706,11.841730392217386,14.075738428830942
C03020,10.500736647293003,4.340151031712857,2.0597005569487794,0.8049116518803383,-5.151411078554213,-7.510554224648818
C03021,1.0,3.876065626864818,1.7411688555030724,0.3201619833395671,-26.094270042763977,-28.43755689456702
C03022,30.0,2.940550988449431,9.180992112147171,0.41685794703572143,-38.829239881368636,-38.83463846143853
C03023,1.34515482518559,1.7311590797471477,3.073304505038272,0.5337075564632332,-0.09679592094802292,4.654740351693923
C03024,4.8991857763621915,4.248129523009616,7.109564497652333,0.4907587718243617,-24.952217864253658,-14.681332907924213
C03025,7.567585922926401,5.072764003506839,12.57098051169666,0.3641471540794536,11.547356763099883,8.007781694228234
C03026,30.0,2.0982094453478566,11.946092253080996,0.3325205439464388,-27.85378889040757,-39.02961242156799
C03027,6.951577300616957,1.243213841079723,5.478829979688041,0.6934174629567751,-25.35998636558064,-21.217627026785255
C03028,20.927022117550127,4.731755723688034,5.7707214679160135,0.4276187416266275,-30.598405556211816,-24.012181293933995
C03029,13.06507660445535,3.4821906778246774,4.367554922781412,0.3260203696644472,-16.814152171737064,-22.943973825933355
C03030,22.2847703947616,3.452407451446758,36.04497924979469,0.6522358996433608,4.793664421012364,11.297465150880484
C03031,24.65638831954898,5.578722449599131,7.704224174885642,0.7900054419705304,-6.112894885392219,-2.988129693779713
C03032,11.823844582403424,0.309898018957397,9.037924384996069,0.7270674074983958,6.575072012637986,0.7008777034339735
C03033,11.26519901892232,2.6820667653243815,6.627831498364799,0.9533926823759877,6.35835238789266,-6.89935338177424
C03034,1.0,3.566536717106068,6.81463165969279,0.5929496055425243,14.762451420309437,11.360213379188352
C03035,15.814303215876004,6.022305837795566,5.457589247612989,0.5400753195732437,17.10726560118104,22.58693349998922
C03036,30.0,2.9261884344227265,13.780181326849247,0.7128725886058283,-14.402261260101554,-17.07262128043937
C03037,14.743911508986766,2.27486921332481,4.07483988168398,0.577298329457213,-2.5876999558142764,-2.138436132832065
C03038,13.799444387720815,3.3250685994856384,7.9056612522057215,0.6433417440347258,5.850206958991951,-2.5851168650462206
C03039,18.280972150318526,4.096382097664447,4.7089995360027,0.5296374636569198,-4.992259470760683,-0.7833989213701242
C03040,18.634804507953017,4.7886083475952805,2.5174151562947857,0.7923476771832629,10.851944783602368,9.116136850275613
C03041,6.147207238504567,5.206176211947673,9.13064224330145,0.6357333715975164,-11.438054990451633,-6.576509791180651
C03042,1.0,0.1305847735778416,2.6178321075123714,0.6717000710794373,7.144090035271248,1.478629023935028
C03043,30.0,1.8490486412774803,5.075594008683875,0.33088523506464756,13.205979911688658,4.544569084922543
C03044,2.465171925010779,4.295278844400162,11.127398414089999,0.6978571436056288,-3.9172649047828596,0.561509661643206
C03045,30.0,3.3910676244760176,7.526102867878181,0.14273892583587472,-2.288884402115392,1.581569431283139
C03046,2.904423255637659,3.6530667369936847,5.839498267228841,0.5573503739519661,-0.6267570320647255,-3.750992707768361
C03047,13.205448693603614,2.0619896554517805,8.99856193569463,0.5548277349510575,-2.074533499915141,10.1046720038695
C03048,6.301038115253398,3.3609949949502225,3.4464111273118947,0.3980286038334862,-11.699937999376036,-10.552542205121203
C03049,11.96766761432288,2.652289595071997,7.60435192749272,0.6972374747550084,-35.01541911033178,-35.521183722159726
C03050,17.056665694592976,3.7118410675181313,4.700415645187713,0.49667277523035935,4.879613535150143,7.171233634376324
C03051,11.624210636754913,3.7628667765827655,11.118456106490095,0.8712669676043077,9.587437515362668,12.061776829480664
C03052,30.0,3.4869249070811277,15.46638170913453,0.4586660911707994,1.6099452156525857,7.2139858419999445
C03053,20.174201585687403,3.4125125245154324,18.562308310572796,0.7856039296400982,-5.4208751831468405,-8.420971930796334
C03054,10.583023432314715,2.745571477176888,5.7602376881104105,1.0,-4.436141325686252,-3.8061706831738236
C03055,30.0,5.383878533332963,13.27504019013575,0.3838889229949086,10.000946845649091,9.379737928158459
C03056,30.0,4.67799976340577,30.66921214724266,0.4919767038765275,-2.617247937514917,-1.673400365811267
C03057,19.34347795695512,3.083147430933717,16.241928542255067,0.6457224864660952,8.872649870438996,17.069560069353713
C03058,4.670025747266873,4.289163351868867,11.888262988459715,0.7038747758594777,9.770524214654031,8.898450201314613
C03059,30.0,6.0416974622272885,30.848199244635875,0.5017627707747571,-22.66507586312973,-23.5415279354681
C03060,12.386962921613346,1.644976519767323,17.530095517250427,0.5728569251964033,-22.665971027673056,-22.62649792991553
C03061,9.557776152254496,1.952949207250964,5.339252521995,0.6804454537951159,-3.3546903301953854,-3.955433495030091
C03062,16.484271638936136,3.1289902702513475,8.108010267714764,0.4906393725725186,13.671347618052124,12.778319667883656
C03063,2.7884938173408553,3.4700653401640857,3.0843630096877725,0.6530736849369638,-13.487997446392022,-11.583490359261411
C03064,11.154575037498706,2.19865416238382,9.223544378026522,0.7222952950952644,-31.35391396284732,-30.953881377420526
C03065,30.0,4.058514609543585,16.221734971033523,0.6574288087202608,-35.75303880936131,-34.6466033941304
C03066,8.381715717049428,2.8774725148352496,1.407224870347187,0.8773560158971483,-13.247440418764779,-10.157340491557495
C03067,15.412658833504299,4.639347927044991,7.3643683764070405,0.43972496515077614,6.370284813865661,10.752359423093461
C03068,25.37737899352017,1.9983579189134357,12.267922824692578,0.8046488509269674,-43.21149623790979,-38.21299131980205
C03069,18.19605919598337,1.710796245639374,4.0188129192699025,0.929697922647272,19.932014545486364,24.76547530718655
C03070,14.164172897747248,2.7070554614952975,7.687595247037239,0.4251136812552525,-54.396382776500545,-51.503879280521055
C03071,15.850610507047163,2.7737017179155385,4.408617034791077,0.6939433562921529,29.311141175308556,23.549498840259634
C03072,9.991697909440555,1.6564140424655127,2.6914408351924357,0.296378225262402,19.896373374259717,16.58848750816748
C03073,30.0,3.159165183274341,15.092451736876738,0.4751315299947916,19.623422679039642,17.540646790741945
C03074,15.333943926050695,2.0174482281351014,4.485454237979227,0.5377093530364293,31.51125535053257,30.808284815284644
C03075,16.352467468748483,5.849709683974822,11.144719615585513,0.7335348675405439,6.469164198934191,3.0146048507862964
C03076,22.771277635086783,2.9106505343325577,2.1009164148787782,0.34128556198074883,-41.560744456339634,-45.614483575862025
C03077,29.968545771168372,3.5525249152037137,18.58993746589494,0.5137823920844544,20.82318418474329,13.954263098337185
C03078,30.0,1.1308153155377487,10.517628478506234,0.5494732702524039,4.116642055959623,2.3759193102210556
C03079,11.723732876579614,3.8252374625582086,9.532956966668458,0.33903063002178263,-2.525669650576554,-2.02858830340009
C03080,13.105261700722766,1.791379392697483,15.790177809248227,0.3528043139379333,-38.4899685063643,-39.83921577657159
C03081,15.852783092150029,4.370839357619475,3.650104786334854,1.0,1.9219793539919094,0.36016891881043755
C03082,11.141550143242746,0.6895361425095636,3.875666406993022,0.4579462440634858,4.613670881709147,5.728437847164311
C03083,30.0,2.952365958199865,31.16922199008842,0.8865986689417723,-1.5160130346686573,1.3175080982227478
C03084,15.031293618179417,4.549265688506717,14.35526811695036,0.6243496655517826,-11.833731350163813,-10.714163807231795
C03085,8.453374334179625,3.2634313209371557,4.437586364780591,0.6100418627353562,-11.798607677855653,-9.989402682744231
C03086,8.221099673223621,2.790067111401584,7.342149323484058,0.5869036929427915,27.974655613234106,31.616896761706485
C03087,30.0,5.0053594249404245,8.087315253343823,0.2570342042028564,-26.324025189916906,-28.85947967993336
C03088,13.726995702387917,1.768315785873468,16.846572872255063,0.8712721712288438,-15.789332864475568,-10.264943459500282
C03089,5.674766252579436,1.2440301754288026,6.183548692106658,0.3820099891643368,-1.5925101760416318,-4.161166863335361
C03090,6.185967652656249,1.434436391155048,4.959972134501934,0.6014182288071034,-21.422135748779645,-23.164445521887647
C03091,9.621630575568672,1.4914485363342975,2.1678353311480105,0.6076688141976955,-14.629725262623175,-25.916484487836318
C03092,10.480781119875443,3.623404327106605,7.482582618725489,0.15520884965073228,-22.88004403030697,-25.558491119901927
C03093,30.0,2.54823791366521,11.069164561443545,0.3920299025566405,10.219321967291311,3.602017156547727
C03094,6.622444483429939,4.475269290543706,15.974349429522977,0.6577886675212219,-33.417476701740945,-27.56444659656144
C03095,7.979841830602647,3.690768408356874,4.458433801765708,0.7169266539944628,19.877354962156396,24.16803308959882
C03096,13.670381182812694,3.5477692606058673,5.347334058485942,0.5400388748014641,-48.249397080184515,-51.294102157371405
C03097,1.0,0.39545107135308744,7.543962381873335,0.782297644960685,-0.7639360419976242,-3.01113220765275
C03098,30.0,3.858695988187973,20.2913866473409,0.5893074561749825,28.38524381994649,21.030908168048626
C03099,29.385545121593154,4.874190199083177,30.350498955654125,0.40382700335300364,7.461000971990068,3.2605865628247255
C03100,9.189211334204352,3.1551953676605455,12.334065884481385,0.7552044011748154,9.65466519466409,12.25743304020854
C03101,30.0,1.5499725646105427,18.002171303909897,0.2387433319157642,-35.316884690069585,-29.189568406403936
C03102,26.989792163228792,0.6715856560290474,15.542558506163108,0.3935771031003705,-47.49884999330605,-48.07530011062113
C03103,4.46974157983944,4.4939587346449645,3.821655304054179,0.848757286239886,5.627580734192286,5.976139509819912
C03104,16.64766794452836,3.1531788838140975,11.304528239358056,0.8480257499602848,6.089448957503443,6.582623597038488
C03105,16.04114472865727,0.9607232470222211,5.292161375393973,0.6692893823608079,8.528454038864055,5.861966341108241
C03106,7.7800921341127065,3.572958599362264,2.530755377351688,0.9617617506259938,17.943817671270473,19.22842275795633
C03107,4.978719873514654,2.9674013246312896,2.0863844824654736,0.6745464953905399,-7.595507065174436,-9.102066311089974
C03108,9.37766788986196,5.383908533297452,10.122109216931893,0.5342509908038109,-48.07801550529986,-44.98858208936931
C03109,19.06543329952629,1.7922633027886468,11.778278922105553,0.8239932516544094,-34.71740709471821,-35.03814454982291
C03110,8.706210449957817,3.5591611822719136,8.274235924570403,0.7452330159862018,11.942840366998343,4.540705868336332
C03111,12.244326890820277,4.779440784082998,6.635753621666875,0.5610691704480469,14.72347595642585,17.15362183655509
C03112,13.558725076390616,3.6922139777351446,11.059209345419415,0.6904901751702337,2.9043487288945484,3.5131215651413212
C03113,26.304288717599487,2.764419715039457,11.52661083534924,0.7598008779812487,2.9358029155331944,0.5753704726734363
C03114,16.304756335712675,2.4939823691721066,16.074798612257894,0.4234778349337312,-8.742630123110565,-8.97682738190257
C03115,2.8000315096602124,2.5318894440005586,5.101476583374735,0.4195269226846542,-3.099029409043581,-7.84088931921059
C03116,17.94565600962077,2.2391441307423574,4.328717044865591,0.5421133888869549,3.479490913880312,-1.888702446909095
C03117,4.584436627727516,1.9489688339868272,13.607345871038348,1.0,6.084105990115057,4.1042504657485015
C03118,28.283123138238704,4.705446031552546,4.734287600763557,1.0,15.440944016378197,16.9305293190312
C03119,9.193358249505264,4.57315232539847,5.96196188851488,0.5769063478011597,6.3111202192788785,8.334309517236719
C03120,30.0,4.091836201743653,35.89035723477694,0.5742993988324663,6.894221139093239,1.138272146972489
C03121,5.639776081165006,3.3323585543873278,2.5929077193667935,0.5888843263462444,-27.86251604913275,-27.92928716953489
C03122,7.5707596790187255,3.281854576547146,7.384878179158516,0.5548477507968713,7.988816308148242,2.4874628957517375
C03123,13.980466641186647,0.6526409073514752,1.6764619044890625,0.9285135638729132,6.814459743111592,7.168396990889236
C03124,4.455798417448005,4.044794564121784,2.7010581618032177,0.5127498342269246,-18.80674530716432,-19.781145856592893
C03125,30.0,3.019055090326577,28.116720121254563,0.6167611645860862,11.276211244657889,12.04879730351778
C03126,15.282512018575174,1.2045673836052722,9.835692789372645,0.2971109986178319,-38.22278998873297,-41.842596734772435
C03127,7.069558514387456,4.572598811999302,2.1327413595806894,1.0,5.973770924321861,12.305849241406301
C03128,10.143677892919087,2.7574816235016346,5.157137907447921,0.6250442778728822,22.815723007499383,32.4621498496449
C03129,10.55219230795869,4.12454455681556,3.450457286739054,0.6524245489967634,-9.44152179796066,-10.711523035636825
C03130,5.648331543112262,3.6587970338252216,6.07500982475965,0.668462008667961,-39.78067017005297,-43.4614314132086
C03131,12.117959539839445,1.6409003939500622,6.284477874849343,0.6466343548140537,16.999309387156828,11.443475294817162
C03132,9.633278456445847,4.11956581912081,2.8583984754268603,0.4781574680135504,-7.792728384248456,-14.258860458364891
C03133,11.987970008179262,1.9982533194662297,11.506484896458712,0.6733972042658,-4.875390720077142,0.11435078696037682
C03134,26.326830057983955,0.5037089528893919,13.35281252337752,0.720918046739752,-6.984342538062112,-9.54808716559154
C03135,21.452065715005197,4.114556099815196,17.661135939997315,0.7410944991924392,-17.38391519734978,-24.166391545515495
C03136,19.303572724685175,3.300614058822845,9.016173354692027,0.08844611296377938,-12.954895961077522,-18.810431069851397
C03137,8.447531534375013,3.168500196517005,9.091470063666508,0.5286313612494917,-19.373911751739765,-25.66338325877229
C03138,13.349245420581495,4.134435485913895,19.028091031163328,0.6015307861103624,-26.860663688489304,-20.519139304092818
C03139,9.233691802882163,1.2798582671351078,6.4176546564228225,0.8691748190474575,15.60939477841513,22.708887127584262
C03140,1.0,1.5722577775589144,3.0384875260580717,0.8080925126948825,12.900446603452256,11.737771068567643
C03141,27.38070530984263,1.3314370941634204,12.21665068191312,0.6915851455579066,-6.3184546139716815,-8.12681874512906
C03142,8.45132731061124,2.2917944861977224,1.0,0.6579428782202038,-11.159505469661468,-21.7380123090267
C03143,12.697201104337761,3.500527519435887,5.56305387058553,0.9696023253005586,11.311396895775786,4.088844367995572
C03144,2.9887170472483584,6.05754775959996,8.927834673659707,1.0,-9.681788124822663,-14.25015541339013
C03145,3.5201486956843953,2.6360876951636216,4.2193396061136745,0.43493148368303636,-33.46082321362296,-30.5568147800518
C03146,12.583137228969733,3.245183404976736,14.353396010242452,0.7998993405185248,13.091840586180453,24.96101409870542
C03147,19.31934739341982,0.8596585469579048,3.633512063485082,0.35841602347122087,13.741301181022056,17.409799289465507
C03148,15.637808176677906,2.176450851552174,17.025001814527926,0.8948922512804831,1.052349910331591,0.19179567555552623
C03149,18.37804677402395,0.0,2.9849828139125383,0.513087462906918,0.043830570130422686,0.7485768963485596
C03150,12.317572837042512,6.418460436679082,5.152887669596611,0.9394208861295599,9.866727700682056,10.371928185943752
C03151,8.703888152805117,0.16229246721103596,3.9865144475873953,0.5478704113635366,6.802756605102598,5.07222730184479
C03152,10.864885694568999,2.223643510946826,6.865770318707099,0.4879002899420688,11.10183334968676,10.227056314531971
C03153,11.67124617286801,2.784452946137271,3.916950823367796,0.40637462788439255,-26.51324929781001,-35.21729725295614
C03154,24.43871237362393,5.652729532667362,8.952884651675307,0.8244740972676893,4.844505411260466,1.075715677644645
C03155,16.62617150533202,3.3357498555594134,1.0,0.6838421644268005,8.577175276132536,6.461733901250714
C03156,20.865542022015866,0.8930045835997991,10.834167280426206,0.6519901246981616,-21.310549819545955,-26.94917147171614
C03157,13.067709782480799,2.5472269351951056,5.496642349743646,0.45114255427137523,5.3538787141904285,6.299407835674722
C03158,30.0,3.0914515040254953,21.041207859028756,0.626417523481215,-2.4214502147343664,0.18698571826733135
C03159,10.777650072604423,2.031741146780181,3.704665837594523,0.6354387490775848,-31.721312476605842,-25.310183223094306
C03160,9.421014749774953,1.886555559566998,3.8232122477593276,1.0,-12.680624443542442,-14.85594335549666
C03161,30.0,1.7774861614438813,29.781018117771332,0.39665758506010607,7.338784011006102,-2.2094327143304264
C03162,3.069582214849392,1.8206902913763385,1.642222423534791,0.6512920172137889,19.702470703681154,27.62468126610549
C03163,10.293698287602268,1.6031675339892275,1.0,0.4495431682118177,7.132940439029632,2.1377043058114893
C03164,5.298109025716478,1.6556442173256043,6.884571763152408,0.5624152676098134,-26.970519155678232,-16.782319061337326
C03165,23.830549243600665,2.483361036144862,9.959034179499712,0.7480177212546126,1.72780338102607,9.324227643733371
C03166,25.258529011407468,4.100208401385854,16.163144915509122,0.8842814984243511,-3.1976191266220475,-4.9664437593317174
C03167,5.588793586787486,1.065877602147511,4.379988947816071,0.6415964746670283,7.020296814390684,5.420142931650279
C03168,24.284003870882927,1.7572752660970554,7.840922763816442,0.7315113213739971,-28.47416594215617,-34.69459047687838
C03169,13.514843548943162,3.0575213997138353,1.9583483804495465,0.817452825559378,-23.00099581695823,-34.5968476550312
C03170,30.0,3.757816996322124,19.273421005036145,0.40872369128141695,15.790568363237703,18.348802593008145
C03171,30.0,5.195111320460462,25.3858211998325,0.24742703107984393,1.8595502592113942,0.9607832851973416
C03172,30.0,4.030463493455578,18.791081583041237,0.2802040474258196,-48.93054724042281,-43.37063428618242
C03173,30.0,3.2041777267412814,16.954662821672617,0.4444236177576011,20.55898528876697,26.850048961854004
C03174,30.0,2.927574017028236,48.137598334391484,0.5608133974341282,-7.276925064205502,-16.309732592677893
C03175,7.151339534798534,2.784382204551002,5.334542749934418,0.5966214296684943,-36.524307112046586,-36.32026032218705
C03176,10.618755476227452,1.2229713340800203,7.164479290595512,0.3112604694699654,-1.1076406231487876,9.499780351854072
C03177,3.4434284150058323,3.560987845784483,5.8310869167293875,0.9721537392997429,18.27860210035596,13.156431370478987
C03178,22.41461767585723,2.315010750814203,38.70997985841023,0.9878098167834528,16.95480559005479,22.658806633298425
C03179,12.979186122257175,3.1966135063647547,4.909542829738945,0.5375659512775802,-1.256891167725752,0.4315335508245113
C03180,18.368638905572578,1.5675841644594415,5.129542442257965,0.4123550739071952,3.8785465932921497,5.272895725335968
C03181,15.365248609189592,2.8295882160917603,4.608936913732097,0.7465090370736199,-13.769922670160156,-14.187037181194755
C03182,11.70844773067744,1.5773478264351388,7.49393838730143,0.595233310377361,1.5915877387542077,-4.828486952812181
C03183,2.4826474194194246,3.76811140452028,6.1875114362541535,0.3511443844037886,-36.425601894951704,-44.589386448346566
C03184,21.35056648483412,2.5815787398178687,17.098371595641016,0.9462538267305569,-2.394812339981021,-5.713192775021968
C03185,4.970797545316419,3.2316473495775,4.6913032821007175,0.4169320229055345,5.639792805248198,-0.10663551972992025
C03186,23.895382248337423,2.3095517467844946,6.191795276719175,0.8655439781801875,9.258271570040147,11.713529828865793
C03187,6.7551244816419125,3.9986112668244607,12.743077363763646,0.6146095352816268,-1.3229109295206696,9.052447560245525
C03188,21.633650074505052,3.5012572041217793,11.19718248553228,0.8419763306138925,5.345195124285588,12.806056240498222
C03189,7.413306903950407,1.711540878455269,3.763181102265868,0.5548801086416573,0.13206570955349672,-2.458447915550933
C03190,30.0,1.591858479904061,12.977477433839493,0.7931577851122588,9.488001376658655,15.231757395175219
C03191,14.69453771949586,4.270785024957206,11.547489114118875,0.4734233833226503,2.672494488003356,6.832472540618271
C03192,2.174012479051168,0.0,1.0,0.8898488663778673,-5.956133671650868,-4.905751432782693
C03193,30.0,5.032583277832517,8.828357925332696,0.723643107676508,-2.1972754168482167,6.214474199791014
C03194,17.034064083256055,1.8761999650197474,14.070989423224777,0.3782182542694258,2.2796470726259015,-6.897525140075461
C03195,7.835951192658147,3.935587407337869,5.043743273672783,0.4913216571418094,-55.61340178280243,-59.035798111591795
C03196,9.304060780269136,3.527613642549534,2.642696946330155,0.5571571119777529,20.14728418448519,24.07572991318702
C03197,13.437532424496567,2.4197357581250665,9.598987303188188,0.4024339488546797,-1.3948519709213345,0.14322221516564304
C03198,13.417210149218128,3.41908353070796,8.808042515844816,0.7433697020702205,-32.228394781186786,-35.58396636759267
C03199,17.18850653678431,3.0560824609194728,10.479486872070616,0.7125333252008145,17.534202359608248,10.630280771352613
C03200,20.822147847134346,4.113258730749486,18.82100660389763,0.34743501353012823,10.642938840681921,3.0902136921404857
C03201,7.81320502081825,1.8073706523555804,5.989107197453224,0.7582240008050103,7.9032404598769475,7.153382212023917
C03202,3.397411905936277,3.9665985410131306,12.099090471796941,0.36572313812517027,-8.248737275231552,-4.747965121700157
C03203,7.439163876311478,0.06003787637939739,3.036190964241112,0.5350480339706765,4.2378030028387625,10.718226674766768
C03204,5.145363498103598,3.844168443709524,2.8544531051597195,0.41510315791542557,-51.52591115479596,-56.799884450584784
C03205,30.0,2.963476666981582,24.50649286406798,0.5584226328851647,-9.128701801414278,-10.564760248917661
C03206,30.0,3.6719865055000405,10.876214807348077,0.4581028457658785,14.174616677301422,9.419869673910654
C03207,17.162061529412494,3.867049042330611,5.801506035286754,0.802368818674516,9.13892941577176,11.302589764868436
C03208,8.695744038037748,5.146601027014053,3.175858502119682,0.7398819717246073,17.2577535420085,20.16517543145822
C03209,13.125101559289634,3.142375957101755,12.301727621400257,0.7725594995261812,12.97345822339193,8.536889312300024
C03210,25.778894187055545,1.6544345633854223,4.289773224238022,0.4921114856894063,-17.110936926933455,-23.845365926043883
C03211,30.0,5.676442810786571,8.310314973549458,0.7295364200913174,-5.019494647827447,3.7573586768142206
C03212,17.28315630946746,3.498983793586948,11.663480140341315,0.5015119075018843,-8.783526523399814,-8.590652713809684
C03213,30.0,4.2547547316677345,3.3397165629557213,0.6026442871873338,-7.237145354970501,-6.762753701524296
C03214,14.595529653178644,2.380395261820703,6.419951753229888,0.7051972880195755,-2.776917927770236,-8.748956847017617
C03215,8.212811642284466,2.3666232942521352,4.864529380484301,0.6509843144714553,3.369210791064899,2.526889013919434
C03216,18.425297179400175,3.1685720985040424,9.583080257962179,0.7889163272759637,-38.668209786857574,-42.18512330558445
C03217,8.313967467812457,3.806739032075625,2.7313655598879785,0.7288898978307823,-14.988988979170973,-17.96052737522573
C03218,8.502314546431819,3.4100149168573286,5.24030028944343,0.870736950302257,9.442460409407467,4.633971630463476
C03219,13.864491732238015,1.5059557988959433,5.6164028706132445,0.40723746855326437,-62.772823977813175,-57.072664353431854
C03220,8.568713051307023,5.280197576477782,1.9238393994052383,0.8739744554650497,-48.25109252886942,-51.8070547351517
C03221,20.767528713673414,1.2100318475950895,3.828195840190106,0.6067627973179046,2.9762804317881533,7.247413552752127
C03222,13.86333121210809,3.4937847416117407,5.71949459363466,0.8688018786421904,-17.736606654363946,-23.861476902273658
C03223,11.620263957180352,3.0371672170235957,4.477444347359853,0.649097290597142,-34.99548352289242,-28.030662919341097
C03224,30.0,6.790888822047007,9.181971666292654,0.6709240582967977,-4.195973070222275,-3.4341335543638176
C03225,13.59134417640913,2.348634512490711,6.534997583265001,0.6407020713193209,5.299731006528416,8.595814825275003
C03226,26.841319305227348,1.1608191150149687,6.157310428638435,1.0,11.629863208715888,3.1675378455448833
C03227,13.32811990816149,3.9754474929991637,6.9634160915650645,0.9915556717196542,1.0726204880139267,4.222899990108053
C03228,17.611995369215514,2.246582226996564,10.125504192385385,0.6237170090172826,11.294919746296532,22.207718603371138
C03229,29.9638038662084,4.5958157916946325,7.189116070796706,0.7415465372303752,18.738306351895286,19.569022584867827
C03230,14.054599067814078,4.313815350752023,4.530085650152203,0.5361375687580668,10.864375432286195,23.624205211438905
C03231,6.990620784317967,4.059458218441629,3.3174865887202305,0.5060819526136795,23.716858775587674,14.686418397690492
C03232,30.0,1.8345200876783068,7.8593381858027564,0.5900942622788398,-6.768192819717703,-11.629780594104236
C03233,17.956382291573846,4.297237655173463,12.750895652187527,0.662392675658839,15.68046415523577,17.77680454465676
C03234,30.0,6.4580124916683745,7.236615070028999,0.7052334688433145,-24.165593930274156,-29.01764188708189
C03235,22.615262242905295,2.430422217229146,12.82561007691604,1.0,8.157733547937495,18.933696171101445
C03236,12.279979564481511,2.705341879600525,6.723316848233791,0.15364560897398966,-10.143335242056883,-15.486833195143667
C03237,16.603566536430186,2.7885021209002123,5.653564911025212,0.4361955293474028,24.121177255875462,27.843915371638488
C03238,11.01188643583725,2.545306078814,6.605376456800064,0.6776536698892264,-2.187606865864301,-5.702182800226595
C03239,11.276302973108479,3.205826951735565,9.407273683495896,0.31615624107757573,13.430412944072444,3.6125199621297277
C03240,15.520412369824896,3.0304975778258125,1.0,0.8706287253375652,23.04703925181649,22.31163261173677
C03241,27.520292731573598,2.9127252278131843,14.601068658486005,0.7188128360722678,-27.24686647408886,-29.005008131098936
C03242,19.31582932166208,1.6683664709085897,5.225040168931811,0.8166323328546534,17.63837566996962,19.632621231228907
C03243,30.0,4.785489302109586,22.69682525952714,0.3112765607841176,-7.457410470349185,-3.2536007648519663
C03244,25.146388779308595,3.5622918211275274,28.15225250609844,0.3329812040635763,-38.595035646983334,-42.24871070082387
C03245,17.482573471685434,4.454804106548775,2.734619287319736,0.7829800332106787,-27.068860150455855,-22.774239520698742
C03246,8.680698532936528,3.896372543210375,4.562301225883116,0.12396583222105485,-24.198617023686584,-23.977869620600764
C03247,1.0,0.0,6.843312144391078,0.7687224601136542,-1.3190353462664985,-5.564600353812539
C03248,25.015449128763642,4.356374472111619,17.579665657124067,0.38869377075285705,-40.237215193889334,-43.70172501761282
C03249,14.684615640662877,4.216747547289988,5.127765902061389,0.33633535240253154,6.374816880567844,6.4902468226564745
C03250,30.0,3.3603714349407707,14.745338628781035,0.6606588916577949,0.858490840826355,3.0946823769005025
C03251,5.492682569990696,6.255611740713918,3.6237861352823417,1.0,11.29078393614619,10.687281315014852
C03252,25.102958230043363,4.567702700523974,14.253137411378077,0.6157773279351015,-43.15573113544602,-44.33701352582958
C03253,25.799906738639233,4.512261901904984,9.702426410824314,0.8105093725723663,8.275613708842702,4.384281214135038
C03254,26.172948822079093,0.45090713841054253,10.125706462624029,0.5077570882252924,11.24382980124625,11.549870346630417
C03255,14.006204184856557,5.015896151490689,9.288353878642704,0.8799976496610297,-5.509345379183536,-4.380157946816878
C03256,11.776513709313168,4.0163113722721455,2.661839163263205,0.7935227284751024,-17.738150496203694,-8.070066516991925
C03257,30.0,0.9888665085385702,6.010467204809991,0.5867975190673439,-4.555148119194094,-9.386998010279413
C03258,1.203243855619938,3.47993754360871,11.064665786952284,0.5588727295411904,1.9480133347452155,8.351126863723795
C03259,19.861949566828564,0.467553993453377,6.175835797192429,0.768484727956062,-4.550847172060923,-0.8992944254266746
C03260,15.011755014656543,4.026442543123285,6.070878845542212,0.707851070483585,-45.80244281335834,-46.48504514404841
C03261,30.0,3.2722971704330885,4.637930242197498,0.7985851065739871,-10.259128668729716,-0.8521690074295947
C03262,30.0,2.102851681461872,14.212038754224176,0.5624979114363072,3.3360668125958854,2.769358448267959
C03263,30.0,4.058300870497788,28.480870743559173,0.7289705940493625,2.4686170790376663,3.7300158962659538
C03264,30.0,1.8643407628373487,12.765458423768424,0.6125647093475048,4.821660618962939,2.9323063540074417
C03265,14.87964575022734,3.180240370402491,8.082729188304038,0.953026114395767,12.837171747438159,16.145667941530075
C03266,1.0,4.66081065246307,4.1578329707549795,0.5575414465698333,-50.572582268138106,-50.59294714669788
C03267,7.751791367975196,2.48932364965665,6.7878755435761695,0.3370618484081894,10.318439103654118,5.7876839287854915
C03268,17.13380636819076,1.5745728956252414,4.249143277652429,0.8558203601929766,11.182448944810698,13.160275732699674
C03269,7.451772835374712,4.63689548024224,8.492710753795926,0.6154300933481092,-28.61652402610792,-20.688132049200693
C03270,16.498120997123724,3.166522050423084,3.043039174194729,0.46357304975147146,-54.9221210154507,-57.9654532602698
C03271,30.0,6.011747483398808,23.366254248345722,0.5270578061275802,-33.83494231993944,-29.496951173530313
C03272,30.0,3.7780792856801977,16.132084715069528,0.3346691255491937,3.8927915147510896,0.8692700854952022
C03273,30.0,4.14449728458983,32.31883171393605,0.43412414437702496,-1.000037437053959,0.9673311380686465
C03274,1.0,3.5452717415689943,6.330607591474603,0.39321750036693204,-36.85597406604889,-34.15844687816182
C03275,30.0,3.835080954415215,40.71017692848348,0.6924974556952493,-4.94931839512385,1.2569071772404925
C03276,2.8828623788170855,3.9138145572634797,7.938014134160689,0.707408592377481,16.216433886595357,12.158228205415387
C03277,15.38535559241486,4.017299917345983,9.37010200448149,0.26826310450337776,-80.03937904695645,-81.09945833542686
C03278,1.0,1.3239183138213015,5.935670064613664,0.5390258229012849,-9.169450898833274,-11.9210595881314
C03279,10.085279431745695,1.7117870231718018,8.54852086573,0.5375340585550348,-48.35436117339321,-44.78245222109814
C03280,30.0,3.992447221815973,32.36075059333555,0.6992312345057897,-13.289785789688558,-10.071888447710728
C03281,12.456780833286578,3.139260658220014,5.546208814859311,0.09083169627605243,-17.728032465699755,-16.767553994729635
C03282,29.89313840232403,1.855091810364579,7.6608942445077615,0.23340654424164337,-21.00591450136337,-21.384045339667768
C03283,11.610457564324935,3.451472685905137,3.4197233869291623,0.49756205743896265,-9.172814538210297,-4.748301261800342
C03284,30.0,5.420459895323681,27.429588554432133,0.06880478767358103,3.2726249155455704,-2.9965604194435
C03285,16.265288090903308,3.2869331126727532,6.219371272425827,0.9239438022602987,6.751541381212447,7.447381383344311
C03286,27.129430675336096,3.632911265918625,14.405249352658517,0.5743679289242023,-27.131804689073377,-22.001391694749596
C03287,19.344244384584428,3.681168175975329,15.53365559774798,0.7920628131909384,-12.28964216384201,-19.094305439958177
C03288,18.921275892100542,2.08446592042025,10.891815877673553,0.3880959529285643,-18.605916929171414,-20.66925379199014
C03289,13.784407900102268,2.9239951634262416,8.605711599416031,0.7519315033562564,-5.000613514766631,-7.251569479476975
C03290,16.468297093054183,0.0,9.014857490865314,0.6156909384073508,-0.3244672375471378,-2.32781200668734
C03291,20.380043124202544,1.583651768872178,10.104074276109946,0.5954579310679945,6.68959398880486,15.572001963535147
C03292,30.0,2.882016306096858,9.088148637369901,0.7558623671448084,-27.70647224511597,-38.26811351971597
C03293,1.0,1.212505428575402,7.423026048978924,0.696012345909262,9.908583474946512,7.648036633565454
C03294,10.735206157347912,2.9694769244389763,2.4206735399584822,0.5604004335262905,11.484408638434736,14.195973633534281
C03295,11.429355283992258,2.5557271424250017,4.981121995829845,0.5064256484715807,-34.6804063787106,-30.645206819682937
C03296,4.161999688018837,4.9853486556310544,9.428036763981773,0.40431787433870203,-24.693708585342975,-19.388413056912423
C03297,12.588610768602308,6.0348054034138485,13.608207339881435,0.6847890863948278,-8.963097473796072,-16.113373922680477
C03298,13.763786864939096,2.916053287022164,6.786394938716979,0.7680948797079138,9.669399756807577,15.656500825387177
C03299,26.058212230973023,3.5653583514926233,11.66604481924892,0.5159603301194149,-14.742485873804842,-9.210242536516597
C03300,30.0,4.814902070290869,43.07915101631312,0.946085736846537,-1.2942172734107977,-5.182802692806173
C03301,16.512173553063636,2.991790902811979,7.051452569310188,0.45116665465135525,-12.286273187332686,-16.839464969388075
C03302,12.872469043863761,3.631073500287502,6.740971372058164,0.8171912591425337,14.878518480138466,8.849738685565727
C03303,30.0,0.9096187507717834,23.046726822006008,0.39680897589298714,14.743737323707105,3.57683097058265
C03304,5.47379853297896,3.77473185493734,1.2945837103376685,0.3939866849802246,-43.31443266588358,-33.361267129661826
C03305,11.200430798907211,4.915075242681051,1.0972822883367308,0.24882892499167708,-25.519664170707856,-25.234537241492017
C03306,10.490900173088386,1.3232713033135197,3.274267622562458,0.5861421355654739,5.07909758289932,-3.8657743652159384
C03307,3.9387209850561478,0.5109904043570053,9.604829342763251,0.8660930905469373,8.158523464250662,-3.1785476375477177
C03308,30.0,4.9408061455478265,6.200566794860142,0.3028825276486034,-25.473591106389204,-30.4620884584585
C03309,7.716348519500453,2.525062171383671,7.138762791399368,0.9948037753769061,-15.881088404144009,-18.197023560253967
C03310,11.955842786373378,1.8290834567406116,5.782252584396096,0.6007768390581185,2.6301239815453776,6.162437607452088
C03311,15.119741800938447,3.1452367463977815,13.458901105754501,0.3434298441869161,5.454262997133303,10.586584404399407
C03312,15.697154994723995,2.180294256948254,5.731918131929906,0.6657606235744198,-11.606443709980564,-10.232863634651368
C03313,8.723679648518731,1.4473682601248876,2.4715259804245924,0.5832172786985257,7.050577900138782,7.35022255555639
C03314,17.385929778405856,0.7129556557293251,15.2826654642558,0.613502717394473,-2.2965108688677285,-0.8996458151537639
C03315,30.0,5.706264489779995,38.88652333660056,0.24960414753535204,-36.981755640622666,-30.808414718320904
C03316,10.422709393518064,5.499865797395658,6.587063526583794,0.491497643883408,-41.64320271748358,-41.27995573691771
C03317,7.257603488451156,2.62623072721442,6.705257181622318,0.2950073980133337,4.015773266062784,6.429385594795395
C03318,12.280457687884706,6.926844709336759,11.809530172492194,0.5064089218884841,-7.641454938360949,-13.425132941214938
C03319,14.608367302090812,4.992680276095881,8.902200109272531,0.40676314421669774,-20.888170169874936,-19.949678860219883
C03320,9.223487866494457,2.926317683886864,6.350957193621452,0.4891849895290099,14.394469189647154,11.838419666875106
C03321,11.358084106320126,6.405337443682523,5.455942606952126,0.6618889771378169,-2.219395011467462,-0.34293006476571897
C03322,7.9683069076466015,0.0,3.772536853693394,0.9739219554244969,2.49702274462485,0.6888173200060981
C03323,8.619630588581176,2.687372715785685,12.242618620403107,0.7584328370185305,13.892973639780905,15.72363603242328
C03324,3.9583038023484907,5.639982229998271,6.691798910804469,0.37244749335518046,11.942846398913405,7.99103008068924
C03325,27.163545816212054,2.4888610814935364,26.751441376234343,0.5990288611732163,-2.503719809009586,-7.59611259665233
C03326,23.312395425541283,4.760521291133358,11.258456849266146,0.8573012764542354,-3.1318997091270546,-7.284289076222757
C03327,28.76722776388914,1.5288658756774567,8.122221780182647,0.7885015103627968,-3.894439927745548,-7.770454664026587
C03328,22.404101043265968,2.0081612454586506,23.63456662164291,1.0,4.210460949771354,5.690482284548368
C03329,12.12563480431666,3.5824112268275243,3.816412589540528,0.26335792996919294,-24.264740284415733,-20.470286518286816
C03330,23.705994109968326,3.9929767976662385,6.091314177003593,0.3659545558059636,16.73052340665031,17.397510909550416
C03331,19.176610680936605,3.3128540543731804,2.9478963126508306,0.8423091440609058,15.884583867420236,16.45454469298417
C03332,21.617967273316538,2.37997909695122,5.478979214295369,0.7341454070172599,3.7756733183224505,4.346109743442064
C03333,15.307867958696185,1.6060172085837396,6.667047257106403,0.3966505621576391,11.391903238401238,16.80433057600442
C03334,13.52062560195137,6.5450694267330425,5.345731094156296,0.4097893897529698,-52.86053931491141,-58.159861613472415
C03335,30.0,3.5256041918154133,34.60445532101325,0.6047627695055658,28.039710796524673,29.235832704174847
C03336,12.686005146763236,4.658716936038928,9.93777572715158,0.5825255037153347,-46.520648410336165,-45.68597043089716
C03337,21.394529580376947,4.482537934930281,31.133236603808445,0.774420828365871,11.264768852645243,15.664748081365646
C03338,2.2082314802710243,2.2910782220689203,6.281984388877408,0.9368909402810428,-18.777794299511896,-22.756207428576392
C03339,21.574015125419578,3.0753978660120542,9.694416048423324,0.925941463799328,-39.468562597951866,-31.554870376905782
C03340,6.241345564645677,1.8465955325128958,1.0,0.3076769976853645,-41.24544021518288,-41.78609221633403
C03341,13.9697064156243,4.155185978635005,5.797688259645243,0.7999228245024494,-2.0577152098056057,-8.145792978941113
C03342,8.756312789108149,2.765220773191763,6.53494209721973,0.5449389558405844,-2.836736604751148,-5.42278620038341
C03343,11.266827992727897,5.442604211422505,4.186662423164952,0.9291125426175922,8.779472902025184,12.312019720960606
C03344,12.365982451012,0.5877752513979733,16.881934120900965,0.4933813495888912,-8.799852737223823,-9.789641792042087
C03345,3.106925615036772,3.7559334598422227,6.038134784686116,0.37941982246831374,-5.471447451336179,-9.043532751754007
C03346,5.93293919163591,6.820509465494242,3.8463613651620756,0.7402381779478803,-35.5001633812523,-28.64305691345706
C03347,13.52755689398994,1.9028920401695109,11.979469807199067,0.7762797895074387,-74.17372899465317,-71.37365770233383
C03348,30.0,3.2431023743565177,23.369444259164304,0.5248513678607879,19.74240812744557,18.579348177185313
C03349,6.977577620796891,2.4765795325636155,3.282948746662873,0.7657769562757079,-5.981504871051799,-4.77742984094149
C03350,10.735907131808425,4.347492900392282,7.4768975063189655,0.4709824645884816,-2.2722722956361965,2.2258402109694266
C03351,11.983988439580065,0.0,12.920878863317064,0.3875253077154901,-24.762177625840067,-18.865438031377327
C03352,1.0,1.1975726471185695,5.423182040428841,0.2926713830124524,14.902646689073201,12.030015757074876
C03353,16.204676564466208,1.5153275562200577,4.959071819499754,0.685021742250318,-12.693611209629594,-8.94030568633411
C03354,10.169140413702225,4.323231074950074,5.900623071931453,0.6886444014980392,7.087390510389925,16.590074485916027
C03355,7.890969595131442,2.731236706681391,4.393594170217499,0.5340058004775441,-0.8251431485605192,-3.911687600927511
C03356,10.990606657650453,2.0478151230763624,4.414109670146525,0.5159038856421536,-6.483107881619057,-4.468769270985771
C03357,29.652058867367916,3.6148546539262085,13.952501754503249,0.6574027446719902,-10.016929873149994,-7.648127590979405
C03358,15.29734397990056,3.3375820028361076,6.598300524136499,0.6832552833958789,1.3147184803011989,0.5430511565746085
C03359,14.888023851022826,2.7091872889297766,5.278081556149314,0.6661639985479861,-2.04192410037402,-6.445143125458004
C03360,6.922812145926692,2.254985321763113,6.359211814428458,0.34163614065589537,-38.085789670722505,-42.49945468752273
C03361,5.356169198500505,1.6439448480366574,4.737247223119484,0.6370248945582422,-48.57159906721627,-49.603728718239786
C03362,7.193887317761659,5.1428019682460935,3.867028961892922,0.6300286935589341,9.711744798677437,5.618993777006101
C03363,13.015762633995651,5.244060456039446,1.0,0.25980310730483286,-30.91799106575268,-37.94913960954102
C03364,11.55797296464084,1.0335440113173953,6.7997904755990035,0.9151180714627829,-38.25880325331647,-44.44911724990454
C03365,6.189369204772426,2.4170582452880023,6.937703758401737,0.3370043735705473,-44.33284934980496,-46.944859262118186
C03366,30.0,3.6799475615122215,14.880363756676545,0.4969428251403504,-0.2223409190619794,-1.1233010676089374
C03367,8.913890521079145,1.6510194080368554,6.775545764913296,0.46261735308000207,-0.7201364544635318,-3.649493012269949
C03368,7.387583266348334,4.1151415332320695,4.796276603480668,0.5618919185644426,5.8517214473073205,1.3444702773419612
C03369,11.045373757838636,3.327892409224966,2.1014964042202795,0.4128467603057502,-4.83801845811562,0.11846817419640221
C03370,14.167819218318584,4.250622764987174,6.072688199289388,0.4328516357558869,-13.261109467741544,-18.7442811323957
C03371,30.0,6.478148966368222,9.624853303676,0.6676329046850823,-14.42492786483831,-14.320046082395985
C03372,11.52335271393985,0.4971163945474677,4.955902672301816,0.5690836852781737,-19.9353766905421,-13.980262223411572
C03373,3.813870802103959,5.197077830210614,8.80644198152333,0.435099559053418,9.435960280775175,10.117602123100575
C03374,15.294127559715331,2.215120072574969,5.403771257330532,0.8097050287363071,0.35420922159785295,11.607302008432054
C03375,4.791648046533244,4.056701095180353,8.061850557283414,0.9090612415240235,14.509142070731674,16.98007921972381
C03376,15.20545493220365,3.843297093525407,11.886379639304703,0.5015405609239096,8.034463506400336,6.828041479220577
C03377,5.074898622735161,5.122549404362434,5.74505934050206,0.6443350318102031,9.286411770059942,6.910748383007411
C03378,9.545993739908154,3.161483492038348,2.1253442266076714,0.5954819703163224,-22.087862859626114,-18.600698444947806
C03379,9.793227160431018,1.8383527648171265,6.8954474417370974,0.44428725963971816,7.789193178654642,10.820088601132454
C03380,24.722324859601212,3.4359314575582394,5.33899688091265,0.2431510281644979,20.70614138074724,23.236713877194244
C03381,12.076040128894682,5.599575469160177,5.588664589186806,0.5714203067127612,20.612955790789083,17.25594267005159
C03382,13.768967450097753,3.5956824632325928,1.0,1.0,-24.666034156974696,-26.12885089091043
C03383,11.425636479483597,2.213916309978342,9.124771974240048,0.6382983311500943,19.017330741834122,12.036033715688355
C03384,11.117543372659142,2.839872261615459,5.585045299745365,0.2995160185846698,-29.312264881251018,-29.800900326697068
C03385,5.097670881258495,3.448896545043866,2.3652171794717067,0.6269526203606306,-29.422139790573762,-27.654400892579325
C03386,6.609853995316166,3.2484714390766487,4.474608669371381,0.5743773434677872,4.653728901112237,1.2966633187670507
C03387,18.98622780964594,3.0420293207440956,15.778433632833305,0.6313175666378852,-31.992171453304415,-33.89953815932963
C03388,30.0,4.546681125694267,24.560828852699412,0.7273199038690649,14.574388478948771,13.046767033812657
C03389,16.661124133499943,6.110969998112694,7.357222396904618,0.45271216037338213,-36.272637818654225,-34.583896316160114
C03390,12.78281333550273,4.499150089657523,5.69663334920231,0.5517368859514004,-23.596520905987152,-29.439671271482943
C03391,30.0,4.008622221580262,9.51664967148536,0.8270819220603998,-31.995953641670376,-34.85716623093701
C03392,24.048478567055426,4.624241055399226,11.116039520744575,0.6455483487889146,11.838289572396043,5.373508902448912
C03393,13.29440660901553,4.044348451441438,8.24972619996888,0.8182438549963218,-39.10305559756133,-40.57954408562192
C03394,27.814215340703985,3.292647469830877,10.323392602834751,0.6149992421559672,-21.402666899332623,-19.810514464499395
C03395,13.765497919793004,2.205925883487207,11.07629211364494,0.7187452480483839,-20.63319463870151,-18.070158486375473
C03396,11.770417166552306,2.2057170327486837,6.200394057059328,0.8230997885016933,-9.189192396785785,-6.152675725162391
C03397,12.37149672636952,3.0565810944765954,6.873553430695085,0.6300984226459446,2.261829468170787,-0.09273972717536694
C03398,11.155135207627165,3.513528039776457,2.711411426838714,0.8929656629830026,5.084380796242141,10.181539776950185
C03399,7.0319168655051065,4.782561021760692,2.9592723515199744,0.6511568556892199,-22.465373613783285,-13.203966558410663
C03400,10.374462379905571,2.9154677344167075,3.238035126219133,0.5945995759203749,3.787981162916343,2.5514709532081468
C03401,7.485915942825624,2.55185088098482,9.307370767056621,0.2498572295724996,-32.08468680020911,-31.62753427736323
C03402,14.926361600079723,3.4846852969039714,5.435829504681904,0.7500587059760632,16.046888130378065,14.7555878056151
C03403,8.752016113925123,3.7185397794191797,31.757654252584278,0.3162100401225044,6.2205455164313825,4.402811570828922
C03404,9.384918914550088,2.2056238660220604,3.382794841629811,0.42209658031019737,-2.8510796700002485,-6.109606963372421
C03405,20.825073688889947,1.9975804991922408,4.797321416882555,0.30858726235763506,-32.09942586919587,-29.59429850197776
C03406,1.0,4.041883734240545,25.16058944287153,0.8173541319636491,14.2080207013679,19.94022817212312
C03407,1.0,2.8922250250414696,3.0140826293207557,0.7351581936437915,1.8137184686423398,-4.733596602090365
C03408,10.28740741964971,4.84502916412986,7.745330874299912,0.6656286578461084,3.704054882650865,6.6255958205243
C03409,13.752685222166651,3.4931476349401285,6.40339458805955,0.6151533373835174,-6.278718959935006,-10.461678705517812
C03410,3.2754426897114346,2.969528531289014,5.597509434945357,0.5905309777519476,-29.421084241829124,-27.51441273602606
C03411,11.080672017600914,1.3081499508177619,6.720714919385967,0.965852566945479,14.346387595066508,16.05311206745838
C03412,30.0,3.0895655110926397,13.242389668800929,0.3657898043087935,-12.994768483743542,-10.57487685594782
C03413,13.975817104298436,1.603371560218417,5.447427480070845,0.8587045829824045,7.09680499953955,8.555359947092377
C03414,11.90667335893523,1.1538928677372162,5.008841101102801,0.5721046802669886,-9.394896784436053,-10.921232419243875
C03415,24.812831630046844,5.342657958397579,29.61087921091938,0.9180433838327184,1.8089531889759094,0.9614832979018961
C03416,30.0,2.3468794474787114,3.521504063856681,0.681012105763756,6.577947500733137,13.372212455387725
C03417,2.1767650799105898,4.414743526300257,38.261195334783096,0.8177387339592403,6.881698451168795,7.4412194041186375
C03418,30.0,1.4150340676317974,35.56456676069197,0.7101239634291208,28.82908408975471,31.87389207879695
C03419,10.53722453870778,2.010221771071924,3.4185685838286433,0.4418137159398806,7.886808093865422,6.482605491039619
C03420,9.168029631109702,1.8756801401346292,6.350779645815269,0.5851428746819641,-0.631839633459438,-0.7966173150584228
C03421,14.87185478780232,4.105006545547288,9.142242369043096,0.6290213296944439,-4.4419433181724095,0.7813945507488267
C03422,30.0,3.7463457913036438,20.204742716991824,0.7987293580346,-0.6202424654639271,-5.260192551952081
C03423,30.0,1.0911776708659535,24.676604740281867,0.8343716438452156,8.739631844272768,8.81169126643116
C03424,4.822128161631696,0.9532962361949204,4.550815336947674,0.9081798630934939,-12.60891742505899,-13.445860841720776
C03425,6.583189494170588,3.799321562664106,5.937070258583109,0.6458984896305063,-22.55300144905046,-16.53079737846226
C03426,10.478034609926107,5.040025725164783,6.465195902507674,0.5903503998031425,7.926258526703941,16.210929396859054
C03427,14.523120104364283,4.965685414046253,12.276031123416695,0.39195543415843814,3.1527259580158997,6.769585252099452
C03428,16.752218406082626,1.9111009838843107,15.779736477505068,0.6673204140487796,-23.05195051821109,-15.883959993620177
C03429,27.731612025798945,2.4265219514648115,6.407333844209871,0.4384032131333065,-3.0292797648282903,-8.02867906721551
C03430,7.015340875131095,3.787196132804472,6.125166137584589,0.6986084144253328,-0.9386999040226325,-14.504553867306228
C03431,19.04905537503339,3.893727998691737,18.46451725955162,0.8008516891005899,15.769686429839634,17.8764494865279
C03432,30.0,3.3755458890913097,40.726485425280714,0.6167455656201343,-23.59084737644402,-19.61711699358461
C03433,15.372375527529405,2.454420780588246,7.532777647896728,0.3346892590266064,-17.40937072060553,-19.224003752384135
C03434,10.243464935734307,3.7129568597107574,6.167267965055475,0.5273590583559172,-23.05255509842358,-25.95489839152408
C03435,28.012325250902112,3.2461251880532522,10.440111360627872,0.5808822066348609,-5.364669146947978,-3.6917532260806363
C03436,30.0,3.30178360163279,27.307413206477413,0.510861704864609,-36.62383432776368,-29.6614884102644
C03437,18.765088327093416,4.339794709651509,5.188492189358862,0.5981215863553154,-41.628866526016964,-40.01212501209307
C03438,14.15315950113343,4.668460715358371,6.595562665772652,0.685387718882755,-55.333718689329224,-50.62733962086054
C03439,18.28993604230181,3.523207775989012,6.92415906453567,0.6388940815240924,12.374475339923315,16.783140450118594
C03440,10.997065044071444,3.444180460276394,2.4431238681030685,0.7284236506345547,1.2475329024717894,3.936466149782805
C03441,6.970952428056362,2.7656606045439167,3.2443390832699803,0.6479777014952517,-33.24370035657928,-27.296378902898088
C03442,17.72092949749504,3.1977523732691044,6.252259459925991,0.8491556772947592,0.6139872431276983,-2.438045587241004
C03443,11.048164336336853,4.1389924764581805,4.102830840143927,0.4720845825095233,-38.48441174137722,-41.42610856954563
C03444,21.964739902422522,3.7413697089132922,9.720067343468967,0.7420142658844426,14.902501988924005,12.082982877089334
C03445,7.954399676695117,2.186183529902728,5.495022454659883,0.5006371433560445,-2.2040695047536047,-0.8527029597192048
C03446,9.929929976206509,2.106305263676111,5.990286030180915,0.5015120466830817,-32.75635644629857,-26.16167901470433
C03447,22.54604161693845,2.0594126193038766,13.209734446514352,0.5208217863379894,13.462729846624725,16.912510071060847
C03448,11.855617698708446,4.723489168662555,10.810140583016242,0.4100048673744192,-26.053340039845857,-38.71930887331777
C03449,8.15845678047161,0.5098476530195071,4.729247486871346,0.8888604085440427,-1.5036061505237193,13.624872478017545
C03450,30.0,0.9667998306841077,6.651863681273495,0.6677846949453229,19.02425085964643,21.453213663659014
C03451,16.001750962527783,2.077882470341385,3.9421847433173296,0.39974073127940407,2.251633790513565,8.63369285162296
C03452,6.03055755831954,4.130593400209165,4.00728851960033,0.5785455993591423,3.013005150115106,5.519776092806573
C03453,30.0,2.598955621981837,13.099064128966571,0.3385384894322444,-23.55106945857547,-29.989649904514103
C03454,30.0,1.759896687789024,30.459949493676895,0.6986424062194629,12.708476226597723,15.733838123847722
C03455,12.035223821636366,3.532406404428162,5.464925792469603,0.5361291285645676,18.470102895537508,12.881701286693858
C03456,16.643430110380535,3.609637649906502,6.064219035211354,0.7067467991307854,10.22766828259784,12.298161428183509
C03457,12.028321416760985,4.179968927473628,9.252534860598875,0.21291733986272404,6.472726065249785,9.266609849628804
C03458,4.361023498586503,5.044899826610805,3.8642823034451492,0.17815973739027846,-34.976465092745016,-29.63003657489184
C03459,24.905616021347356,4.847211733650381,3.2091122184749823,0.6623522436783591,-7.37866157027546,-8.982573180362142
C03460,9.642889272488464,3.832996393500288,4.114551773955334,0.7728233784813558,1.964325241123392,-9.722884874568594
C03461,16.53112526784138,2.8737156608342747,3.7948850498036633,0.5550931319063928,-41.01655359837868,-41.808688867042335
C03462,3.2233731619990147,3.6461986549028995,5.462640516948247,0.47300179146247096,13.27194189431585,16.90472206006698
C03463,30.0,2.3852732920144755,14.837523966163861,0.4161532708915148,-1.4968662554013958,-0.9135200245143121
C03464,11.258189768523993,4.336501553695099,4.599362896050041,0.9257116487587721,16.385304270593988,16.544434756954153
C03465,30.0,2.255025823526601,22.609114882873484,0.46732819423926153,0.20694531917059056,-1.332830733722622
C03466,15.825326821498834,1.8639589748943974,1.0,0.6166835157599195,-1.7050790452299687,2.5701330623999015
C03467,1.3115957690163782,4.42548855860841,1.1167533854386664,0.29401233537916266,-13.951275270749534,-6.12355353368808
C03468,10.894988645164455,0.8382470740587618,6.242042486170636,0.5170011318190832,-9.2281563571465,-9.67727860337239
C03469,12.101025508970693,2.1033812806703787,25.687528112634745,0.7003030753042859,-22.99499776931396,-18.66872666134681
C03470,13.753650378516927,3.9007692665457636,7.762019520622047,0.3097006248515005,-2.388457598744771,2.756508442433268
C03471,16.732687321893884,2.8706109902058454,6.010569090180583,0.3763160001086267,-47.40733972402053,-51.00807497231887
C03472,9.553360959884992,2.808579354536078,3.9403394614423615,0.7209052275740222,-57.17044897319708,-61.189007969287864
C03473,30.0,1.4241847351813433,4.545870320770882,0.9513016553401348,3.075554047971359,8.904871287592869
C03474,12.87172935070546,1.5438685189113683,6.585917807625057,0.8274092652241469,0.9430915784696285,-2.4138493185186913
C03475,12.379323667441092,2.7264687166177892,7.856074858172758,0.7405133427894319,15.35365732928539,14.369654533965816
C03476,30.0,0.7469772861735029,4.952122087253872,0.25431642425258494,6.722707326829765,8.993704291381928
C03477,30.0,2.9859149269484413,26.386090053230365,0.44435862908188084,-4.1831216643182465,-8.470921149639656
C03478,8.821784437852163,4.7045300924546485,4.566888102520057,0.6655230850660959,-8.105748444801481,-8.586290640233544
C03479,30.0,4.572188645240282,3.1462731719296366,0.39222565108015905,-0.1806928566427155,1.8655645618715933
C03480,3.729832972037701,3.7999755238280057,2.45889714861285,0.4153449721878951,17.108274963133145,8.02988183165399
C03481,15.756607919482489,3.2874374397625923,5.7436329095180945,0.9316233714597557,3.518994053484035,4.281577730737612
C03482,11.2775870262559,2.876179039202715,15.87212735906725,0.5030660665775598,16.640148664886254,10.049164701860928
C03483,23.167363704807904,3.084662367022332,10.399225670398648,0.9845572358518415,22.19769423827631,20.12148489298759
C03484,4.365584612282566,1.7261871360940622,5.118357341305466,0.7471774513072861,24.518448209416334,23.958623626310597
C03485,7.783124472862356,2.1521099503535543,4.7996121146612465,0.7383886934435757,1.7770672258391378,-8.525683085657064
C03486,7.418962978703485,0.7415380594893488,6.263111911149975,0.665171327551931,-3.4583763289241194,-5.137180019239361
C03487,25.22246564408296,4.263057668233977,8.096049788383649,1.0,-40.0928216387582,-47.159497254914506
C03488,30.0,2.8441840090039117,27.33448607175239,0.6608868070136177,-6.030650382088631,-13.12489591552928
C03489,6.181809115226568,5.7065867812555835,8.20651722378524,0.5682165211129451,5.144707362081153,5.120990865641159
C03490,10.876709111192,2.2012307277434053,5.660283573513475,0.5117380822291047,-8.621398806013577,-3.4123081831548276
C03491,15.19890431695822,2.9884407351347626,5.275626977687791,0.5685490891892198,-39.57192668524972,-35.627135378069354
C03492,12.863932158363214,3.9551216778830223,9.064794938608562,0.7097615944049107,4.005369799137532,0.6721091824820702
C03493,21.603056412215054,3.5675309044786108,4.2402644889847725,0.700080403899375,0.37225550574526256,-5.308677140602012
C03494,9.395207531655679,2.889977968384399,8.204405191179495,0.5858611145425764,-35.06253908618966,-35.968451456695306
C03495,13.629786897008236,5.397571638827014,4.787928183920131,0.7768946625192373,7.38747119299516,11.304607708063802
C03496,11.583750197926769,1.7448840112943682,23.385131867592506,0.36143419117558473,-4.745910958839836,-2.3877397158225238
C03497,4.915032316440113,3.8588243144976686,3.882951994432399,0.6880703983834922,-3.8638517786659534,-8.853417828672299
C03498,5.100909380706481,2.4121717072261872,6.077846388029028,0.8379835254829178,-1.4926147120970974,-3.6213001868269736
C03499,14.022622835037257,2.812982136423401,8.589442553988855,0.7029417005101397,17.95693093396266,14.165811227389366
C03500,14.140888157496011,3.3489092544732593,3.819188764032127,0.6899911796539526,12.312437178573191,-1.4134398819561564
C03501,9.806089070970472,2.8300617852871053,3.418056137316875,0.6330851584643951,-14.87537048662055,-9.390614643911054
C03502,30.0,2.775660286409359,12.917445281992492,0.537624642966112,-2.0193837846546785,0.7889232812373033
C03503,28.069115054019314,0.9271028663941125,4.086208033196648,0.6606268395152843,-42.31845736302033,-34.74004956902288
C03504,5.041970497714259,4.208635394778894,5.437896816454891,0.5246549091350413,-20.724582876854583,-13.847683186518283
C03505,9.465127098962586,0.9156062292134739,5.9006199530131624,0.6391813896475048,4.2062415359364875,5.0985056661363775
C03506,16.118468032491418,4.92855655130653,1.0,0.5827767697024394,-1.3305931164490854,3.8078776221140487
C03507,28.641011668059967,2.857997945988156,16.907551726502085,0.4534574426384751,-4.9639757296555,-6.211775390187936
C03508,12.870818837892504,4.248704578489071,6.911413285846201,0.3873122456129723,7.644331104130817,9.287253309862688
C03509,6.374588892176696,0.0,9.080747458289812,0.6133244686845625,-15.162587296714733,-17.78702151069688
C03510,10.473994764304123,2.9487619734771053,6.943443378691192,0.5786905660350516,-1.7304988534782648,-1.6397774880173714
C03511,8.509763382676514,2.982239546175138,3.204849168100858,1.0,4.680716855148336,7.665536894266179
C03512,4.45475743413769,1.8084047162559354,3.5588133912825617,0.7141884601521475,16.066475218411302,19.333312771397843
C03513,30.0,4.161492421650548,30.884794093168022,0.4881513064233517,-51.99266643440744,-63.472015226652516
C03514,1.0,2.161889842458165,5.1792728356421875,0.7462234342156635,0.6116955050595516,4.913539583303422
C03515,25.20230284215758,1.8147696886416536,10.782221946492484,0.6172541830651015,11.248332322657939,5.2479672113469364
C03516,25.154712310121667,2.514350496758217,13.196138221120435,0.7025954933633078,-33.34606840791429,-35.95362526782343
C03517,7.714680673495527,4.289231509293963,8.251516322378638,0.584397895433012,17.952939079197204,9.185600957702857
C03518,1.0,3.366633916187391,1.1461076399515533,0.649447521676488,-36.999485320693104,-40.223599439970386
C03519,30.0,3.52621444418135,31.48724218277277,0.37967601894159786,-13.371519078564699,-6.401896957410955
C03520,15.52904013624616,4.020995065906783,14.617501115277157,0.607722522498685,5.268797014616432,7.158407294863602
C03521,6.882316274634292,2.7106450166381553,6.204492749939956,0.32377914941287617,-21.354104660419402,-20.657678723834195
C03522,15.954800782318145,4.3975091234717665,4.260221169801789,0.27035785226884285,-56.20052355195959,-46.51229014521522
C03523,30.0,3.5072981892884756,14.851314036391695,1.0,6.76498638475622,3.234166983988305
C03524,7.455821615542595,4.12594390063504,4.123929366664496,0.6065176767258406,-36.400002513052456,-35.20031762252343
C03525,12.253782161879048,1.950420336857953,10.90876578299751,0.6103730027088926,7.085861387183555,13.04943988074367
C03526,1.0,3.1299786124177045,13.375144862589497,0.421927032853029,-31.922887311115367,-27.34404508755187
C03527,2.0032054839900457,4.278984479745272,4.649968455961112,0.7884382189353767,-14.64234350046106,-11.370947854456324
C03528,30.0,5.464690716902856,37.639687078991045,0.6882123953026945,10.213791444970042,15.859570458194018
C03529,30.0,4.418556125343833,14.305482777161735,0.5455867523642924,-16.05597105603688,-11.544076297975192
C03530,12.259462856928877,4.481211988618725,6.117645494005446,0.33528998623387435,6.645649395446105,9.887165414799306
C03531,30.0,0.8980623277017497,19.844625971129318,0.7864130319109439,-11.9874033971638,-18.013650618778094
C03532,26.94288625499654,2.5995278567318985,13.479094027823374,0.5160797004064762,-40.939250705890366,-40.582277102581465
C03533,10.003842460360874,3.8384916682124954,4.100855311516086,0.43262919143627054,3.3465814915279903,8.720690942422998
C03534,10.475463375604871,1.1512661734798988,5.630950665985274,0.457845485526366,-49.953923849938064,-53.367112282345204
C03535,25.379329052955573,3.5984672959338666,10.744167228509324,0.8770084747796398,-34.2786601034368,-37.69863806050089
C03536,17.76812419248737,2.507723697912032,7.384932342697555,0.7258620021936731,-7.068887359921426,-6.73458403280458
C03537,30.0,2.5804550732720384,25.47955268063996,0.570719131738664,7.373496893661764,12.750157853693374
C03538,30.0,3.097490630496534,26.573862308512254,1.0,15.966691244271074,11.891925287135003
C03539,11.216264743626386,3.5293561926188755,6.982764950794032,0.6669988131157494,-0.12779268581301118,-3.719534724215674
C03540,14.328501000406337,4.095982160506769,15.129719622094186,0.31896755598779564,-6.0044224350668625,-15.25118823684485
C03541,16.6923642830074,1.3840640037023215,2.480297904023893,0.5222050698914995,-28.558474237563672,-32.53472431578489
C03542,16.623546635131436,4.417360341438638,5.880759276600816,0.5846109601700851,3.884037210041749,7.819408230074496
C03543,3.6820400677193588,3.9492433054799765,5.526039847636472,0.7262932406882721,8.551503292859874,4.543983276080226
C03544,1.0,2.6261740307440062,14.685022918915216,0.664732805517566,4.2076520760906915,-1.0512544193212525
C03545,7.793026951239228,4.428759416781816,3.8214190228123783,0.4081211482053596,-29.53614546463444,-31.323497272506255
C03546,5.9982011503738315,0.4976072981864825,4.407188745112012,0.7952885770633273,9.54502453285393,7.655956406004827
C03547,1.7679721525441465,3.2475635606788065,5.540769562767971,0.31599155622171404,-7.303437911780552,-3.280494049058712
C03548,8.118833319952138,2.1646464255022195,5.611010880035134,0.6667346287918523,0.7862386046359866,-5.353375562686973
C03549,30.0,1.432507711650365,32.15263217005423,1.0,6.458418255089773,-1.4687992555952487
C03550,30.0,0.7738350285611837,35.93515022223046,0.8538319520375908,0.8081881763062233,6.412072858581868
C03551,28.190775947922624,3.9474064279197862,9.143559652210609,0.3053015291108457,-21.969411347839277,-19.50950081749295
C03552,30.0,3.767151847485216,6.4176218618838465,0.9690417795858806,17.643758008728774,11.627314585320562
C03553,27.712719227434988,4.798024957076892,6.224529580788649,0.531448250448341,-27.129879444317403,-21.401557512463427
C03554,18.347443777607516,3.9978261414306715,15.548481334391763,0.5608132779050365,-2.5171559568525907,-12.434200168217023
C03555,30.0,2.559265687247915,6.063154389693241,0.6577787755534427,13.836766489366157,18.438114582032444
C03556,6.00541058385228,7.0,6.9980968678616575,0.768475906887341,-59.118469871360944,-53.50057238794711
C03557,2.4035446616261655,4.522331377628956,1.0,0.5239411184960184,10.81438448219965,18.408422802609206
C03558,16.99584759769901,1.2741246642930415,6.2520753846168375,0.3021647596161529,-10.340431750815481,-16.308923475535387
C03559,17.688646220094277,2.805733511816184,4.7822973558718544,0.4900407229355844,6.497688563295998,6.337144247072553
C03560,7.95762648619935,3.3401328533781904,6.592837540589692,0.5737501658700119,-42.78931808799912,-50.19802779392979
C03561,14.6564528529504,2.6054529239463875,9.066187723446834,0.47440705334824823,2.9568686954375254,10.05165392331319
C03562,25.58439215413704,6.0803215778141135,9.550316563360852,0.563309075015681,-32.35616402540875,-29.009794664164374
C03563,4.518496775882841,2.5652666098145165,5.412081386242326,0.5136491578398373,0.9906840728979818,1.415962633431135
C03564,8.798944495200232,2.420291394549777,2.7490457039261944,0.3541170477681326,3.3916720032940764,-0.508375104752782
C03565,22.345676082705367,4.111795449642918,10.576983132152204,0.6174011678578076,-13.043651301985744,-14.133363646763371
C03566,6.543922844012222,3.180614816769396,5.127711631066927,0.6416419083524758,-26.844389742061523,-26.688271418685485
C03567,15.496863928943384,2.6668179938619927,8.329108928911674,0.6136092524659271,-27.532913450774615,-21.51966023014725
C03568,22.572039061306306,6.2487405598217025,13.565572655806992,0.17201807212277614,-30.163071432226406,-26.5846650390246
C03569,9.318677987596413,5.304303190030245,6.601537618467819,0.444930811802955,14.136057092635044,12.466130294177596
C03570,30.0,0.8847045249477272,27.383714945354555,0.6869174849555221,-24.76298569816169,-28.698695627948858
C03571,21.51520614507671,5.809536093420614,13.329821262097013,0.5974505980055411,9.680371792301628,11.94700955215886
C03572,30.0,2.7317165366479244,9.067150049310728,0.7925438254579379,0.32410159876196865,4.561600159121377
C03573,16.323323792082086,4.701837755908946,6.820590644148556,0.5071696115009583,6.601557379891037,11.961725502657305
C03574,9.870858255674662,5.973403899927383,3.3888015888547756,0.31067108986336484,-18.400019676482643,-22.72271627750149
C03575,1.0,4.21501233663392,2.4600537180305633,0.4473033018723334,-11.079538238278253,-12.772914994181049
C03576,11.40280826339146,6.422068812237991,4.7695823939687445,0.6690019740929228,12.650620023216053,16.089837756036683
C03577,1.0,4.280266482446327,6.141122982769161,0.7242348010608766,9.266772692018726,6.199567703277907
C03578,30.0,3.9433794372359556,20.851079365017267,0.634394388428151,-2.471479773241181,-1.081261138088875
C03579,30.0,4.514111607930401,4.761575686207475,0.6988357711388843,-14.942965943104308,-14.318138682150039
C03580,30.0,1.1429222180614953,19.132620298208295,0.6798867953722467,7.052348895312072,3.855554079378846
C03581,13.762171695467043,2.693705935537645,5.2637593309334045,0.4771272399764412,12.015836245881712,18.9235701122116
C03582,2.1704432392930215,1.3932112637314544,7.733022789567819,0.8160067232779765,1.6978409214590569,1.5290736816280115
C03583,11.988657644061385,2.732750829957607,10.183171103316742,0.4057980361061712,-66.29436432609933,-69.87899448289699
C03584,4.9252411586401905,3.6745616662670133,6.047867366103357,0.42457567637657884,10.610788855022186,15.321014690346964
C03585,30.0,2.779307700769997,23.06862800535879,0.5840530029926562,-27.66666582974459,-19.49585500146388
C03586,12.17964045320893,2.7843527552652083,2.510533441536914,0.6006989816223038,11.861502067924686,12.253226030819231
C03587,14.458152176168234,0.9652642936328117,7.584131855022205,0.933130579397288,2.2390538069416968,-1.8441328368377317
C03588,1.990963177942886,2.213189091383481,32.31690715394993,0.5869618335286163,7.27513766830857,0.4999144716861652
C03589,12.396619489443655,5.502208084050473,3.813713408350151,0.5083283926777148,8.36913688946949,8.006891670774683
C03590,30.0,2.164589775409536,31.908145080491224,0.41448416306874164,-10.324466716413532,1.965285526105431
C03591,4.474891628232451,2.483170732415353,6.086325941816382,0.6793539725316449,7.744695515142148,10.351474233513729
C03592,30.0,3.3498470153173026,28.61462137463625,0.6385915990613098,-4.066842572334002,-7.522849319283841
C03593,9.012660977502877,3.5567625328163635,6.160923551313682,0.35441097030166036,-0.3150960915446941,-1.3040361878991507
C03594,19.607287072493992,2.7946931650173545,6.541176615141985,0.6417111369167401,-0.34483034183008243,-4.463961616865314
C03595,18.656390383966095,0.9061919252921431,4.822539138694858,0.5648150257593777,10.171674487508902,11.64852208240629
C03596,30.0,3.811286239346093,9.03550475070007,0.578915427331034,4.413504140678534,-3.396109134826
C03597,30.0,5.880924515791651,23.824942929636936,0.556186491445616,4.908199141283581,6.762436574525905
C03598,30.0,5.753640928391076,4.386745425924616,0.5844127995260587,-39.418022469896435,-39.373668779648256
C03599,30.0,1.9237874616809574,37.4570924420053,0.7259301920512846,13.783905125053899,21.6897531817287
C03600,8.939099268758655,3.6034062716310093,3.83661393792542,0.5133819288409884,-30.776504816115402,-28.184517681421397
C03601,1.3514983467042505,6.794717137372759,1.269163597941036,0.8751093716688103,22.232327376435396,27.168480091057617
C03602,15.104933179015813,2.994425081959134,17.094606798498063,0.9616229199693996,27.56213958003636,31.26444253218257
C03603,10.955513573229108,3.3820771095356257,7.035468026684483,0.7258880772582029,-3.438915216176463,-2.3769581046191375
C03604,21.514010867689613,0.759445641327372,4.74388122440725,0.718376356258423,-31.08334318791235,-28.15238627424008
C03605,8.870191367282382,4.562987446874582,8.003372387930709,0.40435248001683377,-5.809811483724756,-4.690030097803283
C03606,10.76392685676378,3.4172517095172017,4.036706523863062,0.6720892664501305,19.093328143782678,13.24998621604525
C03607,23.450554829672463,1.6621462151676907,14.342358075857582,0.4117784979039894,-3.5510824266406544,-0.7689212820021947
C03608,11.028830800051065,4.040140134694485,4.399411575129189,0.6497667484706658,-0.0030293616239500665,-1.0096451064461816
C03609,30.0,4.467174255953023,12.193722509944743,0.5024461284478646,28.945699945494066,37.220617508046836
C03610,30.0,1.959426954605922,25.49729210176947,0.5325272510071647,-34.670059139170434,-38.656735816148135
C03611,10.026018680403416,0.5078960291559391,1.857105373357114,0.4964559690446655,2.3644311659416877,-4.435455828209315
C03612,13.758006345313682,3.2086620633845646,7.3590321631413875,0.5186755041934217,-13.393338092363088,-9.324563571025205
C03613,14.371863472294132,4.038770871133731,8.481219742064546,0.6596586683879846,-12.701896273508932,-24.623788536185664
C03614,10.16402627328408,3.400320327800618,5.527578504025042,0.4337637434191255,4.353614785306901,9.054684419515421
C03615,12.891981954273625,4.737070744148978,10.105383779445123,0.6677291095079227,7.307620559103668,12.141544816839799
C03616,14.527278350716085,0.43152234134898526,1.5488324898705743,0.6020332807545827,-6.590427780851325,-8.25534744363025
C03617,6.621308620677462,1.4780780214086038,3.354911824105306,0.5621625794801186,7.249493688916611,5.932201282652245
C03618,17.777091664043414,3.332517497564534,7.5469759803110925,0.4282171908451197,25.522700475093476,20.22681283815274
C03619,26.901676241832142,0.663868700685323,8.820525242905624,0.6659452968172752,19.708352548122782,15.98562929551423
C03620,3.4681742779275897,1.8632259458485692,2.224856224465074,0.8523991699509339,20.776454306233692,21.875252020635756
C03621,17.363580150275478,2.209390776304558,7.0479325498834715,0.6903210824574875,2.0576395099942077,5.017077886944032
C03622,3.3850809736626353,4.524895463751476,4.584327243939453,0.5058156526522262,1.10958370693473,-0.671383757422237
C03623,30.0,4.959556478052239,13.613605033610554,0.5009255639124807,10.849157411522256,8.600792496131078
C03624,30.0,4.085670806394097,18.035349419241662,0.5033222051182286,-0.3672111701886198,0.6365230086933453
C03625,30.0,5.811779751156465,6.720021056479631,0.3201084745009125,12.091642616664593,15.881117932149703
C03626,1.0,5.099215802226557,3.223465084733614,1.0,14.728311063719481,15.169086520555114
C03627,10.70971987015007,4.185020551567989,5.249546565296509,0.5803072941100045,-12.416468896362616,-10.308810582585297
C03628,30.0,4.139986504536113,45.34423294198085,0.7700365425756625,-8.132319021825683,-9.168149273406323
C03629,6.905683540979024,2.1204167492712873,4.156198525468436,0.6369885841325338,15.531983503244497,6.2281876860771295
C03630,14.947637796807483,0.9077410408191278,5.401956518334791,0.2519205573057329,-19.79845947666394,-15.484217297871087
C03631,8.396456154657784,1.9290270576804933,9.12074268152066,0.8134570830682766,20.18716740573378,8.586356381950331
C03632,30.0,4.262367475660004,10.200484314146427,0.8598515090139841,-42.12935428288515,-47.0718085533995
C03633,5.348262415279729,2.5300702137323845,2.8404281561626155,0.3655554446589825,6.488267403953024,7.339615577661283
C03634,1.0,3.9168059984649677,4.851510380508548,0.3725057311017499,14.5959829461064,11.274826505443395
C03635,12.541059771046076,0.2573500803694242,10.995631308208052,0.5674621338995894,-19.11120083084188,-18.788278060680103
C03636,25.734480783388832,3.788720523468755,5.857781335214612,1.0,1.3307021978851887,8.124207196907868
C03637,30.0,1.7170025440881025,8.242280519273212,0.5695774743524248,-36.425612671841655,-44.396301877678525
C03638,5.21801827704793,1.9070353967500897,3.4058120394819014,0.48908876772464793,-0.9145313346477257,0.15163197460127997
C03639,25.208602350477705,5.499210434626337,18.320008014936448,0.8610713212342951,6.548182188025962,-1.7452741742268945
C03640,11.757103843964792,6.2268270775995385,2.3778380536579027,0.46731224304253105,-43.32859303618764,-44.71704530730707
C03641,22.07311777948992,1.3891844866567375,7.528714426322031,0.4751958463824564,20.500930508544634,16.896991660180596
C03642,30.0,2.6538888337768993,3.8789838042295237,0.7547560793393094,-13.263956943222421,-20.74689550266374
C03643,8.566548051407999,2.8141575588744767,3.457333076467508,0.8026628245318937,16.530985058269263,23.047033783921467
C03644,5.310522293768169,4.1057980671342476,4.4939522388439705,0.24845560948152898,12.6324695549818,14.058620681279386
C03645,10.378936321729185,2.2946256491779216,6.252463953490847,0.7087629952556885,-6.709052260874003,0.12053536081270266
C03646,9.187637782319383,1.7920972792605485,6.569602524202963,0.30186773065245515,-4.479629408587687,-8.526612791977664
C03647,14.519414227434488,3.4396590689571647,4.020119918009626,0.3289296726832348,-82.20212116557181,-76.84179314652496
C03648,20.077501924071512,3.121453524811479,11.578856131380757,0.8224640531432239,4.289436285078469,6.647075107308663
C03649,11.265919104978263,4.301474457011168,1.0,0.5024046203590221,-22.169059784870495,-28.767199620125588
C03650,30.0,1.9763846622039802,27.132145690087363,0.34426597374542434,-21.9763444665265,-27.30576068700264
C03651,1.0,2.692739623922307,3.907558847754172,0.8210879620282048,-10.07552459897812,-15.545710081285327
C03652,10.91050185756401,4.16578182113255,4.618817126823061,0.769226607784651,-6.154261279074387,-4.834883105536876
C03653,15.905463262987357,2.9088146392298673,7.162087278805934,0.7065912972886592,-8.650317709243147,-7.485659419242273
C03654,25.83869325995701,0.4815198263560174,8.881433724979255,0.5690693076870827,16.69758045481401,24.19061142752532
C03655,4.852564711844629,5.437388353050228,12.669600629715504,0.4010782514319235,-35.94051013235488,-40.69205009686297
C03656,30.0,2.873505893866957,5.917028526690473,0.3131491222974699,6.640532736792295,9.023048200643396
C03657,8.753702732321717,2.9002668381939274,5.316520615637021,0.9655900373763215,-0.10895298712548929,0.9714305183786531
C03658,12.771072886676912,6.790872330507165,8.356843638034917,0.6885960062686429,2.9953860643408086,-0.8810160483814333
C03659,21.44001598600511,6.169017792037846,8.429881616561634,0.4571285342601419,1.2058038712191816,4.971544612823467
C03660,1.0,4.424967094175882,5.636243597490649,1.0,11.266641161023161,9.633205595143034
C03661,24.270977626376048,1.370653390395376,32.606827513960226,0.5092391219304627,-40.714283774404215,-40.001422886829715
C03662,8.182588553637228,5.0628219943581705,6.405665586259563,0.7293926945984054,-5.944274137089531,-5.302348594094722
C03663,13.49575865049118,0.3426398041963128,12.029315767433841,0.5791329691812319,0.7351657905676623,-2.360930496833915
C03664,8.985787969452527,3.2039061651828713,1.0,0.5167358064891553,-23.84431839896224,-21.867225131094692
C03665,7.623961930436382,2.303559423524769,3.6715394270182755,0.49424487848542664,-25.313907609396338,-22.448588380720064
C03666,8.806726215319518,1.9475781732726967,3.4368944092599083,0.7089849251830305,13.785094438452266,19.288583683384246
C03667,27.89184108186135,3.347751621814147,9.212502982262588,0.8526153423909768,5.822294892572924,4.142893439757321
C03668,30.0,3.9195402972043194,5.494183297359366,0.5772232624280663,8.965095390370653,7.939268265655153
C03669,9.20110374868179,4.179543405370218,6.255471960570505,0.6145494506204919,-0.8881706998136538,-6.793139178898051
C03670,12.927104902489278,2.8777951159947426,5.7280321117424755,0.862572181109958,8.989641723349976,6.346883492586988
C03671,12.096687896065646,2.6849185951573276,9.113633806546455,0.6424623158776076,-44.4830917651187,-48.35432693805334
C03672,16.84959758717536,4.281192461568888,6.209430493456061,0.6227271696638015,5.7148422238244905,6.945047416261062
C03673,13.35629399126519,4.317510301255061,3.3366953913765585,0.8418789358027164,16.01375984719553,19.70192247252103
C03674,20.331920326714805,3.2068401728485068,3.698230780284899,0.556715196067681,8.678082563123649,13.791589810281566
C03675,26.97683395982212,1.7016190958468704,14.70313973367411,0.573244173512429,-9.948845866338289,-4.139692253208267
C03676,1.911065263112837,0.46395947737762366,1.0,0.5726880001761264,-43.7018279269181,-40.67074449527633
C03677,16.71703051268372,3.989217927915974,2.617375415882433,0.5781821032765743,-47.51827074052504,-47.70536228169841
C03678,30.0,4.459207487090804,30.1810108293828,0.5275128400413938,3.021869056693907,-4.554936536832989
C03679,14.493443297551414,2.695751111018403,6.434649871195841,0.7413626024586071,12.585223518989505,14.858759141868946
C03680,6.883562650612307,3.559756998381642,9.693416252753927,0.21466483101288863,-40.6992164714479,-45.348627564706106
C03681,15.469327867067687,4.980115880906958,4.3427184842327025,0.49753999878160815,13.78569956074339,12.526287491406123
C03682,30.0,6.016406225375092,19.879232620845208,0.2653331235117106,-26.481154512059565,-27.11963297357425
C03683,3.0037210151720313,2.4068575758955224,3.5875590040829155,0.4596635538324956,7.187352854149546,2.6351212766145045
C03684,27.087830466582425,2.8686701926273934,9.133462201062175,0.3148033079322424,2.77290285057649,-1.2363540810076379
C03685,11.464027820660938,3.6813519577688503,8.667036447101015,0.5470575332358675,3.9785251948157683,4.242877143839464
C03686,30.0,1.1775336547550903,1.0,0.4893664626901904,18.911286498494157,17.970869728970303
C03687,9.580796281649842,0.0,3.0095691537662397,0.7142939845063363,11.768340702887137,10.616297427436443
C03688,1.0,0.9981863020516677,16.868280360229257,0.7456230649990896,3.4803409215180308,-0.2073722816804886
C03689,9.656510996125204,2.5873063125012052,6.916263013903347,0.8953247464816285,2.204556023928794,7.0548131267608785
C03690,30.0,1.9139616859953577,11.341658752401964,0.4034365842000516,-43.41028913672851,-51.241172097001694
C03691,11.760293803074145,1.776717222934098,9.20717210878825,0.7056426469715102,8.285628697080147,18.433729414943276
C03692,9.716025340655507,3.076560461535129,6.5747840664000226,0.5257858844865976,1.4497134227002633,1.3983111994553485
C03693,7.457801652311312,2.977891299491914,7.073183721604489,0.689880570007267,-6.6081114271231005,-9.975142853277255
C03694,7.855188182945183,1.8658424926333712,3.033050208433523,0.5973794091701435,-32.01222403707823,-39.80461600659078
C03695,1.0,0.5783286219833794,3.5819565041815884,0.5942886020302321,0.9544413813399757,-4.949308405480434
C03696,13.302330211475542,3.6120381132197066,2.9878820755982756,0.6322971404785146,-1.1035642639376029,-0.1771112593579548
C03697,30.0,4.58084121709162,22.403397039568098,0.33772475360640186,0.6344335565213308,-1.602271841218199
C03698,11.828408475610646,2.0722021550337795,11.832723956973906,0.770036934672621,-1.544704361074622,-8.303519712838781
C03699,30.0,2.423016080519106,37.55263504950647,0.22233690469589362,12.380677054042977,5.899748121983597
C03700,14.283176559306508,4.218982934152919,2.2204970445209042,0.7094422719859439,14.480666567684025,11.15656140227677
C03701,19.331906288120887,4.572612410954072,14.046039152346882,0.22160784371624595,-34.55146580462613,-36.86841150489372
C03702,16.248573645097288,2.3130886332721308,5.364808027054013,0.7243903628298568,7.301481025133749,10.991820762348862
C03703,17.916249489120137,2.8443743955357386,4.516528924152194,0.7747370471250505,-7.65559186911406,-10.461894189472156
C03704,10.59379289294766,5.212628685935098,19.725627982108396,0.4845649364494011,10.156725476411314,22.732959534196088
C03705,4.423806836993571,4.315546342480412,8.397826512103462,0.13595115683328357,-39.165157323571776,-38.148590269974115
C03706,1.0,1.290142919936637,6.816084625644039,0.6092515326910065,-22.734782622334258,-19.3957013285122
C03707,6.456701837074915,0.42545658110534035,8.446486237631069,0.22077896262605656,-64.6142386620545,-58.80838412636431
C03708,16.12648043239546,2.584123984700165,10.058764411983727,0.6935705720469437,-48.710744252395784,-55.73957338661898
C03709,3.687507752132234,1.5511314406634842,4.619673992365002,0.39306815942367573,-12.735624195368608,-15.783773967248013
C03710,5.808058036309273,3.7016081219666956,7.504153394976374,0.40459010004223894,-4.502848507332212,-5.852051654193211
C03711,13.697789165753658,4.070277607979476,7.604940085929876,0.5123611840107285,2.476184228990696,8.190727731995244
C03712,11.318241209199863,3.3841916088853403,5.160136121580728,0.26166667405497296,-26.1116014908672,-26.346310836552185
C03713,6.199555673528688,1.7913898912721822,5.890878863848589,0.6256537080009039,6.6270036764199025,7.096115272248791
C03714,30.0,1.094262594884111,10.523078262176686,0.31158132190948434,-0.9749907614211759,3.4132708938997203
C03715,16.32088255362372,3.9916544845880675,24.042757002770678,0.5528525058595997,-39.09306795866305,-34.79621147999313
C03716,12.502379496852543,4.24341348348234,8.282692135116678,0.34317640742868727,-19.874228316669885,-12.1290383159644
C03717,30.0,4.661045672339309,22.461943151159236,1.0,-0.28733477881806735,-7.667282875815229
C03718,10.477369719566845,2.5646863274620113,7.695774643576365,0.675106653224793,2.869352934096792,-0.07844936979185002
C03719,23.006989334619824,2.862966436292106,12.242468676049304,0.5719873889142785,-21.588468074301687,-23.570060602458398
C03720,15.985481242599757,4.217034523050487,2.5207451904458487,0.6235177070166004,11.2221512674575,7.117994522693479
C03721,13.546804734432984,3.0176027305932696,4.708092736674531,0.18045802399292446,-41.76336321608786,-39.733652168610426
C03722,15.467996511929616,2.1412152312163033,4.910238061615582,0.6628105288129779,-6.873279383592214,-3.5086399009936375
C03723,4.91147743578291,1.7413470997143428,3.9040142476322472,0.10751995395555376,-28.03924074069546,-37.01891844357546
C03724,8.557501352093654,4.077555490528671,4.058726914052193,1.0,-1.3177103622960935,1.8870302116462856
C03725,5.268559424964888,2.5622082404762097,6.326161192147529,0.13844799315853581,-32.88757867542834,-36.331156164788226
C03726,3.4646970153149823,2.1835285810088414,6.72480695281164,0.3539827643633511,1.6887685746619505,1.8076680722765177
C03727,14.518068504561224,3.675207417076693,6.266336690886453,0.7150471782026816,6.77126342929554,2.207565450198917
C03728,1.0,1.9314629575988556,5.333907001772465,0.7501791458709655,-9.05000695874495,-5.101096632732727
C03729,14.160675068193003,2.1331187220002796,8.462604089381841,0.8388839893028959,-0.604445110089765,-5.160243140668279
C03730,14.512941502209781,3.060094084273698,8.530679691631565,0.90519217669048,11.32101573204621,11.087347642054032
C03731,8.938610943382054,2.300321412422465,5.505882097198072,0.37334429291241816,10.305113969806552,13.216450631444726
C03732,4.280669317203785,5.1219896789396735,6.408875961651683,0.2668226591545505,5.17691421434572,6.7272582416796585
C03733,12.628056921417473,3.8000998911024646,16.537914749774796,0.5728889161608863,-0.053705568153940675,-4.2316676718041375
C03734,19.32610097349738,3.190304154933708,5.784913812856651,0.44413843667492303,18.005780130631727,17.5640633917341
C03735,17.383991519888426,5.10673606012345,12.746867837070834,0.42606772795624825,-53.734234307438655,-54.1248705640365
C03736,5.582656028341628,3.11953244493144,1.8397232612471792,0.5418463455884943,21.543167954432114,24.826646105755305
C03737,11.177519465339799,4.6228654886530425,1.4813929533944408,0.9026306934708567,8.802084671065831,7.745541764086138
C03738,10.378265835614005,1.5081149811833834,3.6674764923080914,0.7462860850333889,-1.4159644119853887,-2.7438455673851663
C03739,19.62459571457967,2.0519665373331746,6.087101417110348,0.4077193543146382,-38.675823166972464,-40.0892394710629
C03740,17.267605485667726,1.5628876840296704,7.891740857105285,0.471536174709483,1.586396359155997,-5.49917095617161
C03741,12.434852645849833,3.7565742336067687,1.0,0.3126844001639139,-47.68856087896404,-43.1878306006737
C03742,20.00179049638224,0.6826032132791928,23.119529046510895,1.0,14.753583989664888,20.599798872494773
C03743,6.406707604847465,3.476422419142849,8.398315143276218,0.44348253205746113,-28.983262488801827,-21.242817443475822
C03744,30.0,2.259186654010425,36.813419549546225,0.6501242673662647,-7.985035229695118,-5.816195356103992
C03745,2.58778192388427,3.195791237625867,2.061065520553162,0.7383464020535961,-29.569832613390243,-35.620293671699095
C03746,10.237032088896688,2.9706570865185573,4.949317875577807,0.546152462160878,-29.25863064597248,-39.00392416882893
C03747,22.516841727064506,3.8327181151936838,8.41868959436398,0.7712074274391365,3.2911808302810535,4.826520378605798
C03748,10.636862278817208,6.354155075137773,4.500820415366966,0.5909559561341718,9.012667327663085,5.510038931406291
C03749,3.888823886448229,6.028808223361901,11.85529590498826,0.884600629494766,10.881372010649645,9.049301134952065
C03750,5.1723306945186,4.225225755321438,4.503629869128914,0.9004436227006981,25.882522969678448,24.882231542239424
C03751,16.053823476333164,2.48540237411596,15.478641738382933,0.4673291318022454,22.06474272511001,23.47751466998383
C03752,4.165265804397972,3.282914331046789,2.1363769436993834,0.5715500690135253,18.04801024668245,15.495550883495582
C03753,1.0,2.4037025890995976,12.914747163085348,0.6274077228461474,-35.10803994013526,-31.4571703732223
C03754,29.580164413133435,1.896209409808352,14.019506185920337,0.7688190554277733,-5.85688616966279,-9.522461835219914
C03755,30.0,0.07062031118165057,8.887609603878595,0.654629831930923,9.601556255105457,8.250704959838695
C03756,15.721672399385216,2.658184175931826,5.489067357821576,0.7365113100217183,-12.80080250161297,-9.355415293591793
C03757,30.0,3.413932567821065,48.07783887431629,0.8334180567119505,-56.85761517823569,-58.52854365033097
C03758,30.0,3.9172339312143265,25.311324754191045,0.2871006423201895,9.910827033475888,16.8026336975258
C03759,30.0,3.169210369289035,32.982889077697656,0.4588839120913093,-5.385974655787649,-9.065274950216129
C03760,30.0,1.958620922283192,13.905750877934183,0.31330428114457154,7.986362427804631,13.16839335653535
C03761,5.890629937634896,2.2525505122360467,2.822717904055794,0.9002930988877378,13.463667963301194,7.256135812480196
C03762,17.547918856932696,4.385265703510074,10.011447197303585,0.5914159601219915,4.247207964079163,1.8999039970453016
C03763,30.0,0.435559671080354,22.57633720059411,0.5208916398675597,5.797475190748959,9.697833409891228
C03764,30.0,2.235851387811265,23.157551492404643,0.4757682198349325,-23.402003845939547,-14.754800475411612
C03765,17.970087043166323,3.0350333220979113,6.288267143040677,0.2555689769684514,-28.544353539281282,-25.965795558817344
C03766,6.689801378498074,2.3846275009404216,5.315408128399093,0.604520144452954,-28.091127778603905,-24.27584532437847
C03767,30.0,0.7226651926808731,21.58701622324388,0.8882633839523157,11.828979405992612,14.536734435092319
C03768,11.238581233805402,4.402451217038288,6.323769680933012,0.810834213276992,2.1037869968683784,1.1767851097220765
C03769,10.462947235753964,4.746211664613458,2.4166894827713388,0.5198138864651534,11.9743523018584,0.19685615473671092
C03770,24.292477661679754,1.5191636488666402,40.14026247105997,0.37569101174044395,12.231153527293538,8.210339494048235
C03771,21.121226687002874,0.0,11.469169002751382,0.6265401928008123,-14.972299391166041,-18.023702941525055
C03772,30.0,5.999742505926501,30.898220789769418,0.3995036519622297,22.296628873432073,17.537402392571966
C03773,8.617891721550311,2.3764872196611475,4.289513702552455,0.4174176117711147,-31.569933583359614,-39.136683437694856
C03774,2.1282203065007135,1.5410126716340473,3.9156919889738573,0.4538930229170006,5.41825095052473,13.648275130054598
C03775,17.671205834214852,2.832879077023449,5.1229276660189145,0.7325513015707749,19.36559345789268,16.162823033870595
C03776,30.0,3.4809993841334497,13.027284672888126,0.2566435077495719,-52.90067712225057,-59.694022270897264
C03777,12.278862430146884,2.05670365161495,1.7747846667087783,1.0,-2.9363820740294706,11.518008212495388
C03778,30.0,3.195285058054313,27.146308834468982,0.437939211921052,23.54060737562898,28.576117854019635
C03779,30.0,2.8208678764486934,19.870560194435374,0.4075223488331362,13.136333869851242,8.445308144978442
C03780,17.043318379789195,1.9685566866327215,5.440608438040336,1.0,9.557437992127507,5.356841447634649
C03781,6.404420470646507,0.5502738480676381,3.1642798042329794,0.533182032308526,3.522646394803445,-3.0661235556195052
C03782,18.43076321548764,4.997875973458189,7.491587487193338,0.6367089646267257,16.742346531975905,9.38834495345747
C03783,4.658057700294798,3.8469473237455674,2.9715762558224585,0.9536911432962206,-4.945389297784747,-8.83840144521211
C03784,8.049426775002697,1.847848422601788,1.0,0.44222425058131615,-9.30568951539666,-6.76325408624698
C03785,7.614630643180434,3.608632537096559,4.322170444969899,0.33469923629009446,-3.8323513712389907,3.044662089852274
C03786,16.08779148396033,1.6960761241107318,3.2024451390793978,0.46285296446766,5.459834163665686,11.386129430879073
C03787,22.342455908755127,2.942570715594622,22.459055428803776,0.38574399759357925,-6.511567542225345,-0.2636024193317956
C03788,15.317666450534126,3.890262658907009,3.3406344562163564,1.0,27.40938371120077,26.785197153964557
C03789,18.155290156607155,3.695971280097463,10.954550724470959,0.7365944710323316,-3.0521819011979474,-0.011761178129174432
C03790,21.383167038548503,2.3903489683549086,4.567118164837572,0.6410399833693676,14.22314241597859,16.114745589754747
C03791,30.0,4.224498427019674,10.015524662667294,0.6959784340800256,-1.9109446717360363,-1.716284349581686
C03792,30.0,3.0158441530379894,21.893660535096373,0.47665481046183167,4.960965469717355,10.901404420933122
C03793,30.0,2.2094690234999943,6.146332007358533,0.6509184990396664,5.938508578684411,9.42626638561279
C03794,30.0,5.513029760492795,13.277787991432103,0.6113977556880881,-5.655871921574242,-4.6423331657138585
C03795,23.09754098340303,1.3138817969446692,7.692977384285367,0.7515054993929129,5.222242986564493,1.3533080880267656
C03796,30.0,3.5997043504393567,4.875068030921371,0.44894500343678123,-10.107016708294665,-3.5444436606988177
C03797,21.22944912113947,5.12517877445063,6.940258170594371,0.3711057974486998,5.823088453933984,-0.5382797519008191
C03798,30.0,0.44697673036135743,36.57864348237859,0.2098952751424193,-34.0847440856414,-41.221672429968656
C03799,18.678620810414476,5.455004475504179,5.2676306567192235,1.0,-47.07272747328825,-58.42491134571114
C03800,11.607336081649088,5.534566481292514,5.461916280200853,0.6221711480896196,-36.581052715806145,-36.97704966752888
C03801,25.279140442702023,2.297105249292688,6.609622556407686,0.3458453270585866,-18.41592373518122,-16.519177549269486
C03802,16.100283564952136,3.434085708554169,4.594691349548201,0.45294669690861944,7.00438229135667,0.7599467241047853
C03803,16.979950946170952,1.8954157085603907,18.23145053348968,0.4311724338094415,10.659330754967536,10.54825166381328
C03804,28.843477493456117,1.7623536799103239,35.914711379572275,0.9861863318002844,5.722010385964231,11.22577962223097
C03805,30.0,1.3021815143292763,14.487195589613373,0.6502987311106985,18.74894174756983,21.844942662792732
C03806,7.809596199149871,5.541479336124774,4.282845241725213,0.5618252984519406,16.087880625212254,13.310322297460772
C03807,17.85173152255771,2.651516591523616,1.0,0.8585030205633738,9.174232757130465,13.223142131364533
C03808,1.0,0.9212711563929856,12.794924578849535,0.008704225457674686,0.42732892175878767,5.599137484006648
C03809,15.538078121754086,4.557856059967838,5.740088890112478,0.5399721318059187,-30.858651048679747,-25.41715049952378
C03810,23.614383450433152,4.009979477443533,11.849493492716947,0.33320398002341045,-26.213011062258538,-22.844786332714044
C03811,14.30601182652028,3.5637415389995812,9.92033253055739,0.39026882732397455,-35.52086715194517,-43.08934027502662
C03812,30.0,2.012495261472535,8.377944555690723,0.7079047431887209,4.96488220560551,12.784008506970975
C03813,11.700608953847675,2.3949678236493064,4.51130262880196,0.2810494251086886,-2.1404881075682347,-0.885679987211341
C03814,14.556639631072173,6.108901435585841,9.024739974337663,0.6273938966891386,-43.042508820509624,-45.35619379772446
C03815,11.882057050074978,3.577772900028263,2.6973559100646693,0.49095430661418205,13.49728888622466,18.389129387011586
C03816,3.5445989545745062,2.2069341587705984,6.698378480179255,0.29895125466410744,17.277955280645475,16.053808808272805
C03817,26.515246428447796,4.115175478089501,10.214935342310781,0.47582921423875324,1.4000190422902268,-12.699567728345647
C03818,30.0,4.265570521542116,14.957644004711433,0.8384250838168301,0.6273087659121064,6.227095196927726
C03819,19.832928955979742,5.719896764919234,3.6061255830094536,0.7151747746451214,-1.3684978073449106,-4.148029029868443
C03820,10.626334904408125,3.0983504182946247,6.929304751022983,0.5054602185166244,24.07397374667016,23.209482932294456
C03821,5.010026811525105,4.098716707409763,3.8771916073938275,0.6582591932081194,13.203453178338496,13.230524927021715
C03822,6.857171575778697,3.7971121009691684,4.090694090876065,0.8511939209612146,-28.000388034756774,-29.522239922977445
C03823,30.0,1.9284278233079077,14.102362226498393,0.784055227297328,-1.0099039313326532,-0.07626998374789651
C03824,10.063394121457664,0.9512316669149157,7.24588207793802,0.5347628073529125,-5.184970210113807,-0.8360299261698687
C03825,30.0,3.9322386618690337,16.06327005746595,0.1772812285843316,-13.35209942541811,-10.790436962626469
C03826,27.033976905766956,4.038642983231223,9.842156790496793,0.7398143474428465,2.3868047748578376,-2.772320875910783
C03827,4.929741734390295,0.0,4.477544382372515,0.5168771191784611,9.581640569317042,2.771955266073615
C03828,30.0,3.794883629398337,38.67087030516511,0.1497301702947266,-8.710206697114906,-10.65334505467923
C03829,17.277181849879682,2.8814598942018432,31.77579163855498,0.7021168208621821,-5.1123324530087615,-9.071083774972646
C03830,30.0,3.6534495250306778,27.485275742912464,0.6949761474937697,-1.2913153903170462,-5.3082032380653095
C03831,22.934328279791572,2.2780531377503066,1.800914926380182,0.34624885167072467,-72.69291347453242,-76.86360492027983
C03832,12.16767938297615,5.181648594464866,4.350974570047553,0.8813027653910868,2.927053168967169,9.532704223314475
C03833,7.504769318554859,4.545001759283338,4.124022900361426,0.6858031656847157,3.4135850408772273,5.954838543083549
C03834,21.30561139223761,0.9162395258813625,8.939473631960288,0.6097476699071236,-37.99113542815065,-39.599436888712674
C03835,17.268083260987574,1.5306415978096357,3.395200654149713,0.272342531775318,-25.67164116211776,-25.10544900828331
C03836,30.0,3.090433326502363,8.418622718952127,0.5678608790644615,-52.66779593690629,-50.592367677572234
C03837,30.0,2.0717482557224725,15.906374870812165,0.4259392722924008,-70.62622711775737,-74.1424873531293
C03838,6.255722834659014,4.622133690751997,6.872840312821862,1.0,4.370912417401234,4.757076294976275
C03839,24.13640758379922,1.481522865834316,11.82551039447257,0.5206852557670884,16.297670808590453,4.974094811309657
C03840,12.869294225662133,4.6090957740567955,5.680038067834218,0.5934358139619282,-11.242859722129843,-11.001118570479502
C03841,1.4663449877179104,0.0,2.960742262250721,0.29357899159983203,-7.990258094940923,-4.827304595013666
C03842,30.0,2.3928394736210876,30.284018675840272,0.7993351538789769,-60.75971049804377,-57.93839465393085
C03843,13.3592047305827,5.082687739053198,6.1190644626879305,0.4118443335181358,-40.95965360458569,-40.53418091667629
C03844,19.66612588739837,2.914008345318203,10.031116172889938,0.3779028186705504,-8.728726551017349,-15.086650592004316
C03845,7.152349369127618,3.0416583765011596,2.4513792760973727,0.6988803003197972,-5.68543511768647,-3.9797880481321948
C03846,24.891784257173022,4.166834060638429,15.751697543034126,0.6340541695198461,-15.122467637855227,-10.192383582310313
C03847,16.629234622392072,3.7914260155364716,4.714168697904223,0.5006355887729985,4.16386349114007,8.921413836557686
C03848,23.075933040783198,2.831721125310259,11.65558766246775,0.31437302783717697,-13.911773300037336,-14.139203182006115
C03849,1.0,4.977479569828626,13.24871504864512,0.48691762601221383,-12.192526837968131,-10.807785983129396
C03850,30.0,3.1938306910589893,10.01659084266002,0.4049552562877066,-50.862128798897714,-52.066101681279335
C03851,4.117837968706156,3.813711294028346,8.044798972890412,0.5453043351161185,4.407909019006382,7.470299503839607
C03852,9.211554453684867,4.417600534057597,4.893233391761699,0.7643457464077872,10.782698266142805,8.519611188468254
C03853,23.53809780194784,0.0,9.413690755913597,0.6886403061330503,4.075551581594354,1.4678498113723055
C03854,11.83640703522692,1.9209195653618238,7.917692570361589,0.5082332000721639,-27.802697564395398,-28.245571439142868
C03855,7.214225369656316,2.1154514734616097,2.5579082347602076,0.3462180516959369,10.893806815196399,10.37797693565791
C03856,28.292450573172893,3.988185690978701,8.681605524169532,0.17417188741831713,5.207782948354188,-2.0906544581876805
C03857,20.719417024894703,5.614918696811847,13.26376693207628,0.5063238139174858,-53.47469497965642,-54.12406343136065
C03858,2.7194194692481934,0.20106382249348886,7.513972988333451,0.1870672440914728,9.407844635559014,3.395561649579455
C03859,5.3852779191195586,2.3759293835928132,2.35605529393918,0.402648045728381,-8.81014178086097,-9.095080338719312
C03860,17.782388447803072,4.641353964461548,5.646828228405727,0.6602256004497307,9.95322409937201,21.826777948581274
C03861,10.570382157258557,0.3902568390939236,4.564640965138544,0.6585363048939132,13.775358097626299,17.29058278642121
C03862,15.297439934390763,3.5749920878939623,12.454859218054208,0.6109955852966723,0.06066615684763921,-5.231915677238722
C03863,1.1143220830939633,3.6833469175432327,4.701824786132136,0.6809538240366869,-6.564500573598872,-6.243915394094817
C03864,13.644476596366875,3.8062871774216345,10.032709031672391,0.5977177945861714,-25.046675255366072,-22.403294005983106
C03865,27.251026746338667,1.3136725631462796,9.309024241006105,0.3716448283316878,5.108414685658042,-0.8772141125952109
C03866,21.292377620985096,2.939328298147197,10.551581498641738,0.46492308661363335,3.2778468850484175,5.184027356445234
C03867,29.885291448497686,1.197121152227108,11.376829096170983,0.6698251273810566,6.839929492291972,6.567391310621243
C03868,14.233511055036109,4.66094357718517,6.119493154796375,0.6390596702342892,0.36201663903462666,-0.11942262467676368
C03869,1.6503670335056029,1.4036254759774682,8.197663855196252,0.49907334359124045,-10.54891634999011,-13.882804325626356
C03870,6.98999777577189,3.0562499374805188,5.72391150725581,0.7773505499150218,-0.6111942703868332,-0.6622744615642386
C03871,13.748131947184394,6.136279479906681,6.324923553980292,0.933478879786764,5.222869420080374,11.69307458036449
C03872,30.0,4.691525550402386,32.70746757694779,0.5351222477077525,5.2603112380010835,3.192864052515948
C03873,25.53194458171505,0.34748725109779377,13.215793927989187,0.8616996921723457,-12.576882870216199,-7.76989741962255
C03874,15.281620661375262,2.5443011341954174,5.679570299868036,0.4226708743627217,-57.9815298796635,-57.97349287675509
C03875,16.66406570075352,3.0987707702962144,8.292437564599977,0.2189308789080146,21.49917223698763,22.847053630585894
C03876,1.5814503625287575,2.7150628463902162,1.1696458752397239,0.6368133736325282,5.4681094378820445,12.571245692591582
C03877,8.19400220302459,3.5824692627612666,4.825913553454354,0.8046351452905688,13.725036414568269,13.274398661821351
C03878,13.531403206877272,3.9234884548117197,5.639613315754573,0.4290056816056592,10.787233820126463,11.110255997160083
C03879,14.201413050575447,5.750129463262166,3.7688685936443727,0.8520094793975658,-1.4339423917775171,1.7646061891196583
C03880,18.993190653840053,2.2991929142542107,7.8551472099372095,0.4834896167625969,-26.925684193831398,-31.69170979914744
C03881,17.725446478582295,4.1149521685035415,1.0,0.7754014869696113,9.010986041125642,13.845345908818512
C03882,30.0,2.7272797657818795,8.504306044186295,0.7598922991055828,-0.4413962292668385,-2.0172869397804742
C03883,15.813512387954846,5.352558990141771,3.082670852830266,0.5117001252825777,-62.08496928734475,-64.17691485077158
C03884,29.085322723872338,3.5868384199728904,8.348063444625918,1.0,1.9482492554975122,-4.553794519841979
C03885,20.208085515166204,3.0610281520548335,3.390740642002875,0.8372696522379572,13.293663167467034,8.12255534218988
C03886,30.0,2.6078311217491694,11.210104472430725,0.25967413931729805,8.829667158284149,10.665225467356201
C03887,24.381536756966412,1.6947053505316831,19.162141673276228,0.17553181185968314,9.779947350290339,15.229789603718288
C03888,17.54769726290416,4.29990829671166,7.682909168101274,0.7688607173194273,-1.1132244659485968,-5.085923110188452
C03889,11.434019628113015,1.768835227985585,2.2334140989828803,0.20952268960863277,15.822714249031137,18.761981508051022
C03890,11.492025095569453,0.20064687824591187,5.944313494353645,0.6566230383542652,28.355650146593593,27.283665003438724
C03891,9.2084103349794,1.5589361179595471,3.976995107326601,0.7292501085793556,-36.9396943015571,-43.82467101917082
C03892,3.4012544438446675,3.229433637013131,6.767757412230276,0.6010890224044549,-48.3643460951355,-50.654665677389545
C03893,30.0,1.1674497482943467,13.123125342835843,0.5603923974548107,5.040076958274042,8.343828923900976
C03894,9.843172003397727,1.7923916070283137,7.796645644456567,0.9115650416705361,-3.0384555604322703,-8.153948241511454
C03895,11.07177679289447,0.16384483131021366,8.229292795459852,0.5311198623042434,-5.594542502596003,-12.10822708925036
C03896,12.904060100857489,1.7589667302079204,7.0628821984421455,0.6003180627914484,-3.605704823912907,-6.874301454095088
C03897,14.921244025369134,5.56777058672041,9.37814156452129,0.49583055459335423,-2.299541663626833,-5.806892151376637
C03898,30.0,2.0502817649210523,23.247471417885453,0.6603391668486199,-48.093310125465855,-39.442724312513015
C03899,30.0,2.8376330666875655,11.826076695743586,0.30730304583767754,-50.87061370623796,-50.0316699561713
C03900,9.818545073074729,6.362370754855727,5.775188489187402,0.6306363188834019,4.910514911697213,10.836997955281289
C03901,1.0,3.4967994459891987,5.920666950135796,0.7910679136151084,9.129828760423674,8.739277881148073
C03902,22.251928244601693,3.4377061245597966,2.956756113461612,0.9099973300010353,-0.5277555365469091,0.9411041433663558
C03903,5.702093382061262,1.568172556756294,7.264797373621043,0.7198637177520087,17.014627326982573,21.465521672652805
C03904,17.152605083332844,3.3400058231670564,8.873508831964214,0.06865158973940018,-24.988332356886076,-31.697496944469705
C03905,30.0,5.597907315706099,14.45446751830416,0.6920821929933564,17.974579271204682,12.937384425710908
C03906,13.659968540161602,1.187331513995918,10.814685373567096,0.47945326226401874,9.47941301985273,12.154248026683081
C03907,9.240079805663074,2.721416258608856,2.1478247644508945,0.7177504514068875,-4.557200658681531,-4.11773097603913
C03908,25.619490366045785,1.2388864134021746,7.264599023255803,0.37633869414543253,8.657154587343417,11.310291686476656
C03909,30.0,5.424700505549995,16.260687577531947,0.45086861181697147,4.696048715929119,0.5092333555097257
C03910,22.300794798263475,1.2301971947441828,6.540396107249341,0.45774387608055905,-55.367208036643746,-56.03613428105398
C03911,8.06982952470251,1.944429774746339,2.923756315731754,0.6079733663458766,-5.676364481155602,1.2778177074559434
C03912,30.0,1.2608134408360705,22.697059850314375,0.7981538972548142,13.21232718322686,10.275683908872624
C03913,30.0,0.926285770780944,33.455650837035236,0.7299034079135887,17.081000947085155,21.418543564781608
C03914,30.0,3.1382389264096493,14.607761289821417,0.3575180613096065,-5.4335845646614,-3.5153093044761023
C03915,4.068445206596846,2.4749821209259135,3.6426370194850675,0.9647145534739084,6.094078967149021,2.1326441991190026
C03916,13.683931521925096,3.526457946853442,5.875733620745182,0.6447442456677819,-9.761304010015674,-3.9032385697202194
C03917,20.842683930748734,3.931937871047582,13.442469998120869,0.40552544883793373,13.387015653263363,19.60986563892778
C03918,9.205087706480652,0.47770111235734314,4.2335932660658715,0.07269742987696184,-35.66078522523034,-42.3516062514472
C03919,14.645614710440086,3.452815909013615,11.574381303948895,0.7844716007395882,-16.420759239542875,-12.554885575075959
C03920,18.265358151243344,1.630901312971632,8.30117901473117,0.39946501873564244,-20.029845619896008,-22.025842481687107
C03921,30.0,3.2158491308287167,39.89804091027669,0.38779260227382195,-38.598969826699154,-39.25994826164043
C03922,30.0,3.500614446737228,23.300181048870698,0.6819321063856539,-53.78984473250559,-64.08039380080842
C03923,10.293802216519508,2.611654085954185,7.2305629796628015,0.2718548152647929,-41.74455351933569,-43.589104345042564
C03924,14.693638276927002,4.9749193791417925,6.80725184768351,0.5615377853763794,-3.415691362678972,-7.771814242635973
C03925,12.3380453923473,0.8507227991098851,4.315464544957354,0.49439317611224143,21.793432943012036,21.22716982293027
C03926,24.95184895460307,1.3111137185763524,18.08825736765168,0.5390583485304561,13.627647229734361,8.5663105753189
C03927,8.391890470947086,3.365924461097144,4.104014237711501,0.609905358341619,-24.158162800436926,-28.779824684188668
C03928,18.773171396794346,6.167843585716485,8.693003721995137,0.7214703363515533,27.86885393974504,23.180138434107583
C03929,18.597186636337586,1.5879335040129916,15.583639007595824,0.7653063502306783,1.3406288336633359,7.052904432295254
C03930,30.0,2.9021003399029053,34.96037728552004,0.7691559560031361,-30.326694796535612,-31.206503636719056
C03931,7.340940781896498,4.7864027876091395,5.795238685411052,0.3940395267668868,-30.940449654519238,-28.698086068291996
C03932,29.188006974006935,4.374169291790038,7.876353999481472,0.6219268497485442,-11.48003290732429,-9.950569573279779
C03933,25.714833737183508,3.9225013772507973,16.576790184811315,0.4459409175982265,-37.33261970495912,-40.89959784904541
C03934,17.229197304396056,1.9208636992989478,4.1702806833454895,0.5394166245148813,-8.85835339191076,-7.052131699200361
C03935,16.33573231648986,2.961874690027408,4.302898584121747,0.6633387826813617,-3.4859393712634947,-3.173646640881339
C03936,9.72070066388406,3.04445473876162,3.8500248032727757,0.3614952666642822,-0.37002483783212625,-4.285215823185068
C03937,30.0,4.564735485663681,15.053372184863836,0.5462091320930874,-34.51398188208096,-35.294388080508135
C03938,18.16008948493659,2.8005182373259454,5.999560947953958,0.6557684171872957,0.17787697918181156,8.92867547194442
C03939,1.0,5.033975907411355,9.829997816988763,0.5439567693034304,-50.04503551254763,-56.38717681840606
C03940,9.258794543934654,2.9180486174272042,13.268496433043662,0.5478782686525013,11.612494319977086,9.146066329434628
C03941,30.0,3.2091070707880216,37.77056519113847,0.08234474965603822,-32.22331520069132,-29.922191885430852
C03942,8.492532248524752,2.80786087026471,4.67014265461524,0.6110349705919882,2.0518632417636073,-5.304907242929194
C03943,27.181971260737484,2.7338531119997023,9.309055054415685,0.6847001350942469,-4.961735493766275,-6.393956372522497
C03944,13.300770421324009,2.8933636883733795,2.223210926745093,0.9889900882541852,19.53111508798007,24.870463521006275
C03945,2.508493819404036,3.051569543138033,7.79947377096528,0.7614929658307347,3.5310366883983813,1.0798472582094747
C03946,15.882662755459096,0.5680154958011183,6.926995530253619,1.0,-41.414190523447786,-36.411954492729905
C03947,30.0,2.580231525594246,7.783630360444077,0.6900595742759014,0.2809648836804204,-4.6357673010314455
C03948,6.423472788916255,5.533121756382233,13.855433178266958,0.6008564071173114,1.3628640471283084,8.16090840955889
C03949,8.128147173868522,0.27982279121411757,1.0,0.5463977158289256,0.27851901531899337,11.164154078560912
C03950,8.403141447797916,2.6327219434306324,4.0416458398421895,0.4337702263240868,-55.39155145389853,-64.44583763249452
C03951,30.0,2.1580801798387403,10.211020890356526,0.7744502627280334,16.893316971524563,24.128396072290354
C03952,30.0,3.4901240314999216,11.20871257826771,0.8442932474877152,-0.13010588615252416,-1.0724048216552928
C03953,15.688803881645732,3.76528121295403,13.681644852045551,0.6828035275720228,1.0859614632413273,-0.8783946351320968
C03954,30.0,3.2188084487418807,16.41007356411742,0.7312085990980441,17.29812818045388,12.283439717375046
C03955,30.0,0.0,30.639260503547725,0.4800102526714085,-27.175792453963304,-32.795817768780246
C03956,8.959102402976999,0.0,6.604233310921494,0.6137459546814219,10.703521426340574,14.288520721594644
C03957,11.139243597483256,0.0,4.528753126754886,0.6695855752662334,8.479982246164646,6.372011360667821
C03958,29.594940161521517,2.7962496486503867,8.150754838743488,0.6725604285569947,24.27307156404676,14.421939280358933
C03959,27.325778590957544,0.5346284622589366,5.105146732606497,0.7023096045784123,7.478619774192578,11.782325977561413
C03960,11.456296547520822,0.0,3.8108590404947584,0.3404393938370397,-50.09889984490222,-49.1396571779748
C03961,6.901555328812991,1.620399102179757,1.9886129447103862,0.8937666215507669,0.3399591513602287,-2.308980888317636
C03962,13.010868199968751,1.9759412244447832,4.58608211699744,1.0,12.012762946758873,17.744678949831364
C03963,30.0,2.8767990709354634,25.978149752157144,0.642137703996932,-1.209940904309729,1.879807888287489
C03964,27.543062086332867,3.0109495183959694,8.807207949587124,0.5742560915739789,-47.481799129823614,-44.99274779662389
C03965,3.136265069398579,3.090901835317605,4.1249504882454895,0.6635551445774946,-36.682909038616586,-46.06468155900342
C03966,14.102669331404744,4.229997792172062,4.881261412995518,0.5422475712302502,10.823989199879064,11.85147912008991
C03967,6.470738536918299,2.5602550790671628,5.3879216381464925,0.7919262782043146,2.1235688153783014,5.589474010329084
C03968,1.0,4.123444253120235,12.223717893490553,0.4230785411332373,-52.483081188838376,-55.83157038271853
C03969,18.456260672290966,2.4750653422610833,4.030456996041381,0.5649854089652101,-4.609655387335495,-7.272057034139581
C03970,8.539052308678494,2.40279665658519,8.185748972008287,0.41259204705517405,1.6715415929337856,-8.87718162433911
C03971,9.989904764278153,2.1429591533320025,2.05430724935943,0.5920801203074628,6.1951874783451455,-4.644035208797989
C03972,3.761504973641343,2.945438668762131,4.067606905305772,0.6496641119116104,6.911950600704342,11.037717103186466
C03973,8.944257065163725,3.9896998876441927,7.073364893201006,0.8934019119318951,-32.59500466131562,-34.393248331056
C03974,1.8814911473420324,3.959622800081549,5.40468104689264,0.5459390219517305,-3.945889373390729,-8.246632853936163
C03975,6.621865240731965,3.9140017350469476,4.203716171529754,0.593094918255587,5.576017746947338,2.984759888675613
C03976,11.681629670849395,3.465729758105556,3.542693683975372,0.6923452286646922,-4.5872213643413655,0.48876250496091167
C03977,18.848633675759924,1.2713134878225696,4.033166105984684,0.8723569936379788,11.451676066216162,19.90683921331184
C03978,17.202362289783544,7.0,7.610113609207767,0.8399568173758918,0.47786822533253304,4.792643153876224
C03979,30.0,0.9999185090955551,28.341102605716678,0.3091319269489928,13.270539759508644,12.819205718462367
C03980,13.991182128137154,3.183476108848963,3.1632197591340017,0.5264974652135344,-21.482291927471337,-12.749488609565866
C03981,24.05363041393625,7.0,8.267051098839648,0.9455751978959851,6.2407947170954055,2.108651540506405
C03982,12.280952107067133,4.323566893593158,3.6709777831391532,0.3243900060506794,31.57129561359838,25.421190973043903
C03983,26.988346010975185,1.9495717652492082,5.270583267454933,0.6400748201106906,15.1048471975687,18.7378035904116
C03984,30.0,4.827535896704228,9.620688259403725,0.6943433244993616,11.900977151226723,15.67530263456187
C03985,6.062679138928475,3.292672429577224,4.910980954121045,0.301050609362042,5.158904917383283,6.5512763526132645
C03986,11.39544638727598,1.77548920942249,2.3974304719108233,0.7412761494581808,1.5432846911191604,3.3277216281944266
C03987,1.0,3.3271386943430747,4.8001392866406,0.6781090958555381,-15.312284536063013,-21.47168917744186
C03988,1.0,2.4558840546409897,13.823152046120418,0.5428991802970824,18.95809384703655,19.412021960191648
C03989,30.0,2.677937975088718,9.709033404800918,0.38780184605483775,-0.9307129845360667,-7.786290256122806
C03990,15.676796669208379,3.063686430414733,4.497142649679772,0.8597398949477291,10.772120281960575,11.779965861945357
C03991,6.601796729652955,4.049363876603997,1.8476768880403256,0.35191222049380533,-0.4939861984334062,5.7172436572845005
C03992,19.24475488615819,4.352496586706779,17.953594264952805,0.8579521772570039,-3.487017645874534,-1.5795065438062648
C03993,12.711921731461878,1.9075331823449906,3.1318344946360415,0.6355392566857153,-32.90668234732082,-36.44261861787488
C03994,13.516083727553161,3.54024840233426,3.7340131355734716,0.6034324371743872,12.315179961871422,12.576086944982082
C03995,27.694988548659264,2.59851603271402,25.382943956963643,0.7975734726308293,-24.08365135721863,-25.296057055852064
C03996,9.36724827570767,4.150824404236888,6.187887278137818,0.6419883909890908,7.493968853310994,5.559092587526504
C03997,4.946709763086963,1.4680050483755251,1.0,0.6597099605072563,3.9907766162230427,2.328664045413579
C03998,30.0,2.96886307253804,36.873389689909956,0.8292241356517563,10.940460260411527,4.914548217368034
C03999,8.819883005712486,0.2564396522685466,2.5227483498011267,0.43296136605049285,3.5802975652389533,4.9427544049561645
C04000,21.626222996300744,4.056421648157521,17.549253471849575,0.6943848510467718,1.524921372781352,0.7951941257400766
C04001,30.0,5.702381816749834,7.717419177176774,0.4272443450847308,-3.62602164050562,2.6885527860784464
C04002,20.52351108551331,5.32009017236129,27.61862329273368,0.7286048819441207,16.218700510790114,18.5037255997802
C04003,17.511029757318425,4.256419687005763,5.12055058437099,0.43765639433670867,0.06576439849538396,8.146631836802795
C04004,14.18292441407509,3.8622596267968685,8.183547904111848,0.6353644676804991,-4.235329876226606,3.098152585401153
C04005,30.0,6.099053175187498,33.6753086697754,1.0,3.2044080201678438,-3.6136219971216597
C04006,30.0,2.164961790885335,14.806356539372942,0.34394192878078855,-34.87133101518829,-37.92996100090123
C04007,30.0,2.6200474266426825,22.330327478884797,0.8533668603723622,-33.891199531239664,-40.48860673598968
C04008,11.091849682225446,5.118938979959264,6.249613904765094,0.6313380201207908,3.4736735253017588,-1.4022817505504919
C04009,30.0,2.79101258329809,12.453771649759958,0.7120250929325218,-18.1743371351156,-21.705756788435473
C04010,12.362019976884934,1.6122240384287954,7.194203449103997,0.7881119277756232,27.512136129905052,36.232912433295
C04011,14.706813545484303,0.7196754587030139,4.792857343796803,0.838925642800912,-2.273133945439538,5.317020525566463
C04012,30.0,1.740568038442544,10.507103685775526,0.7398951973980172,5.511147771971817,6.916437128926414
C04013,7.492125398678474,5.637195760972434,6.054837250160027,0.16776328515395655,-66.83248768341468,-69.45337377326267
C04014,2.0340675746648422,2.8449856750183153,3.5642804298418715,0.7766664527288372,14.054385470809097,6.04090160539408
C04015,8.266056656661313,1.859307247300126,12.483458507052472,0.5970816890226718,14.296667766424589,10.939747710552723
C04016,3.9773817128106046,2.8673251434371623,4.829643521550387,0.493091163513305,-4.919598519270785,-4.772987060701135
C04017,8.124387518095645,3.4878917495784996,4.479981341893605,0.4024431254871633,-52.23913063739816,-56.36190274268115
C04018,17.151733697125877,0.212134389525807,2.1260670440140204,0.28880637692032346,-48.4547659082353,-43.25715876471908
C04019,4.595745744908806,1.66406552404128,19.04246034738395,0.5433474359334609,-28.424483707686868,-19.424969573200762
C04020,18.501104119497963,0.768530482981562,3.4781149366513984,0.5878145092972107,-22.160741302015236,-26.20323887584222
C04021,12.886792671247985,5.194816971690513,12.873246767021872,0.5165184264022109,8.693579565642885,7.945312990571361
C04022,7.0547652331596975,2.8230698646034544,5.491200923406343,0.7200761958955182,2.3341615197232852,0.6309110607811821
C04023,11.928442708972861,2.737217807787894,6.673828609973732,0.6159331501564582,-8.718178327344834,-10.607632108115663
C04024,14.611037336309824,2.729511768844919,3.3104004184801026,0.6787741543079068,10.675817980615864,6.741591956147017
C04025,17.338072052999593,1.3201398559254092,12.701019113051457,0.5783615101635531,5.7707589544825,2.3968520912499267
C04026,18.481082947108842,3.7770824011699515,13.924721814468334,0.5448842927829148,-39.76458554749187,-45.89274326317566
C04027,22.67045470234498,5.752875597631786,13.99837482178145,0.43818243428912995,12.52516378365522,14.983842351713053
C04028,1.0,2.073496226114265,11.200613188021352,0.372478309311434,4.445290637463495,7.1048821991102225
C04029,9.192803635447056,4.332386572008305,2.9514054560749767,0.49547470457212606,9.265862510166919,15.912044717007621
C04030,24.693141145453506,2.8324632286425806,7.338142135327294,0.4901739833749332,1.9895705142091797,-4.2174675900697425
C04031,9.575315125589574,1.854700543456562,1.0,0.514688170425226,3.6109517103597137,-3.300767148641777
C04032,8.552936717846121,4.3581862056048335,5.2471260439952205,0.5582239828695192,2.839996231739846,-4.877382714341209
C04033,30.0,0.5684024556422971,31.17455264891586,0.7993470042126836,-42.79167792922948,-47.90765551693139
C04034,30.0,0.8663463877709505,15.838938322642022,0.32937848563562666,7.995051803983522,15.7665338499263
C04035,12.306564372477611,5.651449272957443,3.2967145048777935,0.7039487686825321,8.084667693168688,3.0873644788904224
C04036,30.0,2.3951882444225103,1.0,0.8736266606520716,-23.54478328937054,-22.90501561005219
C04037,25.0704809075502,4.787307250163738,11.805667559093592,0.8118153508217372,8.18993294782046,16.527158201611655
C04038,14.57699840635229,2.82358714437372,7.303635550298991,0.5660395395424763,-24.61432452992468,-23.27715430498742
C04039,3.0993053000777966,0.0,4.8328752356355595,0.6034485702495151,-26.878272514380757,-28.878327973298195
C04040,30.0,4.02025021050814,17.87725250712655,0.6915188214373114,-38.21003876090016,-51.136356478768306
C04041,11.489573218554858,3.5519247729070305,6.494432237704721,0.028867439323163907,-14.56097944506594,-15.79642988755417
C04042,16.413597536535946,1.8787256918653004,3.9391990489219344,0.26328060899909694,16.314847382686438,18.37644056894822
C04043,10.358322031948575,4.644220392868229,13.025596882228637,0.6924454502714715,5.941668925786608,4.913493640714682
C04044,19.650359300553802,4.402872732574689,8.008347861924983,0.6908692335389623,-9.714778545851244,-10.67362988452515
C04045,22.663924036989002,1.867475566812403,5.67758095336334,0.782825543449597,-12.577460694364952,-18.739880528521525
C04046,1.3516521652525455,4.624076515881665,18.0320931787779,0.515297599144801,-45.227451438848135,-35.91395360582871
C04047,1.0,3.3299734859046093,5.0589474169339175,0.5429160359121695,21.591613878218425,19.559133982448177
C04048,15.724864406637916,3.1035219483499494,5.565336294334244,0.26960571952049805,28.654302951817854,32.34486458190581
C04049,30.0,1.8941842424653639,16.33631549734432,0.5642030137587759,7.893715214214181,7.740255296271604
C04050,30.0,1.6259752678004074,26.138990096374116,0.5472943090518967,-4.996428019228624,-6.965337223336919
C04051,24.73031775321582,5.12849324232267,8.585776714396028,0.6997293961878999,23.452262999551742,21.773967583720204
C04052,1.0,3.5749798967850195,19.57242744445277,0.741443532733634,-4.28800849815593,1.246219259821597
C04053,30.0,4.41646181466321,24.276668660727402,0.46484445750874315,1.634310111635409,-1.2042339825434607
C04054,12.444413538419989,2.280558386866539,2.689028157575666,0.7959620813230378,11.821039326489775,13.791716270540064
C04055,30.0,3.7559118855863964,27.9801756472869,0.05354740904185904,-57.72417194808571,-56.278727406881146
C04056,10.196293646529416,2.4771220639717497,6.607767419291239,0.908109141280658,-6.4026311133325535,-10.417145826314373
C04057,3.6011421822076537,4.000276279559515,3.592243710983046,0.4262369648769224,4.798193321228707,0.2123357168637865
C04058,12.420385124799726,0.8957312360663519,10.69825001762923,0.7351222133476224,-5.897459283411443,-3.797285593811266
C04059,10.885505346440256,0.9220333131035412,8.927138033969303,0.5503036755653691,-19.101756833412516,-10.085757462203308
C04060,25.427648856846737,1.3414790709197963,11.98819023401536,0.5844744700073679,-26.621002015371936,-33.601453410053175
C04061,17.655905920510193,2.98179496731137,9.575363564480943,0.514915147529189,-11.407707497384884,-14.122298734781666
C04062,14.13293154364167,0.0,6.847952387565593,0.7256297888501154,7.639097879528424,7.701860839053088
C04063,30.0,3.691129451123552,48.81517671246995,0.4566777452291219,10.97872095173958,11.48295533769989
C04064,18.774440296088258,3.919616159385736,6.3055325896079735,0.28292090986215046,17.06791631753502,16.329728372597703
C04065,30.0,0.3790954932351447,33.142100250120336,0.6699178281180462,-38.90384484844192,-26.72202698248946
C04066,8.86636293843537,2.3905027732884485,3.973657120585856,0.5494634449319136,28.64282616107195,27.359192594830855
C04067,20.93331649735267,5.785065765291608,7.36178574542137,0.9702908298318089,11.331450971196238,3.650606906453958
C04068,1.0,2.341244433918642,5.280585711881673,0.6822362854479932,18.418263105945595,25.619724141661674
C04069,16.2583535602,1.4884383222437423,5.177501123647899,0.8468259823573354,14.56237024210733,8.912337076695177
C04070,13.038571720848424,2.436834196535866,7.004930419346159,0.8872754842656161,7.740116511998069,7.246297212539151
C04071,8.499037580200824,4.7578573329544405,6.361208017900505,0.5190344184618616,21.098074691313144,17.316860692767616
C04072,8.72896136288649,1.2765809228190999,3.7553991907094604,0.6414684175979604,11.694878458718385,7.679225026868897
C04073,16.91686436725471,3.8285712593093977,12.168932190093688,0.7044408913544286,-0.8526138901936111,-7.4188545690846235
C04074,30.0,3.6347836791006856,46.40277177747669,0.4208364945325291,6.980901916245376,10.337969338132682
C04075,11.320019146378645,2.9840359183735203,5.3232192430627405,0.48159288734516126,1.7740674706852944,6.667631660874978
C04076,18.34300764777687,2.433621670346353,12.641694983872384,0.5726139391147768,-2.733511990884554,-0.10083130182324052
C04077,30.0,4.39099714195665,10.913594965057367,0.7714069619319018,-32.55535629567199,-25.125602184301258
C04078,3.3793302115143886,1.2905276730577993,5.500045417042299,0.5234166704646871,-25.477844422376815,-29.398025676131766
C04079,6.531237916993317,3.605372760369604,4.769456435702274,0.7356541798947945,-8.803529876060946,-10.331876059513618
C04080,4.525921286046499,0.6739741742933623,9.120602918948642,0.7054371611677112,7.749204256804873,4.2331391428298275
C04081,6.089837346386231,4.447023966859328,1.0,0.8166636233042943,-0.13339684410538233,2.2035301363084088
C04082,16.170540729846618,4.135708549622124,5.795139939927148,0.6675196243395757,-34.99426610717476,-34.005786224649874
C04083,4.905779991886984,2.3744356181053146,4.572385274451616,0.46860660538065524,-32.58994305021258,-40.32626301216468
C04084,10.078710218641987,2.6501123868069594,7.199607108937178,0.48611397980614673,-58.33976054223322,-51.77445754171836
C04085,24.59054546753144,3.7167699394884144,14.275456531570129,0.0006925266194625357,25.39856448330525,20.784262318006633
C04086,26.76397413116149,0.966156287240286,13.053987013718459,0.49115965348193036,-5.2904629046328004,-13.21749816808711
C04087,13.257117655868539,2.5526688859084636,6.453182465641632,0.7562194256476498,8.07202643917117,1.485465347867093
C04088,25.463303308965042,2.9968222324717337,15.394975609326133,0.3819325474402197,9.635725407581095,15.456694446470893
C04089,7.620941048746225,0.4404779673396204,4.164096642887609,0.4961895912552675,4.0336342082059975,12.049191321315215
C04090,9.97560887839562,4.346526882488412,7.366802672266768,0.8483083980285506,19.393896310735244,18.465392563515667
C04091,4.550164477386121,6.120400355724168,5.63105953066447,0.29601727769285396,-46.00568660734956,-42.05252330209479
C04092,6.738637522136134,6.607233524784837,10.841686332149587,0.3378422935214243,-25.38218405388703,-30.169970671742348
C04093,30.0,0.07272536390713213,21.041652505691502,0.5299983404486522,-1.301599579998161,1.3916061243357283
C04094,21.863780822684408,4.740658684827219,1.0,0.25109306992030944,-63.75520694805383,-61.818963242192076
C04095,8.292584514637426,2.053422890916226,8.842723853175219,0.3619581415507872,-16.659444374401367,-23.024299283915838
C04096,19.57528635103905,2.8338740017719193,11.53119169652449,0.034514557619576114,2.957832234822254,2.7260109376442028
C04097,26.03375668537784,1.5270053822934022,8.323634220475324,1.0,1.4589282309280742,1.5081050244846002
C04098,15.269376753615173,3.910984510201213,5.9959016957578894,0.45493730028655177,-31.327303729205084,-35.66006746837874
C04099,15.52335186557632,0.0,4.199806300519122,0.7079528365099867,0.388993561795278,4.048455232831864
C04100,30.0,1.2003768794871132,16.214611152419,0.10023554196517412,-31.344173618091315,-37.274760149141414
C04101,9.123187290347106,0.0,3.6689950538835028,0.45532411089722413,19.499862550628897,23.49826037261318
C04102,26.795029032385628,2.1327198276720845,8.058892221207854,0.5745701877515225,-4.668260497167493,3.9186810433153223
C04103,30.0,2.530047256591157,19.358401367556088,0.3532914036514283,18.350081180772367,20.90184102342647
C04104,30.0,0.6393790496011587,26.880506508985768,0.759887456220859,13.545943226135046,17.872780136192553
C04105,14.562969145694016,3.7822207523196902,7.3577535279493995,0.5655454298442962,-53.4177156346543,-49.17858652772257
C04106,12.135372806914205,3.649944738349695,5.71061444983269,0.5799490312643656,16.401446629081455,20.777295482063458
C04107,6.501184331658613,4.2987535474641785,4.662065287244147,0.5515923494795635,3.8673992111644084,1.990398143953137
C04108,9.348882022283945,5.109424136775239,1.0,0.39893336943043245,-24.335221575143542,-22.126093518225318
C04109,4.091796321761622,2.600780068362828,11.775857966856337,0.11953019459579903,-26.08847700534057,-24.10163925820072
C04110,26.45169274596407,3.3338898994256,17.83206954896955,0.554480340201163,-15.743896224286958,-22.918165233723656
C04111,20.30703033644829,1.4659067670750119,10.97838410331125,0.31462073637066995,-6.7105714624864845,-9.113864805024456
C04112,30.0,3.1009741529667805,11.71810780518698,0.5390675433588055,14.126826926322344,10.06300058075271
C04113,9.418471610266739,3.1692499768692652,4.313616664709989,0.819112397924708,0.8644860754345807,-1.8934055790302242
C04114,11.47645108541162,5.287796509877673,3.3255323513064474,0.5732931562211949,6.81596097640619,12.013267916678778
C04115,13.007245214907211,3.804126641643653,5.658655801002673,0.6617476313085211,3.0787340498184106,0.6366538293834387
C04116,3.9212659389065676,3.833599995355932,2.59323481353223,0.4194444895425165,14.252512595891954,11.688024577894822
C04117,15.677428022098255,2.5467292541599704,19.09260359032936,0.39021235482168326,10.361704236899396,10.591282690850717
C04118,8.367060333995063,0.0,10.193223409009196,0.788958477577295,-1.133071367967312,-2.5554919960427256
C04119,8.316067131200876,3.035642414024097,6.12533543591811,0.8080746462217492,5.860407262625866,1.410847652755944
C04120,11.325579033808696,2.284928439401054,4.770977899465827,0.9071983647486452,-16.721261540713122,-16.038727722042196
C04121,10.392186959553056,1.3324712476907878,3.3780351078782624,1.0,0.5434869814874892,0.47710146910529555
C04122,5.883680924034224,4.111071698942826,8.87743553710733,0.5196738266433583,7.715389620380791,4.458609424589287
C04123,30.0,4.480859460329709,13.221630268708838,0.5865137417781685,-52.74066219399407,-51.70604983368395
C04124,30.0,1.489963606138374,24.796004031017066,0.8214488908985277,12.625525568389598,10.514046583460583
C04125,12.143214165072225,3.057020206273528,4.487609892148693,0.9817615785382392,-7.9741609588511775,-3.8593773186227445
C04126,21.55610548681582,2.8383169620219233,8.285049364629126,0.9118717980435938,8.068197382008863,-1.1341282400672075
C04127,6.243426511145442,4.7040791271027524,3.5538373528480482,0.4113562814832402,3.4655186921258565,0.7244438632114116
C04128,3.9327703285334685,3.6559912193199082,4.258021180786973,0.9012782068503007,15.91364552438451,16.52991580488951
C04129,23.886753001769222,4.069147276789137,11.97951304492452,0.8444986523732618,-0.569719209488242,-2.2789828426275056
C04130,12.119911128808155,2.4466748063068096,5.447676294215882,0.5583211684268229,-48.83968201062587,-56.00156412069093
C04131,10.384433612341569,3.619873647988981,5.723805075586237,0.4188241144460652,1.4918128137141622,11.211087950785725
C04132,20.522273884792746,4.308345594934789,4.3029842263909766,0.8130969376000466,-15.397892629172492,-15.330369321818377
C04133,7.706703992328947,6.473725516801439,6.658847142311508,1.0,-14.032793339403526,-20.200209705035846
C04134,11.71725875102157,2.188344054197344,1.8703811057787707,0.5037687720483368,-47.54873991607637,-43.65835068765897
C04135,10.560301179060898,2.4524153430558946,4.651935029591793,0.6695154362210325,19.02768091001582,17.1469791004891
C04136,9.83267237720548,1.8918904392764542,4.450865562074189,0.6547299614585386,-18.145516463127564,-12.8253730798182
C04137,9.353322485033342,2.329304461851301,8.900546503917347,0.2976363183510144,-21.493300271585184,-23.49562528805343
C04138,8.651002201573846,5.073059074837689,4.445082365359442,0.673823623676447,3.9401217568383426,8.078257287778365
C04139,14.817279358602372,1.7566694801693716,4.629085704332906,0.7994305944503093,4.765533080750976,4.883656701098324
C04140,12.949388080255146,3.5845192666464625,6.180833464149346,1.0,-9.661428188093506,-9.567342901140657
C04141,30.0,4.496803452155421,20.11756506259802,0.5052934202459203,-22.732688906498705,-26.018599370963393
C04142,6.9575311573967635,4.798615087227924,4.097160642204649,0.6642653478454934,13.942103440805413,11.784866521111129
C04143,30.0,5.181629992508063,36.9913602834565,0.46358827088869176,3.8607203041924714,5.531161149241426
C04144,4.526353538440263,3.7058854924665607,6.898192133322007,0.72447433502712,-1.5722857282524068,-2.952365299743004
C04145,30.0,3.559404391320452,25.45286156325817,0.5037015839663106,-38.65771937166099,-43.455062454951644
C04146,4.906964353355711,2.147535442904481,5.344646649841595,0.6979739141886243,-41.57118895123244,-45.38902473205239
C04147,18.86914776284985,0.046114070908710225,1.9774700105238607,0.5207540920355997,9.513739457833022,12.105917416755199
C04148,21.61364472329349,2.106719630803401,9.09727335525131,0.2976696379108562,2.305366161819843,5.791180243681932
C04149,29.464020377627747,3.2387367591020837,12.492803766094775,0.3599933337122634,-7.1802822391857895,-2.326960178808699
C04150,24.018472254784925,4.520405866551336,12.43126104974577,0.9161990832721694,-4.890951730146481,-6.576570924160574
C04151,12.667351460680143,5.2520104414856945,2.7847041301582287,0.5694770169298995,-11.265476474485325,-2.456917252573497
C04152,4.777521214045883,3.0097703294289455,2.231864335062567,0.4895593225300401,-17.55473809574555,-12.620435384787257
C04153,19.363276688187543,4.686631686744682,12.739759688772235,0.6131568011508538,-36.0961359927446,-36.30376421853291
C04154,22.96768531485119,3.2511451892652783,35.357995897977865,0.6050651528983428,-1.8690136308939866,-1.6597826612623434
C04155,30.0,3.312095201321818,32.3446475197915,0.7289650922952849,3.374707696421517,6.6350448608194466
C04156,20.242712733642563,2.551184835105805,18.03597075312277,0.5472204752548563,-30.76797338984336,-34.6518175674271
C04157,5.30872006850506,2.2866618496862343,7.71631695229847,1.0,16.684929879903862,9.508290796960068
C04158,3.4988367594354894,2.1272672200388745,3.5179163276602505,0.9068404592021272,-4.327520230070519,-3.536661060272488
C04159,7.753478786449934,2.1745703769120484,15.356593939367684,0.6952638909405411,-34.07586134637248,-33.54089197295183
C04160,26.15674145338439,1.988486971773323,6.825513499515938,0.7637997924052959,9.073586396252608,5.061281320128357
C04161,30.0,4.275237661213033,28.714315856653005,0.6609641008426279,10.523024136662912,7.1826518094301655
C04162,6.918875786212041,4.903276742738806,4.915410556190501,0.5332577152847476,-4.816906841272308,-0.14175154197022
C04163,30.0,1.8613025403821009,35.593639552134746,0.7612116709643793,4.499355168224767,5.051881622132047
C04164,26.900950528343575,1.6611671104463237,8.159967196232877,0.31252074250920137,4.008648315768954,-4.067753963389669
C04165,18.524304833514584,2.720470465328764,19.302877584449668,0.31258615267696255,-28.468422352407075,-41.293314218585266
C04166,5.418246448402794,1.6909388904142002,11.402362285611554,0.561029913879866,4.610585836552288,-6.642749682804982
C04167,8.91723499577364,1.4737599795780705,4.980505816136777,0.6595773322168195,12.999927368835538,20.77201737593701
C04168,11.523151322537444,2.4768028089205263,6.586617116851569,0.5391424772032587,-0.2885497637596446,-3.5308807051915627
C04169,30.0,3.365325239511609,29.757559084403297,0.6925359796949995,-2.5307418848240593,-3.8102085081427894
C04170,7.901876477206255,3.3467064374995346,5.742025988571981,0.2720906323103967,-22.344943721618055,-10.301743565824799
C04171,21.638197017063533,2.529840505959223,7.602970673316194,0.5279449811927545,6.974603475822802,2.155750285551693
C04172,1.1075851001932637,2.2132552572042212,8.255381718661095,0.21173672235025615,-16.20852968426849,-11.745643248111797
C04173,20.163650398520108,3.913186504585282,7.363218145942044,0.6818428599859392,6.668978119808894,5.395262886981437
C04174,16.76863188031437,3.5827370263628966,4.231031041023731,0.9382341558314422,10.722785262122246,15.031499962676655
C04175,26.37248734168729,3.2583430687864174,23.750989172208822,0.6978361360187947,13.712790626867285,16.136248302774817
C04176,20.02736269444103,2.153500888995688,10.062272937193237,0.7765719595597899,-37.77681056666423,-47.66024809540117
C04177,8.140126183074846,4.999625167510851,4.495727319247715,0.8193278004678406,9.292387818464553,4.6490980685330205
C04178,9.348762640312696,1.0338856641667697,6.329417125342869,0.5474806459832181,17.973717058367807,13.36394253963202
C04179,9.503453565901633,2.1611863012266808,10.66228557847686,0.803859160978789,-13.21579198999725,-12.100788789731887
C04180,10.429351938982649,1.5199930885387185,7.8508842366833775,0.24594880654749593,19.351960779908516,16.2541980835202
C04181,1.0,3.002598281986743,14.7535096611876,0.506397155760274,-14.959957470021692,-13.664757131805032
C04182,8.675769516497393,1.9990389027489395,6.485496893712376,0.6272288382501098,-6.544821560284904,-3.6593727143553965
C04183,30.0,3.141222715601093,32.72725786500657,0.4022264408492616,15.555961286467959,24.129894583420917
C04184,18.016247861654954,3.785445065915477,1.9102048639795868,0.6000198076809162,5.485449874774467,8.22769517337377
C04185,30.0,4.897192559451719,33.04953145149589,0.3706509051750244,-36.223816419418185,-36.57871370368575
C04186,30.0,3.321752885666915,12.990668641052096,0.7366266207157199,-27.359543060423672,-26.347091671509254
C04187,15.245330105056247,3.2987524693579795,8.184917491732215,0.38211125834165305,8.674537840237893,0.16794646926546797
C04188,17.89671819257997,3.645410028673115,7.658599802886368,0.3486296023189176,-62.86892698622609,-65.62682178964161
C04189,30.0,0.0,17.855367777467617,0.6398179692140188,5.309490152070572,0.36671191415231164
C04190,8.319561431509202,3.0862471882617424,8.493241803121578,0.38120752863376967,-0.6328820060743219,4.805277378239738
C04191,6.620519798642677,1.3390080907081234,5.029803254058835,0.9030420306019026,-20.37472383446955,-16.64145858861361
C04192,30.0,2.026488007017085,14.884374071553593,0.1903752391694937,-5.221623806666443,-14.450043453591448
C04193,7.966662522013614,2.820031244104273,2.310493802630505,0.3604028123463309,-40.91092458423667,-37.6596723092363
C04194,13.992119653751846,4.4286915022337,3.8264958891208916,0.702176104463474,-0.4394296974160783,3.9910441256786218
C04195,25.706463873133977,0.34877411359839616,4.319141662865805,0.9540884280301396,10.488746552291985,6.722479790407854
C04196,11.045231789701354,3.3585788461454213,1.4937459305792347,0.3440132913397855,3.686630786260853,7.783433598774689
C04197,25.980035456030492,3.1553658529039508,7.297060636002907,0.32247072676017335,-41.68785703341138,-40.82637062782512
C04198,23.404417482712866,3.6466254982216197,10.327554831665827,0.5396022816023653,22.50181765043251,16.095300115844935
C04199,19.86944511687482,6.355167177145613,9.054056703733059,0.9986435254241375,-1.0779913615192918,-8.118610649547765
C04200,6.132448541943628,5.334717894863438,6.510047962940286,0.8409388028238542,6.782758023525504,19.516364240150093
C04201,30.0,3.4367655295832162,3.8654874391614324,0.45677810907628774,22.40434341016227,21.249327150540964
C04202,26.213265185481692,3.8409810923423633,13.655972980031509,0.8260494361350897,14.337311107794463,16.13343029643553
C04203,23.291184340641546,2.945003445209162,9.005919665093167,0.7534280448288942,8.161908506280813,0.6400755602970039
C04204,11.957421359550338,4.1391375368287875,16.297968878719434,0.7072900762525912,-1.8260289434503,6.731534204221495
C04205,21.94842980439188,3.053263852799181,5.296122056244748,0.7623074795743308,-15.343378950845718,-11.214485031208184
C04206,12.695666329372802,3.6409214566202266,9.772447300004863,0.3819340121007789,-20.94237506882928,-20.168562970440124
C04207,20.29276739120518,2.0033936456186416,9.09139970017799,0.7085049601340161,1.1301935118623114,9.625536542728442
C04208,20.675250417351222,3.345797742443218,11.038026032650514,0.530750012909441,22.23746497596052,14.761317018248288
C04209,6.3734424470308575,5.042967053838714,14.137950182516306,1.0,-2.695124286343143,-6.110572021244314
C04210,12.181479213840479,3.8516695000823415,6.632277984166716,0.8509463829968797,-19.18539616938169,-19.006984804436076
C04211,11.65910244106949,3.1748286875515968,5.523392309147844,0.6002428572666957,2.613681471430393,-0.38729688741625123
C04212,9.236940687837581,0.0,9.315528398042149,0.6298053135987269,-3.334594713211523,0.6562135056009701
C04213,13.632930759421846,3.5754892324734504,5.339611515126138,0.3312573274792251,-50.01394300193019,-47.443695158893625
C04214,5.128353584587494,2.8691183624823995,9.320944142824489,0.5704777280205879,-25.60387125380431,-19.582842155830235
C04215,16.739179287703116,1.3904778204205563,12.642099992834918,0.3203768608028891,-25.687055461784794,-24.819899679869263
C04216,12.160835975369562,2.899344697804407,14.314823137605748,0.5077087511705451,17.713091023802473,12.706999185813483
C04217,13.015579071805842,2.906455644619503,6.279190438205658,0.7876808248596723,11.512499201400527,9.977057525104506
C04218,30.0,3.008968747679461,29.293351059007932,0.47126157900745014,-0.9283864131871491,1.9716319002566403
C04219,4.332429150517813,4.117440753089716,1.0,0.3255850180723836,-39.5223240682181,-41.156483786750954
C04220,14.01862607931406,2.682950793456352,6.077959575246349,0.441582595992239,-8.241522277530128,-7.674360211176063
C04221,14.16608476541308,2.6320864868405374,10.258608428949536,0.5265130460088884,-28.365881473908193,-30.617257916629352
C04222,13.230601474018876,2.470371408339075,5.173550104231733,0.8771159556015647,1.9164572740993489,4.47524695959523
C04223,30.0,3.366584853249736,27.861171786398465,0.7586646356355665,-24.02219095359178,-21.35741575958417
C04224,9.37471600577098,3.812591560172389,6.258981965159223,0.4607348803260799,-29.603666263482243,-17.63919108484928
C04225,8.82654541417999,4.9335205873859564,2.4418925430940095,0.9544912379054146,-6.1060823347880255,-14.255296817790052
C04226,16.71480511000074,3.7939119371005905,10.84358549991008,0.5398337085633745,-47.12612124108598,-45.533417891507405
C04227,30.0,4.615436527800119,10.555881614717572,0.6787005276897056,8.296252922558082,18.69545328086808
C04228,30.0,4.269641257038853,29.9558523331053,0.5327880991095361,-13.469102793509812,-7.486528917466886
C04229,8.860566392431284,3.2293392737414854,2.5489395510998984,0.6487542352418939,-53.866141863006774,-44.36095751366394
C04230,11.814739529786717,1.9107447244087588,5.118738904376561,0.3391547281593753,-31.3185857343256,-36.63589625454421
C04231,7.8750286865280605,3.6061033994657268,1.0442959775864158,0.5790029967862825,15.596331951350763,15.879698969226293
C04232,14.118954245908215,5.337389923763869,3.7589070026981375,0.9122468665763227,27.695570408822707,20.75662613768917
C04233,23.39264449727362,4.6298212580029645,17.618936644672438,0.45896327490663047,-1.7227972076852929,-6.0048387598978
C04234,30.0,4.917158273573582,23.686123198602758,0.4242954544764072,-29.80484831563118,-22.77208565666794
C04235,30.0,0.23435244059498306,5.645133068702896,0.36128832222791146,-3.517931681785724,-9.35258216701478
C04236,30.0,0.05194401200126153,6.3880531378916405,0.667750191559325,-2.3094629407443312,-3.8533466971499255
C04237,30.0,2.2730095383842004,22.400507034652918,0.4807712212870689,19.609463840789772,14.948238938412217
C04238,6.1122595395593,3.7118607570620483,8.297576803229806,0.8968413185337312,-5.15285266880017,-3.7110911772714017
C04239,17.013809282693302,2.4380611840498614,4.8783469970944955,0.6436316719444508,20.517617458227413,13.127273414153994
C04240,11.625403101988566,2.7003640331315144,6.061781842296038,0.304576203860551,23.719897307636412,23.740523366951976
C04241,5.903514687929138,0.7803606022341398,3.4601550598486526,0.7256200013188575,13.071659239263392,17.619326116859227
C04242,13.206333475409789,2.0892131990279625,6.709715629270661,0.36967281909694055,-32.32024987838297,-34.085323891682954
C04243,4.446188085092077,1.6670537871693745,5.160060714432542,0.7642126739202246,13.821186842787892,20.5511997376566
C04244,9.604862006284002,1.7149784362764537,4.5945162785290785,0.5658816608463892,-0.35328415959571124,2.176426508101266
C04245,12.411746878594613,1.896194565604929,4.697141611362714,1.0,-6.4045543888269645,-8.120070506909945
C04246,17.7285927897499,1.3554946342250855,5.461395627904041,1.0,6.3328697456928165,2.791034484638331
C04247,15.423148926867642,0.0,6.400409557508945,0.5402904494884104,-8.44011716537634,-3.3600973288395473
C04248,10.18270085681863,5.117360238026113,1.0,0.5114976771821788,-22.507754644081082,-24.07949991729071
C04249,6.539693085683826,2.8249277090524885,3.9966656924672272,0.7209634463532911,12.8728916108103,12.263538121687121
C04250,12.29445674000944,1.9691367659389627,6.349491902122366,0.46813132507540844,9.227721954068755,19.748788943320612
C04251,2.3011899787077112,2.7848355466819714,7.48412085982017,0.41499287713498884,-21.864201646180028,-16.707667140904803
C04252,6.060352201124386,3.499508937861896,7.956893568588573,0.1927457632238878,-8.410788115903888,-12.368558403538122
C04253,30.0,3.170066623674697,31.980599166811594,0.34399061199895464,22.79521830918186,23.265484230721434
C04254,28.759643920831515,1.8974834089584791,6.7514944591034105,0.7936047816959672,-1.5039211216580952,3.4567658643110954
C04255,16.542393318792193,4.490046569562976,3.826620566180451,0.5757767268636907,-22.90192442775391,-26.163430648016202
C04256,18.86838875451869,2.1081623649712116,8.507635407715972,0.4360107561601446,6.7459834785323425,13.878690218685747
C04257,16.481609185377703,2.650999831548136,3.2970509342668195,0.8422110115202256,16.13638358137306,18.365901459018055
C04258,8.079704280916818,5.5852561085311825,3.9290242784706857,0.16736637638494656,-2.2047191966371464,9.243695965357375
C04259,15.369270201481065,6.089971213684105,5.97373894449429,0.5063064372956815,-27.41818668519463,-28.79092930157798
C04260,30.0,4.721595292375789,22.87260365147695,0.5075686444804344,-19.205104360800505,-16.305127801972546
C04261,30.0,1.99686479763667,29.617671880431843,0.34625998676628406,-3.4346652283201493,-7.028405754857895
C04262,29.390603469143205,2.3621765666109824,12.22791766178298,0.6866514712858136,27.755320463931362,27.309909062721236
C04263,15.167234489233453,1.830965462018785,5.399607321231694,0.7293571269088732,-55.070108843162224,-58.017838221417094
C04264,12.633616713314753,2.643696266736144,1.1290959251947967,0.7087863678625324,13.678361230414001,18.839438661979962
C04265,29.590698104221154,3.8011375331829473,11.023770466221011,0.43013174266793175,-7.562539894014293,-15.747309062665027
C04266,20.28061816603546,0.18034589194333295,8.114441323640186,0.4260360281063708,-7.041003592409279,-21.17465315915463
C04267,11.578722949942806,1.4483777255740296,5.280078912187765,0.6771939152350146,15.019615025322693,16.457985608084016
C04268,30.0,3.1640529257820886,17.229278414837303,0.41854608000892546,-6.689301434365145,-6.337011851645966
C04269,14.393468364450897,2.8557313575472,3.207968215591611,0.6791477816380094,1.0420471118362213,-2.8008543707806917
C04270,20.200168060164863,2.3276574193633635,8.845015105415232,0.8075755462996983,8.624126778689302,9.152387405650343
C04271,30.0,0.9048693120900109,35.43445368444269,0.7877721084485276,5.759148019694426,-4.004036169702387
C04272,23.611452966805526,2.1060313297706053,1.0,0.6267605343064421,11.503773548736707,19.3634582096415
C04273,16.784715610642174,2.2733391770226907,12.545102468069647,0.7405858361945498,-18.065775879414097,-21.993092021470517
C04274,8.98539398657614,1.0037150381361344,7.2346353844497475,0.6184213573188817,-9.009454648217803,-3.8001112418721847
C04275,6.414154765732409,1.7469184842201666,1.019173993865632,0.6675925034589827,12.020886423139796,6.268476578731166
C04276,18.850065054390463,2.708330562967072,4.2287486584966825,0.710708130320726,3.560786270125811,-3.1797052749171995
C04277,24.741480931438055,3.7087343137336806,6.5855554146846265,1.0,8.87175383698736,4.1738716287673725
C04278,25.8504646048975,4.372278182748442,7.225707848896687,0.6077998930803511,-44.844031275274745,-44.63498892436135
C04279,18.95849680304628,1.4291100352699067,8.924379691730698,0.76483244628758,-29.348497563009406,-24.82755108474485
C04280,4.235879581450059,2.4748114671522408,5.29455000942693,0.3461017541725339,-7.631758875334533,0.24312388362370374
C04281,9.684830818803347,2.6312119686036293,4.111327507257833,0.7698143982737375,13.118229090079858,18.488607764128723
C04282,15.774271037128875,2.7031403859852667,3.503261993640793,0.5229284536357965,-1.6580773699350004,-8.710930024028867
C04283,24.600226868833094,2.599620241372265,13.089538613917513,0.7470837597648706,7.697672500919127,6.716673165430827
C04284,13.797315247275336,1.243607886896072,4.593294186762381,0.5260695914067628,-59.43594653038857,-61.91782607317408
C04285,17.337853359853632,3.712404667617074,9.853878511662886,0.0,-46.12296850959927,-46.53423452703493
C04286,1.0987213732452545,2.528861622542313,3.85973859971621,1.0,0.5882419739223526,2.4920635825901205
C04287,20.007647317816613,3.049499473169844,4.576439794178772,0.36749581198930875,15.787062481676934,11.927190052192328
C04288,30.0,3.1192262123181047,16.0173166095819,0.3406558625512949,7.504988021162145,17.364922370714023
C04289,13.769978916945924,2.0904525828259604,5.064282009987189,0.5631767385777414,2.336981064018038,0.20341553243534616
C04290,10.600725112932846,4.146816142665153,1.4699174218940039,0.47135071033549525,9.709016631659019,13.45151552513276
C04291,6.9359793198357576,2.322869867009443,4.531058021356641,0.3931814124002026,-0.8578400485226751,-8.157333415462487
C04292,12.489519275702177,3.2528107805793014,1.0,0.6861641657709405,5.53254105148213,15.424476123696955
C04293,13.511750449946703,3.1427260846129914,5.602373670103217,0.6233493574281375,-40.10352815752709,-36.74519678907859
C04294,13.526617521498974,3.3859115860130578,7.059953407272856,0.45683731193398464,-18.37602315348834,-19.864045481742906
C04295,15.778762175911234,4.613132677527517,2.8658773913123743,0.6362503923442182,2.824000820822576,4.597580564990681
C04296,1.0,1.9179546093141164,16.31802462930412,0.609651652523167,9.49588727159987,11.653791916886217
C04297,12.507219625795258,2.983980805527645,9.565230485988675,0.4701301244837733,-35.86876744930933,-34.90498136889897
C04298,12.323752283218463,2.937328160538018,8.081345116971747,0.8307857790057596,19.530809999853286,18.161405207604936
C04299,20.923451023414568,2.5615837674856263,1.0,1.0,-8.363999053967044,-14.659776655899703
C04300,30.0,3.7325273046739915,15.881814390197736,0.6520778191996672,-17.82800430887066,-9.935577838847967
C04301,16.254587681469186,1.2530923875415556,4.679649851440855,1.0,2.9410361491712815,3.8820736988454483
C04302,29.261400245748344,5.096772774603711,9.284725665367624,0.07885460627281582,27.839488651940197,24.016601498617764
C04303,3.133483625351701,5.167353279180176,6.612356018647066,0.5708341520627012,7.346145034005772,5.982064975756649
C04304,9.184752971792967,2.0514462548052688,4.5798786678949766,0.33949358737102375,-12.319478199581134,-6.475840822919064
C04305,26.405087236906095,2.8528147278099794,11.3596878853289,0.8533108507961651,-22.94828315429056,-16.79028130431129
C04306,19.73561715555651,0.31160976983544675,6.046172366480805,0.733132800636854,15.720887340122463,14.295588120560174
C04307,18.7379012122961,2.0191076814887916,6.355975293985814,0.636194464086379,2.4777764927073607,-0.2705697287474753
C04308,30.0,6.465734196228017,11.303230267283961,0.863845053534462,-0.4315487358695913,-2.8599871477021024
C04309,23.58317497242213,3.9004253533432833,9.838153193571257,0.8330790954883626,-18.276768361142764,-13.082804933306
C04310,17.47622708733349,4.02615081032267,1.0,0.3740364020238592,-29.846432666606237,-23.354013207785403
C04311,8.144768200042261,2.257401023241453,12.483340357378168,0.46846016222283804,0.39945596339349265,-0.884004264862783
C04312,18.602138481908163,2.8468255817917543,6.425239641285801,0.46195490784992965,-31.423476901693242,-28.23217509651319
C04313,11.512318501305462,2.9102370264339052,2.1702045469747175,0.5727658444910079,-28.96596755406394,-30.59166815328991
C04314,7.667266441984628,0.8982006452993065,2.8764915438370147,0.7021238487068356,-3.6527749184641625,-10.459780435730554
C04315,14.656641785794982,3.177899337465624,2.6433835300979975,0.5229446118715281,-16.437848889051054,-13.409324485413407
C04316,1.9826276481359155,4.125573355832013,7.837711265447232,0.7050066751917887,6.933510798712497,6.130159958038175
C04317,18.760424591951736,5.648870513272501,3.472904849441308,0.7132610806920624,-29.727311199697937,-30.417079614791785
C04318,30.0,3.359477411550949,28.90564038249221,0.7932381827775289,-14.684503721560258,-10.675454565384374
C04319,30.0,2.797792783384671,35.91671866954768,0.5368243276291833,16.420905810477272,9.738857049754696
C04320,26.330185452461475,2.8008718542548863,12.634581504624439,0.6845842172532385,-60.03719979112074,-70.66692671163524
C04321,30.0,3.5527634161301487,24.022979201385624,0.5169873720836823,8.291826237804072,10.126413037815396
C04322,30.0,4.15375265927248,34.021771057646475,0.5362843142288841,-32.86941127058006,-24.407623823035735
C04323,30.0,4.600228538325567,7.553035970175301,1.0,14.287131729917807,19.118681772440333
C04324,3.7964291273910096,0.0,5.996848778314213,0.35669029492146426,2.2861771000405797,-1.5267780534883295
C04325,19.8869328541141,4.597686211109602,4.427876558327818,0.7568700916499491,0.06552279834391594,1.457369982865753
C04326,21.3263041107907,1.1993904140186995,8.776589396900869,0.7185257981000263,4.065996900432372,6.647160590450726
C04327,14.351372897333388,1.5252737704785122,5.288831700154711,0.8082666750693338,16.731141510374542,19.569560120959608
C04328,30.0,2.684872458519956,14.79929893964772,1.0,11.26528446218985,8.294814897814044
C04329,8.879688026496543,3.751942992488499,6.942018443201908,0.8889706126786887,5.461669833952064,2.445657973058911
C04330,5.989176569261788,1.0289620520673064,4.339997057458049,0.6559653092666995,15.469637768751987,3.852243018908357
C04331,6.417212775971828,2.107877464824114,5.454072005355385,0.6665860022230166,-7.824285778028949,-6.7084075215617105
C04332,4.527620204335731,3.4296655058575296,6.278053192421801,0.4441794043556695,-0.773409270044624,3.0461554289496626
C04333,8.812231925878278,3.724022219049563,8.555612889646758,0.7868456552701915,0.1026814625238428,4.9628222225717975
C04334,25.351006285348898,3.6882920231157446,11.119639819277063,0.8059598532744597,16.289951216758364,10.754266182875316
C04335,15.115425092567978,4.411832759745227,5.305980062204593,0.899290700966486,7.768972735002672,7.446438479623269
C04336,20.055806471442946,4.71554479495812,11.40732491457194,0.47934938645817,29.81549049584934,29.356498241134815
C04337,29.235668296835474,3.1611251021162925,10.84018829757955,0.6717165652759888,-14.211731300246413,-18.511699079640426
C04338,29.471789930820094,2.897043755267273,7.897490994009292,0.34910877803468626,-1.8888704737753965,3.295826611619897
C04339,8.429150134384301,1.8096590623944648,3.691271474629726,0.46405960289360537,-21.83032583783051,-21.847802701038884
C04340,15.436762795612157,2.132345207392587,4.342102235086463,0.4493303614875357,-34.463682657746325,-36.999037416012754
C04341,9.187041552037265,0.9562050263843553,5.561692689991576,0.8610383351100175,-53.94889176083973,-48.28113373081777
C04342,15.712204907838075,5.083473997773669,10.87931836507304,0.12707136906738628,4.208204161730069,7.307603737096067
C04343,10.430961457075885,2.8975333493959323,5.866883857428126,1.0,8.309140803164698,4.916121050398821
C04344,2.952683133662994,4.116239003741972,5.055232294985504,0.26372609278067877,-42.28406023433182,-51.00978941848147
C04345,9.816677623731039,7.0,4.918086718060014,0.6371065851211135,7.184676581688169,3.3075318362319095
C04346,1.0,6.339471595929847,6.895972856923353,1.0,-4.745327176187246,-4.229734181779668
C04347,26.753895629987277,4.663178668217263,10.682294081969184,0.04226451304980987,-15.622792707224319,-18.18671765606246
C04348,7.059449404159526,2.434720087103152,14.553967221569945,0.3406086495695293,8.119074375507122,2.1898710309809832
C04349,19.935223070375013,4.201526309181926,5.344722537177005,0.8297063123137682,13.641669804036505,12.381001226708475
C04350,17.421780558314932,2.9923203969325183,5.573026029854434,0.15741589377321497,-39.06702380411616,-47.65644266381872
C04351,10.356713220061346,1.5898759957961763,6.949154885018348,1.0,-34.532411504203914,-31.783594543720525
C04352,1.0,1.6318805053369976,3.1463316508417183,0.555263877847858,16.214233957556022,26.654663796156605
C04353,10.646402630091403,4.278064468531861,5.358272686529051,0.6840768954195413,10.680111518018833,13.652454029473308
C04354,30.0,4.104428968323222,21.886654662777076,0.6185575606677205,-8.326257912318404,-1.875653372675516
C04355,29.31736920574017,4.830567975095027,5.860611357254827,0.4797147564569463,-21.350860337781157,-24.670544949937444
C04356,18.867762505173843,2.646424344418114,9.830300447072418,0.8147010998309132,-31.482714757962974,-33.30042592122533
C04357,15.576275248735959,2.3377577284089366,5.624893178250402,0.40473123665225974,1.9757247634357533,-4.032408913550558
C04358,12.178291052477638,1.3661561218516807,6.378786097866863,0.4643667213342095,-9.206702828109988,-6.29301113482701
C04359,14.374401405022745,0.5139263407833097,5.251195280802481,0.5848376427257909,-5.642842494818215,-0.4817812340077614
C04360,19.067120734184165,1.7288091195642386,4.924986763156583,0.42770012603297836,-61.5492706041444,-64.71956967413381
C04361,16.417574257931808,2.021854094537542,7.396200641343359,0.20984028574008,-2.582365514645687,-1.5712627502553635
C04362,7.441776649576731,1.2941423717309952,3.018431971650757,0.756605332830533,0.0006896848605828509,-7.484270371376386
C04363,1.6718061930913777,2.2303590938884477,5.327211741118335,0.5645490201507184,5.77005613317944,4.891780670025662
C04364,22.615136878410418,5.844057512436989,29.79621142893744,0.43637878598894314,-54.027490326064445,-58.29125207324424
C04365,10.603333605677738,1.9677552277706116,6.607200040624949,1.0,-26.05995902959093,-25.432127592989087
C04366,11.353788254905412,0.22645623155598482,2.9736542616466006,0.7794550965661211,7.250453072791947,10.19687412065227
C04367,10.7769015456803,3.2280003197809353,2.6123672349605513,0.4679314829446206,19.140054722738547,14.355123252865262
C04368,30.0,3.9610102915647136,14.45495710041265,0.6422520841035022,-4.394216244436057,-11.166978659364297
C04369,10.945052225262705,1.6709209888438,1.0,0.45550190991909534,4.40790103545341,3.9414692844979027
C04370,23.29522136831534,4.136825098045849,2.950085200455776,0.5209042602471025,-1.0314292050281804,-1.372158618202707
C04371,29.800712016247374,5.707173416862732,11.1942714109322,0.3353517912970519,-64.04333204606506,-64.67112786292758
C04372,1.6170489082200863,2.6504172044455268,3.1475043071960638,0.5834946514688096,4.547551416722202,-1.8025469310607072
C04373,13.614746400337545,4.114859785722166,4.42315358778824,0.3158718585537389,-17.272773843539234,-23.55509821132886
C04374,16.58149843594192,4.386534452229423,1.6116716826973634,0.2639188268855794,-4.4467992856646,-3.2610111439275298
C04375,13.587943786051412,3.6161852372604963,5.357567053860372,0.2030774492522402,11.718765437483572,2.612868890139895
C04376,11.575015672541147,4.362705913990193,3.657305075775496,0.6503070711493042,3.906372478072819,-2.2513663649297966
C04377,28.028380422251917,3.7985327967847855,10.971983906330795,0.6037531656713112,-34.954545252502626,-26.417756104121572
C04378,1.0,1.579302618263736,14.74307758542166,0.5592624807500117,11.973652960475391,9.140472741708647
C04379,9.351847361421395,0.0,8.356351351606133,0.7644474635298013,10.449248922786134,3.116786267985378
C04380,7.016893028216186,3.28025904927144,13.74965776425061,0.19874318651249406,-7.754908682576271,-14.284330370978289
C04381,11.916352984045606,2.652952983230763,5.268097734837627,0.3312367817246469,20.198691236680876,26.168152788194945
C04382,9.959185486005396,0.5598026581464972,10.547630516148576,0.6236359937594266,2.512944215573321,-1.1223992090488792
C04383,28.498570898943164,2.677049538541845,4.457779667347432,0.8044042008555772,15.118601111709351,14.082954686810973
C04384,15.839688651457003,2.7980423260225527,10.816763761995816,0.5761355043177342,5.421991513980472,2.966623530869567
C04385,3.564627449641807,3.4485468530663197,3.9178945204107167,0.7191951603622395,0.13959112097588022,-7.377429598453756
C04386,10.555382030801285,4.672297611181548,12.454231801311758,0.6562622978296175,-54.90571856884525,-62.743629893618696
C04387,6.868025556657553,1.7889188281577748,9.088240363552416,0.9297413047197631,-0.22646912866037727,1.8031435257460662
C04388,9.823465024067074,0.0,7.158339648765011,0.5209592040470314,3.4628559023441317,-2.6820371450280063
C04389,26.165676209698535,2.397003291872589,2.565790304955266,0.5467218954195814,-10.718037607285742,0.3645717938268671
C04390,13.55020016454652,4.221103365277704,12.48134457071826,0.7168733819087031,1.9585355449636532,-5.65604821948403
C04391,2.7054818708924184,5.007281320067667,6.988805035879807,0.6643665414545767,-7.339506582589534,-13.394549905532529
C04392,9.931078511478983,2.096038664486603,4.757614903365177,0.13109621924441459,-26.284571056604165,-24.03029300586273
C04393,19.642939086349866,3.8774620347383575,9.363015636162679,0.6724332716780755,10.030261448539255,10.648873901868296
C04394,7.505038659929079,1.3500199178598926,4.7613832792282205,0.7290044972854969,5.530492588604737,11.948526576094963
C04395,6.075639064667961,3.01031941181152,6.087756088661112,0.5049825836111598,14.280777298910738,16.53923856888375
C04396,16.3985526256231,0.0,7.545776433554038,1.0,24.779936732218705,30.449853491708005
C04397,7.037580257180558,2.5087385555508397,4.219256004012951,0.6515111428500827,3.894212639841996,11.894111551530603
C04398,2.794514026843232,3.47976471327032,6.548034113900058,0.4958605890508336,5.762732716983694,4.195931007095315
C04399,9.558748156700483,2.311404383803266,3.880183216635028,0.8924241610006282,-1.553370025932339,-11.100425727362929
C04400,12.636612168968362,0.8941556175911822,5.149899793709398,0.46009168619304597,-6.42459683545696,0.8554485165596635
C04401,24.607516747224636,3.116273517979672,8.551221684018671,0.5417713713384117,-29.449233316094606,-24.77896206394697
C04402,2.002954128964892,5.720071392647585,5.813200387444981,0.5756435455367578,11.822137419878132,14.41739420583025
C04403,16.08930076247936,1.7536902499044833,4.918376485021823,0.7987562703225322,-9.834595438549197,-2.5152852947467625
C04404,11.051994010478616,1.9279223773827936,2.963705330500365,0.5902645962452802,-3.184425800278948,-3.5872379103550753
C04405,12.854162034225107,2.639932275514864,3.39669046738946,0.5228217860748321,-4.6812471365845845,-7.67621467349384
C04406,23.257807752877273,5.495655441444919,6.352958106426007,0.40641663693971386,-7.641123078286348,-2.1943332823522823
C04407,13.79444281527135,1.0002429226147576,3.501452774721841,0.5355127439682282,3.928792695186576,5.246703129866696
C04408,25.72055266225452,1.8462865065594196,5.668202898791637,0.5411349016669474,-24.055436463634248,-25.182667885286772
C04409,8.87038320050737,4.013324328574944,6.192734844221495,0.6028928632831269,16.57868264324107,24.188695651303604
C04410,9.97380726804134,1.1467657254837222,6.500074112840572,0.5835420821209312,12.56079479470911,19.242101368003812
C04411,7.958227302320452,1.7138231435326963,6.325358619705231,0.38484632381862827,-49.20218215618614,-52.016741555402376
C04412,10.422892877947543,5.662466832323348,3.27313824841771,0.921010299393841,17.760002329170366,10.454786039465207
C04413,30.0,5.618775035727623,10.893514347185866,0.3464638650030861,1.2154905275642252,-3.6386277482762965
C04414,24.263921977979727,3.8854137539259765,13.162928583466538,0.19721433860585233,13.335707426984412,10.39004754074185
C04415,21.150420703380558,3.492503020073117,3.998630063491005,0.658110881290888,2.425980533882683,-0.020741726439298613
C04416,30.0,2.11890808129266,21.170992505245117,0.9249199684905036,-0.656979798393504,0.7021580311866087
C04417,30.0,3.0066378951434674,16.72447329798269,0.7475569135566777,2.9824069361897463,18.22055811587686
C04418,9.309857998604848,1.8555580124328528,7.8374835079164065,0.7390695232398851,-3.2132730009012285,1.8509259691892623
C04419,30.0,5.27684984482967,24.463235104916855,0.6999334191233995,-28.52071292441489,-22.41393636596122
C04420,15.354364910437964,3.220065368931936,10.568126052236973,0.5736330131319821,3.749087204175482,3.601621950947989
C04421,30.0,2.767071341753805,22.01412631048131,0.45611541261278304,11.710855305821337,12.853079722126651
C04422,11.182883529607077,3.081426418824124,8.708180415255685,0.6366419097306366,2.798310065142483,5.364372072688914
C04423,30.0,2.046566166928474,12.91957398622402,0.8758178224177844,-0.4250559771117892,5.612636546104933
C04424,10.737095033717956,3.7704641025280003,4.961470487350268,0.5588058865993064,11.904221631900857,16.767385368629004
C04425,10.420579569171046,2.669542204716384,6.625223260814967,0.5062235841873746,-4.043276978049901,-0.517887877813759
C04426,12.602265743451731,7.0,6.6387732424391634,0.5554891905702478,3.6730269801864788,0.46383766015700356
C04427,8.742302156384067,2.3447505292763378,3.9748963940053366,0.8415047930938315,11.606734971437033,3.0910549007411614
C04428,30.0,4.253042464344626,16.499179680802094,0.6106409666033632,-6.024116272323518,-0.05023741224121192
C04429,5.941110084612094,5.768496577554064,3.4510659885125485,0.6775802432976327,18.157813606207828,21.817945213259957
C04430,11.543967742274287,0.0,1.0,0.3376147759379464,-46.41824983254804,-49.57359978812016
C04431,1.0,2.354928144698621,7.966018479021114,0.5347157557888568,6.1509279523877725,17.34789996735428
C04432,10.294154776533993,5.293461222321679,4.858930786537357,0.46955820184886526,20.91855599608281,16.69697604978358
C04433,4.412607734610583,0.0,15.35468412730052,0.3731178522425671,-3.3163963190822994,-3.4920306571473727
C04434,12.746808849395245,4.791673000612768,8.027847277734772,0.32508599561227314,-32.161687743610635,-33.383490862766095
C04435,30.0,3.4921069209400133,31.691323823731047,0.8406791504808475,6.285707925799429,2.8770654241211364
C04436,6.986985185184079,5.312296140854457,4.319420965260773,0.7007022806499141,-16.529281776116143,-19.096928174525022
C04437,11.683081630396812,2.551332341725063,5.4041464430247705,0.6899570402509053,20.980392275122128,17.87387446425331
C04438,13.633279244378569,3.3972929329167383,4.820745052171221,0.3800528799214575,-3.090996998259614,-6.708216066131119
C04439,17.52328489401176,1.245253937431241,6.43513392036993,0.43684045283649625,-18.571321608700217,-15.784720171369063
C04440,8.050658610717015,2.657792714153564,7.991364616927485,0.677859648507843,6.535799097067467,10.817545720675833
C04441,2.937349345017153,1.8341013361450271,6.77171335616347,0.4161451698710075,-4.535620770914095,-7.699402177087906
C04442,10.943447622790794,2.122217414788328,15.431280516896337,0.5527108383750645,13.01943669949133,10.515476336047193
C04443,1.691920737526802,3.2228466051157625,3.9998875092761312,0.4919493867080394,-18.705419427811616,-16.808988802341823
C04444,12.382903144504207,1.825011419112575,5.058034075567007,0.8502307386232496,-39.47348809054367,-38.26531860205695
C04445,1.0,0.0,10.182164270593981,0.8819013938918067,10.56175659338041,11.218652905060317
C04446,4.987549539436599,3.3668777318904244,7.772700845166294,1.0,6.075843707678822,7.0733711877350895
C04447,10.059867616980977,3.3256999485680447,4.974278682181626,0.48819804921074716,5.135297113148996,8.178379798948939
C04448,9.2198217580558,4.114460940019649,9.934058133102539,0.6848465556518726,0.010440894111847676,5.527379419126315
C04449,11.39723428478087,2.9905057200490814,7.651409686185925,0.6995473980590525,-16.544914372693267,-19.293493297365725
C04450,28.29134705464304,1.3755230806203445,10.89950468335362,0.7819242118861187,8.875271734396316,10.563481995192422
C04451,8.80143481993209,5.287793684867392,11.227330931566499,0.918649803562102,10.659629643903354,8.224000612411421
C04452,7.713595717579761,2.4915788663289398,5.779877314612882,0.4003466277511366,25.56693566097387,15.639130074281269
C04453,14.643779155630718,1.5452952137520155,6.390454518822017,0.46767231978371915,13.338711940656454,8.85791717966249
C04454,8.137196923757223,5.181659198529143,4.297796154419135,0.19466148921253046,-26.803102275739157,-17.85857967828743
C04455,30.0,5.5531178088178175,35.55681801779073,0.8059222272378735,-15.470653317730736,-10.358106687192294
C04456,15.476983779883287,0.0,2.394435739865779,0.37134512331922453,-30.203225238485036,-40.25210588161739
C04457,30.0,1.6087327417311716,17.21676958527,0.5407893466471249,5.484155275033925,2.0224219857275108
C04458,6.1180298093360985,2.7249975901952745,1.0,0.7853584910287635,11.245658157118164,10.390701244494359
C04459,9.509695770786053,3.4176553704387493,1.2566718721831465,0.2176907605673653,-41.31973272674642,-41.141877785059506
C04460,8.578850085686437,3.981320454596783,5.855365633568251,0.3082597845103316,8.311579207379946,5.502442483549045
C04461,7.963499582732803,6.777125980691306,2.9333898641036638,0.46479956823742663,18.86881726242777,22.80533767765001
C04462,7.321073848079523,1.3564383526680555,4.878469398844176,0.6384972633612523,8.909663247485577,16.533616256841142
C04463,9.326291654931884,3.2356896340891366,5.256346804615999,0.5945173593427889,-4.384582718541882,1.273480383264923
C04464,1.0,0.7875498810639021,8.555275289836706,0.6581264531113628,-0.6193329959013569,-3.3546292107578433
C04465,10.730502808006632,3.340344657677783,14.307797702743244,0.8032835734200848,9.605878951490958,2.745876175781576
C04466,30.0,5.486587081572111,12.406232174924396,0.6861784361547872,7.113195518524668,10.128351575594726
C04467,14.64261537269737,0.0,1.0,0.5400404388224805,4.591205230237197,-2.8465372159329068
C04468,13.462436904138817,0.8445370277105781,11.19757798114465,0.4880148386235808,0.3430199727875447,4.014634974910318
C04469,9.674858533835241,4.17492134101183,6.226694797309122,0.6923213500254105,-4.001356765765282,3.131501911132184
C04470,10.15962258624464,4.213336243574238,5.089757090867472,0.4629675022736139,-44.37612977843119,-41.78953954381626
C04471,1.0,1.75611967767199,4.442926539320756,0.8039021907387022,-4.217551711098194,-9.617145532699404
C04472,10.704942158087132,4.225455750620382,4.291078618135948,0.5812391946134787,-0.858753373396338,-5.761229719228962
C04473,25.48195671610509,4.956919572271648,5.584205284623828,0.2699996700174503,-30.092987821041213,-29.76499165085832
C04474,30.0,3.827195843659049,7.818768717029833,0.6473319623487441,8.678224006673636,17.56198864561222
C04475,5.307203007502006,5.190630920329966,2.997765238323469,0.6048659920167534,7.410823109553624,8.117744183256923
C04476,17.70624594684833,3.48601616231558,3.536476310186886,0.625081654823925,-11.016512446137138,-16.604369404552752
C04477,17.13817555711086,2.6067809694829736,11.694006242023146,0.2838783969660634,-27.468886500817074,-28.030745985078223
C04478,16.698576545483384,3.427334905863234,5.355235472090216,0.30180013317135046,16.224119068650538,26.78350203451701
C04479,27.878141078862257,4.2650415456935535,8.713821352635282,0.9741670834446157,7.745423004337544,0.37306002753933853
C04480,16.520946118698777,0.5818007860120025,10.830918069835661,0.4634392627874454,25.709362649751903,32.482512784859146
C04481,20.04292782648207,3.4051626807561526,13.229779163533959,0.5243467654105435,19.28854684739792,17.622855744081477
C04482,30.0,2.80693862302578,10.111950312790903,0.20725202166624845,1.716673310363423,4.136808983723138
C04483,1.0,2.203696886614854,5.228981198331155,0.643659482746505,-0.18214823987534423,4.478321215916745
C04484,30.0,1.2973896249262789,36.67985196493558,0.24974273995468893,-5.068145098790078,-8.79186892904794
C04485,24.591079164951232,0.17862308682026873,19.396699313490235,0.5472759969206732,5.534041918946222,11.403799401237066
C04486,8.861966215438487,2.2245391502776983,4.092697276175662,0.644950039251392,8.56385827601411,11.027025301294799
C04487,7.997964578697869,2.1066215195499987,1.4181440022975282,0.5012619031511265,16.906430402442403,23.801191299933453
C04488,30.0,4.4131428602630205,5.905822789597856,0.6618148446448668,-46.539491203436754,-44.518142077618926
C04489,14.177576758655714,4.694434452888423,3.4669488991249175,0.5587670756410781,-32.3094230095439,-22.711006393752672
C04490,29.615114244953197,1.7201536078170863,9.818040568489321,0.6845837999394826,16.34490508731413,8.11504967843931
C04491,6.137276719632366,1.7062629956107862,4.227189624422364,0.45334368754736387,-45.339393026162476,-41.8301882363695
C04492,14.450135961392638,2.157016803346346,17.032137991649094,0.6880799554539623,9.6361022827532,11.049851409845115
C04493,24.008234927046907,4.678723782326558,8.968900488685438,1.0,7.258315955839363,1.9340098312439178
C04494,24.32864248822394,1.9928967382755196,11.14392412221185,0.6519939927946113,6.243600196567429,12.765536513112728
C04495,30.0,5.945250206292198,9.62583810247018,0.3302812546916906,-12.518403334004038,-18.01170190892804
C04496,30.0,3.188570544394019,16.709317722875085,0.499896321262222,-42.80223283373336,-39.216247688314745
C04497,30.0,3.6640281183513617,1.0,0.7469503810051689,8.525728702774703,6.574181875039012
C04498,13.253338751568606,2.2943377161655105,6.75673182398554,0.4578279930324114,9.444874327320873,20.882187797457576
C04499,8.854376018477465,5.42889985189238,8.223832472181238,0.13267359368724901,5.70084170673217,8.87495336443308
C04500,6.1127937985956615,3.651751059847733,3.597703744242404,0.12144875550793027,-8.940087252660316,-5.640364999108694
C04501,14.019461672352147,2.2797593425708547,6.250958898200556,0.533364103200505,-18.778348142737613,-10.478295677589246
C04502,30.0,1.0221795582099154,42.172170220287114,0.548677696016254,-2.628536674172649,-2.475662831900873
C04503,30.0,4.030606286204905,38.13861784481556,0.8550125074293258,5.854340594015262,8.497221811934326
C04504,5.874594983005269,2.039527935337013,5.580834415211322,0.4685127724514901,-25.853391396679353,-32.348101093602324
C04505,10.018825964605472,2.7335733958368666,5.966830538452824,0.8838197132551374,-2.7576626521936056,-2.472859224287076
C04506,12.968215312932028,1.5954284908228809,4.303071681139294,0.297403100745416,2.974245359593857,3.457846823521324
C04507,7.976852664397389,1.616896232990849,2.3944837291228867,0.65095866844965,14.809983408556109,5.421903228932866
C04508,6.437030093890419,2.0842660725457787,8.048021749627429,0.6740268050919108,-25.293389273586893,-22.940434044779728
C04509,20.669118668314624,2.902792963448143,12.380729677102183,0.6405419455927253,11.47445311829541,18.41224271161336
C04510,24.67646303811111,1.2184134401625775,10.821411408721533,0.7280858089152893,10.892528022665115,15.310709677681796
C04511,30.0,2.62113422584001,1.0,0.7326652814268362,5.0411186563541985,11.53274602128937
C04512,19.464512289756932,1.9203533034823483,1.6776057827805348,0.3329551146033811,7.7920913647901955,11.29360550730097
C04513,10.503351106338647,2.8178646933085645,6.037670894202757,0.29134352155725374,-38.565321552410985,-38.24570420658214
C04514,30.0,4.3749971166661865,10.843025588077191,0.525171096348011,-32.98833346993295,-42.021148477872856
C04515,14.4167268211286,3.3143486091028436,4.91384571721017,0.9007569775110431,-28.709057362770448,-33.050971433440544
C04516,11.982714083334535,2.087473049433937,4.371221146030465,0.46761948333522946,2.1270217331810075,2.642311048373711
C04517,5.163774128699348,2.928070420071822,2.673588331199282,0.6529810436820983,-58.56156863692368,-61.29014853957901
C04518,11.737636487393706,3.895638242875589,7.982978883920433,0.5799657198766135,12.217300956879466,7.653300706249343
C04519,8.95444267731686,4.051566059203288,17.844746377061227,0.6861601102317826,6.140259092606405,19.70660805929787
C04520,17.00708998584059,3.3116148890923442,26.107565509107452,0.5562234750496272,-16.790301129102517,-9.589783779978388
C04521,11.365996558924865,5.6963229152036625,4.674667720881834,0.3762399655660317,-34.79957313322609,-23.861754350453705
C04522,30.0,1.6746563543069892,15.394325177090774,0.8167732456585017,8.708663549234751,6.09257955816055
C04523,27.17962097852427,3.7906108569085104,7.0254381072077345,0.5582379283477249,-12.896444093676031,-13.316852649217578
C04524,13.522671575829122,2.8985572339762657,3.666488452028715,0.8556521046447245,-44.47462219547352,-46.43300215402128
C04525,24.359270992782818,4.528518582912387,6.443972546330992,0.6603122130786466,-37.69777598597561,-47.233195916348436
C04526,24.93109539750427,3.015067370195305,15.307088671840928,0.26861332743209926,-43.89012171366853,-41.75147923972777
C04527,30.0,6.12555078895776,27.499277089318213,0.7316654856373597,16.556263083936194,14.241773386786567
C04528,30.0,3.1336171738224605,5.153760411620098,0.7042570211603904,-4.7655556484905475,-7.310635918439894
C04529,11.685879846087033,4.099585065915214,1.9475983419809615,0.6617481478779041,5.541624563202313,1.6783325275366194
C04530,30.0,2.700166204919713,11.294098901626974,0.8619582762918409,7.120850140641343,6.819611050368261
C04531,10.623514484768732,3.514172939105472,7.950624407859639,0.2808662432959998,11.631573591384761,15.519995117917292
C04532,24.479933931799433,2.08249230150715,6.542305893527194,0.8286432986896538,-33.35347991730196,-38.0566451806191
C04533,30.0,3.6439257361190984,5.820302282852311,0.5793570137073363,-24.12726364730556,-25.843938664534033
C04534,22.503856145951964,0.05526916680387339,1.5804474335577812,0.7019662797178807,-38.006939271582624,-39.28530808635226
C04535,2.4279538574954085,2.192737544920438,2.7322077583073243,0.5150794455330872,-12.157200559349718,-12.827762684928178
C04536,10.071716294597548,1.9642727913974274,12.054059490581498,0.28555636085879244,0.6364323523486437,-3.529399430486226
C04537,23.323061616192543,5.855886480803678,4.241666600917301,0.5354336433057678,9.643440239132012,12.348206218112605
C04538,10.499820138320285,1.9112981701924763,6.721237019813795,0.5561178480313012,-12.394693799698025,-12.33023144968887
C04539,26.94702350055138,2.274002795114512,5.477855678689315,0.28467254658581204,-39.09485909812862,-40.458256051494885
C04540,4.6735760274603555,1.8572537813645402,7.092310030014875,0.7278657466319021,1.497908256939132,3.5306202712929338
C04541,11.700699700301682,3.616730656013978,2.3656856293410313,0.6261785860790711,-15.60055843181338,-16.21817585261558
C04542,16.65092712652863,2.501687145344534,6.752724382666083,0.9907775145403321,12.006937177981628,7.874767771571496
C04543,1.0,2.317178478546632,4.108533968270665,0.5798737034407807,9.857238803866663,11.253543644591998
C04544,11.04464238763076,6.207883917034862,5.559610993648481,0.9574543293571757,-2.872072629921502,-2.2309266083729327
C04545,22.008998569215237,3.229646045564287,12.506420834475492,0.6981582925782744,9.42680772829102,-0.2762357882320856
C04546,23.23321247042178,4.01707149333939,2.85219762454407,0.5832485200899059,-16.94374829811823,-11.973097830410197
C04547,20.58403635266293,3.6103907270230993,3.086325664056449,0.7464439404204241,0.6529281403097,-5.575614565035671
C04548,8.688652165294037,1.74063530126726,5.704417876953317,0.7273650029099467,3.3685473013078124,3.38043789798373
C04549,7.644957285951833,2.1323773061518656,3.66519916553846,0.4525917512599129,3.2260749675377776,1.250106090375198
C04550,18.254560354510907,1.318569919391353,8.790160977583875,0.4209401199404049,-10.345821667200914,-9.485682575185038
C04551,21.838665532630117,1.157369471625895,4.715337239964209,0.4543399739780082,4.626557422660398,2.0700154729843216
C04552,10.792940199912035,3.051723697985897,1.3551588370946104,0.7496418063134399,6.316811306541275,7.761518125059066
C04553,12.893726094981828,3.151030581416952,2.4749294182280015,0.7313530297851276,7.334679696573694,13.871262486660394
C04554,1.0,2.8077676828105056,5.04911569317453,0.914410598384308,2.463733004245702,-0.03342037414979515
C04555,21.125152006352387,3.5640541979368168,10.831307248758407,0.6167645155237105,24.74895992918912,22.797359651151663
C04556,9.13607296298796,2.7500986200687443,9.151478391395553,0.7592999269780714,6.836176380701335,3.334141501297923
C04557,10.46305311664813,4.858726819407666,3.5914544412854026,0.7651970416004452,0.7265744185373295,2.309552009062271
C04558,8.390583672038385,2.249779320792179,5.044204137234087,0.3402860779935356,8.142199573150748,6.838772051985508
C04559,17.67603798401709,4.470452684455553,17.693633063635787,0.3293482374001088,-17.543846312463096,-16.94939806148393
C04560,17.27447263457568,4.133051307815612,10.27172994361594,0.7434944995646854,-5.991568789017556,-11.84022186147915
C04561,17.544852795780013,0.0,9.301799854771481,0.35264085500862524,-18.272020095880237,-17.98336579444112
C04562,10.61916443228421,0.7361909414626315,6.77860282112408,0.4660791427114533,21.159309265358097,12.223126933182495
C04563,5.086039417040924,0.4125442693151342,26.96631085605279,0.7749685664633583,14.988691420948339,17.532864905512042
C04564,4.128018367801667,3.453163352102461,3.316701331196756,0.345546256356137,20.01127095771077,16.72570875775647
C04565,30.0,1.369516068816933,13.659308278033595,0.3544201259487334,-16.654486072231958,-18.656067103463563
C04566,4.691261849696495,4.565694283222235,6.831070131991552,0.5762525233941037,-5.221441196675682,-4.594052665609976
C04567,11.168921374136774,1.3586298070243625,5.673139692902534,0.43401432838960124,12.04611051726642,6.755914771260678
C04568,30.0,3.2649474053239835,3.0930200020159075,0.23789764150263734,-0.7881760057558544,-5.928468336150402
C04569,24.723955095166463,1.4793632451548326,13.252585126899438,0.49442385349001866,-27.71028747304119,-15.733676508817247
C04570,25.46776951087551,3.857723563453736,11.886442243262671,0.6075757508545718,-32.30140301091746,-32.38407182898593
C04571,21.70847452458592,2.5211834044624974,14.480842720482013,0.31241650273228566,-24.57790194882309,-19.934666286681754
C04572,13.710530875250953,2.3228305979519526,1.8676905307783787,0.646791178325286,9.864847684074176,6.579727309057484
C04573,12.7360384233324,1.9684862549002349,8.217632256331843,0.7485601833609433,-12.524825628886003,-13.413209144928286
C04574,9.201586761589013,1.337816473873982,12.874777546730831,0.647259960559121,-27.339191024450773,-31.00445392607745
C04575,19.105560668170593,3.5413746950692464,7.311820704877891,0.35977322477628637,8.260130923595064,15.175718673644784
C04576,17.751543297380827,1.9791811127179473,4.771333079566372,0.9205351239404698,3.2927414289060786,4.580616396054777
C04577,5.07547254440038,6.591164346003757,4.78425043438175,0.6952389525711966,-2.9825950747650243,-4.798087417086773
C04578,7.815879184397394,5.385989174595467,3.9963322555478746,0.5125775808414241,-9.170991468523702,-6.529950723684449
C04579,8.092496290831374,2.597796455562554,15.336451105510813,0.7660254100040805,5.955160899385019,2.6139755613772064
C04580,6.2334394111282165,2.3821193011306523,6.8743734398694425,0.5382296478940918,14.916212623488223,8.348870724699331
C04581,9.34723598548088,2.708089778942456,1.0,0.5814193384034235,7.922028063302992,13.631576298424575
C04582,18.523174768785,5.249855195851572,15.071267819334974,0.5390203170357255,12.228446491003174,11.041244683729824
C04583,1.0,6.155479458922613,3.8402981283057427,0.9154915332352499,3.7726935051540886,5.640328617211007
C04584,17.690746825782252,0.04930687514735821,17.810703947322835,0.3835137204440779,-2.9195610239080905,-4.2867819282524
C04585,30.0,5.005385345691206,16.32125851409681,0.7840874588380716,12.564530148341381,14.564721281319503
C04586,10.712098082343843,2.566386406540446,3.486887609419624,0.5797839479737572,2.6629957890193836,-7.064857589608055
C04587,8.77651965002335,1.7656371908857267,4.371642359378709,0.4960081899248932,5.5103820206290415,1.5343471196036127
C04588,7.157814247530145,4.677593010295475,6.768427819598866,0.2851690221340339,-47.390647937557546,-56.48825357616004
C04589,10.7619536735843,3.1223479987294542,8.508359237506856,0.8939662654687907,12.549901495932538,20.877187958045234
C04590,21.069029366855265,5.0521131334274205,10.69006677439672,0.7164143913297183,6.03226120200278,6.78012149133783
C04591,12.258050431578582,4.4277992883769155,5.878619902714139,0.33284544215046746,13.794944654980526,12.148080909803237
C04592,18.693858272588937,3.4980737222661995,3.9255240585914755,0.7583540098087124,10.387062413561754,6.160565804127333
C04593,12.584481656577283,5.434011764764072,17.93455855884625,0.37769946539077615,10.592533139418954,16.235323349600343
C04594,16.483632447156143,2.7719791184702287,4.413640918855264,0.5752754372256339,-58.3480140423012,-49.47479030848912
C04595,30.0,1.3546642368275967,6.713553141822544,0.2003535751496326,10.904380374218121,12.549404502526272
C04596,15.9540514233552,5.876889548363512,9.802561391345023,0.12056893331999408,23.324920284953016,24.512284348183304
C04597,12.694874925963369,2.644549299891659,15.052936009852083,0.6572462862273128,-8.460224633226435,-7.093590254123542
C04598,14.11745305380224,3.2602122749802915,22.108406472796922,0.8671058358569466,-33.07467793923243,-35.66890145403519
C04599,10.163466137239116,2.156257925191988,5.7321589986732935,0.8590333927535231,0.2005535900876838,-0.5842957935451321
C04600,8.562431154785372,3.151081437185241,4.2655984190381435,0.6096274768441734,-5.6527968129063595,-14.760480234262017
C04601,30.0,3.4796814473618607,13.152889694417876,0.7544229275211825,23.134606485632688,18.027927508422735
C04602,11.764988897491218,1.3319184489943814,1.0,0.4944756658248032,-35.171239485623246,-33.30369895761241
C04603,1.0,1.364655458957005,11.733955269409064,0.5921721993527903,-21.250487939619113,-22.48469750038788
C04604,30.0,1.6753843867274947,23.53163872384263,0.5413039858617208,8.598949978947205,14.591614015822898
C04605,30.0,2.808855152668411,40.49871869487738,0.7656163950381736,-5.300358240972184,-11.288364075755492
C04606,17.695208989487153,3.6497753230262155,10.749700575921695,0.830346216586739,9.752431852064529,15.140175033292545
C04607,30.0,4.9442370376105025,19.839248334834807,0.6653395395208428,6.424016068592746,3.4775909232412268
C04608,7.177880567516699,6.675249055247367,6.3837404078901585,0.3661652773223877,13.589867945519494,10.499540497027514
C04609,15.18701739955564,3.269276095870522,5.168650566846675,0.8216843407643286,0.6008163165518257,-2.4886519217291094
C04610,7.226792933135902,2.3232679993777747,4.786967336136834,0.6611464132037715,10.772053245731321,7.055202323801623
C04611,8.349052434706861,0.0,7.117444155937639,0.7565889018237615,15.157875350841795,18.286033320685366
C04612,19.74117497666879,3.388434987607115,6.080066847927938,0.0,14.20232428993743,11.42236586302015
C04613,17.05033531590845,2.7445568653346712,25.429790931357626,0.25993623841902447,6.567873153205822,-2.7200457289946964
C04614,20.938189211405817,2.4644178019033856,17.278165000248705,0.6521212632430092,-44.3980843425896,-42.87851381759328
C04615,23.48059555326452,2.014310732543861,5.533196510647579,0.9162528944138221,-26.84641848000973,-25.10102636090458
C04616,6.918651644574011,2.0612683549063027,5.272561060325007,0.4130763100875927,7.794197481797973,7.203461271680446
C04617,12.344765387495006,3.49294618198672,6.96357538423394,0.6237688008791741,10.783193879274773,11.023937738101266
C04618,30.0,3.963250474141899,1.0,0.056295729038419645,4.994869568136028,4.798087193793471
C04619,22.79382113189333,2.960599495340292,1.0,0.491091384100573,12.62564228704829,16.093144710406857
C04620,21.952155100157704,4.180459243184008,5.18885426024313,0.6560990091499423,15.361721463418665,22.599273695027478
C04621,30.0,4.930321965542202,39.51932171967946,0.3724507303070837,-43.079845351635264,-48.93181785778397
C04622,12.475190143055883,2.860466903052912,14.803782841166562,0.8473411794904273,20.492885892076384,29.916517971770222
C04623,13.690109581590084,4.834716538444701,14.149468656598096,0.5548251292431763,-29.998016400038857,-23.051737652338346
C04624,12.31295261338477,1.5714734571853273,6.567543715310959,0.4890199929573337,16.795605096285946,15.36099888039767
C04625,8.15552759200672,3.4346861881815047,5.537112253167484,0.6740953072353545,-1.6256961677707409,-0.12934165933380526
C04626,19.49586625248435,2.4254888674859325,14.825266400255622,0.8228064395161112,9.989199169080088,16.526248183163062
C04627,1.0,3.73705027638664,4.599722078128078,0.4562128865633459,10.275310411413756,13.637958647487505
C04628,26.710653996873514,0.0,7.471919070298835,0.33771375963055794,-15.15114677978058,-12.23816413952489
C04629,16.626418741242155,4.765278410433889,8.731271339429906,0.27543381892527186,0.5672574267755062,6.107403073918064
C04630,13.06052891071289,2.9277330803322315,4.753280001795164,0.553381929445186,34.02231884921072,26.48228057004267
C04631,13.828696872152673,3.651223566543093,6.181405862007182,0.6776287434041022,0.025489922780297825,-4.454477764939805
C04632,14.627332077220858,1.820753397643937,8.013149079530091,0.433023402862813,20.11951800287401,19.403804430297278
C04633,30.0,5.504118490596207,21.612112007451756,0.804545866139862,-13.086813656190564,-7.847122881089405
C04634,5.547264607541342,3.5169128824964426,6.466455035548956,0.7273503238090904,-57.90952064977118,-49.017451102987536
C04635,25.207672613793342,2.430376629584081,8.107429209788613,0.3479468659798667,-34.793585450594264,-31.385562458129087
C04636,15.331707131722752,0.0,5.376867912646254,0.2972377349780965,-16.691722972858024,-19.25084843695276
C04637,4.580880323621502,2.4782865474799145,8.20796850851315,0.33140234964751636,0.4981710462603681,0.1693733397937156
C04638,13.592476751946698,0.0,5.543187871745718,0.5377795974565771,11.935196053549928,8.315312539053506
C04639,30.0,3.191531153152268,27.64085586863586,0.8986862692509516,0.5975794962049452,-2.203550958792224
C04640,9.446953154740104,3.8862568319473487,3.9264020488427738,0.4837071513777483,3.1908150629596355,-0.45727489562905
C04641,17.36387287913653,4.063154082980955,15.15857983839048,0.6535486483762325,-26.828438423109947,-24.058202018081595
C04642,11.364664885443917,1.7130478217704947,8.344531171907942,0.5834586033354311,-6.840880404164654,-4.708126786258859
C04643,6.786221037197096,2.0506152055764915,5.812227147741102,0.29987554884145173,3.1619379682011006,8.471471857713352
C04644,30.0,2.8604240584517817,7.891667145677504,0.6933810197766002,-32.00470208780289,-30.83112539446589
C04645,6.715561743147715,2.1788623995754035,5.757659659648468,0.4688139531095727,-1.8438825780082428,-3.7838960376375113
C04646,1.0,0.5102444030163062,7.1836821658237415,0.5712309663165109,8.574325446712308,11.060451776865229
C04647,11.45781077350058,2.0696883070431547,3.085214215527133,0.6531067264013868,16.55449756859627,22.606626031481873
C04648,10.445905317605156,3.5989862511160586,6.394313993092107,0.4582990740031582,-62.03977386465007,-58.886431457350035
C04649,12.668786729928009,2.310556901654466,1.0,0.8151967692048888,4.90246040776905,11.6411311836546
C04650,1.0,2.647386868519474,24.860668492191735,0.3754467404310792,-31.266394671413703,-29.920896070607995
C04651,1.0,2.21961630885229,4.24968506569329,0.6340547582701874,23.02362072178535,15.90018424852207
C04652,30.0,6.512598129160342,36.81018736889634,0.7584364501460495,-1.1623753841314937,3.09535282981399
C04653,14.392832046394085,3.188160398053259,6.004531224583775,0.3562821408205163,-1.5658127862241233,2.475147087005708
C04654,1.8344015805245597,3.335567381089875,6.584822302442449,0.6868221997610942,-0.26672286446481763,8.255868834470519
C04655,12.242977576681756,2.1428477350461543,4.592036540059269,0.3508403698672753,-2.448779436257265,-6.341531515371473
C04656,8.771158346175048,3.709733351323726,6.671451595436929,0.6632030341228745,18.719959422727168,19.92190116757372
C04657,10.794182143844791,3.1470507968720973,4.970325652856869,0.01301072634459536,-38.06266099477465,-37.101039486080666
C04658,9.868170030864567,0.38816309497285406,1.0,0.8205061690884212,13.187041895803015,12.04324092287706
C04659,30.0,5.244515945075254,23.88935794154627,0.588140374757918,1.2157470299050734,-5.8929085973103135
C04660,19.776529867536556,2.835325113459538,2.5581516362873495,0.633995048830964,-8.547116056372229,-10.263074059732201
C04661,30.0,3.804030456103438,9.185808061953626,0.6404868379647508,-8.561118900829772,-9.784138321960935
C04662,10.173771644907895,2.0479661370771574,7.765851606426307,0.4119769167161736,-37.17978222861148,-39.28089290155358
C04663,30.0,3.6705665599825053,27.10667397358625,0.48312854885635176,13.63265993866847,15.668341442627462
C04664,7.798278182792428,3.9993314495849797,5.137962200126048,0.6182164785184829,5.4340305044648165,13.345232398492403
C04665,30.0,0.8034827090881933,15.91775465498758,0.9100437901622279,6.563603083451379,10.305807323152042
C04666,8.819593727051844,3.7822637258777836,4.81814176764138,0.743869754072551,-12.57702423158442,-16.697843373273045
C04667,8.878303802413996,2.8392272010012594,3.9207328941474486,0.5059291866730133,1.7384382568279584,6.849719273194742
C04668,5.59056551488216,1.4578886038540697,32.520714479839704,0.8173795759780607,2.667376869167205,8.342525665849493
C04669,5.4862334034183755,5.509223166075506,4.438848850486553,0.9512963837075403,1.3698704071224976,4.343160771515751
C04670,30.0,1.6001498570307766,28.794501674753697,0.5562528652554162,-4.758084988957538,3.4333845560602345
C04671,1.0,3.350419130416505,4.768387101613484,0.7040599905231197,24.487898961583163,23.687055716853457
C04672,11.369815556679368,1.139228795273513,10.309556383149632,0.6307975755513697,11.130346456340169,22.06958560645856
C04673,30.0,1.348090941507867,21.439158923463264,1.0,13.789036693476383,15.20162835512312
C04674,27.965432647361112,4.58877295006008,8.466170562307855,0.7303563411180299,6.352655306699383,-5.1748022854424764
C04675,3.1478782346364973,2.473346245369661,9.919159167395883,0.8865970783414425,18.7430040517255,29.88018716965824
C04676,18.31255311237237,5.163685220231301,3.8022785030930484,0.9511709163404711,-4.042468993527757,-9.811987946730762
C04677,14.195251943219269,2.3815646804490798,7.8492510962365,0.7392075775819439,13.975935759726802,13.486592099915816
C04678,20.4014782157608,2.3164470132929162,1.522376801436418,0.6407857741687915,-49.30192254219574,-51.45355895930831
C04679,15.532526576611078,1.8581876814250489,6.673328649321625,0.6628129534196538,5.967745048334054,4.5914028032250425
C04680,30.0,2.2615504078835937,16.624488350779398,0.5486673475659997,5.502400323788668,5.48386490417446
C04681,12.093571952565522,3.9279453960705695,4.159824660211658,0.25869757637692115,-29.234300208083024,-24.39181547811246
C04682,12.235949314315583,3.1299945888520035,9.108098585524893,0.43580071098464257,5.553780857417575,7.85226531822834
C04683,22.61306449450844,2.539304601215819,6.372666735635011,0.28175487379705033,-16.355330970898976,-16.390696485581397
C04684,1.0,4.035308765039854,7.204540236543562,0.6045752003054662,-43.109309705195855,-45.36085161619839
C04685,30.0,3.8256556237924935,33.13206113407465,0.7110159046907226,4.678411839885468,3.807103047217926
C04686,30.0,2.5806725921810143,14.20270661234617,0.4073368715395561,0.40390110928513323,6.020272432894211
C04687,14.827264062174986,5.286617261229334,2.2053199691882526,0.4982434372685818,-10.230371030535279,-8.904918414682541
C04688,11.035340545931275,0.6873637315891767,4.450259252714338,0.6069673036721274,1.870891861764441,-1.7545135974138804
C04689,7.793533702395514,3.6088558612368384,6.376373883180074,0.8879692334844657,11.594277861527576,14.478597163569226
C04690,6.023168714370664,2.815774835178622,12.394857323538806,0.621604850560727,20.395003656083766,29.07310034119581
C04691,6.237478812939051,3.754286032879385,4.956181762184264,0.9292417772455513,3.92605037045774,-0.17483281570352283
C04692,17.760180404920884,3.156534619003841,11.328498827353542,0.0,3.007282921981983,-6.1091786923558145
C04693,6.482070663738038,3.394176079909937,5.040901289783565,0.7403542490970978,-40.725750097938004,-40.497486844224916
C04694,1.0,0.3168320798853257,7.803629291991281,0.32436148720561975,20.833944262081722,23.855434061752614
C04695,19.883264493339844,3.3390970178986996,10.477917023389235,0.489586913302634,6.47187333275636,14.32139633527165
C04696,30.0,4.563713392275155,16.551713805736192,0.4289771271883155,1.9349436216355098,-1.9462642303547488
C04697,7.575834064919285,2.094171597816512,7.158447591930828,0.519723679190634,9.759917532883588,8.71308139795311
C04698,10.820625336312798,4.494156729440418,4.01764247340705,0.6429730016595501,14.769309525396006,12.654186822964773
C04699,7.720363940624001,2.4700799235990885,4.092969617008937,0.5049145876749456,0.07870927533690164,3.6559702407470183
C04700,15.386821466578265,2.1108645708383857,1.3197354464938686,0.5248593451668769,4.341629715315413,-1.0912368255002978
C04701,6.312761533218621,2.145704100824637,4.025516766899742,0.6119658279579735,2.846160032677478,9.926297409667729
C04702,29.443269691940515,1.468653554791103,25.772697448295233,0.27639691120446414,-23.824305366543776,-20.988478905031158
C04703,12.419163318673714,3.1076981629722553,3.5510382494200607,0.3504560837074025,-12.809746187555522,-19.003177252937398
C04704,10.885164113801764,2.0639501080264644,7.254358085600682,0.8875730902331598,-0.9505489658098245,-2.341504369612022
C04705,21.617670746240726,2.178851058968315,5.7479111875030195,0.5311301523685548,-62.56669214321046,-61.762666996605574
C04706,7.201050779185202,1.9735551498762771,5.165343726796128,0.6206061337839637,8.408351876220431,4.776857744409002
C04707,9.934557263559384,3.490688141640727,6.786262035186324,0.4633067583728931,5.956854584248276,2.3602798558678204
C04708,23.80621081716906,1.101371946496216,2.8295477684144315,0.7157568560131589,22.736777303533618,19.359169729573335
C04709,30.0,3.8882331095351965,13.282968411330419,0.41273525500793845,-9.887938379182803,-13.384104813460443
C04710,9.418991658919458,3.7531446614478514,5.49041614729297,0.7303714816701441,19.57737364209545,8.91292367506122
C04711,12.115326689108153,3.7626418036723193,12.35393055765574,0.46502012212395455,25.13815106717132,29.662993215102944
C04712,30.0,1.5291222933558437,1.0,0.618405212129128,21.102406462858532,27.49603650851269
C04713,11.31453230503601,3.3578778726415033,5.357541813173712,0.9419779225698522,-23.418443973477196,-32.09340281541634
C04714,13.624405788903271,4.955234790291147,3.4932418161895393,0.6377522339351935,-26.041906157654928,-25.393162941543423
C04715,21.50736616457034,1.188488703142676,10.363758455963378,0.5628298051045227,8.198343523945875,6.544308334002606
C04716,16.13391630840495,3.271655999098533,9.767759177376615,0.5722545328341045,7.754800381752162,5.999093570669352
C04717,7.151228667683819,1.3289071115632298,6.71718950756362,0.8291823174424268,0.20224125350125366,-4.286100857228453
C04718,14.03322300978423,2.589865954277877,3.6168769394320797,0.3694819046542446,-12.476890918897535,-14.381747146476727
C04719,7.724993152213013,2.9511270896057518,16.948662872717353,0.5184957026924746,-39.00102122351256,-27.765138449572373
C04720,15.24518824810935,2.050023566437874,13.080192705252498,0.5105296191357743,-40.0966146414149,-36.334807209313034
C04721,30.0,1.8741111655077274,8.33928431169389,0.6593728348687162,11.958135702549201,11.536877800762326
C04722,15.847199039835829,3.38414393703012,3.3659453499594685,0.5223938192888752,2.1609851755910494,-4.86254852123499
C04723,22.001853992330034,1.4847776868087683,13.00653383680883,0.5909543728008843,17.419222180399252,14.984212374398961
C04724,15.139529190957944,3.7747085055583938,10.16049724803765,0.1643257938169025,-33.15152070220394,-33.292206030100274
C04725,30.0,5.612415818727248,34.149384715510976,0.6743861132784907,-31.710647444947746,-35.98199384704521
C04726,30.0,1.0832375389790665,28.103531919672257,0.5257410187355775,-5.567511723235816,-4.5092599929653305
C04727,30.0,0.9933122449051206,1.0,1.0,9.90113921913819,9.20147976915969
C04728,30.0,0.7266304126355401,21.11489920083916,0.5747836157488488,11.066074012748018,15.101866288022276
C04729,30.0,2.285543053614425,25.523936016815636,0.43961360125018706,6.1097138729401745,2.193906510474661
C04730,18.447601025814365,4.287116334245397,2.8528964148991216,0.3810502520577802,-6.595064879571108,-4.176565631249478
C04731,15.03696989090258,4.4216997125773805,13.876539365425641,0.5617609189414043,8.379402243551075,11.261891818919494
C04732,18.031964716235017,3.6319290981774652,8.445910446974636,0.6140621719476087,-0.3861567588855159,0.9958718032764104
C04733,29.955708261119547,3.3005801172989777,4.641642285784882,0.7179672603088075,11.986792235475612,10.77106857033252
C04734,18.13017572009327,4.913701273667557,3.725660785408652,0.3701355662289971,2.7437855744966915,6.044110992543391
C04735,5.734185633737131,2.266036733072123,4.1221930497184145,1.0,-32.661388800048435,-35.658941778400525
C04736,1.0,3.838155340554456,5.64454281121522,0.8614109715063097,13.344157886144659,3.9875316263312097
C04737,8.746305578246357,5.978001254743141,6.8665007711417685,0.8541083376769605,-0.8319827178167092,-2.7678753433792798
C04738,15.30504234605545,4.850868721130938,1.740727357681127,0.5878234024765553,-32.16374603891805,-32.02423268920077
C04739,30.0,1.3186641364492644,30.220793082153353,0.45920415749484317,10.253468137033988,6.124392911671197
C04740,12.263338859559555,2.1313615520664952,2.6760398593575614,0.5291267851538709,-41.4884972245489,-41.976072265334196
C04741,4.375898934503195,6.050760879908972,5.5054335421556075,0.5969978866994937,16.96458860578298,7.7852563229088005
C04742,17.0588491402347,2.1365773321924166,3.75243370128649,0.8143848261424584,-7.753147621396668,-4.678130846083398
C04743,6.056734152516384,5.397641651537604,6.9100777980793655,0.4546019393946332,-21.706622698767845,-18.754304148419944
C04744,18.472167959967994,2.3524865064603766,12.753925190982116,0.549416818752871,16.655578998517754,16.51956729180302
C04745,11.015135162335987,2.7015556170600235,6.222733060645154,0.20951916360421077,6.817639139877768,13.155377153096968
C04746,13.454736619236854,1.623227651151227,6.337556872133824,0.6415132114433091,3.6369200932978134,-0.959399982652617
C04747,30.0,1.8792262174012402,21.703696949718278,0.3933214477140979,2.292130984633416,6.233626620690911
C04748,8.635276942329488,2.706882220802862,10.906463904271652,0.6606545581342149,-2.956041018332707,-0.9977825142621579
C04749,11.984669972543776,3.2768150852415205,22.12467987337906,0.5739271622288422,18.82552225853488,16.651873292857015
C04750,15.412334280499266,2.3961327573220026,8.787271370388531,0.2948647807240393,6.840652202313922,6.029854648108027
C04751,5.9251337387950835,4.050352057335961,8.6359325087817,0.5234599959240844,5.347470946990491,4.955509262009014
C04752,25.15637190028323,2.399516312957383,7.034053610821452,0.42041303293341453,-42.35757967315207,-41.017376319623544
C04753,2.041337989176962,0.0,9.528274239331196,0.5733729669365842,-44.90128226871464,-44.26298366359285
C04754,17.849675114235986,2.6887384550746187,7.128585279072119,0.5319389039281672,7.31492115643341,0.4473704677377466
C04755,23.918619540523956,2.2899263979148694,8.79568666260926,0.647293768659859,-6.481852586260306,-2.387762573679895
C04756,23.29449963515175,5.231065471858777,4.638611020126793,0.7726422392037986,-8.78392208486961,-4.255884209120791
C04757,17.106036944803257,4.343818094022265,5.10258949395863,0.41641031557187197,-35.42048234952763,-34.751848762052155
C04758,17.19393995667409,4.490014168982202,7.5993904498924305,0.4771667875464131,-41.90221119192968,-37.017758814820645
C04759,7.51965631271141,4.053954074460579,1.6837252469109432,0.6308100094859342,12.62222782650673,8.326917084329445
C04760,30.0,3.658751602168717,22.427669259981982,0.5045328072123569,-7.270794615026155,0.9595287894107489
C04761,1.0,3.6541173152839064,6.50136141386733,0.6234636183466222,-4.039544597286525,-8.343520715503491
C04762,19.229404324466234,4.384463281969774,13.440125429041723,0.6953624563353357,-37.28945272453839,-32.28554413906786
C04763,30.0,3.8701210594734445,12.385052453890452,0.8910441308143745,8.3479459237252,9.31289952552768
C04764,15.396672861301772,2.2094953045607877,13.656185391402484,0.8358716775011836,8.257449030074248,10.174583932984962
C04765,7.7794569319045745,0.8770938948436608,2.2617330216426734,0.6464835768952741,3.417653912061957,9.732162977131953
C04766,30.0,0.1700713193656358,19.2627822073936,0.40439159675484615,-48.07450796350394,-44.93857364357034
C04767,19.813985568658623,1.7259718172040515,6.890102293490131,0.9235531678055591,6.356576921102336,2.552939028443068
C04768,11.136804102977925,1.8960484106266207,5.150491357048959,0.5629399884309569,-13.112555532035024,-10.411492685763658
C04769,10.194259158462618,2.8576524441338504,3.217191976740911,0.7028016518552743,26.48059397696247,37.08167849806193
C04770,7.9762367209045735,2.8151537299983813,6.817927790068733,0.0,-48.46662953430841,-39.061747057673394
C04771,15.141064054166907,5.607267715645495,3.868262116045122,0.9840668550762032,-2.9155249823622595,2.1871760088967243
C04772,29.856459091763114,3.8422948469689304,23.706338021436192,0.8310258710297571,-46.33479689952907,-43.97756769923304
C04773,16.288767554130096,1.8813159876553625,4.979302868964177,0.4666135002864116,-6.205253258708241,-10.108417391699252
C04774,30.0,5.057224005759595,24.317483096596213,0.5830745147694794,15.404203182942648,17.561269950179188
C04775,15.857019072637414,2.655075814860808,6.345690747367662,0.5021860233890003,10.168265510105774,9.796060036229743
C04776,8.155203434109534,3.849773783946454,5.850123400465483,0.3468753034580603,3.7881789752527464,1.0818905844411972
C04777,14.09141405381097,3.702497578674567,2.4513256240580334,0.3867265050717628,-43.6376698901779,-44.5440319161078
C04778,25.397107043131378,3.060621626406424,8.907601085313008,0.9734531419645168,-28.77062789421402,-32.483587043825516
C04779,19.402580640133735,5.121110294076234,8.493974922762677,0.6314892983065254,-15.253366311883877,-3.5532499060635985
C04780,30.0,2.123734055270575,8.521782712720396,0.7817557264134578,-46.10402876422671,-48.0123459919908
C04781,30.0,3.19295755920131,12.379236790777078,0.6009615124276457,5.057270165403846,9.101384670354278
C04782,6.776443070925696,1.6472201333674588,9.154754842426808,0.07402222047827352,-27.11908929901469,-27.06222299206717
C04783,6.415256766935121,3.525691506537508,7.934631506933627,0.6213871362655956,14.070198212819642,7.7015752569197105
C04784,30.0,3.6112573467500146,32.7974535727099,0.5147307306920912,-28.158723098616814,-28.571405888952118
C04785,30.0,3.1287639829717504,7.144589248841065,0.6139275794977662,6.519932480232222,6.894051914404839
C04786,15.197229974000383,3.1020542513260696,4.601808061826577,0.24424086109066812,6.399554750460645,14.000431542744167
C04787,11.793035028765866,2.7376873945010143,7.715278203214377,0.7760685444658808,16.193111003050372,15.682528003094859
C04788,11.005347896169726,3.5649569159337964,15.563173168305626,0.33596443077659904,-36.11475431453499,-41.20534673473595
C04789,11.469596474493285,3.9273737870243957,11.460044566181029,0.4754925602861175,-33.03420952823118,-38.69364324883629
C04790,21.127508583782415,1.1825839664383906,8.28556136445263,0.7622360990954771,15.865563555993036,21.060204306755033
C04791,14.331097356303973,2.583790839276293,4.3892255221304195,0.3353673379243426,-22.353224934080792,-25.535967497569402
C04792,30.0,2.4572603533472748,26.83531394822358,0.5227856090320642,-27.567016603908122,-27.08210065263451
C04793,10.858593980692836,3.9917275920380857,1.0,0.7728545599470263,-6.149243308624472,-14.689255566062881
C04794,9.378676955554736,4.812688840594934,3.3796887708454504,0.9257362032434898,-25.78765232487583,-17.36206625344027
C04795,8.880841949420908,3.641422029616094,1.0,0.5553635926689982,-21.80428355319401,-26.564588014770504
C04796,6.356507683566546,3.2147170473706215,1.0,0.6870145038579579,-14.838533738028445,-10.26009031421675
C04797,30.0,1.8472262281762832,7.186323947271673,0.5865662403114944,8.760443180171835,14.244339578587894
C04798,15.130521924969289,5.792674050991517,10.769117140519763,0.9839504504922065,-10.041041140204277,0.6133743348500147
C04799,15.913092058596769,1.6163335239878618,6.2667912110473,0.20131668736648622,-33.77933253505614,-38.87861174395263
C04800,12.973554216257451,1.1173318062874527,4.858479870245395,0.35672777301008785,6.8049082992226975,7.161384654768597
C04801,5.603097484306696,4.079257455200567,10.377150749852134,0.6145768756353364,-10.160649313628252,4.615935049373947
C04802,1.0,2.232719200229952,4.323403436419504,0.4508538012343114,-8.433159364097722,-11.38557799105873
C04803,5.243471591723497,4.146803968988026,2.068229286823216,0.7074302200158447,20.83503205333754,20.479601002815706
C04804,30.0,5.1482081131725845,13.885636046753953,0.718301104634116,8.943248881343438,12.82721342820584
C04805,11.750708041154123,2.598911231628542,4.9106649413784025,0.2116992803782119,14.327636308028454,19.11521164650276
C04806,14.703669801793653,3.6839219235097502,7.316365745129892,0.8355129955468777,-0.9498727808585548,8.72022778137384
C04807,1.7488039059573879,2.330643576165106,1.0,0.7385387275936468,22.202862426645634,19.601717308730468
C04808,12.561487741127241,3.110948391750828,7.367949498196627,0.9108624497327565,-20.2331414839826,-22.744974648959765
C04809,2.8100964092024627,2.8080062590178336,6.80599042657661,0.43094358520334003,-23.158433731304722,-22.338042998609538
C04810,9.187292961291778,4.440076643263323,5.445654066633286,0.848558195440864,-12.240234465648452,-3.7247762197904386
C04811,3.5145186589824204,2.1821809516619237,4.575992202126252,0.6532858856145021,-13.1703942119589,-16.148257506933064
C04812,4.352349465340767,1.9894143681230898,5.146778111599422,0.9669869657626673,16.78245282579294,15.265962561489557
C04813,30.0,2.7040574862782214,9.721610995572616,0.09856627018183683,24.626984162272638,21.91660356782921
C04814,12.653790136900671,3.994454006413447,4.481125881737697,0.30187703276709443,6.418252264612746,5.442181100256453
C04815,1.5194142790798821,1.8012926679061074,13.3598487857824,0.7727365168733024,10.59468149982919,8.107420949635447
C04816,10.698802334466894,1.225445461789881,14.599912191662154,0.9674890946904201,-19.100763903368694,-17.12360863660173
C04817,10.403435681654091,4.762507985368057,6.315346041459103,0.6737873770500766,-55.03078782012058,-56.232883228771435
C04818,21.681545215314827,0.0,9.622469198432674,0.26027706399124617,-40.28311049984892,-35.08192326852864
C04819,6.820039775806473,1.0470027857822117,3.0170965764702347,0.4471682411211023,-8.73840918152878,-8.676495176937607
C04820,30.0,6.248992703754775,7.55230893055634,0.8877696810560546,0.6994154256203142,-8.326061352252372
C04821,5.549842562354285,0.3722766342058419,1.0,0.45882169352666713,-34.94982080658906,-27.086842653836662
C04822,14.645886884374434,2.343546009080248,7.38016684056735,0.5590494263446625,17.866591091705967,21.981381348384723
C04823,14.06452440340086,2.026774829694191,3.6200648179075126,0.8396003367654528,-43.2996186027325,-37.32860834888536
C04824,30.0,0.0,7.166803910054902,0.6311938213863958,-42.47205115956673,-43.85939791613295
C04825,22.229903428273506,1.4949833384281304,2.756553206901642,0.5862037149342585,17.047765957026797,27.381568793526156
C04826,13.470135789888793,3.397702554323528,7.365409460500684,0.6855187118168684,-7.4934743692280605,-3.6938970887640656
C04827,30.0,4.132218139574082,17.25470421356246,0.7391415978226306,-13.74339520046503,-9.934828496912433
C04828,11.78652486324627,4.655169084717013,5.173782143505955,0.5458428965559934,28.545193645785577,17.74806746183179
C04829,26.146151754113205,2.4394787164733236,1.5457738758020003,0.6235434355205618,-40.939130705483635,-41.79262953578402
C04830,1.0,0.22563107704968788,9.166365855508285,0.34868072730515304,-31.422849558260506,-28.185843623758725
C04831,12.545916591733071,3.077639773241255,16.118354457267923,0.7545032862124752,2.7696851740896036,4.325379993437947
C04832,14.87392660039217,5.06173780116977,1.1974162037028226,0.5766291142247338,18.83078583204452,16.049504408510444
C04833,16.83284291333137,5.28881674161198,5.878933470166482,0.4682429984712674,5.795020234299838,-7.934707947698935
C04834,30.0,4.473669581006632,8.23498134942155,0.8670308485786398,8.164106273472045,9.108705824311414
C04835,30.0,0.9553572803546202,27.177042599551626,0.7124346018920991,12.408889604252973,14.047922367641167
C04836,23.274180769210638,2.7081752335258686,15.487053268032973,0.6001151543954003,-43.715193722884976,-36.391673405843825
C04837,7.708588452886021,3.344950635609566,3.0233407489024327,0.6233283936737603,-29.9930586354443,-26.758424010395196
C04838,30.0,3.588234651420997,7.995377908514019,0.32333541151195966,18.68160613990598,19.679006972278874
C04839,16.115578592280883,0.33213761869513236,8.502738218846376,0.6793942827371283,-36.62879773521763,-35.991071046904786
C04840,30.0,6.084322426198448,12.84933802181113,0.5250653751129204,-25.86119621958231,-24.993645142052067
C04841,30.0,4.979288262380585,28.54755717722632,0.9261323082784513,0.2908598078186184,-1.9618263377163805
C04842,16.087294935130497,2.9959111470690543,4.778718397668595,1.0,-2.5934356725731202,-4.713497156736189
C04843,19.281801381733228,3.1916667692432696,11.84803895472618,0.6136409370885856,-22.287969700983343,-21.25125383160212
C04844,29.022099011866935,2.2505367373753002,11.012664571541096,0.6769722001019505,-15.617597336686305,-9.241323643674665
C04845,21.270712102270934,4.854060331070153,7.26874169479564,0.6492181555897281,18.031175596088147,22.03215070430102
C04846,7.041147823140525,1.264097412756929,3.205748526197521,0.3131402221466486,9.731393060714655,12.320912832128688
C04847,6.732263586164109,3.1704157111532623,3.1524774799844666,0.3975701311795936,-11.684001749077314,-18.918261303166076
C04848,7.319531355253467,1.743965826084296,6.415117743701106,0.2618389210882707,-36.38250563121803,-31.543256550297187
C04849,1.3858602323200664,2.9735315604386443,38.8944569989375,0.7776070659788646,8.339608555714962,10.334926609667653
C04850,14.519876332669146,4.7534968061460114,3.72625536350176,0.8720286088071084,13.898568946716734,26.39958741650398
C04851,13.085487890810349,2.0353644145361582,2.974222708066502,0.6092377422648994,-12.98833792790331,-12.519057759970844
C04852,17.78983110497642,3.2715991603209815,4.288866788122013,0.29210342439100034,-33.5686672080164,-29.88408157652726
C04853,23.807129601220872,2.8084045643512017,8.52550391763274,0.26271493777532895,3.7604999420499876,6.3229067643613135
C04854,12.337576067759128,1.8983563423312069,22.972442056770692,0.44527075352646456,-53.803142422546514,-53.876549492733716
C04855,21.5192807784156,2.0736106728476353,8.760630070618214,0.47050199759705735,-36.89517987903192,-36.73951675074655
C04856,10.922014830111712,2.090247944758811,5.23764131410206,0.7891538219168869,7.989373131506813,5.742628067790099
C04857,30.0,0.29210706636049455,30.982199426708984,0.7799685453424932,-0.8888100670130648,2.2950448737876554
C04858,18.989434495260525,2.7649873217968426,5.196871420794831,0.568486431432912,-23.305209591580915,-29.498982149369233
C04859,19.124974383179755,3.1167408058047115,34.89618733195738,0.4115433261837644,23.807455561324435,38.02440815248117
C04860,12.834439367688407,0.7263809145338729,7.233147374341572,0.5386906392807213,-34.10965395559673,-34.494439397530776
C04861,18.31666449568544,2.32045012636318,7.449911525887481,0.29194169276574705,-2.051183112906455,-4.428871500110091
C04862,22.84318069727564,2.6614772596596716,4.341999238547976,0.541124393562963,21.01991399096933,20.275735606612315
C04863,30.0,4.212286268086333,26.750889468974414,0.8900033534815373,7.339532642033362,12.354514868260342
C04864,8.685621432446409,5.587748957982379,7.283206766614938,0.5257155071309207,-50.620876623917596,-46.84616150266287
C04865,16.796560411259883,3.590158873318795,4.209701239868268,0.9269312765029958,-9.794827210102213,-9.711409968527748
C04866,30.0,0.9342971123133781,43.580730925046645,0.5519403446505861,6.164291775120848,4.318373364356701
C04867,13.401250725670778,1.6130623133300293,3.5450511438756953,0.7742657240241352,13.743106085429377,8.741902167218353
C04868,16.139159108672366,3.1102124571123513,6.628813210995235,0.25311276065951976,0.6963232007655087,0.7078468671254505
C04869,20.746483232102708,2.3212733766322224,3.731052618177979,0.7557321075635611,2.693795400679754,4.777892132369219
C04870,30.0,2.9400008500166748,10.822457194444462,0.5425270227292477,-39.59521353486299,-50.174589854655174
C04871,8.165896660362264,4.242412681198292,3.5779546535877387,0.4747003950342682,-25.225193544873648,-20.163651983820714
C04872,1.0,2.7426718165062685,23.307221632351762,0.9137315794134991,7.044357756481149,9.91499753565919
C04873,30.0,6.670167983426354,20.522502289069603,0.6856730282428306,22.497266314952167,21.192274808041525
C04874,17.415721881736236,0.6333269345822257,4.9685028454874915,0.5215545389892149,0.27349566895301347,0.6660780200716215
C04875,17.925926384515773,3.808409812299947,6.225609131412472,0.8414407137250994,-1.587923832925192,-5.647953119625048
C04876,6.418911087624201,0.4975939646830847,4.7576888650878875,0.934098196716099,-15.886778991428407,-15.038560631132379
C04877,2.031676790447573,1.7209281400411873,4.437483807277561,0.46038913286977173,1.7860612673306946,-8.210776888562918
C04878,15.325318813880344,4.2622279773333736,6.6134247539282285,0.47116354267907584,-28.425985574689083,-23.193484967934033
C04879,30.0,0.0,42.24168921973767,0.5658627380847486,-3.5007391569866293,-4.2852262297453105
C04880,17.808349061237745,3.4456407348442597,11.721986077569008,1.0,13.065059217971324,3.8976799528088577
C04881,1.0,1.1343849275854332,3.6040232932050698,0.42250629731071704,15.101403164159082,20.70251103041045
C04882,12.836276008012199,2.8951518299281687,3.1003718764847585,0.525730380365632,-27.377669703106076,-29.38769873066766
C04883,15.160820989088446,2.055200278079548,6.9895734311492665,0.84177341456929,1.2853661644309748,-1.175541498464046
C04884,30.0,3.0211193741617435,7.320213872841023,0.887622522701018,10.367951869989902,8.515231067341029
C04885,1.0,3.596279550826003,9.497661856781935,0.4228497545841836,-1.0181353313537942,-3.4859412008424497
C04886,30.0,4.588077852519785,9.877264141038628,0.5964234815083073,14.49365063591091,17.734602151638267
C04887,10.931560443496181,3.208584972051635,3.8164685559564377,0.584940460810452,3.2491068450849325,2.789629927710276
C04888,13.398221884218039,3.923358081428225,11.888641771146895,0.2289350242028434,-11.359836449193068,-13.261561034999499
C04889,1.761693383759443,2.8989355508863617,4.3906655390452505,0.3557345613552873,-31.08980418579252,-32.45440860368463
C04890,1.0,0.9860037821797372,5.1660311012951645,0.8283109849178492,12.840030146801938,19.230327712612713
C04891,12.318182181581548,1.2911596633123157,6.541205965943057,0.4717574516993153,-3.703589799552905,-6.810881644765837
C04892,5.923965083210011,5.237602684120538,1.0,0.8067002899375806,-0.1474647951210004,-0.35274928293996
C04893,30.0,1.169039030228622,15.86685892996178,0.721583139021928,-1.1679852443407333,-5.943476119336375
C04894,17.403549687637945,3.2857878043259974,3.5146475043844077,0.6173848034567384,8.08941881437568,14.538026354448318
C04895,19.296504136096402,3.2617339639049168,9.94143682965669,0.6264726000680632,-3.1240743801922584,-6.185953199358769
C04896,4.578895781628869,3.1771123238311882,12.535559847266702,0.6365135299841158,3.243729432671779,11.106334082684718
C04897,4.9078957947894475,4.534161816860743,5.990896207173377,0.8399541198262174,-5.621922598722044,6.781125823133079
C04898,23.35118789459667,2.031780108334939,12.169849993260257,0.2219313416187344,2.8627679050671184,6.590214658850366
C04899,12.475206216262478,2.682605206452457,5.954904251569494,0.42404052905129785,4.473177721682896,1.3403127684247043
C04900,30.0,2.488682742839294,19.369773117447203,0.9191435256892763,0.0969318833600239,-4.513102006321044
C04901,15.767185304809978,0.0,5.02439852841453,0.18257019675459008,-12.427377609932073,-6.289286147512785
C04902,13.248534233404058,1.8589418359521126,8.798708143482568,0.45849247047423736,24.448557796952336,26.07495399085263
C04903,7.256118318258915,4.598407197689533,11.020003475332826,0.74497374910463,8.804440992044754,8.951348243618309
C04904,10.183543286851148,6.0358137551362185,7.524421604379288,0.5846554247253145,-9.789505159766197,-6.9848119454610185
C04905,19.846727730207697,4.425741659104709,2.7490623541037777,0.5340465365299403,8.511510810699512,4.018575949262119
C04906,6.4977756314105175,3.582768386190245,2.6269068741916137,0.7769702949677236,12.939379921950405,12.043878333999226
C04907,21.956724803196007,0.9369618145492131,3.0998953097170867,0.26998777980383293,9.71316632880761,5.126208510701772
C04908,18.096378240837666,3.278052198509902,7.3840034546309425,1.0,12.109355584794514,14.130845548042918
C04909,19.10347172101365,3.1480940520928797,12.928943124851866,0.7743577249524163,15.366376514891316,18.91269112026301
C04910,3.900752941472608,6.511721816197493,1.0,0.5777383498711433,-3.1215252395338364,2.6786928185077956
C04911,10.192417972536783,0.37982128973433493,1.553773485841711,0.8846982550703192,1.7786448919712776,-1.1756508402901558
C04912,16.585517622022348,1.1235382360991282,6.8937642501667,0.8752918451675578,5.78794656976797,11.127756131149845
C04913,16.200134955560245,4.8179076636783265,18.295022589808767,0.8730536191469069,9.03604415391715,0.5937174576355932
C04914,17.063984378152036,5.316758027510746,35.22724962774625,0.6333394031788779,8.116641208595345,2.8729583773340392
C04915,14.409820392067619,3.496884582729176,6.54236956107899,0.19215183368966746,-7.892865129821448,-4.480555816333984
C04916,11.95122801713112,2.4525002242914153,3.438006430696222,0.8687226002218581,33.429032167113576,36.37119731802736
C04917,12.35589774121334,3.8595439537694767,5.600711669498132,0.769847579304628,21.696414649133967,23.944207209226082
C04918,10.40738773064477,6.266724842409087,6.590629696804229,0.7860941379364755,-0.5490476323699047,-8.290905486176662
C04919,15.338445423334667,2.0286706164974535,12.01113664264096,0.4388078886744448,11.735338462476987,17.244528501175814
C04920,9.38866169227511,3.6981155691561503,1.2579383331977647,0.796193503801196,-1.9962578637859085,-0.21373675056252228
C04921,30.0,2.697072778057544,27.177702952231794,0.468928678685409,-47.31296610990462,-46.160267300292
C04922,30.0,3.554212557827905,29.20875079909434,0.7851269280724771,-26.105530705666332,-22.21197619357737
C04923,11.313614380109602,4.167902145968894,6.31868705465932,0.6194183001246911,0.24399546547924,-1.7131334485285985
C04924,8.781068412830935,2.120120901052225,4.671303913855092,0.41146063656136583,9.515813882920916,15.824710399908586
C04925,5.787863160422069,4.470991871400411,9.137906939281025,0.3115438259342182,-25.36139262395674,-23.773432358734233
C04926,16.25508942796938,2.2615920255814568,5.6600919243750845,0.4051520542089516,-20.487030355385286,-18.317454371249525
C04927,22.980115818381755,3.8588355351630366,5.312938203625708,0.8848551420947752,-11.066969566321752,-6.904921055677295
C04928,27.164916022032067,0.0858728334439709,9.619882865768448,0.5102296420930961,-25.06336428864713,-33.26068309630165
C04929,6.2897068523020145,4.144765964580398,4.479804220460818,0.484261964346975,18.945904354750777,16.941907466684093
C04930,19.101736317001482,1.6691471342167763,3.2658673537137783,1.0,2.7985151154839714,1.1519729469460156
C04931,12.369529488752317,2.2502461866611396,4.371648524241854,0.4785616692100759,-32.36753285391001,-35.51534582832569
C04932,30.0,0.0,38.90520539953796,0.3579569310409339,25.9496860834627,27.536492145286058
C04933,9.174255660923452,2.6628633451378416,8.293206209901467,0.9956531042023139,-18.527354940232648,-20.2162260515238
C04934,9.918513339986891,4.992464662429104,17.946057429023,0.47037697741233286,-4.387675302927407,0.059778935869440275
C04935,10.33965216713007,0.6503312724459209,4.489896459666569,0.31094171122707426,-23.47395849500768,-21.984260285060618
C04936,8.329178688888723,3.2917969848536637,13.962412523082282,0.8655257832459923,-7.27667613298204,-10.616135319385954
C04937,17.062265084532388,0.0,7.245470726843789,0.3925578575807356,-21.155917460027432,-19.807153670663997
C04938,5.901375222226477,2.7748803515261375,12.364171086658084,0.5592407230830048,21.030642418116713,16.052376279893807
C04939,8.811619080781607,4.287511816254896,4.105887244175792,0.6561148135466488,10.724556030263848,4.875745603064363
C04940,7.914284925511823,2.837213382243614,7.825733544830558,0.4815267070853256,-14.828992855657951,-16.01237025389286
C04941,11.503583304012157,4.170819034812399,3.2982264489555204,0.63050336340564,13.557633967392519,16.423947996767982
C04942,5.988682965081555,2.2464388148431906,5.743100797494426,0.6348103307495141,-75.00199939819325,-71.87459117511082
C04943,11.287811749433072,6.876520382203829,8.18766683115437,0.5710082448427882,29.965282496351684,33.254466578807744
C04944,28.475666655595475,4.651337616381724,33.891062135890664,0.4018229965691095,-0.5939065480295938,-3.2158608275616203
C04945,4.953274828931446,3.314197344504512,4.470740139034032,0.5846777430212808,-5.677479009967495,-8.459596126321854
C04946,17.739729358823798,5.567891467830389,7.885005905750356,0.8056445952341698,8.052685882292051,-4.0366238001664865
C04947,9.477512609016106,5.091843099194151,7.401471615586406,0.46691763045189244,-32.138042063953506,-39.21123344527774
C04948,8.596542111780824,2.1938927816509817,8.327626086611962,0.7205535286675747,-26.032184901586398,-17.415283874138733
C04949,8.061638291690494,3.751181758471392,3.3888549120798084,0.5717472334125342,-37.26071939966049,-36.777316189422095
C04950,16.822585243362926,2.5560661297683396,5.721632401753892,0.5412924196820901,11.763753491931094,9.603916181437171
C04951,11.508575758731114,4.377943645530724,6.57765887669613,0.4438317316513396,5.846325858624108,10.192940108380693
C04952,11.220946232592635,5.357806237958587,5.056484156689111,0.549572723423533,-2.9695012764213367,-0.5410202606014369
C04953,15.369748272520706,0.7801909815388637,5.3561725323660125,0.8390021105910348,-50.63636382734597,-48.9196592875105
C04954,15.995309365115533,3.1786736500175703,34.184007529727694,0.4800627258601723,-5.271087580746283,-7.229027457146049
C04955,20.393691150078723,5.193672173107297,3.7543049810247977,0.3265884573017162,-34.180351894677855,-34.51966927256413
C04956,3.208888741056498,4.140608970172899,11.803665894021005,0.40431833467748135,-3.237403696150789,0.07401658178482551
C04957,30.0,3.6413128146866622,22.572877893504838,0.7075693094880972,-20.643868820317582,-15.445075729078098
C04958,3.202747363736872,4.612678363629631,10.538400386768998,0.40435514530776195,-38.18581608249772,-38.69881907808686
C04959,30.0,0.9933304010318533,39.43361802901526,0.8271457660288226,-20.549991129855243,-17.267987387850027
C04960,6.908987794572072,3.8523231255274766,7.284671408839387,0.844089967431329,2.498736771824565,-5.774650099473361
C04961,30.0,4.850406216958431,8.170678252203906,0.382050397354072,-51.91649722552909,-55.74023784789323
C04962,13.855142779210617,3.8541595531505672,5.341398768287578,0.4906881185333361,-28.349915560174942,-29.990552631048537
C04963,8.563753286415874,1.1708867936383474,7.833656600081256,0.8908510054821709,-0.6570935112617899,-6.001019399568461
C04964,25.31643026452646,2.4347459766837156,7.314498394745234,0.6116143748103939,18.13437078180949,15.822992573597359
C04965,30.0,3.0165560053664775,21.196361000595974,0.6893640166317585,-14.61978022386798,-1.387816635561082
C04966,30.0,1.7712325306311492,38.36207856634396,0.8469749825077891,21.125509069464073,30.44274326107947
C04967,9.016533147680175,1.6480049332592774,4.995901141744175,0.8176620413567017,-57.092054555052684,-63.37242634005859
C04968,6.528942572370772,3.7368252500326453,2.496846987349282,0.8059574145150112,-0.8289158032571633,-2.035996950713211
C04969,1.0,5.471138646708389,12.535510950496842,0.5798777849942854,-31.081520018335166,-32.77177902470823
C04970,16.555003872079926,0.17198981895546028,10.906267032874153,0.45151384817518303,1.4100301263606383,-1.7858379034372218
C04971,10.672041588916017,2.275487100547355,6.912314077467076,0.2713731957822535,-63.37516228446487,-70.05750962831043
C04972,4.996477620768161,1.916453173213875,6.074774723340232,0.5548406681906668,-0.3143596005014704,-0.9367833855930913
C04973,19.244039909823975,5.251570468860972,12.948641163540376,0.5418967951873744,12.355133329137908,8.32341538538956
C04974,30.0,4.084775148234374,7.918382623338152,0.7751888470524868,12.73897619099673,6.234981158560176
C04975,10.446005352190756,5.0872826136524685,6.903036094219935,0.6362510403034557,23.066011161088237,19.726196674042594
C04976,12.614312634802374,4.32870416836003,18.69922366244142,0.6629889834618168,-5.8539548427339305,-0.04586336609190855
C04977,29.231906868624048,4.7718617198008575,6.657936760388647,0.949058294083795,-6.793837156058181,-9.367057414387403
C04978,30.0,3.4300193971933446,18.421605033053325,0.6304489898742718,13.319383053690105,10.647535855162953
C04979,21.904560316161515,3.71376825856328,13.882889820354844,0.5570432695343953,-1.5945180336293987,-1.4952289929530016
C04980,7.856146512015529,3.7872260130054247,5.21761892126698,0.3829038030637302,9.44773026317602,14.822978176499785
C04981,18.49688919636991,3.0498815799529813,17.183175967346468,0.44001612225877795,-34.016506553480326,-41.0960555568965
C04982,11.216724802260153,3.0076173654989264,3.1306483125672866,0.37922268816939875,-11.384042373454342,-8.354994748293077
C04983,30.0,3.712371848738531,54.52030187321412,0.45112483006156096,23.370664176246915,24.333628569481125
C04984,12.830134403656883,3.6743503926660144,4.002630172112798,1.0,-59.54077910391753,-55.136119694259285
C04985,30.0,3.3169913732292007,14.761526530180465,0.6375750101087492,-0.8245505148879575,2.243721418798566
C04986,14.673880463075726,3.271097709933173,6.175862829099979,0.6094937446533831,-50.986985378408754,-41.48934653193943
C04987,9.83748875251093,4.067813892126548,6.220617166590062,1.0,7.031737947436045,4.135504144654531
C04988,24.22249221659765,2.8086292128790404,10.69109407819453,0.4326131829180651,7.543155272408866,3.138431781851658
C04989,18.99954264388933,1.1689198543826076,4.862137156794068,0.716970492518187,13.771972536558064,10.48910964058183
C04990,14.79938069307294,3.3087711809261684,4.631612683735617,0.9011218684748198,-0.6651268284971925,0.7033179443171069
C04991,15.386080149770276,1.652910975118694,4.4502849716419295,0.7329240490293607,6.663064265510687,12.439304864554078
C04992,20.61648559591326,4.557984201296247,7.152427074555113,0.42148243414103337,-27.157376603305558,-20.011742306293684
C04993,9.987192310933263,2.1195556156762936,5.4636765572016435,0.6888271477054868,8.502436728023078,5.522716616238352
C04994,17.762835455967164,2.2494571822063256,7.626628177309794,0.42800086414758237,6.611749096897999,15.464668033081693
C04995,4.708201254683187,3.6223496415784835,6.286840391463855,0.5094027872798219,-37.68620696904665,-36.44913777272811
C04996,30.0,2.9824556153211157,15.846768832659738,0.21742315161181014,-30.643400156621677,-30.94826544564776
C04997,10.30566824387864,4.77360720867682,5.9878692384767005,0.7950042035186882,-13.021644431461102,-13.330617911839973
C04998,6.222695907332544,2.686302002128143,6.391363243851504,0.7987914406154131,-32.44557260002229,-25.713561507745407
C04999,1.0,2.5587053905493047,6.373662724524515,0.6721725074687392,-5.164806671201358,-9.697346300634333
C05000,25.506035146541883,1.8551665454147999,15.023024675805067,0.7085912519951431,-7.576397284453245,-5.725316901630508
