customer_id,plan_type,contract_type,payment_method,tenure_months,auto_renew,discount_percent,annual_revenue,monthly_charges
C00001,Professional,Annual,Invoice,50,False,0,5840.5839139640875,486.715326163674
C00002,Starter,Annual,Invoice,57,True,10,1082.3062772452777,90.19218977043981
C00003,Professional,Annual,PayPal,45,False,10,5938.96732886153,494.9139440717942
C00004,Professional,Month-to-Month,PayPal,34,True,0,6337.910672380651,528.1592226983876
C00005,Enterprise,2-Year,PayPal,19,True,0,23778.554585593152,1981.546215466096
C00006,Starter,2-Year,Credit Card,34,False,0,1194.4500681549157,99.53750567957631
C00007,Starter,Month-to-Month,PayPal,59,True,0,1129.1387066911827,94.09489222426522
C00008,Starter,Annual,PayPal,36,True,0,1202.7784534031982,100.23153778359985
C00009,Professional,Annual,Credit Card,4,False,20,4661.829767389219,388.4858139491016
C00010,Starter,Annual,Invoice,10,False,0,1193.9836087381261,99.49863406151051
C00011,Professional,Annual,Credit Card,17,True,0,5675.062416944327,472.92186807869393
C00012,Professional,Annual,Invoice,56,True,0,5196.162805935688,433.0135671613073
C00013,Starter,2-Year,Credit Card,16,True,0,1314.4559447846254,109.53799539871879
C00014,Professional,Annual,PayPal,21,False,0,6343.871940689406,528.6559950574505
C00015,Enterprise,Month-to-Month,Credit Card,28,True,0,23362.866774074224,1946.9055645061853
C00016,Professional,Annual,PayPal,8,False,0,5806.913612357574,483.90946769646445
C00017,Starter,Month-to-Month,Invoice,29,True,0,1033.350472630797,86.11253938589975
C00018,Starter,Annual,PayPal,6,True,0,1327.9053896844111,110.65878247370092
C00019,Professional,Annual,Credit Card,30,True,0,6752.369952882222,562.6974960735184
C00020,Starter,Month-to-Month,Credit Card,2,True,0,1189.4414108297378,99.12011756914482
C00021,Professional,Month-to-Month,Invoice,55,True,0,6196.069287711353,516.3391073092795
C00022,Enterprise,Annual,PayPal,58,True,0,21627.116233028977,1802.2596860857482
C00023,Professional,Month-to-Month,Invoice,47,True,0,6051.359204566695,504.27993371389124
C00024,Starter,Month-to-Month,PayPal,31,True,0,1117.4398131299527,93.11998442749605
C00025,Starter,Annual,PayPal,25,True,0,1117.8556628825409,93.15463857354507
C00026,Enterprise,2-Year,Invoice,23,True,0,23307.367069247714,1942.2805891039761
C00027,Enterprise,Annual,Invoice,43,False,10,20683.53875488209,1723.6282295735075
C00028,Starter,Annual,PayPal,21,True,0,1184.6080421485765,98.71733684571471
C00029,Starter,Annual,Invoice,16,True,0,1326.7975596868057,110.5664633072338
C00030,Professional,Month-to-Month,PayPal,4,False,0,4732.81903488855,394.4015862407125
C00031,Starter,Annual,Invoice,43,True,20,908.8061159297418,75.73384299414515
C00032,Starter,Annual,Invoice,46,False,20,1020.6490163441593,85.05408469534662
C00033,Starter,2-Year,Invoice,8,True,0,1223.366198970464,101.94718324753866
C00034,Starter,2-Year,Credit Card,6,True,0,1106.4294565670402,92.20245471392002
C00035,Starter,Month-to-Month,Invoice,53,True,0,1452.6241307176615,121.05201089313846
C00036,Starter,2-Year,Credit Card,55,True,0,1523.5614448390425,126.96345373658687
C00037,Starter,2-Year,PayPal,27,True,0,1198.1392673244354,99.84493894370296
C00038,Professional,Annual,PayPal,51,True,0,5405.1357022349675,450.4279751862473
C00039,Professional,Month-to-Month,Invoice,57,False,0,5849.329519996067,487.4441266663389
C00040,Starter,Annual,Credit Card,36,True,0,1064.7215931581009,88.72679942984173
C00041,Enterprise,Month-to-Month,PayPal,36,True,0,24961.551240684854,2080.129270057071
C00042,Starter,Annual,Credit Card,24,True,20,1015.2538291956078,84.60448576630064
C00043,Starter,Month-to-Month,Credit Card,6,False,0,1318.2387495220673,109.85322912683894
C00044,Starter,Annual,PayPal,43,True,10,1123.1375554027377,93.59479628356148
C00045,Professional,2-Year,Credit Card,33,True,0,6137.255704436604,511.437975369717
C00046,Starter,Month-to-Month,Credit Card,2,False,0,1079.094199146076,89.92451659550635
C00047,Starter,Annual,PayPal,41,False,10,947.9716508816913,78.99763757347428
C00048,Professional,Month-to-Month,Invoice,16,True,0,4787.536121116197,398.96134342634974
C00049,Professional,Annual,Invoice,38,False,0,6048.530321653899,504.0441934711582
C00050,Professional,Annual,Credit Card,55,True,0,6517.960552875116,543.1633794062597
C00051,Professional,Month-to-Month,Invoice,59,False,0,6691.005472298463,557.5837893582053
C00052,Enterprise,Annual,PayPal,9,True,0,26010.256542263123,2167.521378521927
C00053,Starter,Annual,PayPal,51,False,0,1155.9360480795535,96.32800400662946
C00054,Starter,Month-to-Month,PayPal,5,False,0,1423.0982660227553,118.59152216856295
C00055,Enterprise,Annual,Credit Card,53,True,0,21722.89314220772,1810.2410951839765
C00056,Professional,Annual,PayPal,10,True,0,5402.701246728568,450.2251038940473
C00057,Professional,Month-to-Month,Credit Card,30,True,0,6460.022767642105,538.3352306368421
C00058,Starter,2-Year,Credit Card,7,True,10,1231.873894703005,102.65615789191708
C00059,Starter,Annual,PayPal,29,True,0,1415.1178883857099,117.92649069880916
C00060,Starter,Month-to-Month,PayPal,2,False,0,1319.65279595504,109.97106632958666
C00061,Starter,Month-to-Month,Credit Card,20,True,20,1030.521617948929,85.87680149574408
C00062,Starter,Annual,PayPal,59,True,0,1297.5391526822161,108.128262723518
C00063,Starter,Annual,Invoice,4,True,0,1166.6255694980644,97.21879745817203
C00064,Professional,Annual,Credit Card,28,True,0,5519.23210272062,459.9360085600517
C00065,Starter,Annual,Credit Card,8,True,0,1232.9648235280088,102.74706862733406
C00066,Starter,Annual,PayPal,58,True,0,996.5205572016523,83.04337976680436
C00067,Starter,Annual,PayPal,35,False,0,1162.9998324567332,96.91665270472777
C00068,Starter,Annual,Credit Card,2,False,0,1136.3137200473059,94.69281000394216
C00069,Starter,2-Year,Credit Card,41,False,0,1269.9925991587788,105.83271659656491
C00070,Starter,2-Year,Credit Card,28,False,10,1103.7741268026814,91.98117723355678
C00071,Starter,Annual,PayPal,11,True,0,1378.3765584869968,114.86471320724974
C00072,Professional,Annual,Credit Card,36,False,10,5844.034355687745,487.0028629739788
C00073,Starter,Month-to-Month,Invoice,9,True,10,1010.9754496380027,84.24795413650023
C00074,Professional,Month-to-Month,Invoice,38,True,0,6403.506797428867,533.6255664524056
C00075,Enterprise,Annual,PayPal,1,True,0,19854.56460666183,1654.5470505551523
C00076,Professional,Annual,Credit Card,27,True,0,6439.437675333052,536.6198062777543
C00077,Starter,Month-to-Month,Credit Card,3,True,0,1110.4599676787352,92.5383306398946
C00078,Starter,Annual,Invoice,39,True,10,1014.3599618170254,84.52999681808545
C00079,Professional,2-Year,Credit Card,9,True,0,6805.785382846354,567.1487819038629
C00080,Enterprise,2-Year,PayPal,40,True,0,24934.890038766902,2077.907503230575
C00081,Enterprise,Annual,PayPal,28,False,0,23536.557378558904,1961.3797815465753
C00082,Starter,Annual,PayPal,21,True,0,1321.9668985775377,110.1639082147948
C00083,Professional,Month-to-Month,Credit Card,28,False,0,6883.95882348976,573.6632352908133
C00084,Enterprise,Annual,Credit Card,45,True,0,21600.685314008024,1800.0571095006687
C00085,Professional,2-Year,Invoice,24,True,0,5571.751236894906,464.31260307457546
C00086,Starter,Annual,Invoice,18,True,0,1297.3432590368068,108.11193825306724
C00087,Starter,Annual,PayPal,51,False,0,1236.7911636129093,103.06593030107577
C00088,Starter,Month-to-Month,Credit Card,56,True,0,976.6647810267856,81.38873175223213
C00089,Starter,Annual,Credit Card,9,True,0,1413.9221423710358,117.82684519758631
C00090,Professional,Annual,PayPal,26,True,0,5710.936783575966,475.9113986313305
C00091,Enterprise,Annual,PayPal,24,True,0,21588.174434237077,1799.0145361864231
C00092,Enterprise,Month-to-Month,Invoice,52,True,0,24027.850131361272,2002.320844280106
C00093,Starter,Annual,Invoice,6,False,0,1308.2497990926845,109.02081659105704
C00094,Professional,Month-to-Month,PayPal,59,True,0,6680.798698116671,556.733224843056
C00095,Starter,Annual,Credit Card,53,True,0,1206.860250610848,100.571687550904
C00096,Professional,Annual,Invoice,12,True,0,7521.4972618925385,626.7914384910449
C00097,Professional,Annual,PayPal,36,True,0,7693.837218377715,641.1531015314762
C00098,Starter,Annual,Credit Card,9,False,0,1253.7563106170994,104.47969255142495
C00099,Starter,Annual,PayPal,10,False,0,1192.5504493936376,99.37920411613646
C00100,Starter,Month-to-Month,Credit Card,3,True,0,1159.5806024480294,96.63171687066911
C00101,Starter,Month-to-Month,Invoice,49,True,10,1063.4983560616981,88.6248630051415
C00102,Enterprise,2-Year,Credit Card,29,False,0,27588.234514837415,2299.019542903118
C00103,Starter,Month-to-Month,Credit Card,7,True,0,1240.2961898784279,103.35801582320232
C00104,Starter,Month-to-Month,PayPal,26,True,0,1304.43648632437,108.70304052703084
C00105,Starter,Month-to-Month,Credit Card,8,False,0,1283.2660907269212,106.9388408939101
C00106,Enterprise,Month-to-Month,Invoice,43,True,0,25455.32568488157,2121.2771404067976
C00107,Starter,Annual,PayPal,13,True,0,1330.6879176885227,110.89065980737689
C00108,Starter,Annual,PayPal,35,True,0,1299.3075874099081,108.27563228415902
C00109,Professional,2-Year,PayPal,19,False,10,5657.404914623615,471.4504095519679
C00110,Starter,Annual,PayPal,46,True,0,1421.386173764289,118.44884781369075
C00111,Starter,Month-to-Month,PayPal,22,True,20,833.3476255306022,69.44563546088351
C00112,Professional,Annual,PayPal,16,False,10,5552.844447829753,462.7370373191461
C00113,Starter,Annual,PayPal,15,False,10,1023.0165797261861,85.25138164384884
C00114,Enterprise,Annual,Invoice,2,True,10,23586.409097453132,1965.5340914544277
C00115,Professional,Annual,Invoice,38,True,0,5019.474530157482,418.2895441797902
C00116,Professional,Month-to-Month,PayPal,21,True,0,6139.909371070301,511.6591142558584
C00117,Starter,Annual,Credit Card,30,True,0,1257.885163270665,104.82376360588876
C00118,Professional,Annual,PayPal,7,True,0,6733.775098078374,561.1479248398645
C00119,Professional,Annual,PayPal,31,False,0,5746.33069720475,478.8608914337292
C00120,Starter,Month-to-Month,PayPal,41,True,10,1381.3449911763626,115.11208259803021
C00121,Starter,Annual,Credit Card,41,True,0,1129.63510032742,94.13625836061834
C00122,Starter,Month-to-Month,Invoice,49,True,0,1063.4142859024773,88.61785715853978
C00123,Professional,Month-to-Month,Credit Card,55,True,0,6363.475258232066,530.2896048526721
C00124,Enterprise,Month-to-Month,Credit Card,35,False,0,23693.87490054448,1974.4895750453734
C00125,Professional,Month-to-Month,Credit Card,4,False,0,7104.812355635998,592.0676963029998
C00126,Professional,Annual,Credit Card,34,True,0,5046.099966442332,420.50833053686097
C00127,Starter,Month-to-Month,PayPal,1,True,10,1083.8541634830933,90.32118029025777
C00128,Professional,Month-to-Month,Invoice,10,True,0,6490.869546051427,540.9057955042856
C00129,Enterprise,Month-to-Month,Credit Card,30,True,0,22400.136784267135,1866.6780653555945
C00130,Starter,Month-to-Month,Invoice,32,True,0,1032.9131255858995,86.07609379882496
C00131,Starter,Annual,PayPal,3,True,20,1099.0230694546037,91.58525578788364
C00132,Starter,Month-to-Month,PayPal,10,True,0,1099.269288915476,91.60577407628966
C00133,Starter,Month-to-Month,Invoice,9,True,10,1192.7344704750403,99.39453920625336
C00134,Professional,Annual,PayPal,17,True,20,4356.417011580214,363.03475096501785
C00135,Enterprise,Month-to-Month,Invoice,47,True,0,23234.650240819417,1936.2208534016181
C00136,Starter,Month-to-Month,Credit Card,3,True,0,1290.8657015295819,107.57214179413182
C00137,Starter,Annual,PayPal,27,False,0,1242.4698223678583,103.5391518639882
C00138,Starter,Annual,PayPal,53,True,0,1088.2243784540135,90.68536487116779
C00139,Enterprise,Annual,Invoice,35,False,10,22746.06390709032,1895.50532559086
C00140,Starter,Annual,PayPal,4,True,0,939.3225832713603,78.27688193928002
C00141,Starter,2-Year,Credit Card,4,True,20,844.7700479242743,70.39750399368953
C00142,Starter,Month-to-Month,PayPal,49,True,0,1409.4677091323913,117.45564242769927
C00143,Starter,Annual,PayPal,32,True,0,1179.636292296452,98.30302435803766
C00144,Professional,Annual,PayPal,38,False,0,6430.757776850121,535.8964814041768
C00145,Starter,2-Year,Invoice,11,True,0,1282.6731164519356,106.88942637099463
C00146,Professional,Annual,Credit Card,44,True,0,5793.544363177608,482.795363598134
C00147,Professional,Annual,Credit Card,55,True,0,6070.385600952613,505.865466746051
C00148,Starter,Annual,PayPal,39,True,0,1059.2770091808486,88.27308409840406
C00149,Starter,Annual,PayPal,45,True,20,972.4690199677784,81.03908499731487
C00150,Enterprise,Annual,Invoice,6,True,0,22822.833889473615,1901.9028241228013
C00151,Professional,2-Year,Credit Card,55,True,0,7255.0520618355895,604.5876718196324
C00152,Professional,Annual,PayPal,35,False,0,5579.278739958193,464.9398949965161
C00153,Professional,Month-to-Month,Credit Card,53,True,10,5677.203607522813,473.1003006269011
C00154,Enterprise,Month-to-Month,PayPal,46,True,0,23343.498297389808,1945.291524782484
C00155,Starter,Month-to-Month,PayPal,32,True,0,1297.610967878461,108.13424732320509
C00156,Starter,Month-to-Month,Invoice,46,False,20,829.7698404645369,69.14748670537807
C00157,Starter,Month-to-Month,Credit Card,23,False,10,1065.741900422465,88.81182503520542
C00158,Starter,Annual,Credit Card,42,True,0,1271.0882413761237,105.92402011467698
C00159,Starter,Annual,PayPal,37,True,20,982.5871751093687,81.88226459244738
C00160,Enterprise,Month-to-Month,PayPal,26,True,0,25189.810168991833,2099.150847415986
C00161,Enterprise,Annual,Invoice,34,True,10,19808.928867794413,1650.744072316201
C00162,Starter,Month-to-Month,PayPal,38,True,0,1158.4146255231078,96.53455212692565
C00163,Starter,Annual,Credit Card,55,True,0,1197.7370181654949,99.8114181804579
C00164,Starter,Month-to-Month,Invoice,11,False,20,1034.8689146719844,86.23907622266536
C00165,Enterprise,Annual,Credit Card,50,True,0,27352.50356245327,2279.3752968711055
C00166,Starter,2-Year,Invoice,58,True,0,976.9991223174812,81.41659352645677
C00167,Professional,Month-to-Month,Credit Card,56,True,0,5808.274340766153,484.0228617305127
C00168,Enterprise,Annual,PayPal,21,False,0,22418.570576816826,1868.2142147347356
C00169,Starter,Annual,Credit Card,43,True,0,1107.200214918267,92.26668457652225
C00170,Professional,Month-to-Month,Credit Card,24,True,0,6159.985087792056,513.332090649338
C00171,Starter,2-Year,Invoice,15,True,20,963.1264176721718,80.26053480601432
C00172,Professional,Annual,Credit Card,3,True,0,5326.833371078497,443.9027809232081
C00173,Starter,Month-to-Month,PayPal,2,True,10,953.537427954783,79.46145232956525
C00174,Starter,Month-to-Month,Invoice,7,True,0,1255.423466813155,104.6186222344296
C00175,Enterprise,Annual,Invoice,5,True,0,21380.271076886624,1781.6892564072186
C00176,Professional,Annual,Credit Card,53,True,0,5583.133574845888,465.2611312371573
C00177,Starter,Month-to-Month,Invoice,45,True,10,1179.7286892422935,98.31072410352446
C00178,Starter,Annual,PayPal,40,True,0,1220.6846670756838,101.72372225630698
C00179,Starter,Month-to-Month,Credit Card,29,True,0,1385.715460732004,115.47628839433366
C00180,Professional,Annual,PayPal,41,True,0,5935.810797683256,494.650899806938
C00181,Starter,Annual,Credit Card,32,False,20,1174.3597917491977,97.86331597909981
C00182,Professional,Annual,Credit Card,30,False,0,5889.76930282182,490.814108568485
C00183,Starter,Annual,Invoice,8,False,0,1343.736270436765,111.97802253639708
C00184,Starter,Annual,Invoice,32,True,10,989.2895213658364,82.44079344715304
C00185,Professional,Month-to-Month,Invoice,42,True,0,5609.900556643191,467.4917130535992
C00186,Starter,Annual,Credit Card,2,True,20,1122.408021645579,93.53400180379826
C00187,Enterprise,Month-to-Month,Invoice,10,True,20,17865.029111901367,1488.7524259917807
C00188,Professional,Annual,PayPal,43,True,0,5869.584881837714,489.1320734864762
C00189,Starter,Annual,Invoice,55,True,0,1120.6258253079718,93.38548544233099
C00190,Professional,Annual,PayPal,43,True,0,6674.628442307656,556.2190368589713
C00191,Starter,Annual,Invoice,37,True,20,843.9091617303575,70.32576347752979
C00192,Starter,Annual,Credit Card,46,False,0,1356.8998255264225,113.07498546053522
C00193,Starter,2-Year,Invoice,55,True,10,1106.4298315360586,92.20248596133821
C00194,Professional,Month-to-Month,PayPal,3,True,0,6111.8742254959625,509.32285212466354
C00195,Starter,Month-to-Month,PayPal,52,True,0,1193.095315766414,99.42460964720117
C00196,Starter,Annual,Invoice,23,False,0,1350.094240687478,112.50785339062317
C00197,Starter,Annual,PayPal,34,False,0,1173.6918654715735,97.80765545596445
C00198,Starter,Annual,Credit Card,18,True,0,1114.681180633239,92.89009838610325
C00199,Starter,2-Year,Invoice,33,True,0,1262.452299363552,105.20435828029599
C00200,Starter,Annual,PayPal,33,False,0,1189.7493629115445,99.1457802426287
C00201,Starter,2-Year,Invoice,17,True,0,1435.297283043823,119.60810692031858
C00202,Starter,Annual,Invoice,6,False,0,1309.4195964279213,109.11829970232678
C00203,Starter,Month-to-Month,Invoice,13,True,0,1241.6215923819425,103.46846603182854
C00204,Professional,Annual,Invoice,21,True,0,6860.484860651573,571.7070717209644
C00205,Professional,2-Year,Invoice,31,False,0,5129.483545438752,427.456962119896
C00206,Starter,Month-to-Month,Credit Card,58,True,10,1140.5949331930365,95.04957776608637
C00207,Enterprise,2-Year,Invoice,56,True,0,24244.963204302378,2020.4136003585315
C00208,Starter,Annual,Credit Card,21,True,20,940.4754576450025,78.3729548037502
C00209,Starter,Annual,Invoice,33,False,0,1166.285003020826,97.19041691840216
C00210,Professional,Annual,PayPal,28,True,10,6001.15540952076,500.09628412673004
C00211,Professional,Annual,Invoice,56,True,0,4883.054684765546,406.92122373046215
C00212,Enterprise,Annual,Invoice,6,True,0,25134.002726361094,2094.500227196758
C00213,Enterprise,Month-to-Month,PayPal,8,False,0,20566.9502430725,1713.9125202560417
C00214,Starter,2-Year,Credit Card,13,True,0,1170.6476900813752,97.55397417344794
C00215,Enterprise,Annual,Credit Card,34,True,0,23879.26098376851,1989.9384153140425
C00216,Enterprise,2-Year,Credit Card,58,True,0,27879.531924930936,2323.294327077578
C00217,Starter,Annual,Credit Card,40,False,0,1135.9731535793749,94.6644294649479
C00218,Enterprise,Annual,PayPal,22,False,0,24130.44751056879,2010.8706258807324
C00219,Starter,Annual,Credit Card,1,True,10,947.2894161782162,78.94078468151802
C00220,Professional,Annual,Credit Card,13,False,0,6303.493444000239,525.2911203333532
C00221,Starter,Month-to-Month,Credit Card,1,True,0,1040.276619826452,86.68971831887099
C00222,Starter,2-Year,Credit Card,10,True,0,986.6214019149838,82.21845015958199
C00223,Professional,Annual,Credit Card,5,False,0,5094.644756038275,424.55372966985624
C00224,Starter,2-Year,Invoice,55,True,0,1165.9417399426832,97.16181166189027
C00225,Professional,Annual,Invoice,20,True,0,5859.69647075847,488.3080392298725
C00226,Professional,Annual,Credit Card,13,False,0,6680.828867016033,556.7357389180028
C00227,Starter,Annual,PayPal,58,True,0,1382.659122882472,115.22159357353934
C00228,Starter,Annual,PayPal,37,True,0,1379.7685003806773,114.98070836505644
C00229,Professional,Annual,Invoice,10,False,20,5352.349650070747,446.02913750589556
C00230,Professional,Annual,PayPal,3,True,20,5796.2058492183305,483.0171541015275
C00231,Professional,Annual,Invoice,34,True,0,6273.216763842339,522.7680636535282
C00232,Professional,Annual,Credit Card,34,True,0,6281.963339889524,523.4969449907936
C00233,Professional,Annual,Credit Card,30,True,0,7096.217397483377,591.3514497902814
C00234,Starter,Annual,PayPal,37,True,0,1066.2786849726542,88.85655708105452
C00235,Starter,Month-to-Month,PayPal,4,True,0,1312.779550174445,109.39829584787041
C00236,Enterprise,Month-to-Month,PayPal,34,True,0,23886.806797653397,1990.567233137783
C00237,Professional,2-Year,Credit Card,32,False,0,6799.91369129422,566.6594742745184
C00238,Starter,Annual,Credit Card,21,True,10,1207.6331605115906,100.63609670929922
C00239,Starter,Month-to-Month,PayPal,58,True,10,1062.2513312495455,88.52094427079545
C00240,Starter,Annual,PayPal,41,False,20,844.3412560702033,70.3617713391836
C00241,Professional,Month-to-Month,PayPal,24,False,0,6809.721144634721,567.4767620528934
C00242,Starter,Annual,PayPal,9,True,10,1028.9017421608178,85.74181184673482
C00243,Professional,Month-to-Month,Invoice,41,True,0,6072.646560901011,506.05388007508424
C00244,Starter,2-Year,PayPal,24,True,0,1065.7302498574393,88.81085415478661
C00245,Starter,2-Year,PayPal,25,True,10,1041.0548597803422,86.75457164836185
C00246,Enterprise,Annual,Invoice,36,True,20,21151.31819625233,1762.6098496876941
C00247,Starter,Month-to-Month,Invoice,8,True,10,1121.5978054497975,93.46648378748313
C00248,Enterprise,Annual,Invoice,50,True,0,22196.914360984232,1849.7428634153528
C00249,Starter,Annual,Invoice,41,False,0,974.549458683549,81.21245489029575
C00250,Starter,Month-to-Month,PayPal,29,False,0,1282.5829064584061,106.88190887153384
C00251,Starter,Annual,Credit Card,25,True,10,1035.1523543601977,86.26269619668314
C00252,Professional,Annual,Credit Card,59,True,0,6104.922211356754,508.7435176130628
C00253,Professional,Month-to-Month,Credit Card,35,False,0,5917.8788953964,493.1565746163667
C00254,Starter,Month-to-Month,Credit Card,38,False,0,1148.9547638022295,95.74623031685246
C00255,Starter,Annual,Credit Card,28,False,0,1274.3896865971044,106.1991405497587
C00256,Professional,Annual,Credit Card,55,True,20,4383.179625424828,365.26496878540235
C00257,Starter,2-Year,Invoice,19,True,0,1217.9533211773676,101.49611009811396
C00258,Starter,Month-to-Month,Invoice,32,False,0,1249.7655674063749,104.1471306171979
C00259,Starter,Annual,Credit Card,37,True,10,1225.5329366506421,102.12774472088684
C00260,Professional,Annual,PayPal,49,False,0,6031.302714001025,502.60855950008545
C00261,Starter,Month-to-Month,PayPal,59,True,10,951.27688927254,79.273074106045
C00262,Starter,Annual,Credit Card,51,False,10,1152.8786519827886,96.07322099856572
C00263,Starter,Month-to-Month,PayPal,28,True,0,1093.4285672328908,91.11904726940757
C00264,Starter,Month-to-Month,Invoice,56,True,0,1119.588276075541,93.29902300629509
C00265,Professional,Annual,Invoice,35,True,0,5700.07820079628,475.0065167330233
C00266,Professional,Annual,PayPal,8,False,0,5889.137645302168,490.7614704418473
C00267,Starter,2-Year,Credit Card,41,True,0,1355.1364294636878,112.92803578864066
C00268,Starter,Month-to-Month,Invoice,54,True,0,1278.2347106765915,106.51955922304928
C00269,Starter,Annual,PayPal,23,True,0,1067.9983756840247,88.99986464033539
C00270,Professional,Month-to-Month,PayPal,54,False,0,6907.579741010641,575.63164508422
C00271,Starter,Month-to-Month,Invoice,40,True,0,1327.3308749293606,110.61090624411338
C00272,Enterprise,2-Year,Invoice,46,True,0,24999.825222754913,2083.3187685629096
C00273,Starter,Annual,Credit Card,23,True,0,921.9105631471346,76.82588026226121
C00274,Starter,Month-to-Month,PayPal,32,True,0,1098.710302832205,91.55919190268374
C00275,Starter,Annual,Credit Card,10,True,0,1201.0846130135612,100.09038441779677
C00276,Professional,2-Year,Invoice,17,True,10,6293.930149175326,524.4941790979439
C00277,Professional,Month-to-Month,PayPal,35,False,0,6795.281141950375,566.2734284958646
C00278,Starter,Month-to-Month,Invoice,35,True,20,867.318623550872,72.27655196257267
C00279,Starter,Month-to-Month,Invoice,3,True,0,998.3680729062006,83.19733940885006
C00280,Starter,Annual,Invoice,36,False,0,1178.1103540659508,98.17586283882923
C00281,Starter,Month-to-Month,Credit Card,29,False,10,1095.1612926132557,91.26344105110464
C00282,Starter,Month-to-Month,Invoice,49,False,0,1051.0542079353627,87.58785066128023
C00283,Starter,Annual,Credit Card,46,True,0,1095.4911793385936,91.29093161154947
C00284,Professional,Annual,Invoice,27,True,0,7269.6861444465585,605.8071787038799
C00285,Starter,Annual,Invoice,31,True,0,1155.1173129479084,96.25977607899237
C00286,Starter,Annual,PayPal,34,True,0,1163.900867663102,96.99173897192516
C00287,Starter,Annual,Invoice,12,True,0,1539.1567173415485,128.26305977846238
C00288,Starter,2-Year,PayPal,37,False,0,1159.35267431118,96.61272285926499
C00289,Starter,Month-to-Month,PayPal,59,True,10,970.7781610222579,80.89818008518816
C00290,Starter,Month-to-Month,Credit Card,54,True,10,1003.4093022605914,83.61744185504928
C00291,Starter,Annual,PayPal,25,True,0,1234.9899032649498,102.91582527207915
C00292,Enterprise,Annual,PayPal,2,True,10,20574.24406196264,1714.5203384968866
C00293,Starter,Annual,Invoice,30,True,0,1184.3823980743878,98.69853317286565
C00294,Starter,Month-to-Month,Invoice,44,True,0,1194.8452134266272,99.57043445221893
C00295,Professional,Annual,Credit Card,9,True,10,7099.847700115242,591.6539750096035
C00296,Starter,Annual,PayPal,23,True,0,1285.517483670988,107.12645697258233
C00297,Enterprise,Annual,PayPal,9,False,0,21717.467365224646,1809.7889471020537
C00298,Starter,Annual,Credit Card,20,True,0,1179.0954274827438,98.25795229022866
C00299,Professional,Month-to-Month,Invoice,55,False,0,6481.820558216376,540.151713184698
C00300,Professional,Annual,PayPal,1,True,0,6649.711772506098,554.1426477088415
C00301,Enterprise,Month-to-Month,Credit Card,56,False,10,18134.467955183994,1511.2056629319995
C00302,Professional,Annual,Invoice,39,True,0,5149.733055760353,429.1444213133627
C00303,Starter,Annual,Credit Card,23,False,0,1256.3959475308345,104.6996622942362
C00304,Professional,Annual,Credit Card,18,True,0,5617.35525199369,468.11293766614085
C00305,Starter,Annual,PayPal,42,True,10,995.953377745451,82.99611481212092
C00306,Professional,Month-to-Month,Invoice,32,True,0,6112.247409921399,509.3539508267832
C00307,Starter,Month-to-Month,PayPal,47,True,0,1294.891385126048,107.90761542717065
C00308,Professional,Month-to-Month,PayPal,9,True,10,5270.977918136944,439.2481598447453
C00309,Professional,Annual,Invoice,11,False,0,4834.167655147993,402.8473045956661
C00310,Enterprise,Annual,Invoice,56,True,0,22731.42316231699,1894.285263526416
C00311,Starter,Month-to-Month,Invoice,1,True,0,1060.7513676503727,88.39594730419772
C00312,Professional,Annual,PayPal,11,True,0,6337.034914526836,528.0862428772363
C00313,Starter,Month-to-Month,Invoice,33,True,0,1446.0596388751521,120.50496990626267
C00314,Starter,Annual,Invoice,30,True,0,1234.5502620960026,102.87918850800021
C00315,Professional,Annual,Invoice,5,True,0,6264.6080713199635,522.0506726099969
C00316,Professional,Annual,Credit Card,50,False,20,5190.240391925595,432.52003266046626
C00317,Professional,Month-to-Month,Invoice,1,True,0,6808.827746288677,567.4023121907231
C00318,Professional,2-Year,PayPal,10,False,0,5650.88684566458,470.90723713871495
C00319,Starter,Month-to-Month,Credit Card,13,True,10,1074.2827218315858,89.52356015263216
C00320,Professional,Month-to-Month,PayPal,27,False,0,6569.078362273879,547.4231968561566
C00321,Starter,Annual,Credit Card,8,True,0,1086.9962848698867,90.58302373915723
C00322,Starter,Annual,Invoice,28,False,0,1018.9158906742346,84.90965755618622
C00323,Starter,Month-to-Month,Credit Card,45,True,0,1144.1923885543893,95.34936571286578
C00324,Professional,Annual,PayPal,52,True,0,6753.835445403502,562.8196204502918
C00325,Professional,Annual,Credit Card,2,True,0,6084.302923377139,507.0252436147616
C00326,Starter,Annual,Invoice,53,True,10,1029.6444510241836,85.8037042520153
C00327,Professional,Annual,Invoice,12,True,0,6609.4409010152995,550.7867417512749
C00328,Starter,Month-to-Month,PayPal,27,True,0,1266.4176621439553,105.53480517866295
C00329,Professional,Month-to-Month,Credit Card,13,True,0,5533.82805896957,461.1523382474641
C00330,Professional,Annual,PayPal,22,False,10,5297.491541433615,441.4576284528012
C00331,Starter,Month-to-Month,PayPal,40,False,0,1077.1023690341947,89.75853075284955
C00332,Enterprise,Annual,PayPal,15,True,10,21909.713185623546,1825.8094321352955
C00333,Starter,Month-to-Month,Invoice,31,True,0,1276.360395159828,106.363366263319
C00334,Professional,Annual,Credit Card,7,True,0,4525.1841683002185,377.0986806916849
C00335,Starter,Annual,Invoice,39,False,0,1077.579109165753,89.79825909714607
C00336,Starter,Annual,Invoice,49,False,0,1401.4314891051945,116.78595742543287
C00337,Professional,Annual,Invoice,51,False,0,5798.673692392047,483.22280769933724
C00338,Starter,Month-to-Month,Credit Card,35,False,0,1399.0453951801626,116.58711626501355
C00339,Enterprise,Month-to-Month,Invoice,7,False,10,18845.871188417692,1570.4892657014743
C00340,Starter,Annual,Invoice,12,False,10,1022.5662649129436,85.21385540941196
C00341,Starter,Annual,Invoice,14,True,0,1226.1186674186877,102.17655561822397
C00342,Professional,Annual,Credit Card,34,False,10,5227.961709385668,435.66347578213896
C00343,Starter,Annual,Credit Card,58,False,0,1351.854108846323,112.65450907052691
C00344,Starter,Annual,PayPal,39,True,0,1185.7980360499607,98.8165030041634
C00345,Enterprise,2-Year,Invoice,48,True,0,25709.00805797575,2142.4173381646456
C00346,Professional,Month-to-Month,Invoice,9,True,0,5344.788071093953,445.39900592449607
C00347,Starter,Annual,Credit Card,33,False,0,1231.7277402953905,102.64397835794921
C00348,Professional,Month-to-Month,Credit Card,12,True,0,5811.729599084307,484.31079992369223
C00349,Enterprise,Annual,Invoice,34,True,20,17277.20256290239,1439.7668802418657
C00350,Starter,Annual,PayPal,27,False,0,1255.9866922366257,104.66555768638547
C00351,Professional,Annual,PayPal,22,True,10,6135.579353330866,511.29827944423886
C00352,Starter,Month-to-Month,Invoice,18,False,0,1128.5689295316545,94.04741079430454
C00353,Enterprise,Annual,PayPal,46,False,0,25014.665420882855,2084.555451740238
C00354,Professional,Month-to-Month,PayPal,44,False,10,5283.848346318793,440.3206955265661
C00355,Professional,Month-to-Month,Invoice,18,True,0,6064.296748524529,505.35806237704406
C00356,Enterprise,Month-to-Month,PayPal,37,False,10,23414.10024941118,1951.1750207842651
C00357,Starter,Annual,Credit Card,7,True,0,1373.0140870315283,114.41784058596069
C00358,Starter,Month-to-Month,Invoice,4,True,20,1079.2202222991389,89.93501852492824
C00359,Starter,Month-to-Month,Credit Card,45,True,0,1110.0506862292964,92.50422385244137
C00360,Starter,Month-to-Month,Invoice,16,True,0,1038.6856214726938,86.55713512272449
C00361,Professional,Month-to-Month,Credit Card,22,False,0,4793.160930815996,399.43007756799966
C00362,Professional,Month-to-Month,PayPal,48,True,10,5741.832094107466,478.48600784228887
C00363,Starter,Month-to-Month,Credit Card,51,False,0,1136.844678926464,94.73705657720534
C00364,Starter,Annual,Credit Card,36,True,20,1061.982680170439,88.49855668086991
C00365,Professional,Annual,Credit Card,20,True,0,5379.2017979709135,448.26681649757614
C00366,Starter,Month-to-Month,Credit Card,31,True,0,1253.5440839152984,104.46200699294154
C00367,Starter,Annual,Credit Card,52,True,0,987.5695187458973,82.29745989549144
C00368,Professional,Month-to-Month,Invoice,33,False,0,6302.780033063765,525.2316694219804
C00369,Starter,Month-to-Month,Credit Card,13,False,0,1246.955941720642,103.91299514338682
C00370,Enterprise,Annual,Credit Card,52,True,0,21361.12824656671,1780.094020547226
C00371,Starter,Annual,Invoice,20,False,10,1100.76212262127,91.73017688510583
C00372,Professional,2-Year,Invoice,54,True,0,7241.606367212499,603.4671972677082
C00373,Professional,Month-to-Month,PayPal,41,True,0,6412.811164794037,534.4009303995031
C00374,Starter,Annual,Credit Card,42,True,0,1554.6192640818617,129.55160534015513
C00375,Starter,Annual,Credit Card,38,True,20,974.7085745891717,81.22571454909765
C00376,Starter,Annual,PayPal,22,False,0,1269.376982830891,105.78141523590757
C00377,Starter,2-Year,Credit Card,39,True,0,1142.8580291004628,95.23816909170523
C00378,Starter,Month-to-Month,PayPal,23,True,0,1229.5551503777408,102.46292919814506
C00379,Professional,Month-to-Month,Invoice,48,True,10,4872.8935690678745,406.07446408898954
C00380,Professional,Annual,Credit Card,49,True,20,5234.66560033987,436.22213336165584
C00381,Professional,Month-to-Month,Credit Card,56,True,20,4413.325795793523,367.7771496494602
C00382,Starter,Annual,Invoice,33,True,20,1119.956966995854,93.32974724965449
C00383,Professional,Month-to-Month,Credit Card,41,False,0,5192.305906162181,432.6921588468484
C00384,Starter,Annual,Invoice,30,True,0,1163.4218907874297,96.9518242322858
C00385,Enterprise,Month-to-Month,Invoice,14,True,0,23402.64265416166,1950.2202211801384
C00386,Enterprise,Month-to-Month,PayPal,47,True,0,21316.80507040584,1776.4004225338201
C00387,Professional,2-Year,Invoice,36,True,0,6140.777632008011,511.7314693340009
C00388,Professional,Month-to-Month,PayPal,57,False,0,5679.93879382831,473.3282328190258
C00389,Starter,Month-to-Month,Invoice,8,True,0,1368.512026595053,114.04266888292108
C00390,Starter,Month-to-Month,PayPal,57,True,0,1102.5371813229178,91.87809844357649
C00391,Professional,Annual,PayPal,47,True,0,6252.602789459139,521.0502324549283
C00392,Starter,Annual,PayPal,22,False,0,1189.6811220710954,99.14009350592461
C00393,Starter,Annual,PayPal,57,False,10,1056.9602354626315,88.08001962188597
C00394,Professional,Annual,Credit Card,4,True,0,6054.887378339302,504.5739481949418
C00395,Professional,Month-to-Month,Invoice,51,True,20,5139.954085762772,428.32950714689764
C00396,Starter,Month-to-Month,Invoice,35,True,0,973.5219730171104,81.1268310847592
C00397,Starter,Month-to-Month,Invoice,8,False,0,1205.7152701108573,100.47627250923811
C00398,Starter,Annual,Invoice,34,True,0,1100.9058929090688,91.7421577424224
C00399,Professional,Annual,PayPal,22,True,0,5550.11262436165,462.5093853634708
C00400,Starter,Month-to-Month,Credit Card,25,True,10,1106.3082044805979,92.19235037338315
C00401,Enterprise,Month-to-Month,Invoice,25,True,0,26640.036172475,2220.003014372917
C00402,Professional,Month-to-Month,Invoice,40,True,10,6237.609607415723,519.800800617977
C00403,Starter,Month-to-Month,Invoice,40,True,0,1130.1815514933937,94.18179595778281
C00404,Starter,Month-to-Month,PayPal,17,True,0,858.1564041966636,71.5130336830553
C00405,Professional,Month-to-Month,Invoice,16,True,0,6042.123034911815,503.5102529093179
C00406,Enterprise,Month-to-Month,Invoice,48,True,0,19636.477101145967,1636.373091762164
C00407,Starter,Annual,Credit Card,48,True,0,1252.9567770423291,104.41306475352742
C00408,Professional,Month-to-Month,PayPal,59,True,0,5460.510990260478,455.0425825217065
C00409,Starter,Annual,Credit Card,39,False,10,1116.9734631723613,93.08112193103011
C00410,Starter,Annual,Invoice,15,True,0,1097.5966743444349,91.4663895287029
C00411,Enterprise,Annual,PayPal,17,True,0,21205.633421591072,1767.1361184659227
C00412,Starter,Month-to-Month,Invoice,57,False,20,850.5845413629803,70.8820451135817
C00413,Professional,Annual,Invoice,35,True,0,6238.203374187125,519.8502811822603
C00414,Starter,Month-to-Month,PayPal,33,True,0,1041.3804344862258,86.78170287385215
C00415,Professional,Month-to-Month,Credit Card,40,True,0,6327.564263520386,527.2970219600321
C00416,Professional,2-Year,PayPal,39,True,10,6359.711263396346,529.9759386163622
C00417,Enterprise,Annual,PayPal,18,True,0,28010.503974130283,2334.208664510857
C00418,Starter,Month-to-Month,Credit Card,30,True,0,1008.4234862844229,84.0352905237019
C00419,Starter,Annual,PayPal,23,False,20,830.6684509441035,69.22237091200863
C00420,Professional,Month-to-Month,Credit Card,37,False,10,5659.863389782409,471.65528248186746
C00421,Starter,Annual,Credit Card,47,True,0,1071.8075705575034,89.31729754645862
C00422,Professional,Annual,PayPal,7,False,10,5734.141867241906,477.8451556034922
C00423,Professional,Month-to-Month,PayPal,10,True,10,4476.444170167944,373.037014180662
C00424,Starter,Month-to-Month,Credit Card,16,True,0,1191.4145924793606,99.28454937328006
C00425,Professional,Annual,Credit Card,28,True,0,6566.467301911993,547.2056084926661
C00426,Professional,Annual,Credit Card,23,True,10,4561.921438487125,380.16011987392704
C00427,Enterprise,Annual,Credit Card,34,True,0,23719.409277050174,1976.617439754181
C00428,Starter,Annual,Credit Card,18,True,0,1184.357563892859,98.69646365773825
C00429,Starter,Annual,PayPal,47,True,10,1145.4939869938057,95.45783224948381
C00430,Starter,Month-to-Month,Invoice,23,False,10,1007.7646603366193,83.98038836138494
C00431,Starter,Annual,PayPal,51,True,0,1028.6346936724306,85.71955780603588
C00432,Starter,Month-to-Month,Invoice,20,True,0,897.088168559163,74.75734737993025
C00433,Enterprise,Annual,Credit Card,31,True,0,27180.5042700117,2265.0420225009752
C00434,Starter,2-Year,PayPal,14,True,0,1300.1828573499674,108.34857144583061
C00435,Starter,Annual,Invoice,23,False,20,957.6590276937704,79.80491897448087
C00436,Starter,Annual,Credit Card,2,False,0,1193.8621250423262,99.48851042019385
C00437,Starter,Month-to-Month,PayPal,29,False,0,1251.0256176313926,104.25213480261606
C00438,Starter,Annual,Invoice,50,False,20,1052.7232937820522,87.72694114850435
C00439,Professional,Month-to-Month,PayPal,9,True,0,4789.6936504527175,399.1411375377265
C00440,Starter,Annual,Invoice,59,True,0,986.4115962791365,82.2009663565947
C00441,Starter,Month-to-Month,PayPal,33,True,0,968.897010849455,80.74141757078792
C00442,Starter,Month-to-Month,PayPal,48,False,0,1158.4841537759553,96.54034614799627
C00443,Professional,Month-to-Month,Invoice,44,True,0,6109.161497544425,509.09679146203547
C00444,Starter,Month-to-Month,PayPal,12,True,0,1321.5040819275869,110.12534016063223
C00445,Starter,Annual,PayPal,19,True,0,850.6996707695645,70.89163923079704
C00446,Enterprise,Annual,Credit Card,42,True,10,18710.4444708972,1559.2037059081001
C00447,Starter,Annual,Invoice,20,True,0,1215.679616696421,101.30663472470174
C00448,Professional,Month-to-Month,PayPal,37,False,0,6152.766096615314,512.7305080512762
C00449,Enterprise,Month-to-Month,Invoice,31,True,0,23520.7984159527,1960.066534662725
C00450,Starter,Annual,PayPal,35,False,0,1064.9802578738106,88.74835482281755
C00451,Professional,Month-to-Month,Invoice,41,False,0,5580.200329399968,465.016694116664
C00452,Enterprise,Annual,Invoice,21,False,20,18936.99127141098,1578.0826059509152
C00453,Starter,Month-to-Month,Credit Card,55,False,0,993.9891976535583,82.83243313779653
C00454,Enterprise,Annual,Credit Card,47,True,0,21952.273658260216,1829.3561381883512
C00455,Starter,Annual,Invoice,46,False,0,1034.2961310633152,86.19134425527626
C00456,Starter,Annual,PayPal,43,True,0,1260.2406541122418,105.02005450935349
C00457,Professional,Annual,Invoice,13,False,10,4906.238493749535,408.8532078124613
C00458,Enterprise,Annual,PayPal,39,True,20,16690.032102679346,1390.8360085566121
C00459,Professional,Annual,Invoice,27,True,0,5689.511314841081,474.12594290342344
C00460,Starter,Annual,Credit Card,25,True,10,1161.2931493488734,96.77442911240611
C00461,Professional,Month-to-Month,Credit Card,2,True,0,5986.208782066055,498.85073183883793
C00462,Professional,Annual,PayPal,35,False,0,6661.291863763406,555.1076553136171
C00463,Starter,Annual,Invoice,52,False,10,1182.4771298010699,98.53976081675582
C00464,Enterprise,Annual,PayPal,8,True,0,22200.268668952773,1850.0223890793977
C00465,Starter,Annual,Credit Card,33,True,0,1216.1567886149705,101.34639905124754
C00466,Starter,Month-to-Month,Invoice,25,False,0,1331.728634293966,110.97738619116383
C00467,Starter,2-Year,Credit Card,21,True,0,1142.0646471738348,95.1720539311529
C00468,Starter,Month-to-Month,Credit Card,36,False,0,1228.8187501135624,102.40156250946353
C00469,Professional,2-Year,Invoice,13,True,10,4913.000123881036,409.4166769900864
C00470,Starter,Month-to-Month,PayPal,56,True,0,1172.939607146184,97.744967262182
C00471,Professional,Month-to-Month,Invoice,46,False,0,5845.161080108569,487.09675667571406
C00472,Starter,Annual,Credit Card,9,True,0,1275.264080232016,106.27200668600135
C00473,Starter,2-Year,Credit Card,35,True,0,1153.9825880859694,96.16521567383079
C00474,Professional,Annual,Credit Card,46,False,10,5516.364328158012,459.697027346501
C00475,Starter,Annual,Credit Card,36,False,20,996.5899184795932,83.04915987329943
C00476,Professional,Month-to-Month,PayPal,49,False,20,4421.247615749201,368.4373013124334
C00477,Professional,Month-to-Month,Invoice,47,True,0,5758.508859084556,479.87573825704635
C00478,Professional,Annual,Invoice,44,True,20,5022.267231562957,418.52226929691307
C00479,Professional,Annual,PayPal,46,True,0,7103.085564077144,591.9237970064287
C00480,Professional,Annual,PayPal,51,True,0,5245.66034245143,437.13836187095245
C00481,Enterprise,Annual,Credit Card,10,False,10,22734.722560300448,1894.5602133583707
C00482,Starter,Annual,Invoice,5,True,0,1345.6926397174916,112.14105330979096
C00483,Professional,Annual,Invoice,31,True,0,6057.3524795507265,504.7793732958939
C00484,Starter,Annual,Invoice,24,False,20,873.2977465426314,72.77481221188596
C00485,Starter,2-Year,PayPal,32,False,10,1074.3376262049148,89.52813551707624
C00486,Starter,Annual,Credit Card,49,True,0,1083.9329118358032,90.3277426529836
C00487,Enterprise,Annual,Credit Card,49,True,10,20513.93316245725,1709.4944302047709
C00488,Professional,Annual,Invoice,3,False,10,5608.101943411995,467.3418286176663
C00489,Starter,Month-to-Month,Credit Card,16,True,20,954.1906049216949,79.51588374347457
C00490,Starter,Month-to-Month,PayPal,57,False,0,1223.5211127845864,101.96009273204886
C00491,Enterprise,Month-to-Month,PayPal,41,False,10,19074.405867978105,1589.5338223315086
C00492,Starter,Month-to-Month,Invoice,49,True,10,1014.0169739511745,84.5014144959312
C00493,Starter,Month-to-Month,Credit Card,20,True,0,1273.5631639657765,106.13026366381472
C00494,Enterprise,Annual,PayPal,44,True,0,19980.32552747653,1665.0271272897107
C00495,Professional,Annual,PayPal,24,True,0,5204.203940883492,433.683661740291
C00496,Starter,Month-to-Month,PayPal,34,True,0,1163.3296951535035,96.94414126279196
C00497,Starter,Annual,PayPal,52,False,20,910.3241092722807,75.86034243935673
C00498,Enterprise,Annual,Credit Card,48,False,0,25846.62745084865,2153.885620904054
C00499,Enterprise,Month-to-Month,PayPal,23,True,0,18252.547216622977,1521.0456013852481
C00500,Starter,Month-to-Month,PayPal,55,False,10,1071.0914459873425,89.2576204989452
C00501,Starter,Annual,Credit Card,53,True,0,1364.5147121383054,113.70955934485879
C00502,Starter,Annual,Invoice,55,False,0,1239.241482993924,103.270123582827
C00503,Professional,Annual,Invoice,38,True,0,5079.788499955298,423.3157083296082
C00504,Professional,Annual,PayPal,2,True,0,7456.542179978292,621.378514998191
C00505,Starter,Month-to-Month,Invoice,41,True,20,907.5015645323467,75.62513037769556
C00506,Professional,Annual,Credit Card,5,True,10,4085.5416982813067,340.4618081901089
C00507,Professional,Annual,PayPal,18,True,0,6487.2290677527135,540.6024223127262
C00508,Professional,Annual,Credit Card,54,False,20,4412.055219892433,367.67126832436946
C00509,Enterprise,Month-to-Month,Invoice,58,True,0,28490.677980276985,2374.223165023082
C00510,Starter,Annual,Invoice,53,False,0,1286.5980717266652,107.2165059772221
C00511,Starter,Month-to-Month,PayPal,50,True,0,1455.730719505318,121.31089329210982
C00512,Professional,Annual,Invoice,29,True,20,4294.3791042158755,357.86492535132294
C00513,Professional,Annual,PayPal,10,True,0,6766.793266172954,563.8994388477462
C00514,Starter,Annual,PayPal,42,False,0,1102.4118337333075,91.86765281110895
C00515,Professional,Annual,Credit Card,55,True,0,6206.138104574978,517.1781753812481
C00516,Starter,Month-to-Month,Invoice,42,True,0,1220.688427928326,101.72403566069384
C00517,Starter,Annual,Invoice,50,False,20,1093.1758387325826,91.09798656104856
C00518,Starter,Month-to-Month,PayPal,16,True,0,1297.1863275059104,108.09886062549253
C00519,Enterprise,Month-to-Month,PayPal,23,True,10,20595.872269784624,1716.3226891487186
C00520,Professional,Month-to-Month,PayPal,30,True,0,6653.191306653496,554.4326088877914
C00521,Starter,Annual,PayPal,6,True,10,1070.0668247489655,89.17223539574712
C00522,Enterprise,Month-to-Month,Credit Card,44,True,10,23098.087997561077,1924.840666463423
C00523,Professional,Month-to-Month,Invoice,36,False,0,6177.39416608425,514.7828471736875
C00524,Professional,Annual,Credit Card,20,False,0,5872.124653007443,489.3437210839536
C00525,Starter,2-Year,Invoice,16,True,20,832.9332817095004,69.41110680912503
C00526,Starter,Annual,Credit Card,28,True,10,1101.963182772071,91.83026523100591
C00527,Professional,2-Year,PayPal,54,True,0,5594.989955940433,466.2491629950361
C00528,Professional,Annual,Credit Card,57,True,0,5261.926605549858,438.49388379582155
C00529,Professional,Annual,Credit Card,26,True,10,5848.450034852824,487.3708362377353
C00530,Professional,Annual,PayPal,22,True,0,5621.481329756034,468.4567774796695
C00531,Professional,Month-to-Month,PayPal,54,True,0,4916.8538743749605,409.73782286458004
C00532,Starter,Month-to-Month,Invoice,11,True,20,960.2148667377155,80.0179055614763
C00533,Professional,Month-to-Month,Invoice,1,False,20,4727.032421732378,393.91936847769813
C00534,Starter,Month-to-Month,Credit Card,5,False,10,1073.331231189726,89.44426926581049
C00535,Starter,Annual,Credit Card,49,True,0,1192.4517752345919,99.37098126954932
C00536,Starter,Annual,Credit Card,43,False,20,863.4232514840389,71.9519376236699
C00537,Professional,Month-to-Month,PayPal,46,True,0,5760.411977681949,480.03433147349574
C00538,Enterprise,2-Year,Invoice,41,True,0,26494.227086321676,2207.852257193473
C00539,Starter,Annual,Credit Card,42,False,0,1302.5963722080671,108.5496976840056
C00540,Starter,Annual,Invoice,36,False,10,1041.8206632724907,86.8183886060409
C00541,Starter,2-Year,Invoice,2,True,0,1270.2205603373443,105.85171336144536
C00542,Enterprise,Month-to-Month,PayPal,57,True,20,19378.635095764548,1614.886257980379
C00543,Professional,Annual,PayPal,6,False,20,4641.725320907174,386.8104434089312
C00544,Enterprise,Month-to-Month,Credit Card,27,True,0,26991.97377907182,2249.331148255985
C00545,Enterprise,Annual,Credit Card,26,True,20,17481.879628766925,1456.8233023972437
C00546,Starter,2-Year,Credit Card,35,False,20,989.4268777575938,82.45223981313282
C00547,Starter,Annual,Credit Card,13,True,0,1000.390520292798,83.3658766910665
C00548,Starter,Month-to-Month,Credit Card,12,True,0,1243.260930055259,103.60507750460492
C00549,Starter,Month-to-Month,Invoice,18,False,0,1120.7948738221764,93.3995728185147
C00550,Starter,Month-to-Month,Invoice,38,True,0,1154.194484626323,96.18287371886025
C00551,Starter,Annual,PayPal,42,True,10,1048.5553699975876,87.37961416646563
C00552,Professional,Month-to-Month,PayPal,6,True,0,4668.890056605938,389.0741713838282
C00553,Professional,Month-to-Month,Invoice,28,True,20,4025.233815881186,335.43615132343217
C00554,Starter,Annual,PayPal,28,True,20,1039.6914497918485,86.6409541493207
C00555,Professional,Month-to-Month,PayPal,25,True,0,6062.755953639339,505.22966280327825
C00556,Starter,Annual,Credit Card,5,True,0,1375.0033419936194,114.58361183280162
C00557,Professional,Month-to-Month,PayPal,59,True,0,5179.2510669175235,431.6042555764603
C00558,Professional,Month-to-Month,PayPal,15,True,0,6510.718310225457,542.5598591854547
C00559,Starter,Month-to-Month,PayPal,47,True,0,1255.2827636044976,104.60689696704146
C00560,Professional,2-Year,Invoice,44,True,0,6698.707556542843,558.2256297119036
C00561,Professional,Annual,Invoice,9,True,0,5935.450599835923,494.6208833196602
C00562,Starter,Month-to-Month,Credit Card,45,True,0,1213.7565081785235,101.14637568154363
C00563,Starter,Annual,PayPal,48,True,20,875.7607078136065,72.9800589844672
C00564,Enterprise,Annual,Invoice,53,False,0,23350.564447955057,1945.8803706629215
C00565,Starter,Month-to-Month,Credit Card,2,False,0,1141.0375013499518,95.08645844582931
C00566,Professional,Annual,PayPal,49,True,0,5204.702531465044,433.7252109554203
C00567,Professional,Month-to-Month,Credit Card,9,True,0,6081.698568427818,506.8082140356515
C00568,Starter,Month-to-Month,Credit Card,26,True,0,1313.030851523327,109.41923762694393
C00569,Starter,Annual,PayPal,23,True,0,1341.590018119629,111.79916817663575
C00570,Enterprise,Month-to-Month,Invoice,51,True,0,22054.5308499598,1837.8775708299834
C00571,Starter,2-Year,PayPal,28,True,0,1195.6308239667283,99.63590199722735
C00572,Professional,Month-to-Month,PayPal,6,True,0,5919.227675702265,493.2689729751887
C00573,Professional,Annual,PayPal,58,False,0,6884.759748520382,573.7299790433652
C00574,Professional,Month-to-Month,Invoice,4,True,0,7071.776984373853,589.3147486978211
C00575,Enterprise,Annual,PayPal,30,False,10,18781.463359993824,1565.121946666152
C00576,Professional,Month-to-Month,Invoice,57,True,0,6291.889694064033,524.3241411720028
C00577,Professional,2-Year,Credit Card,47,True,0,6318.67290070259,526.5560750585491
C00578,Enterprise,Month-to-Month,Invoice,18,True,10,21166.910532050366,1763.9092110041972
C00579,Enterprise,Annual,Credit Card,30,False,20,16775.19073578686,1397.9325613155715
C00580,Enterprise,Annual,Credit Card,27,True,10,23123.72729363735,1926.977274469779
C00581,Professional,Annual,PayPal,44,True,0,6729.746154849637,560.8121795708031
C00582,Starter,Month-to-Month,Invoice,31,True,0,1134.3624271810017,94.53020226508347
C00583,Professional,Annual,Credit Card,44,False,0,6717.834164047127,559.8195136705939
C00584,Starter,Month-to-Month,Credit Card,52,True,10,1080.4356643435976,90.03630536196647
C00585,Starter,Annual,Invoice,49,True,10,1233.569230364814,102.7974358637345
C00586,Starter,Annual,Invoice,39,False,0,1370.3929973480053,114.19941644566711
C00587,Enterprise,2-Year,Credit Card,30,True,0,23943.46453092357,1995.2887109102976
C00588,Starter,Annual,Credit Card,52,True,0,1250.0833633046889,104.17361360872407
C00589,Professional,Month-to-Month,Invoice,37,True,0,5578.548837529666,464.87906979413884
C00590,Professional,Annual,Invoice,12,False,20,4020.7074653568093,335.0589554464008
C00591,Starter,Month-to-Month,Credit Card,17,True,0,1230.0875127639265,102.50729273032721
C00592,Professional,Month-to-Month,PayPal,34,True,0,5120.226287309738,426.68552394247814
C00593,Professional,Month-to-Month,Invoice,28,False,10,6530.262778743908,544.1885648953256
C00594,Enterprise,Annual,Credit Card,4,True,0,26732.37255934931,2227.6977132791094
C00595,Starter,Annual,Credit Card,34,False,0,1181.8112558178875,98.4842713181573
C00596,Starter,Month-to-Month,PayPal,46,True,0,1520.0755352822011,126.67296127351676
C00597,Professional,Annual,Invoice,14,True,0,5621.799117966578,468.48325983054815
C00598,Starter,Month-to-Month,Credit Card,13,True,0,1152.9069879740944,96.07558233117453
C00599,Starter,Month-to-Month,PayPal,49,False,0,1151.4562766087752,95.95468971739793
C00600,Starter,Month-to-Month,Invoice,58,True,0,1192.3211285925113,99.36009404937595
C00601,Professional,Annual,PayPal,49,True,0,5813.982246160526,484.4985205133772
C00602,Starter,2-Year,Credit Card,54,True,0,1254.7874228243832,104.5656185686986
C00603,Professional,Month-to-Month,PayPal,50,False,10,4860.663774748878,405.05531456240647
C00604,Enterprise,Month-to-Month,Credit Card,3,True,0,24307.001670058766,2025.5834725048971
C00605,Professional,Month-to-Month,Credit Card,21,True,0,5674.481258498182,472.8734382081818
C00606,Starter,2-Year,PayPal,16,False,0,1207.521048087206,100.62675400726717
C00607,Starter,Month-to-Month,PayPal,51,False,0,1070.0502264232673,89.17085220193894
C00608,Starter,Annual,Credit Card,38,True,0,1096.2575170377368,91.35479308647807
C00609,Starter,Annual,PayPal,55,False,10,1309.5188187445756,109.12656822871463
C00610,Starter,Month-to-Month,Invoice,26,True,0,1089.455988688992,90.787999057416
C00611,Starter,Annual,Invoice,6,True,0,1262.8160674381336,105.23467228651113
C00612,Professional,Month-to-Month,PayPal,18,True,0,5677.915598341776,473.159633195148
C00613,Enterprise,Annual,PayPal,41,True,10,19402.54662975087,1616.8788858125724
C00614,Enterprise,Month-to-Month,Invoice,50,False,20,19323.08284413562,1610.2569036779685
C00615,Starter,2-Year,Credit Card,6,False,0,1095.7313392645653,91.31094493871377
C00616,Professional,2-Year,Credit Card,41,True,0,6310.800320951415,525.9000267459513
C00617,Starter,Annual,Invoice,57,False,0,1185.0310058578648,98.75258382148873
C00618,Professional,Annual,Credit Card,50,True,10,6121.483181491419,510.12359845761824
C00619,Starter,Annual,PayPal,25,True,0,1043.3278025022162,86.94398354185135
C00620,Enterprise,Month-to-Month,PayPal,48,False,0,24662.630087173144,2055.219173931095
C00621,Enterprise,Month-to-Month,Invoice,24,False,0,24888.803715066737,2074.0669762555613
C00622,Starter,Month-to-Month,Invoice,30,True,0,1080.4101417273805,90.03417847728171
C00623,Professional,Annual,Invoice,23,True,0,5601.586414719616,466.79886789330135
C00624,Professional,Annual,Invoice,45,True,0,5145.927693461002,428.8273077884168
C00625,Starter,2-Year,Credit Card,43,True,10,911.5152687063239,75.959605725527
C00626,Professional,Annual,Credit Card,8,True,0,5928.851615843083,494.07096798692356
C00627,Professional,Annual,Credit Card,58,True,0,6484.105838222005,540.3421531851671
C00628,Enterprise,Annual,PayPal,56,True,0,23684.14757097094,1973.6789642475785
C00629,Professional,2-Year,PayPal,49,False,0,5946.110261871788,495.50918848931565
C00630,Professional,Annual,Invoice,9,True,0,5221.004235772607,435.0836863143839
C00631,Professional,Month-to-Month,Invoice,6,True,10,4265.127187863583,355.4272656552985
C00632,Enterprise,Annual,Credit Card,33,False,0,24820.924418558458,2068.410368213205
C00633,Starter,Annual,Credit Card,33,True,10,1008.6456484826923,84.05380404022436
C00634,Starter,Annual,Credit Card,45,False,0,983.8914786402725,81.99095655335604
C00635,Professional,2-Year,Invoice,7,True,0,5673.577476090337,472.7981230075281
C00636,Enterprise,2-Year,Credit Card,42,True,0,24598.419396097495,2049.8682830081248
C00637,Starter,Month-to-Month,Invoice,18,True,20,998.6473769176953,83.22061474314127
C00638,Starter,Month-to-Month,Invoice,6,True,0,1223.8669442870716,101.98891202392264
C00639,Starter,Month-to-Month,PayPal,45,True,0,1116.5362324623834,93.04468603853195
C00640,Professional,Month-to-Month,PayPal,37,True,0,6356.659289839142,529.7216074865952
C00641,Enterprise,Month-to-Month,Invoice,21,True,0,23950.96024948756,1995.9133541239635
C00642,Starter,Annual,Credit Card,26,True,0,1094.8509372069097,91.23757810057582
C00643,Starter,Annual,Invoice,15,True,0,1065.9469209667295,88.82891008056079
C00644,Enterprise,Annual,Invoice,44,False,10,22023.993271960237,1835.3327726633531
C00645,Starter,Month-to-Month,Invoice,54,False,0,1304.2761919336338,108.68968266113615
C00646,Enterprise,Annual,Invoice,30,False,0,25424.805802942334,2118.733816911861
C00647,Starter,Annual,PayPal,11,True,20,975.6693361949038,81.30577801624199
C00648,Professional,Annual,PayPal,8,True,0,6380.032194811289,531.6693495676074
C00649,Professional,Month-to-Month,Invoice,5,True,0,7422.86373248553,618.5719777071275
C00650,Professional,Annual,PayPal,8,False,10,5555.431088134593,462.9525906778827
C00651,Enterprise,Month-to-Month,PayPal,5,True,0,24377.81793444881,2031.484827870734
C00652,Enterprise,Annual,Credit Card,10,True,0,25307.051855708793,2108.9209879757327
C00653,Professional,Month-to-Month,PayPal,15,True,0,6450.189344016312,537.515778668026
C00654,Starter,Annual,PayPal,38,True,0,1039.6938115368364,86.64115096140303
C00655,Starter,Month-to-Month,Invoice,56,True,0,1221.254676635277,101.77122305293976
C00656,Starter,Annual,PayPal,50,False,0,1320.464234710922,110.03868622591017
C00657,Enterprise,Annual,PayPal,55,False,0,28189.543240943007,2349.128603411917
C00658,Professional,Month-to-Month,PayPal,3,True,0,6012.1126248109385,501.0093854009115
C00659,Enterprise,2-Year,Invoice,41,True,20,18327.79749048429,1527.3164575403573
C00660,Enterprise,Month-to-Month,Invoice,10,True,0,24395.924926692656,2032.9937438910547
C00661,Professional,Annual,PayPal,7,True,10,5052.285198858847,421.0237665715706
C00662,Enterprise,Month-to-Month,Invoice,51,False,0,27766.289795003646,2313.8574829169706
C00663,Enterprise,Annual,Invoice,24,True,0,25154.085667604748,2096.173805633729
C00664,Professional,Annual,Credit Card,26,False,0,5968.451127540815,497.37092729506793
C00665,Professional,Month-to-Month,PayPal,34,True,0,6668.145375721686,555.6787813101405
C00666,Professional,Month-to-Month,Credit Card,58,True,0,5307.9482137548075,442.32901781290064
C00667,Starter,Annual,PayPal,8,True,10,856.2273358945066,71.35227799120888
C00668,Professional,Annual,PayPal,39,False,0,6253.026877560293,521.0855731300244
C00669,Starter,2-Year,Credit Card,5,True,0,1328.8770141918149,110.73975118265123
C00670,Starter,Month-to-Month,Credit Card,36,False,0,1182.923508516108,98.57695904300901
C00671,Enterprise,Month-to-Month,PayPal,43,False,0,22370.123569908017,1864.1769641590015
C00672,Professional,Annual,Credit Card,26,False,0,5425.918271637739,452.1598559698116
C00673,Starter,Annual,Credit Card,10,False,10,946.6766527426068,78.8897210618839
C00674,Starter,2-Year,Invoice,33,True,0,1279.8206540183783,106.6517211681982
C00675,Enterprise,Month-to-Month,PayPal,36,True,0,25963.101081785808,2163.591756815484
C00676,Enterprise,Annual,Invoice,54,True,0,26203.420875634634,2183.6184063028863
C00677,Starter,Annual,PayPal,31,True,20,960.6979040010548,80.05815866675457
C00678,Enterprise,Month-to-Month,Invoice,38,False,0,21225.428086440003,1768.7856738700002
C00679,Starter,Annual,PayPal,50,True,0,1114.2109297209847,92.85091081008206
C00680,Professional,Month-to-Month,Invoice,25,True,0,6359.185118276424,529.932093189702
C00681,Professional,Annual,PayPal,45,False,0,5377.617269931842,448.1347724943202
C00682,Enterprise,Annual,Invoice,13,True,10,21380.029868461996,1781.6691557051663
C00683,Enterprise,Month-to-Month,Credit Card,1,True,0,21558.039060315303,1796.5032550262752
C00684,Starter,Month-to-Month,PayPal,36,True,10,1004.7431770033655,83.72859808361379
C00685,Professional,2-Year,Credit Card,36,False,0,5308.858792579881,442.4048993816568
C00686,Starter,2-Year,Invoice,50,True,0,1201.953742725234,100.1628118937695
C00687,Professional,2-Year,PayPal,24,False,0,5122.155751605405,426.8463126337838
C00688,Professional,2-Year,Invoice,27,True,10,4989.400967970815,415.78341399756795
C00689,Starter,Month-to-Month,Invoice,18,False,0,1302.134762315284,108.51123019294033
C00690,Starter,Month-to-Month,Credit Card,50,True,0,1325.8585462178548,110.48821218482124
C00691,Starter,Month-to-Month,PayPal,47,True,10,1152.4449130661708,96.03707608884757
C00692,Professional,Annual,Invoice,50,True,0,6849.250321168307,570.7708600973589
C00693,Professional,Annual,Credit Card,15,True,0,5208.2381590175155,434.01984658479296
C00694,Starter,Annual,Credit Card,17,True,20,951.2293898470577,79.26911582058814
C00695,Enterprise,2-Year,Credit Card,29,True,0,24181.1743502904,2015.0978625241999
C00696,Starter,Annual,Credit Card,5,True,20,1147.3784210124109,95.6148684177009
C00697,Professional,Month-to-Month,Invoice,11,False,0,5857.521884883619,488.12682374030163
C00698,Professional,Month-to-Month,Invoice,16,True,0,6480.786260032263,540.0655216693552
C00699,Starter,Month-to-Month,Invoice,52,False,0,1403.2324975970012,116.93604146641677
C00700,Starter,Month-to-Month,PayPal,34,False,0,1215.635723945597,101.30297699546641
C00701,Enterprise,Month-to-Month,PayPal,17,True,0,22874.106265333678,1906.1755221111398
C00702,Professional,Annual,Credit Card,33,True,0,5770.469162663226,480.8724302219355
C00703,Starter,Month-to-Month,Invoice,50,True,20,795.7026814998204,66.3085567916517
C00704,Starter,Annual,Credit Card,49,False,10,1030.4099696328528,85.8674974694044
C00705,Enterprise,Annual,Invoice,57,False,0,20588.737526255445,1715.7281271879538
C00706,Starter,2-Year,PayPal,31,True,0,1293.8662454878718,107.82218712398931
C00707,Enterprise,Annual,Credit Card,18,True,0,20250.818279336167,1687.5681899446806
C00708,Starter,2-Year,Invoice,51,True,0,1247.06885394646,103.92240449553833
C00709,Professional,Month-to-Month,Invoice,25,False,10,6014.353950801662,501.1961625668052
C00710,Starter,Month-to-Month,Invoice,5,False,0,1287.4756662745488,107.28963885621239
C00711,Professional,Annual,Credit Card,30,False,0,5710.188893788079,475.84907448234
C00712,Professional,Month-to-Month,PayPal,45,True,0,6458.30732725286,538.1922772710717
C00713,Professional,Annual,Invoice,56,True,0,6005.806177374159,500.48384811451325
C00714,Starter,Month-to-Month,Credit Card,23,False,0,1145.1225662141467,95.42688051784556
C00715,Starter,Annual,Invoice,38,False,0,1156.3894504318957,96.36578753599132
C00716,Starter,2-Year,Credit Card,45,True,0,1253.1482456945464,104.42902047454554
C00717,Starter,Month-to-Month,PayPal,18,True,0,1013.2023101913976,84.43352584928313
C00718,Enterprise,2-Year,Invoice,32,True,0,22790.243544635192,1899.1869620529326
C00719,Professional,Month-to-Month,Credit Card,30,False,10,5602.358956407766,466.8632463673138
C00720,Starter,Month-to-Month,Invoice,29,True,0,1138.481299625161,94.87344163543008
C00721,Enterprise,Annual,Credit Card,36,True,0,20899.678868607283,1741.6399057172737
C00722,Enterprise,Annual,PayPal,9,True,0,21860.81627624265,1821.7346896868876
C00723,Professional,Annual,PayPal,23,True,0,6103.268080167332,508.6056733472777
C00724,Professional,Annual,Credit Card,3,True,10,5660.7501246781985,471.72917705651656
C00725,Enterprise,Month-to-Month,PayPal,22,True,10,23942.692436754573,1995.2243697295478
C00726,Professional,Month-to-Month,Invoice,56,False,20,5174.7757745643685,431.2313145470307
C00727,Professional,Month-to-Month,PayPal,56,True,20,5169.162786759871,430.7635655633226
C00728,Professional,Month-to-Month,Invoice,40,True,10,4362.346368778851,363.5288640649042
C00729,Starter,2-Year,PayPal,45,True,0,1290.3593999082202,107.52994999235169
C00730,Enterprise,2-Year,PayPal,56,True,0,22758.750123120277,1896.5625102600231
C00731,Professional,Month-to-Month,Invoice,58,True,0,5135.073705712233,427.9228088093528
C00732,Professional,Annual,PayPal,31,True,20,5067.796877826481,422.3164064855401
C00733,Starter,Annual,Invoice,22,True,0,1221.4704231344435,101.7892019278703
C00734,Starter,Month-to-Month,Invoice,11,False,0,1306.1724651646166,108.84770543038472
C00735,Starter,Month-to-Month,PayPal,42,False,20,908.6945895128365,75.7245491260697
C00736,Starter,Annual,PayPal,43,True,0,1199.3153725258935,99.94294771049113
C00737,Professional,Annual,Invoice,3,False,0,4919.508692799309,409.95905773327576
C00738,Starter,Month-to-Month,Credit Card,57,False,10,1291.7832565536803,107.64860471280669
C00739,Starter,2-Year,PayPal,14,False,10,935.4600732309566,77.95500610257972
C00740,Professional,Annual,PayPal,46,True,10,4962.442799648185,413.5368999706821
C00741,Professional,Month-to-Month,Credit Card,19,False,10,4843.390576776853,403.61588139807105
C00742,Starter,Month-to-Month,Credit Card,31,True,0,1224.78753543205,102.06562795267082
C00743,Starter,Annual,PayPal,36,False,0,1098.2295617678672,91.51913014732226
C00744,Enterprise,Annual,PayPal,32,True,0,26587.71726751541,2215.643105626284
C00745,Starter,Annual,PayPal,26,True,10,1113.9986622101094,92.83322185084245
C00746,Enterprise,Month-to-Month,Credit Card,1,True,0,20423.65110662017,1701.970925551681
C00747,Starter,Month-to-Month,PayPal,2,False,0,1293.5849662953206,107.79874719127672
C00748,Professional,Month-to-Month,Credit Card,6,False,0,6547.148208135472,545.5956840112893
C00749,Starter,Month-to-Month,Credit Card,45,True,0,1112.576975558871,92.71474796323925
C00750,Professional,Annual,Invoice,14,True,0,5313.387970870656,442.78233090588805
C00751,Starter,Month-to-Month,Credit Card,28,False,10,1123.0563332592983,93.5880277716082
C00752,Starter,Month-to-Month,Invoice,33,True,0,1279.0394743070296,106.58662285891914
C00753,Starter,Month-to-Month,Credit Card,25,True,0,1079.5847197243459,89.96539331036216
C00754,Professional,Annual,Credit Card,40,False,0,6554.13584641813,546.1779872015109
C00755,Enterprise,Annual,Invoice,18,False,0,22623.149639619907,1885.2624699683256
C00756,Starter,Annual,Invoice,46,True,0,1341.9833225093737,111.8319435424478
C00757,Starter,Annual,Invoice,34,True,0,1010.4221924138901,84.20184936782418
C00758,Professional,Annual,Invoice,56,False,20,4448.008570417335,370.66738086811125
C00759,Enterprise,Month-to-Month,Invoice,12,False,10,21149.84042038678,1762.4867016988983
C00760,Professional,Annual,Invoice,27,True,10,4864.758084759891,405.39650706332424
C00761,Enterprise,Month-to-Month,Invoice,24,True,0,23924.032537703548,1993.6693781419624
C00762,Starter,Annual,Credit Card,33,True,10,1042.5455074737056,86.87879228947547
C00763,Starter,Annual,Credit Card,53,False,10,1057.3551476647729,88.11292897206441
C00764,Starter,Annual,Invoice,15,True,20,921.2179544080398,76.76816286733664
C00765,Professional,Month-to-Month,PayPal,43,True,0,5225.650100772242,435.47084173102013
C00766,Starter,2-Year,Invoice,32,True,0,1197.2424433056042,99.77020360880034
C00767,Starter,Annual,PayPal,50,True,0,1184.9333597339432,98.74444664449527
C00768,Starter,Annual,Credit Card,17,True,20,863.1396403579981,71.9283033631665
C00769,Professional,Month-to-Month,Credit Card,35,True,0,6749.431688501355,562.4526407084462
C00770,Starter,Month-to-Month,PayPal,47,True,0,1237.7892296565392,103.14910247137827
C00771,Starter,Month-to-Month,Credit Card,45,True,0,1286.3588805658587,107.19657338048823
C00772,Enterprise,Month-to-Month,Invoice,35,True,10,19853.212143101933,1654.4343452584944
C00773,Starter,Annual,PayPal,13,False,20,738.3375544312725,61.52812953593937
C00774,Starter,Annual,PayPal,58,True,10,1268.3498417495039,105.69582014579198
C00775,Professional,Month-to-Month,Credit Card,9,False,10,5491.075047392776,457.5895872827313
C00776,Enterprise,Annual,PayPal,10,True,0,24872.73514553919,2072.7279287949327
C00777,Professional,Month-to-Month,PayPal,1,True,0,6192.35732483397,516.0297770694975
C00778,Starter,Month-to-Month,PayPal,59,True,10,1123.096934902735,93.59141124189459
C00779,Enterprise,2-Year,Credit Card,34,False,10,19302.385258677037,1608.532104889753
C00780,Professional,Annual,PayPal,57,True,0,5382.737547883715,448.5614623236429
C00781,Starter,Annual,PayPal,46,True,0,1076.8813311457905,89.74011092881587
C00782,Professional,Month-to-Month,Invoice,37,True,0,6330.777890012426,527.5648241677021
C00783,Professional,Month-to-Month,Invoice,25,True,0,5272.01672375476,439.33472697956336
C00784,Professional,Month-to-Month,PayPal,22,True,0,5082.733695360708,423.561141280059
C00785,Enterprise,Month-to-Month,Credit Card,10,False,0,22457.980123489906,1871.498343624159
C00786,Professional,Month-to-Month,PayPal,26,True,20,4669.313222567111,389.1094352139259
C00787,Enterprise,Annual,Credit Card,19,True,0,23880.779392068285,1990.0649493390238
C00788,Professional,Month-to-Month,Invoice,40,False,0,5708.236539502196,475.6863782918497
C00789,Starter,Month-to-Month,Invoice,45,True,0,1258.1197618597312,104.84331348831093
C00790,Professional,Annual,PayPal,41,True,10,6030.156211689864,502.513017640822
C00791,Starter,2-Year,Credit Card,50,True,0,1205.8983803201133,100.49153169334278
C00792,Starter,2-Year,Credit Card,57,True,0,1339.438747104565,111.61989559204709
C00793,Professional,Annual,Credit Card,4,True,0,6329.946484017373,527.4955403347811
C00794,Professional,Month-to-Month,PayPal,40,True,0,5426.9976637107875,452.2498053092323
C00795,Starter,Month-to-Month,Credit Card,5,False,0,1098.3922476609491,91.5326873050791
C00796,Starter,Annual,Invoice,29,True,0,1092.3302505103788,91.02752087586491
C00797,Starter,Annual,Credit Card,38,False,0,1177.0896265801568,98.09080221501307
C00798,Enterprise,Annual,Credit Card,52,True,0,23330.713259028962,1944.2261049190802
C00799,Starter,Month-to-Month,PayPal,5,True,0,1271.366520157928,105.94721001316067
C00800,Professional,Month-to-Month,PayPal,1,True,20,4724.700968520024,393.725080710002
C00801,Professional,Annual,PayPal,28,True,10,5533.740971475514,461.1450809562928
C00802,Starter,Month-to-Month,PayPal,19,True,0,1059.8571977503802,88.32143314586502
C00803,Starter,Annual,PayPal,36,True,0,1228.994768306794,102.41623069223283
C00804,Starter,2-Year,Credit Card,1,False,0,1142.593046489077,95.21608720742309
C00805,Professional,Annual,Credit Card,29,False,0,5669.226829669782,472.4355691391485
C00806,Professional,Month-to-Month,PayPal,51,True,20,4489.6866352653915,374.1405529387826
C00807,Professional,Month-to-Month,PayPal,36,False,0,6906.762865440758,575.5635721200632
C00808,Professional,Month-to-Month,Credit Card,32,False,20,4233.741324209945,352.8117770174954
C00809,Starter,Annual,PayPal,14,True,20,1024.9685903417528,85.41404919514606
C00810,Starter,Annual,Invoice,32,True,0,1194.405682822357,99.53380690186309
C00811,Enterprise,Month-to-Month,Credit Card,46,False,0,20735.893357621135,1727.9911131350946
C00812,Professional,Month-to-Month,Invoice,9,True,0,5821.486850248541,485.1239041873784
C00813,Professional,Month-to-Month,Credit Card,19,False,0,4598.06715290136,383.17226274178
C00814,Professional,2-Year,Credit Card,11,True,10,6328.578557620779,527.3815464683983
C00815,Starter,Annual,Credit Card,48,True,0,1155.8331659218843,96.31943049349036
C00816,Starter,Month-to-Month,Credit Card,51,True,0,1333.8595774752464,111.15496478960387
C00817,Professional,2-Year,Credit Card,4,False,20,5445.957216549978,453.8297680458315
C00818,Enterprise,Annual,Credit Card,41,True,20,18109.307191126605,1509.1089325938838
C00819,Starter,Annual,Credit Card,25,True,0,1203.5196102523646,100.29330085436372
C00820,Starter,Annual,PayPal,17,True,10,1100.0232077933044,91.66860064944204
C00821,Starter,Annual,PayPal,47,True,0,1428.031388006567,119.00261566721393
C00822,Starter,Month-to-Month,PayPal,8,True,10,1059.3411713296084,88.27843094413403
C00823,Professional,Annual,Invoice,58,True,0,5967.746040187408,497.3121700156173
C00824,Enterprise,Annual,Credit Card,45,True,20,16513.81807218359,1376.151506015299
C00825,Professional,Month-to-Month,PayPal,1,True,0,5463.576315487542,455.2980262906285
C00826,Enterprise,Month-to-Month,PayPal,2,True,0,22800.731592069624,1900.060966005802
C00827,Professional,Month-to-Month,PayPal,10,True,0,6780.805567429891,565.0671306191576
C00828,Starter,Month-to-Month,Credit Card,27,True,0,1427.181818054573,118.9318181712144
C00829,Enterprise,Month-to-Month,Credit Card,53,True,0,25202.642053145144,2100.2201710954287
C00830,Starter,Annual,Invoice,27,False,10,1117.901291787112,93.15844098225934
C00831,Enterprise,Month-to-Month,Invoice,13,True,10,23079.289131243884,1923.2740942703238
C00832,Professional,Month-to-Month,Credit Card,11,True,10,5030.28169229289,419.19014102440747
C00833,Starter,2-Year,Invoice,14,True,10,1230.112726030157,102.50939383584642
C00834,Professional,Annual,PayPal,32,True,20,4113.101819787982,342.7584849823318
C00835,Starter,Month-to-Month,Invoice,16,True,10,1030.8820500970244,85.90683750808536
C00836,Starter,Month-to-Month,PayPal,29,True,0,1278.3976934415023,106.5331411201252
C00837,Starter,Annual,Invoice,38,False,10,1028.0307439739065,85.66922866449221
C00838,Enterprise,Annual,PayPal,34,False,0,29924.326425784737,2493.6938688153946
C00839,Professional,Month-to-Month,Invoice,26,True,20,5120.454347479476,426.70452895662305
C00840,Starter,2-Year,Invoice,5,True,0,1318.0239096287164,109.83532580239303
C00841,Starter,Annual,Credit Card,19,False,0,1108.9286295905342,92.41071913254451
C00842,Professional,Annual,Credit Card,39,True,0,6578.989512477967,548.2491260398306
C00843,Starter,Month-to-Month,PayPal,28,True,0,1297.20568891501,108.10047407625082
C00844,Professional,Month-to-Month,Credit Card,28,True,0,6938.728331014337,578.2273609178613
C00845,Professional,Month-to-Month,PayPal,17,True,20,3747.7634046980506,312.3136170581709
C00846,Starter,Month-to-Month,Credit Card,37,False,0,1106.3295410275362,92.19412841896134
C00847,Starter,Month-to-Month,Credit Card,44,True,0,1240.3632677902494,103.36360564918745
C00848,Professional,Month-to-Month,PayPal,19,True,0,6219.764480267405,518.3137066889504
C00849,Starter,Annual,Invoice,27,False,0,1194.5956957168275,99.54964130973563
C00850,Starter,Month-to-Month,PayPal,50,True,0,1016.648767916294,84.72073065969117
C00851,Starter,Month-to-Month,PayPal,12,True,0,1223.5809456155603,101.96507880129668
C00852,Starter,2-Year,PayPal,3,True,0,1237.0208460593253,103.08507050494377
C00853,Enterprise,Month-to-Month,Credit Card,58,True,0,23992.797952191682,1999.3998293493069
C00854,Professional,Annual,Credit Card,4,True,0,5977.892461372008,498.157705114334
C00855,Professional,Annual,Credit Card,47,True,10,5908.784664375152,492.39872203126265
C00856,Starter,2-Year,PayPal,47,False,0,1181.5145818154986,98.45954848462488
C00857,Starter,Annual,Invoice,11,False,0,1049.9879929204044,87.4989994100337
C00858,Starter,Annual,Invoice,34,True,0,1368.41379594221,114.03448299518418
C00859,Professional,2-Year,PayPal,18,False,0,6808.244185164053,567.3536820970045
C00860,Starter,Annual,PayPal,35,True,0,1195.2404720234397,99.60337266861997
C00861,Professional,Annual,Invoice,18,True,0,6525.042411750448,543.7535343125373
C00862,Starter,Month-to-Month,Credit Card,46,True,20,813.6939015271095,67.80782512725912
C00863,Enterprise,Annual,PayPal,6,True,0,23653.287571657682,1971.1072976381402
C00864,Enterprise,Annual,Invoice,34,True,0,19885.92309203123,1657.1602576692692
C00865,Starter,Annual,Invoice,33,True,0,1334.9562509219859,111.24635424349883
C00866,Professional,Annual,Invoice,8,False,0,5102.412425715261,425.2010354762717
C00867,Starter,Month-to-Month,Credit Card,42,True,0,1150.6390968731314,95.88659140609428
C00868,Professional,Month-to-Month,Invoice,20,True,0,6129.43722513439,510.78643542786585
C00869,Starter,Annual,Invoice,50,True,20,1039.0967739567886,86.59139782973239
C00870,Starter,Month-to-Month,Invoice,20,True,0,1263.2697573613523,105.27247978011269
C00871,Starter,Month-to-Month,PayPal,43,True,0,1337.1595685783134,111.42996404819279
C00872,Enterprise,Annual,PayPal,18,True,10,23336.37097741536,1944.69758145128
C00873,Professional,2-Year,PayPal,27,True,0,6785.107873369995,565.4256561141663
C00874,Starter,Month-to-Month,Invoice,48,True,0,989.3915096785513,82.44929247321261
C00875,Professional,Annual,Invoice,5,True,0,5709.231807835472,475.76931731962264
C00876,Starter,Month-to-Month,Credit Card,7,False,0,1254.1647625325202,104.51373021104335
C00877,Starter,Month-to-Month,Invoice,22,True,10,1249.9625685402186,104.16354737835155
C00878,Enterprise,Month-to-Month,Credit Card,34,False,0,22787.917221018168,1898.993101751514
C00879,Starter,Annual,Invoice,43,False,0,1435.8162482476205,119.65135402063504
C00880,Professional,Annual,Credit Card,13,True,10,5590.650325841911,465.88752715349256
C00881,Starter,Month-to-Month,PayPal,52,True,0,1114.6044627477627,92.88370522898022
C00882,Starter,Annual,Invoice,32,True,0,1061.4568982804803,88.45474152337336
C00883,Starter,Annual,Credit Card,24,True,0,1288.282878859668,107.356906571639
C00884,Enterprise,Month-to-Month,PayPal,16,True,10,20217.312901450274,1684.7760751208561
C00885,Professional,Annual,PayPal,14,True,10,5253.0069795185245,437.7505816265437
C00886,Starter,Month-to-Month,Invoice,39,True,0,1219.4461841736666,101.62051534780555
C00887,Professional,Month-to-Month,Credit Card,7,True,10,5507.738968419164,458.9782473682637
C00888,Enterprise,Annual,Credit Card,44,True,10,25730.989106594243,2144.249092216187
C00889,Starter,Annual,Credit Card,12,False,20,997.8084409111001,83.15070340925834
C00890,Starter,Annual,PayPal,20,True,0,1127.4260492299416,93.9521707691618
C00891,Starter,Month-to-Month,Credit Card,33,True,10,999.3864241619763,83.28220201349802
C00892,Starter,Month-to-Month,PayPal,55,False,0,1400.0692767687665,116.67243973073055
C00893,Professional,Annual,Credit Card,6,False,10,5121.6312575893,426.80260479910834
C00894,Starter,Month-to-Month,PayPal,40,True,0,1270.171163541907,105.84759696182557
C00895,Starter,Annual,Invoice,27,True,0,1223.0639514813429,101.92199595677857
C00896,Starter,Annual,PayPal,13,True,10,1125.4241864037224,93.78534886697686
C00897,Starter,Annual,Credit Card,5,True,10,1231.0149571121701,102.5845797593475
C00898,Professional,Month-to-Month,PayPal,24,True,0,6169.647893318192,514.1373244431826
C00899,Professional,2-Year,Credit Card,10,True,0,6490.490087048582,540.8741739207152
C00900,Starter,Annual,Invoice,59,True,0,1236.6891938614915,103.05743282179095
C00901,Starter,Annual,PayPal,46,False,0,1145.5729543487766,95.46441286239805
C00902,Starter,Annual,Invoice,56,True,0,1259.2872780176233,104.94060650146861
C00903,Enterprise,Month-to-Month,PayPal,32,True,0,22437.871840675154,1869.822653389596
C00904,Starter,Month-to-Month,PayPal,9,False,0,1060.366116979096,88.36384308159133
C00905,Starter,Annual,Invoice,49,True,0,1269.7859438177477,105.81549531814564
C00906,Starter,Month-to-Month,Invoice,35,True,0,1255.6818869769936,104.6401572480828
C00907,Starter,Annual,PayPal,44,True,20,994.689069577593,82.89075579813276
C00908,Starter,Annual,PayPal,12,False,0,1197.2413769933287,99.77011474944406
C00909,Professional,Month-to-Month,PayPal,11,True,0,5956.65722344787,496.3881019539892
C00910,Professional,Annual,Invoice,54,True,10,4814.929513974639,401.2441261645533
C00911,Starter,2-Year,Credit Card,36,False,0,976.5155010977476,81.37629175814563
C00912,Professional,Month-to-Month,Invoice,8,True,0,6532.6876870776805,544.3906405898067
C00913,Professional,Annual,PayPal,10,False,0,6524.617260797814,543.7181050664846
C00914,Starter,Annual,PayPal,14,False,0,1169.8911546178501,97.49092955148751
C00915,Starter,Annual,Invoice,30,True,0,1376.6170750921503,114.71808959101253
C00916,Starter,Month-to-Month,PayPal,1,True,0,1259.9942471586937,104.99952059655782
C00917,Enterprise,Annual,PayPal,12,False,20,19848.805524769217,1654.0671270641014
C00918,Professional,2-Year,PayPal,5,True,0,7210.502748331379,600.8752290276149
C00919,Starter,Month-to-Month,PayPal,14,False,10,944.464011563814,78.7053342969845
C00920,Starter,Annual,PayPal,36,True,0,1194.3353627438273,99.52794689531895
C00921,Professional,2-Year,Credit Card,17,True,0,5488.766722059537,457.3972268382947
C00922,Starter,Annual,Invoice,58,True,0,1155.8744607583956,96.32287172986629
C00923,Professional,Annual,Invoice,22,True,0,5959.6358351826575,496.6363195985548
C00924,Starter,2-Year,Invoice,31,True,10,1075.1982005293662,89.59985004411385
C00925,Enterprise,Month-to-Month,Credit Card,26,True,0,21423.854107391056,1785.3211756159214
C00926,Professional,Annual,Credit Card,13,True,0,6040.807000025647,503.40058333547057
C00927,Starter,Annual,Invoice,3,True,0,1101.0122558207997,91.75102131839998
C00928,Professional,Month-to-Month,Invoice,43,False,0,6717.98886093615,559.8324050780125
C00929,Starter,Annual,Invoice,11,False,10,1162.5701843789652,96.8808486982471
C00930,Starter,Month-to-Month,PayPal,5,True,10,1117.1412501803497,93.09510418169582
C00931,Professional,Month-to-Month,Credit Card,38,True,10,5143.018643772186,428.5848869810155
C00932,Starter,Month-to-Month,Credit Card,4,True,0,1218.570923201329,101.54757693344408
C00933,Professional,Month-to-Month,PayPal,32,True,0,6424.088668264138,535.3407223553448
C00934,Starter,Month-to-Month,Credit Card,10,True,0,1159.1557092801238,96.59630910667698
C00935,Professional,Annual,Invoice,10,False,0,5045.999566466299,420.4999638721916
C00936,Starter,Month-to-Month,Credit Card,44,True,0,1286.2937509958374,107.19114591631978
C00937,Professional,Annual,PayPal,54,False,20,5054.249604630966,421.18746705258053
C00938,Starter,Annual,Invoice,55,False,20,990.8349064403451,82.56957553669542
C00939,Starter,Month-to-Month,Credit Card,18,True,20,887.1565835143007,73.92971529285839
C00940,Starter,2-Year,Invoice,47,True,0,1315.1853437237094,109.59877864364245
C00941,Starter,Annual,Credit Card,55,True,0,1337.8649050050774,111.48874208375645
C00942,Starter,Month-to-Month,Invoice,23,True,10,1110.40862363292,92.53405196940999
C00943,Starter,2-Year,PayPal,18,True,10,1037.2073411326894,86.43394509439078
C00944,Enterprise,Annual,PayPal,35,True,10,20789.41830310116,1732.45152525843
C00945,Starter,Month-to-Month,Credit Card,3,True,0,1152.5528150663476,96.04606792219563
C00946,Professional,Annual,Credit Card,1,True,10,5161.851078095113,430.15425650792605
C00947,Professional,Annual,Invoice,17,True,0,5787.620100273125,482.30167502276043
C00948,Starter,Annual,PayPal,42,True,0,1238.7827761447609,103.23189801206341
C00949,Professional,Annual,Invoice,59,True,10,5884.088924852498,490.3407437377082
C00950,Enterprise,Month-to-Month,PayPal,6,True,0,27482.67446148304,2290.222871790253
C00951,Starter,2-Year,Invoice,57,True,0,1090.4266419379694,90.86888682816412
C00952,Enterprise,Annual,Invoice,57,False,0,22201.004659687384,1850.0837216406153
C00953,Starter,Annual,Invoice,11,False,0,1301.3036312509664,108.44196927091387
C00954,Professional,Month-to-Month,Credit Card,14,True,0,5452.2288530270425,454.35240441892023
C00955,Starter,Annual,PayPal,49,True,0,1060.9828718858191,88.41523932381826
C00956,Starter,Annual,Credit Card,28,False,0,1086.8765050524255,90.57304208770212
C00957,Professional,Annual,Credit Card,39,True,0,5894.301881670204,491.191823472517
C00958,Starter,2-Year,Invoice,54,True,10,1256.653666661912,104.72113888849266
C00959,Starter,2-Year,PayPal,36,False,0,1184.6589994242538,98.72158328535448
C00960,Starter,Annual,Credit Card,11,True,10,1109.6193802369241,92.46828168641035
C00961,Professional,Annual,Invoice,51,True,0,5281.1156330666945,440.09296942222454
C00962,Professional,Month-to-Month,PayPal,41,False,0,6644.56231873876,553.7135265615633
C00963,Starter,Month-to-Month,PayPal,58,True,0,1304.5823805061775,108.71519837551479
C00964,Starter,Month-to-Month,Credit Card,53,False,0,1143.7425545264564,95.31187954387137
C00965,Professional,Annual,Invoice,40,True,10,5028.91872288482,419.0765602404017
C00966,Professional,2-Year,Credit Card,52,True,0,6574.779110336416,547.8982591947014
C00967,Starter,Month-to-Month,PayPal,4,True,20,938.3202043839831,78.19335036533192
C00968,Starter,Month-to-Month,Credit Card,48,False,0,1120.3442850657625,93.36202375548021
C00969,Starter,2-Year,Invoice,6,True,20,924.8110801378511,77.0675900114876
C00970,Enterprise,Annual,PayPal,38,True,0,24572.72591037193,2047.7271591976607
C00971,Professional,Annual,Invoice,19,False,0,6439.111494442684,536.5926245368903
C00972,Starter,Annual,Invoice,31,True,0,1238.7781382576688,103.2315115214724
C00973,Professional,Annual,PayPal,2,True,0,6162.905573288242,513.5754644406868
C00974,Starter,2-Year,Invoice,43,True,0,1171.1457425504568,97.5954785458714
C00975,Starter,Month-to-Month,Invoice,25,True,0,1217.4713060347187,101.45594216955989
C00976,Enterprise,Month-to-Month,Invoice,50,False,0,23060.612801357252,1921.7177334464377
C00977,Enterprise,Month-to-Month,PayPal,41,True,10,21017.231293590816,1751.435941132568
C00978,Professional,Month-to-Month,Invoice,48,True,10,6167.682661233524,513.9735551027937
C00979,Starter,Annual,Credit Card,11,True,0,1205.0601385931866,100.42167821609888
C00980,Starter,2-Year,Credit Card,46,True,0,1155.893048186954,96.32442068224617
C00981,Enterprise,Annual,Invoice,40,True,0,22382.326099336857,1865.1938416114047
C00982,Professional,2-Year,Credit Card,59,True,10,4211.594491079355,350.96620758994624
C00983,Starter,2-Year,Credit Card,45,False,0,1450.394635464499,120.86621962204158
C00984,Starter,Annual,PayPal,42,False,0,1463.4836531783133,121.95697109819277
C00985,Enterprise,Annual,Invoice,55,True,0,25506.48423944594,2125.540353287162
C00986,Enterprise,Annual,PayPal,44,True,0,21515.41175266823,1792.9509793890193
C00987,Professional,Month-to-Month,Invoice,21,True,0,7640.767307509727,636.730608959144
C00988,Professional,Annual,Credit Card,3,True,0,5157.64102848077,429.80341904006417
C00989,Starter,Annual,PayPal,2,True,0,1247.1903281286152,103.93252734405127
C00990,Professional,Annual,PayPal,11,True,0,4972.140345905284,414.34502882544035
C00991,Professional,Annual,Credit Card,24,True,0,4696.659925788598,391.38832714904987
C00992,Starter,Month-to-Month,Credit Card,50,True,0,1227.849696466609,102.32080803888408
C00993,Professional,Annual,Invoice,24,False,0,6215.416800626527,517.9514000522106
C00994,Enterprise,Month-to-Month,Invoice,21,True,0,24285.583310894443,2023.7986092412036
C00995,Starter,Month-to-Month,Credit Card,25,True,0,1379.1734639043732,114.9311219920311
C00996,Professional,Annual,Credit Card,4,True,0,5971.19544267926,497.59962022327164
C00997,Professional,Month-to-Month,PayPal,40,True,0,6487.370137518153,540.6141781265127
C00998,Professional,Annual,PayPal,43,False,0,5530.392751265238,460.8660626054365
C00999,Professional,Month-to-Month,Invoice,47,True,10,6099.305374174712,508.2754478478926
C01000,Starter,Annual,PayPal,23,False,0,1365.6444588744869,113.80370490620724
C01001,Professional,Annual,Credit Card,24,True,0,5847.265924278161,487.27216035651344
C01002,Starter,Month-to-Month,Credit Card,21,True,0,1245.0252742133412,103.7521061844451
C01003,Professional,Annual,Credit Card,2,True,0,5580.722144923937,465.0601787436614
C01004,Starter,Annual,Credit Card,23,False,20,938.8336204811644,78.23613504009704
C01005,Starter,Month-to-Month,Invoice,51,True,10,1159.629296082208,96.63577467351733
C01006,Starter,Month-to-Month,Credit Card,15,False,0,1258.1806326323094,104.84838605269245
C01007,Starter,Annual,Credit Card,58,True,0,992.5046941039233,82.70872450866027
C01008,Starter,Month-to-Month,Credit Card,26,True,10,957.1753537636221,79.76461281363517
C01009,Starter,Annual,Credit Card,26,True,10,1016.4977136183275,84.70814280152729
C01010,Professional,Annual,Invoice,28,True,0,6131.879374032116,510.98994783600966
C01011,Enterprise,Month-to-Month,Invoice,59,True,0,21797.897384564352,1816.491448713696
C01012,Enterprise,Annual,PayPal,26,False,10,18546.022001605437,1545.5018334671197
C01013,Enterprise,Annual,Invoice,45,True,10,15920.570567287188,1326.714213940599
C01014,Professional,Annual,Invoice,2,True,0,7251.703527179373,604.3086272649477
C01015,Starter,Month-to-Month,Invoice,35,True,0,1224.2377230579916,102.01981025483263
C01016,Professional,Annual,PayPal,32,True,0,5134.433525780381,427.86946048169847
C01017,Professional,Month-to-Month,Credit Card,30,True,0,6619.817249077563,551.6514374231302
C01018,Starter,Month-to-Month,PayPal,46,True,0,1379.2286030158864,114.93571691799053
C01019,Professional,Annual,Credit Card,20,False,0,6128.014729543159,510.6678941285966
C01020,Starter,Month-to-Month,Invoice,58,True,10,1147.2876695940818,95.60730579950682
C01021,Enterprise,Month-to-Month,Credit Card,13,False,0,27141.047760255602,2261.7539800213003
C01022,Professional,Month-to-Month,PayPal,27,True,0,6363.351275025172,530.2792729187644
C01023,Enterprise,Month-to-Month,Credit Card,23,True,10,22966.358551245656,1913.8632126038046
C01024,Starter,Month-to-Month,Credit Card,58,True,0,1015.8867941125576,84.65723284271313
C01025,Starter,Month-to-Month,Invoice,16,False,10,785.2486131804471,65.43738443170393
C01026,Enterprise,Month-to-Month,Credit Card,31,False,10,23460.761297677996,1955.0634414731664
C01027,Starter,Annual,Credit Card,12,True,0,1173.0847051364633,97.75705876137194
C01028,Starter,Month-to-Month,Invoice,33,True,0,1145.4204342239052,95.4517028519921
C01029,Professional,Annual,PayPal,38,True,10,5925.528192309421,493.7940160257851
C01030,Enterprise,Month-to-Month,Invoice,45,False,0,21708.40443751986,1809.0337031266552
C01031,Starter,Annual,Credit Card,32,False,0,1195.618354571637,99.63486288096975
C01032,Starter,Month-to-Month,Invoice,54,True,10,1086.1618525179547,90.51348770982956
C01033,Professional,2-Year,Invoice,56,True,0,6413.881340938642,534.4901117448868
C01034,Starter,Annual,Credit Card,2,False,0,1240.953318495712,103.41277654130933
C01035,Starter,Month-to-Month,PayPal,50,True,0,1241.009084220082,103.41742368500684
C01036,Enterprise,Month-to-Month,Invoice,49,True,0,23028.874279787764,1919.0728566489804
C01037,Professional,Annual,PayPal,51,True,0,5772.916940864075,481.0764117386729
C01038,Enterprise,2-Year,Invoice,23,True,0,24816.622713538083,2068.05189279484
C01039,Starter,Annual,Credit Card,32,False,0,1139.937724038506,94.99481033654217
C01040,Professional,Annual,Credit Card,15,False,0,5502.885444024283,458.5737870020236
C01041,Enterprise,Month-to-Month,Invoice,40,True,10,24378.313136624853,2031.5260947187378
C01042,Professional,Month-to-Month,Invoice,55,True,0,5595.212395278593,466.26769960654946
C01043,Starter,Month-to-Month,Invoice,41,False,0,1144.9658767055125,95.41382305879272
C01044,Enterprise,Month-to-Month,Credit Card,40,True,0,26943.7724196074,2245.314368300617
C01045,Professional,Month-to-Month,Invoice,8,True,10,5027.487393469314,418.9572827891095
C01046,Professional,Month-to-Month,Credit Card,43,True,0,6192.689232179566,516.0574360149639
C01047,Starter,Annual,Invoice,50,True,0,1249.0937823906634,104.09114853255528
C01048,Professional,Annual,Credit Card,49,True,20,4756.700986692673,396.39174889105607
C01049,Enterprise,Month-to-Month,Invoice,22,True,10,20761.102711401116,1730.0918926167597
C01050,Professional,Annual,PayPal,55,True,0,5324.156118276841,443.6796765230701
C01051,Starter,Month-to-Month,PayPal,38,False,10,1147.8087694169483,95.65073078474569
C01052,Starter,Month-to-Month,Credit Card,55,False,20,1065.855900560296,88.82132504669134
C01053,Starter,Annual,Invoice,56,False,10,1187.5923099905726,98.96602583254771
C01054,Starter,Annual,PayPal,34,True,0,1244.5076397017122,103.70896997514268
C01055,Professional,Annual,Invoice,1,True,0,4814.4877992707825,401.20731660589854
C01056,Starter,Month-to-Month,Invoice,10,False,0,1292.3328691691008,107.69440576409174
C01057,Starter,Month-to-Month,Invoice,40,False,0,1186.9918921366525,98.9159910113877
C01058,Starter,Annual,PayPal,16,True,0,1128.9532702286228,94.07943918571857
C01059,Starter,Month-to-Month,Credit Card,24,True,0,1278.9060524222875,106.57550436852397
C01060,Professional,Month-to-Month,PayPal,46,True,0,6135.6143215029715,511.30119345858094
C01061,Professional,Annual,Credit Card,24,True,0,6605.369420548735,550.4474517123946
C01062,Enterprise,Month-to-Month,PayPal,48,True,0,24818.129063081862,2068.1774219234885
C01063,Starter,Month-to-Month,Invoice,14,False,0,1167.9725914394214,97.33104928661845
C01064,Professional,Month-to-Month,Invoice,26,True,0,5790.656818272429,482.55473485603574
C01065,Starter,Month-to-Month,Invoice,39,True,0,1273.3558131811978,106.11298443176649
C01066,Starter,Month-to-Month,PayPal,18,False,20,831.5581123391336,69.29650936159446
C01067,Professional,Annual,PayPal,20,True,10,5129.149453157386,427.42912109644885
C01068,Professional,Month-to-Month,Credit Card,41,False,0,4683.502280918958,390.29185674324646
C01069,Starter,Annual,PayPal,56,True,0,1250.5608345976973,104.21340288314144
C01070,Starter,Month-to-Month,Credit Card,36,False,0,1277.4090974423495,106.4507581201958
C01071,Professional,Annual,PayPal,24,True,0,5538.413076507397,461.5344230422831
C01072,Professional,Annual,Invoice,26,False,0,5343.875275056388,445.32293958803234
C01073,Starter,Month-to-Month,PayPal,29,True,0,1314.3838942208629,109.5319911850719
C01074,Professional,Month-to-Month,Invoice,48,True,0,5571.483317773354,464.29027648111287
C01075,Enterprise,Month-to-Month,PayPal,22,True,0,25543.933103016654,2128.6610919180544
C01076,Starter,Annual,Credit Card,11,True,0,1198.3024196308568,99.85853496923806
C01077,Starter,Month-to-Month,PayPal,41,True,10,1022.8681101041032,85.23900917534193
C01078,Starter,Annual,Invoice,49,False,10,1142.6474655403283,95.22062212836069
C01079,Professional,Annual,PayPal,54,True,0,6019.063718836194,501.5886432363495
C01080,Starter,Annual,Credit Card,11,True,10,1241.3995574145883,103.44996311788236
C01081,Enterprise,Annual,Credit Card,52,True,20,17788.531211053276,1482.3776009211063
C01082,Professional,Month-to-Month,Credit Card,3,False,10,4684.610254907913,390.38418790899277
C01083,Starter,Annual,Credit Card,21,True,10,1078.25245470886,89.85437122573832
C01084,Starter,Annual,PayPal,58,False,20,1005.7265714668033,83.81054762223361
C01085,Professional,2-Year,Credit Card,11,True,0,5887.408235841578,490.61735298679815
C01086,Starter,Month-to-Month,PayPal,8,True,0,1415.807362152911,117.98394684607592
C01087,Enterprise,Annual,PayPal,31,True,20,21528.660040413804,1794.055003367817
C01088,Starter,Annual,PayPal,59,False,0,1136.9350445626255,94.74458704688546
C01089,Starter,Annual,Credit Card,10,True,10,1086.942929185999,90.57857743216658
C01090,Professional,Annual,Credit Card,6,False,10,4425.197775987816,368.76648133231805
C01091,Starter,2-Year,PayPal,17,True,0,1326.1918652762677,110.5159887730223
C01092,Professional,2-Year,PayPal,38,True,0,5591.715809352036,465.97631744600295
C01093,Starter,Annual,PayPal,7,False,0,1223.8751204674777,101.9895933722898
C01094,Professional,Month-to-Month,Invoice,32,True,0,5845.561780443399,487.1301483702832
C01095,Professional,Annual,Invoice,13,True,0,5106.389999103132,425.532499925261
C01096,Professional,Month-to-Month,Credit Card,6,False,0,6500.134550334756,541.6778791945629
C01097,Professional,Month-to-Month,Invoice,3,True,0,5364.824288646152,447.0686907205127
C01098,Starter,2-Year,PayPal,27,True,0,1137.6863193498152,94.80719327915126
C01099,Starter,Annual,PayPal,57,True,0,1302.3466986765839,108.52889155638199
C01100,Starter,2-Year,Credit Card,45,False,10,975.1024774669007,81.2585397889084
C01101,Starter,Annual,Credit Card,42,False,10,1241.0139467207168,103.41782889339306
C01102,Enterprise,Annual,Invoice,26,True,0,21631.27999081274,1802.606665901062
C01103,Starter,2-Year,PayPal,4,True,0,1059.6465567387809,88.30387972823173
C01104,Professional,Month-to-Month,Credit Card,37,True,20,4822.329060135275,401.8607550112729
C01105,Starter,Annual,Credit Card,21,False,0,1396.093610738755,116.34113422822958
C01106,Professional,Annual,Invoice,51,True,0,5996.447145121338,499.70392876011147
C01107,Professional,Month-to-Month,Credit Card,28,False,0,6588.825242220056,549.0687701850046
C01108,Starter,Month-to-Month,Invoice,18,True,0,1039.097203303838,86.59143360865316
C01109,Professional,Month-to-Month,PayPal,56,True,0,5780.139103779133,481.6782586482611
C01110,Starter,Annual,Invoice,32,True,0,1163.6723793446881,96.97269827872401
C01111,Starter,Month-to-Month,Credit Card,39,True,0,1048.6353018255445,87.3862751521287
C01112,Professional,Annual,Invoice,53,False,0,5045.238457760447,420.4365381467039
C01113,Starter,Annual,Invoice,33,False,0,1171.0055997654417,97.58379998045348
C01114,Professional,Annual,PayPal,26,True,0,6947.843307546456,578.986942295538
C01115,Starter,Month-to-Month,Invoice,17,True,0,1226.225484160185,102.18545701334875
C01116,Professional,Annual,Credit Card,56,False,0,5590.210495034376,465.850874586198
C01117,Starter,Month-to-Month,Credit Card,52,True,10,859.9858186744054,71.66548488953379
C01118,Professional,Month-to-Month,PayPal,29,True,0,5776.773070258546,481.3977558548788
C01119,Enterprise,Month-to-Month,PayPal,20,True,0,22944.618596014985,1912.0515496679154
C01120,Starter,Annual,PayPal,30,False,0,1246.1432398696475,103.8452699891373
C01121,Starter,Month-to-Month,Credit Card,57,True,10,1052.5978282127999,87.71648568439998
C01122,Enterprise,Month-to-Month,Invoice,50,False,10,22964.712224535946,1913.7260187113288
C01123,Starter,Month-to-Month,Credit Card,5,False,0,1292.1005137284142,107.67504281070119
C01124,Professional,2-Year,Credit Card,54,False,0,5958.096033707884,496.50800280899034
C01125,Enterprise,2-Year,PayPal,6,False,0,23866.063987658425,1988.838665638202
C01126,Professional,Month-to-Month,PayPal,42,False,0,6020.548285981797,501.71235716514974
C01127,Starter,Month-to-Month,Invoice,51,True,10,891.5645131907461,74.29704276589551
C01128,Starter,2-Year,Invoice,10,True,0,1286.4452536588017,107.20377113823348
C01129,Starter,Month-to-Month,Invoice,6,True,0,1403.6729441502562,116.97274534585468
C01130,Starter,Month-to-Month,Invoice,10,True,0,1207.1154202367293,100.5929516863941
C01131,Starter,Month-to-Month,Credit Card,42,True,0,1106.0774197282078,92.17311831068399
C01132,Professional,2-Year,Invoice,21,True,0,5995.810394745507,499.65086622879227
C01133,Starter,Annual,Credit Card,44,True,0,1147.8065893803966,95.65054911503306
C01134,Enterprise,Month-to-Month,Credit Card,56,True,0,24065.765205705204,2005.480433808767
C01135,Professional,Month-to-Month,Invoice,4,False,0,5812.796897175853,484.39974143132105
C01136,Enterprise,2-Year,Invoice,13,False,0,18833.151729115565,1569.4293107596304
C01137,Starter,Annual,Credit Card,58,False,0,1211.451486660175,100.9542905550146
C01138,Professional,Annual,PayPal,10,True,0,7334.60936805741,611.2174473381175
C01139,Starter,Month-to-Month,Invoice,16,True,0,1039.66643565727,86.63886963810585
C01140,Starter,Annual,PayPal,19,True,10,1198.494299166754,99.87452493056283
C01141,Professional,Month-to-Month,Credit Card,6,True,0,6240.379936079861,520.0316613399884
C01142,Professional,Annual,PayPal,26,True,0,5448.637144566626,454.0530953805522
C01143,Starter,Month-to-Month,Credit Card,9,True,10,934.9216448656248,77.9101370721354
C01144,Starter,Month-to-Month,PayPal,46,True,10,1108.3692397071516,92.3641033089293
C01145,Starter,Annual,PayPal,56,False,10,1118.9775956023923,93.24813296686602
C01146,Professional,Annual,PayPal,10,False,0,5095.021736508427,424.5851447090356
C01147,Enterprise,Month-to-Month,Credit Card,40,True,0,26223.259483888203,2185.27162365735
C01148,Starter,Month-to-Month,Credit Card,3,True,0,1140.6682766553802,95.05568972128168
C01149,Starter,Annual,Credit Card,49,True,0,1259.1284198635228,104.92736832196023
C01150,Enterprise,Annual,Invoice,19,True,0,25687.707667673618,2140.6423056394683
C01151,Starter,Annual,Credit Card,35,False,10,1176.7497510860799,98.06247925717332
C01152,Professional,Annual,Invoice,46,False,0,5406.303278991334,450.52527324927786
C01153,Starter,Month-to-Month,Credit Card,6,True,0,1441.374983233194,120.1145819360995
C01154,Starter,Annual,Invoice,29,True,0,1089.506012548957,90.79216771241308
C01155,Professional,Month-to-Month,PayPal,19,True,0,6536.69937633105,544.7249480275875
C01156,Professional,2-Year,PayPal,50,True,10,5130.416503237631,427.5347086031359
C01157,Starter,Annual,Credit Card,44,False,0,1206.238679190296,100.51988993252466
C01158,Starter,Annual,Invoice,15,False,0,1185.0297601549844,98.75248001291537
C01159,Starter,Month-to-Month,PayPal,57,True,0,1256.037799468905,104.66981662240875
C01160,Professional,Month-to-Month,PayPal,38,True,10,5965.9498646992815,497.16248872494015
C01161,Enterprise,Annual,Invoice,21,False,10,20277.585261311848,1689.7987717759872
C01162,Professional,Month-to-Month,Credit Card,44,True,0,5473.800778092435,456.1500648410363
C01163,Starter,Annual,PayPal,51,True,0,952.4803191269386,79.37335992724489
C01164,Enterprise,Annual,Credit Card,39,True,0,24432.6395315343,2036.053294294525
C01165,Starter,Month-to-Month,Credit Card,23,True,20,943.7698377631375,78.64748648026146
C01166,Starter,Month-to-Month,Invoice,20,True,0,1213.0494836986238,101.08745697488531
C01167,Professional,Annual,Invoice,42,True,0,5939.080783020549,494.92339858504573
C01168,Starter,Month-to-Month,PayPal,50,True,0,1291.0692907686716,107.58910756405596
C01169,Starter,Annual,Invoice,2,True,10,1025.3050172302364,85.44208476918637
C01170,Starter,Annual,PayPal,45,True,10,1117.7081096015513,93.14234246679594
C01171,Professional,Month-to-Month,PayPal,32,False,0,5980.854079123728,498.40450659364404
C01172,Professional,Annual,PayPal,47,True,0,5423.3816351424175,451.94846959520146
C01173,Starter,Annual,Credit Card,28,False,0,1117.628623077069,93.13571858975575
C01174,Professional,2-Year,Credit Card,56,True,0,6552.092258177617,546.0076881814681
C01175,Professional,Annual,Invoice,4,True,0,6494.341370014649,541.1951141678875
C01176,Professional,Annual,Invoice,7,False,10,5798.9910849978905,483.24925708315754
C01177,Starter,Month-to-Month,PayPal,3,True,10,1061.7678627029393,88.48065522524494
C01178,Starter,Month-to-Month,PayPal,25,True,20,744.6426385907469,62.05355321589557
C01179,Starter,Month-to-Month,Credit Card,48,True,0,1000.3330698987885,83.36108915823237
C01180,Professional,Annual,Credit Card,58,True,0,5842.245272626027,486.8537727188356
C01181,Professional,Month-to-Month,PayPal,9,False,10,4580.403177542913,381.70026479524273
C01182,Enterprise,Annual,PayPal,23,True,0,26747.41462982455,2228.9512191520457
C01183,Starter,Month-to-Month,Invoice,23,True,0,1102.9072488664804,91.90893740554003
C01184,Starter,Annual,PayPal,49,True,0,1167.0383725479367,97.25319771232806
C01185,Starter,Annual,PayPal,26,True,20,1126.579116285294,93.8815930237745
C01186,Starter,Annual,PayPal,40,False,10,1191.3102093843704,99.27585078203087
C01187,Professional,2-Year,Credit Card,18,True,0,6207.795478409599,517.3162898674666
C01188,Enterprise,Annual,Credit Card,24,True,0,24530.68977364935,2044.2241478041124
C01189,Professional,Month-to-Month,Invoice,27,True,10,4991.658803097471,415.9715669247892
C01190,Professional,Annual,Invoice,45,True,10,5811.042476151493,484.2535396792911
C01191,Professional,Annual,Invoice,2,True,0,6127.626219927804,510.635518327317
C01192,Starter,Annual,PayPal,1,True,0,1183.7444599035096,98.64537165862579
C01193,Professional,Annual,PayPal,48,True,0,6384.620097665313,532.0516748054428
C01194,Professional,Month-to-Month,Credit Card,16,False,0,6395.367982799738,532.9473318999782
C01195,Starter,Annual,PayPal,43,False,20,866.7545931381793,72.22954942818161
C01196,Professional,Month-to-Month,PayPal,24,True,0,6550.028588636915,545.8357157197429
C01197,Professional,Annual,Credit Card,36,True,0,5948.664556791471,495.72204639928924
C01198,Starter,Month-to-Month,Invoice,11,True,0,1209.9880698519535,100.83233915432946
C01199,Starter,Month-to-Month,PayPal,26,True,0,1042.1237313000836,86.84364427500697
C01200,Starter,Annual,Credit Card,6,False,0,1045.767208872487,87.14726740604057
C01201,Starter,Annual,Credit Card,26,False,10,922.8790065479026,76.90658387899188
C01202,Starter,2-Year,Invoice,29,True,0,1487.166936891884,123.93057807432366
C01203,Professional,Month-to-Month,Credit Card,43,True,0,7360.989438512477,613.4157865427064
C01204,Starter,Annual,Invoice,58,True,0,995.7878518535201,82.98232098779334
C01205,Professional,Annual,Invoice,1,True,10,4582.269812116965,381.8558176764138
C01206,Enterprise,Month-to-Month,Invoice,9,True,10,20493.43609837561,1707.7863415313006
C01207,Professional,Month-to-Month,Invoice,27,True,0,6664.2778287640285,555.3564857303357
C01208,Professional,Month-to-Month,Invoice,7,True,0,6375.117801298036,531.2598167748364
C01209,Professional,2-Year,Credit Card,53,True,0,7300.470420367048,608.3725350305873
C01210,Professional,Annual,PayPal,54,True,0,5817.268825553032,484.77240212941933
C01211,Starter,Month-to-Month,Invoice,3,True,0,1116.3199252634795,93.0266604386233
C01212,Starter,Month-to-Month,Invoice,9,False,10,1086.0391391181913,90.50326159318261
C01213,Professional,Month-to-Month,PayPal,2,False,0,5895.713754988295,491.3094795823579
C01214,Professional,Annual,PayPal,10,False,20,4786.9080848986005,398.9090070748834
C01215,Enterprise,2-Year,Invoice,17,True,0,24256.525396607878,2021.37711638399
C01216,Professional,Annual,PayPal,31,True,0,7272.017988823337,606.0014990686115
C01217,Enterprise,Month-to-Month,Invoice,1,True,0,24288.50853347389,2024.042377789491
C01218,Starter,Annual,Credit Card,58,False,0,1072.4124472147244,89.36770393456037
C01219,Professional,2-Year,PayPal,18,True,0,5825.683899353689,485.47365827947414
C01220,Enterprise,Annual,PayPal,6,True,10,23167.479411017073,1930.6232842514228
C01221,Starter,2-Year,Credit Card,38,True,0,1272.045492997995,106.00379108316626
C01222,Starter,Month-to-Month,PayPal,41,False,0,1265.504428648549,105.45870238737909
C01223,Starter,Annual,Credit Card,42,False,10,896.5087625634096,74.7090635469508
C01224,Professional,Annual,Invoice,47,True,20,4051.461476043026,337.62178967025216
C01225,Starter,Annual,PayPal,4,False,0,1184.237640442066,98.68647003683884
C01226,Professional,Annual,PayPal,40,True,10,5640.880284272971,470.0733570227476
C01227,Starter,Month-to-Month,Credit Card,4,True,0,1100.2732933269617,91.68944111058015
C01228,Starter,Month-to-Month,Invoice,35,False,0,1379.307499185532,114.94229159879433
C01229,Enterprise,2-Year,Invoice,4,True,0,25297.89657780505,2108.158048150421
C01230,Starter,Month-to-Month,Credit Card,1,True,20,910.2563225381745,75.85469354484788
C01231,Starter,2-Year,PayPal,41,False,0,1533.6242656206423,127.80202213505352
C01232,Starter,Annual,PayPal,43,True,0,1144.1346680765178,95.34455567304315
C01233,Professional,Annual,Credit Card,31,False,0,5778.359713310931,481.5299761092442
C01234,Starter,2-Year,Credit Card,53,True,0,1150.0733519561513,95.83944599634594
C01235,Professional,Annual,Credit Card,55,True,0,6025.065206573737,502.0887672144781
C01236,Enterprise,Annual,PayPal,19,True,0,21420.58029671076,1785.04835805923
C01237,Starter,Month-to-Month,Credit Card,21,False,0,1288.4607301862488,107.37172751552073
C01238,Starter,Annual,Invoice,58,True,0,1304.9779147865065,108.74815956554221
C01239,Starter,Annual,Credit Card,30,True,0,1280.055777443143,106.67131478692858
C01240,Professional,Annual,Invoice,52,True,0,5728.13480194062,477.344566828385
C01241,Starter,Annual,Invoice,7,False,0,1146.168668295689,95.51405569130742
C01242,Professional,Month-to-Month,Credit Card,5,True,0,6367.8590346959845,530.6549195579987
C01243,Enterprise,Annual,Invoice,2,True,10,22065.76303787914,1838.8135864899284
C01244,Starter,Month-to-Month,PayPal,51,True,0,1103.7790241968087,91.98158534973406
C01245,Professional,Month-to-Month,Credit Card,56,True,0,4785.535643275075,398.79463693958957
C01246,Starter,Month-to-Month,PayPal,3,True,10,1037.3661863054388,86.4471821921199
C01247,Professional,Month-to-Month,PayPal,15,True,0,6313.214458858167,526.1012049048472
C01248,Starter,Annual,Invoice,39,False,0,1259.3868454923656,104.94890379103047
C01249,Professional,Month-to-Month,PayPal,37,True,20,4073.038356698796,339.41986305823303
C01250,Professional,Month-to-Month,PayPal,55,True,0,6502.383956064727,541.8653296720605
C01251,Starter,Month-to-Month,Credit Card,10,True,0,1422.1211542656508,118.51009618880424
C01252,Professional,Annual,Credit Card,9,False,20,4631.430832759028,385.95256939658566
C01253,Professional,Annual,PayPal,23,True,0,5877.908479485748,489.8257066238123
C01254,Starter,Annual,Invoice,14,False,0,1137.2144960431974,94.76787467026645
C01255,Enterprise,Annual,Invoice,54,False,0,23152.408531672696,1929.3673776393914
C01256,Starter,Annual,Credit Card,45,True,0,1345.3834039991611,112.11528366659677
C01257,Professional,Month-to-Month,Credit Card,33,True,0,5529.39207088896,460.78267257408
C01258,Starter,2-Year,Credit Card,16,True,0,1229.0684914174542,102.42237428478785
C01259,Professional,Month-to-Month,Invoice,20,False,10,5251.478137967877,437.62317816398973
C01260,Starter,Month-to-Month,Credit Card,8,False,20,978.3090329444198,81.52575274536831
C01261,Starter,Annual,PayPal,49,False,0,1165.6754926737808,97.13962438948174
C01262,Starter,Annual,Invoice,38,True,10,1168.6403157404393,97.38669297836994
C01263,Professional,Annual,PayPal,34,True,0,6624.552061002346,552.0460050835288
C01264,Professional,Month-to-Month,Credit Card,31,True,0,6224.428802147501,518.7024001789584
C01265,Professional,Annual,Invoice,45,True,20,4696.581136374854,391.3817613645712
C01266,Enterprise,Annual,Credit Card,57,True,0,25888.23097198707,2157.3525809989223
C01267,Enterprise,Month-to-Month,Invoice,8,True,0,22201.874155379974,1850.1561796149979
C01268,Professional,Month-to-Month,Credit Card,25,True,0,6257.70994017117,521.4758283475975
C01269,Professional,Annual,Invoice,41,True,0,5691.3206949895875,474.27672458246565
C01270,Starter,Month-to-Month,Invoice,13,True,0,1225.798777234559,102.14989810287993
C01271,Professional,Month-to-Month,Invoice,18,False,0,5424.151176361621,452.01259803013505
C01272,Professional,Month-to-Month,PayPal,50,True,10,6039.24489522664,503.27040793555335
C01273,Starter,Month-to-Month,Credit Card,41,False,0,1049.1809938004649,87.43174948337207
C01274,Professional,Month-to-Month,Credit Card,34,True,0,5922.83176452486,493.56931371040497
C01275,Enterprise,Month-to-Month,Invoice,36,True,0,20455.13789508379,1704.5948245903157
C01276,Starter,Month-to-Month,PayPal,50,True,0,1339.5064095646464,111.62553413038721
C01277,Starter,2-Year,Invoice,17,True,20,1109.201469775864,92.43345581465535
C01278,Starter,Month-to-Month,Credit Card,12,True,20,845.6673494166633,70.47227911805528
C01279,Starter,Annual,Credit Card,16,False,10,1115.0212436387171,92.9184369698931
C01280,Starter,2-Year,Invoice,13,True,0,1164.5000635892243,97.04167196576869
C01281,Starter,Annual,Invoice,11,True,10,1135.303451593286,94.60862096610715
C01282,Starter,Month-to-Month,Invoice,14,True,0,1389.1642525186985,115.76368770989154
C01283,Enterprise,Month-to-Month,Credit Card,42,True,0,24924.997086649517,2077.0830905541266
C01284,Starter,Annual,Invoice,55,True,0,1108.1312084724766,92.34426737270638
C01285,Starter,2-Year,Invoice,28,True,10,1005.4311506665966,83.78592922221638
C01286,Starter,Month-to-Month,Credit Card,59,True,0,1157.5321564517667,96.46101303764722
C01287,Starter,Month-to-Month,Invoice,53,True,0,1112.6714675586836,92.72262229655696
C01288,Enterprise,Annual,PayPal,51,True,0,25824.544199494878,2152.0453499579066
C01289,Professional,Annual,Credit Card,24,True,0,6507.265462487227,542.2721218739356
C01290,Professional,Annual,Invoice,53,True,10,6080.199783390561,506.68331528254674
C01291,Starter,Annual,Invoice,17,True,0,1149.028973286109,95.75241444050909
C01292,Professional,Month-to-Month,Credit Card,9,False,0,6692.553844151431,557.7128203459525
C01293,Starter,Annual,Credit Card,46,True,0,1401.9916365363206,116.83263637802672
C01294,Starter,Annual,PayPal,30,True,10,936.7391673480914,78.06159727900761
C01295,Starter,Annual,Invoice,37,True,0,1141.5282389872104,95.1273532489342
C01296,Enterprise,Annual,Invoice,3,False,0,23740.451314239977,1978.3709428533314
C01297,Starter,Annual,Invoice,54,False,0,1298.6748461654893,108.2229038471241
C01298,Professional,Month-to-Month,Credit Card,8,True,0,6804.0808026377945,567.0067335531495
C01299,Starter,Annual,Credit Card,18,True,10,893.0996652040204,74.42497210033504
C01300,Starter,Annual,Credit Card,59,True,20,895.7212599067068,74.6434383255589
C01301,Professional,Annual,Invoice,30,True,0,6687.303235745973,557.2752696454978
C01302,Starter,Month-to-Month,Invoice,3,True,0,1097.7584408807988,91.47987007339991
C01303,Enterprise,Annual,Credit Card,55,True,0,25915.708885680662,2159.642407140055
C01304,Starter,Annual,PayPal,34,True,0,1268.8272461091703,105.73560384243086
C01305,Starter,Annual,Invoice,59,True,0,1293.2730113502146,107.77275094585121
C01306,Professional,Annual,PayPal,43,False,0,6474.024185444091,539.5020154536743
C01307,Professional,Month-to-Month,Credit Card,28,True,10,5169.619027138999,430.80158559491656
C01308,Starter,Month-to-Month,Invoice,37,True,10,1051.2909006101565,87.60757505084638
C01309,Professional,Annual,PayPal,25,True,10,5213.473741198023,434.4561450998353
C01310,Professional,2-Year,Invoice,30,False,0,6135.154356441668,511.26286303680564
C01311,Starter,Month-to-Month,PayPal,7,True,10,849.8344739135038,70.81953949279198
C01312,Enterprise,Month-to-Month,Invoice,46,True,0,25157.848579062855,2096.487381588571
C01313,Starter,2-Year,PayPal,29,False,0,1406.6987073773669,117.22489228144724
C01314,Starter,Annual,PayPal,51,True,10,1101.3125893341726,91.77604911118105
C01315,Professional,Annual,Credit Card,2,True,20,4741.276807618294,395.10640063485783
C01316,Starter,Month-to-Month,Credit Card,26,True,10,1087.944043365584,90.66200361379867
C01317,Professional,Annual,PayPal,41,False,10,5686.570866974636,473.8809055812197
C01318,Starter,Annual,Invoice,57,False,10,1203.4828326096742,100.29023605080619
C01319,Starter,Annual,PayPal,57,False,0,1191.855865075894,99.32132208965783
C01320,Enterprise,Month-to-Month,Invoice,42,False,10,21239.53701748249,1769.9614181235409
C01321,Professional,Annual,Invoice,51,True,0,5175.6432402206965,431.3036033517247
C01322,Professional,Month-to-Month,Invoice,49,False,0,6028.157041349878,502.34642011248985
C01323,Starter,Month-to-Month,Invoice,57,True,10,950.1960852521443,79.18300710434535
C01324,Starter,Annual,Credit Card,7,False,20,907.4565587561275,75.62137989634395
C01325,Professional,Month-to-Month,PayPal,18,True,0,6526.510888787187,543.8759073989322
C01326,Professional,Month-to-Month,Invoice,6,False,10,5951.275847216038,495.9396539346698
C01327,Starter,Month-to-Month,Credit Card,59,True,0,1255.590233356217,104.63251944635141
C01328,Starter,Annual,Invoice,41,True,20,1076.587435368433,89.71561961403609
C01329,Starter,Month-to-Month,Invoice,40,True,0,1001.9982261314291,83.49985217761909
C01330,Starter,Annual,Credit Card,27,True,0,1395.3668651755845,116.28057209796538
C01331,Professional,Annual,Credit Card,54,True,10,4941.6280631015015,411.8023385917918
C01332,Starter,Annual,Invoice,54,False,10,1112.4864390126156,92.7072032510513
C01333,Starter,Annual,PayPal,56,True,10,1008.126675357389,84.01055627978242
C01334,Starter,Annual,Credit Card,41,False,20,989.7601096118744,82.48000913432287
C01335,Starter,Month-to-Month,PayPal,24,False,0,1202.1443761968485,100.17869801640404
C01336,Starter,Month-to-Month,Invoice,33,True,0,1336.5006055192564,111.37505045993804
C01337,Enterprise,Annual,Invoice,31,True,10,26924.336664014972,2243.6947220012476
C01338,Professional,2-Year,Invoice,34,True,20,5223.272178920256,435.272681576688
C01339,Starter,Month-to-Month,Invoice,22,True,0,1185.654274734804,98.804522894567
C01340,Professional,Annual,Invoice,24,True,0,6919.7137747464985,576.6428145622082
C01341,Professional,2-Year,Invoice,36,True,0,4981.7713992313265,415.1476166026105
C01342,Starter,Annual,PayPal,28,True,0,1130.3320276082136,94.1943356340178
C01343,Starter,Month-to-Month,Credit Card,20,True,10,1055.0660063765881,87.92216719804901
C01344,Starter,Annual,Invoice,18,True,0,1166.7214200362064,97.2267850030172
C01345,Starter,Month-to-Month,Credit Card,42,True,0,1111.3258482433437,92.61048735361197
C01346,Professional,Annual,PayPal,32,False,10,5775.829080598183,481.3190900498486
C01347,Starter,Month-to-Month,Invoice,33,True,0,1199.7402968695521,99.97835807246268
C01348,Enterprise,Annual,Invoice,10,True,10,21304.940985013967,1775.411748751164
C01349,Professional,2-Year,Credit Card,9,True,0,6845.599564278511,570.4666303565426
C01350,Starter,2-Year,Credit Card,55,False,0,1146.4302238794335,95.53585198995279
C01351,Professional,Annual,Credit Card,25,True,0,6616.586948224188,551.382245685349
C01352,Starter,Month-to-Month,Invoice,13,True,0,1167.1127398174112,97.25939498478427
C01353,Starter,Month-to-Month,Credit Card,47,True,0,1169.708447180666,97.47570393172218
C01354,Professional,Annual,Credit Card,50,False,10,4989.299922715164,415.774993559597
C01355,Starter,Annual,PayPal,58,False,0,1025.362670696424,85.44688922470199
C01356,Starter,Month-to-Month,Invoice,45,True,0,1120.630453295303,93.38587110794191
C01357,Professional,Month-to-Month,Invoice,5,False,10,4440.823995847753,370.0686663206461
C01358,Enterprise,2-Year,Invoice,31,True,0,24613.93318063059,2051.1610983858823
C01359,Starter,Annual,Credit Card,31,True,20,929.7631858377606,77.48026548648005
C01360,Starter,Month-to-Month,PayPal,34,True,0,1330.0956891088063,110.84130742573386
C01361,Professional,Month-to-Month,Credit Card,26,True,0,5564.952812467679,463.7460677056399
C01362,Professional,Annual,Invoice,7,False,0,5845.395480803811,487.1162900669842
C01363,Starter,Annual,Credit Card,41,False,0,1346.1364382822542,112.17803652352119
C01364,Enterprise,Annual,Invoice,51,True,0,26136.049462326726,2178.0041218605606
C01365,Professional,2-Year,Credit Card,46,True,0,6081.789919736997,506.81582664474973
C01366,Professional,Annual,Credit Card,49,True,0,5379.145512220446,448.2621260183705
C01367,Enterprise,2-Year,Invoice,52,True,10,22867.454820755658,1905.6212350629714
C01368,Enterprise,Annual,Credit Card,20,False,10,20977.416909843025,1748.118075820252
C01369,Starter,Annual,Invoice,43,False,0,1137.604887032691,94.80040725272426
C01370,Starter,Annual,Credit Card,22,True,0,1359.7534996988873,113.31279164157394
C01371,Professional,Month-to-Month,Credit Card,5,True,0,6879.806875451613,573.3172396209678
C01372,Enterprise,Month-to-Month,Credit Card,12,False,0,21872.068951336772,1822.6724126113977
C01373,Professional,Annual,Invoice,21,True,20,5623.715993890451,468.64299949087086
C01374,Starter,Month-to-Month,Credit Card,9,False,0,1189.2391526827196,99.10326272355996
C01375,Professional,Annual,Credit Card,29,True,0,6469.644546514835,539.1370455429029
C01376,Starter,Annual,PayPal,27,True,0,1419.7524540244644,118.3127045020387
C01377,Enterprise,Annual,PayPal,17,True,0,23609.059422221177,1967.4216185184314
C01378,Starter,Month-to-Month,Invoice,40,True,10,1108.2889812521041,92.35741510434201
C01379,Enterprise,Annual,Invoice,24,True,0,25736.28366980206,2144.690305816838
C01380,Starter,Annual,Invoice,27,True,10,1250.6724547824076,104.22270456520063
C01381,Enterprise,Month-to-Month,Invoice,8,False,0,24047.85596218767,2003.9879968489724
C01382,Starter,2-Year,Credit Card,44,True,0,1297.1255320537873,108.09379433781561
C01383,Professional,Annual,Credit Card,29,True,0,5535.4398284769695,461.2866523730808
C01384,Enterprise,2-Year,Invoice,19,False,10,18399.860258915243,1533.321688242937
C01385,Professional,Month-to-Month,Invoice,10,False,0,5592.913634043456,466.076136170288
C01386,Professional,Month-to-Month,PayPal,24,True,0,5591.251727603982,465.93764396699845
C01387,Starter,Annual,Invoice,34,False,0,1317.0147607049655,109.75123005874713
C01388,Starter,Annual,PayPal,56,False,0,1191.1834289379092,99.26528574482576
C01389,Enterprise,Month-to-Month,Invoice,40,True,10,20280.555773867727,1690.0463144889773
C01390,Starter,2-Year,Invoice,31,True,0,1093.5240864635598,91.12700720529665
C01391,Professional,Annual,Credit Card,46,True,0,5749.383396024682,479.11528300205686
C01392,Professional,Annual,Invoice,51,True,0,6550.346132049952,545.8621776708293
C01393,Starter,Annual,PayPal,4,True,0,1093.1951389189728,91.0995949099144
C01394,Starter,Month-to-Month,Credit Card,41,True,20,947.775438801297,78.98128656677476
C01395,Starter,2-Year,PayPal,45,False,0,1154.135371754031,96.17794764616924
C01396,Starter,Annual,Invoice,31,True,0,1242.5056314885564,103.5421359573797
C01397,Enterprise,Month-to-Month,Credit Card,9,True,10,25576.385861238967,2131.3654884365806
C01398,Professional,Month-to-Month,PayPal,26,False,0,5608.8120710122685,467.401005917689
C01399,Starter,Annual,Invoice,13,True,10,1114.2776810869532,92.85647342391276
C01400,Starter,Month-to-Month,PayPal,57,True,10,1078.344792260682,89.86206602172349
C01401,Professional,2-Year,Invoice,48,True,0,5720.336883970653,476.6947403308877
C01402,Starter,2-Year,PayPal,26,True,0,1206.04981018248,100.50415084854001
C01403,Starter,Annual,Invoice,54,False,0,1418.3758992469416,118.1979916039118
C01404,Starter,Annual,PayPal,1,True,0,1191.7150595201665,99.3095882933472
C01405,Enterprise,Annual,Credit Card,40,False,0,23833.99870622466,1986.1665588520548
C01406,Starter,Month-to-Month,Invoice,9,True,10,1039.0926552075864,86.5910546006322
C01407,Starter,Annual,Invoice,31,False,10,1124.8629507471783,93.73857922893153
C01408,Enterprise,Month-to-Month,PayPal,24,True,0,21600.290542644787,1800.0242118870656
C01409,Starter,Annual,Invoice,45,True,10,1093.1162049516704,91.09301707930587
C01410,Enterprise,Month-to-Month,Credit Card,49,False,0,25069.97836941994,2089.1648641183283
C01411,Starter,Month-to-Month,PayPal,22,True,0,1098.2254293562758,91.51878577968965
C01412,Starter,Month-to-Month,PayPal,57,True,0,1391.7454663468554,115.97878886223795
C01413,Starter,Annual,PayPal,9,True,0,1387.3489067351202,115.61240889459334
C01414,Starter,Annual,Credit Card,39,True,10,1322.7494633864765,110.22912194887304
C01415,Starter,Month-to-Month,Credit Card,23,False,0,1268.5631648598032,105.71359707165027
C01416,Starter,Annual,Invoice,20,False,0,1249.870697125905,104.15589142715875
C01417,Starter,Month-to-Month,PayPal,55,True,0,1190.6469304030327,99.22057753358605
C01418,Starter,Annual,Credit Card,42,False,0,1208.1803052838845,100.68169210699038
C01419,Professional,Annual,Invoice,21,True,10,5900.589332484319,491.7157777070266
C01420,Professional,Month-to-Month,Credit Card,27,True,10,5409.280183212549,450.7733486010457
C01421,Enterprise,Month-to-Month,Credit Card,58,True,0,23638.022902012315,1969.8352418343595
C01422,Professional,2-Year,Credit Card,5,True,0,6335.355219983475,527.9462683319563
C01423,Enterprise,Annual,Invoice,17,True,0,22496.78585341269,1874.7321544510576
C01424,Starter,Month-to-Month,Credit Card,34,True,0,1389.63913284013,115.80326107001083
C01425,Starter,Annual,Credit Card,9,False,0,1201.0092752137512,100.0841062678126
C01426,Starter,Month-to-Month,Credit Card,34,True,0,1291.7707001307074,107.64755834422562
C01427,Professional,Month-to-Month,PayPal,10,True,20,4415.225544166654,367.93546201388784
C01428,Enterprise,Annual,Credit Card,59,True,0,23895.698187120637,1991.3081822600532
C01429,Professional,Month-to-Month,PayPal,44,True,0,5763.7919359019315,480.3159946584943
C01430,Starter,Annual,Credit Card,2,True,0,1157.8198819262368,96.48499016051973
C01431,Professional,Annual,PayPal,47,True,0,5317.517251995618,443.12643766630146
C01432,Starter,Month-to-Month,Credit Card,25,True,0,1326.757855492163,110.56315462434691
C01433,Starter,Annual,PayPal,3,True,0,1258.1388548611087,104.84490457175906
C01434,Professional,Month-to-Month,PayPal,34,False,0,5148.737730330556,429.0614775275463
C01435,Starter,Annual,PayPal,7,False,0,1174.500867046533,97.87507225387775
C01436,Starter,Annual,Credit Card,28,True,0,1173.8971002562173,97.82475835468477
C01437,Professional,2-Year,Invoice,9,True,0,6239.341626225224,519.9451355187687
C01438,Professional,Month-to-Month,PayPal,11,True,10,5321.62719181276,443.46893265106337
C01439,Starter,Month-to-Month,PayPal,29,False,10,1197.39988271395,99.78332355949584
C01440,Starter,Annual,PayPal,54,True,10,1184.1207375492268,98.67672812910223
C01441,Enterprise,Month-to-Month,PayPal,16,True,0,29296.414912305147,2441.367909358762
C01442,Starter,Annual,PayPal,39,True,0,932.7858815243201,77.73215679369333
C01443,Starter,Month-to-Month,Invoice,29,False,0,1364.084286398642,113.67369053322017
C01444,Starter,Annual,Credit Card,13,True,0,1295.3862661953306,107.94885551627755
C01445,Professional,Month-to-Month,Invoice,35,True,10,5305.430853897006,442.11923782475054
C01446,Starter,Annual,Credit Card,11,True,0,1169.203834581709,97.4336528818091
C01447,Starter,Annual,Invoice,35,True,10,1070.4671555052494,89.20559629210412
C01448,Starter,Month-to-Month,Credit Card,47,False,10,1106.7695383836342,92.23079486530285
C01449,Starter,Annual,PayPal,8,False,10,1021.5858311500774,85.13215259583978
C01450,Starter,Month-to-Month,Credit Card,7,False,10,906.8073531406615,75.56727942838846
C01451,Professional,Month-to-Month,Credit Card,5,True,0,5688.217117476494,474.0180931230412
C01452,Enterprise,Month-to-Month,PayPal,6,True,0,23362.19009041985,1946.849174201654
C01453,Enterprise,Annual,PayPal,57,True,0,25368.34330839931,2114.028609033276
C01454,Professional,Annual,Credit Card,51,True,0,5287.225299543092,440.60210829525766
C01455,Professional,Month-to-Month,Credit Card,35,False,0,6385.571882419339,532.1309902016116
C01456,Professional,2-Year,PayPal,30,True,0,5277.205601835477,439.76713348628977
C01457,Professional,Month-to-Month,Invoice,11,True,20,4990.675631805172,415.8896359837643
C01458,Professional,2-Year,PayPal,38,False,0,6331.4192354146835,527.6182696178903
C01459,Starter,Month-to-Month,Credit Card,27,False,10,1065.9200373532142,88.82666977943451
C01460,Starter,Annual,Credit Card,56,True,0,1205.536985125924,100.46141542716033
C01461,Enterprise,Annual,Credit Card,21,True,20,20539.12397408169,1711.5936645068075
C01462,Enterprise,Annual,PayPal,14,True,0,22603.020403481543,1883.5850336234619
C01463,Professional,2-Year,PayPal,49,False,0,6185.291441266202,515.4409534388502
C01464,Enterprise,Annual,Invoice,35,True,0,23158.199564727245,1929.8499637272705
C01465,Professional,Annual,Credit Card,29,False,10,6237.084307871488,519.7570256559574
C01466,Professional,Annual,Credit Card,24,True,0,6325.93761217469,527.1614676812242
C01467,Starter,Annual,PayPal,36,True,10,967.224723693393,80.60206030778275
C01468,Professional,Month-to-Month,Credit Card,41,True,0,7090.681394579036,590.8901162149197
C01469,Professional,2-Year,Invoice,45,True,0,6601.054129689788,550.0878441408157
C01470,Enterprise,Annual,PayPal,32,False,0,21104.533824926155,1758.7111520771796
C01471,Starter,Month-to-Month,Credit Card,6,True,10,915.1649847324064,76.26374872770053
C01472,Professional,Annual,PayPal,10,True,0,5263.259562369532,438.60496353079435
C01473,Professional,Annual,PayPal,20,True,10,4869.666674858491,405.8055562382076
C01474,Starter,Annual,Invoice,20,False,0,1218.1538550660093,101.51282125550078
C01475,Starter,Annual,PayPal,26,True,0,1209.8691983082194,100.82243319235162
C01476,Professional,Month-to-Month,Credit Card,21,False,0,6440.886254333086,536.7405211944239
C01477,Starter,Annual,Invoice,45,True,0,1162.7099919709394,96.89249933091162
C01478,Professional,2-Year,PayPal,23,True,0,5843.622390128599,486.9685325107166
C01479,Starter,Month-to-Month,Credit Card,46,True,10,1092.1512075256717,91.0126006271393
C01480,Starter,Annual,PayPal,12,True,10,1201.5955559473148,100.13296299560956
C01481,Starter,Month-to-Month,PayPal,55,True,0,972.8924505551852,81.07437087959876
C01482,Starter,Month-to-Month,Invoice,13,False,0,1169.228673171608,97.43572276430068
C01483,Starter,Annual,Invoice,10,True,0,1358.243686971381,113.18697391428175
C01484,Enterprise,Month-to-Month,Invoice,7,True,20,19330.13855674868,1610.8448797290566
C01485,Starter,Annual,Invoice,37,True,10,1048.1525281992967,87.34604401660806
C01486,Enterprise,Annual,Credit Card,12,True,0,22044.87188227486,1837.0726568562384
C01487,Enterprise,Month-to-Month,PayPal,25,False,0,26166.03332405445,2180.5027770045376
C01488,Enterprise,Annual,Invoice,2,False,20,18275.89253342222,1522.9910444518516
C01489,Starter,2-Year,Credit Card,40,True,0,1141.2935955348898,95.10779962790748
C01490,Professional,Month-to-Month,Invoice,26,True,20,5454.5935049361115,454.549458744676
C01491,Starter,Annual,PayPal,40,True,0,1074.374585188641,89.53121543238676
C01492,Starter,2-Year,Invoice,51,True,0,1395.7653029208816,116.3137752434068
C01493,Enterprise,2-Year,PayPal,5,True,0,24405.76637273097,2033.8138643942475
C01494,Starter,Annual,PayPal,8,False,0,1202.9454251339205,100.24545209449337
C01495,Enterprise,Month-to-Month,Credit Card,42,True,10,22216.472412799783,1851.3727010666487
C01496,Professional,Month-to-Month,Invoice,45,True,0,6012.468624539182,501.03905204493185
C01497,Starter,Month-to-Month,Invoice,9,True,0,1136.6326519094553,94.71938765912127
C01498,Starter,Annual,PayPal,39,True,20,993.0403847359601,82.75336539466333
C01499,Professional,Month-to-Month,Invoice,20,True,0,5706.080747813962,475.5067289844969
C01500,Professional,Annual,PayPal,52,True,0,6256.824527087855,521.4020439239879
C01501,Professional,Annual,Credit Card,51,False,0,7387.506378351024,615.625531529252
C01502,Starter,Month-to-Month,Invoice,11,True,0,1279.2194930785465,106.60162442321221
C01503,Starter,Month-to-Month,PayPal,40,True,0,1177.3586321031444,98.1132193419287
C01504,Starter,Annual,Invoice,22,False,0,1230.6677365703044,102.55564471419204
C01505,Starter,Month-to-Month,Invoice,16,False,0,1161.6190755826492,96.80158963188744
C01506,Starter,Annual,Credit Card,42,True,0,1177.9405410610204,98.16171175508504
C01507,Starter,2-Year,PayPal,38,True,0,1186.5931794154492,98.88276495128743
C01508,Starter,2-Year,Credit Card,42,False,0,1257.033608579788,104.75280071498234
C01509,Professional,Annual,Credit Card,10,True,0,6544.074991610126,545.3395826341772
C01510,Professional,Annual,Credit Card,25,True,0,7265.5248978046775,605.4604081503898
C01511,Starter,Annual,PayPal,59,True,0,1277.8139521569599,106.48449601307999
C01512,Professional,Annual,PayPal,19,False,0,5341.89390056811,445.15782504734256
C01513,Professional,Annual,Invoice,4,True,0,5231.430258552255,435.9525215460212
C01514,Professional,Month-to-Month,PayPal,19,True,20,4767.773813696929,397.3144844747441
C01515,Professional,Month-to-Month,Credit Card,3,True,0,6600.256192871644,550.0213494059703
C01516,Starter,Annual,PayPal,17,False,0,1175.0455142075389,97.9204595172949
C01517,Starter,2-Year,Invoice,14,True,10,1059.2148409090762,88.26790340908968
C01518,Starter,Annual,Credit Card,10,False,10,1177.1878734577074,98.09898945480894
C01519,Starter,Annual,Invoice,6,True,20,957.4303220836573,79.78586017363811
C01520,Professional,Annual,PayPal,31,True,0,6620.646117902553,551.7205098252127
C01521,Enterprise,Annual,Invoice,31,False,0,20388.434600332126,1699.036216694344
C01522,Starter,Annual,Invoice,48,True,0,1257.204341431599,104.76702845263326
C01523,Professional,2-Year,PayPal,9,False,0,4934.265542999697,411.1887952499747
C01524,Professional,Annual,Invoice,53,False,0,6159.98599993011,513.3321666608425
C01525,Starter,Month-to-Month,PayPal,12,False,10,1177.2705142547236,98.10587618789363
C01526,Enterprise,Annual,Credit Card,44,False,0,20092.431453727182,1674.3692878105985
C01527,Starter,Month-to-Month,Invoice,46,False,0,924.5713811242065,77.04761509368387
C01528,Enterprise,Annual,Credit Card,26,True,0,26042.39567294559,2170.1996394121325
C01529,Starter,Annual,PayPal,2,True,20,1003.1436370695649,83.59530308913041
C01530,Starter,Annual,PayPal,42,True,0,1068.1735409303078,89.01446174419232
C01531,Professional,Month-to-Month,Invoice,4,True,20,4917.292040626568,409.7743367188807
C01532,Enterprise,Month-to-Month,Invoice,32,False,10,20430.492701302326,1702.5410584418605
C01533,Starter,Month-to-Month,PayPal,28,True,20,942.8019381573632,78.56682817978027
C01534,Professional,Annual,PayPal,6,True,10,5255.097809431975,437.9248174526646
C01535,Professional,Month-to-Month,Credit Card,30,False,0,5201.567926295084,433.4639938579237
C01536,Starter,Annual,Credit Card,55,False,10,1177.318334312328,98.109861192694
C01537,Starter,2-Year,Invoice,28,False,0,1072.9120369711793,89.40933641426494
C01538,Starter,Month-to-Month,Invoice,13,False,0,1211.1185170356853,100.9265430863071
C01539,Starter,Annual,Invoice,55,True,0,1278.2468579188212,106.5205714932351
C01540,Professional,Annual,Invoice,46,False,0,5501.95418136515,458.4961817804292
C01541,Enterprise,Annual,Invoice,36,True,0,23340.302266809813,1945.0251889008177
C01542,Professional,2-Year,Invoice,10,False,0,5694.742281190943,474.5618567659119
C01543,Enterprise,Annual,Invoice,10,True,0,28138.78528165017,2344.8987734708476
C01544,Starter,Annual,Invoice,5,False,20,1047.8303363523635,87.3191946960303
C01545,Starter,Annual,Credit Card,29,True,0,1291.1846184740418,107.59871820617015
C01546,Enterprise,Month-to-Month,PayPal,36,True,0,29304.99925622897,2442.083271352414
C01547,Enterprise,Month-to-Month,PayPal,12,False,0,24845.056310250162,2070.4213591875136
C01548,Starter,Month-to-Month,Invoice,58,False,0,1159.6851265869245,96.64042721557705
C01549,Starter,Month-to-Month,PayPal,22,False,0,1027.2206809738248,85.60172341448539
C01550,Professional,Annual,Invoice,59,True,10,5022.254470425173,418.5212058687644
C01551,Starter,2-Year,Credit Card,46,True,0,1219.1112759085859,101.5926063257155
C01552,Starter,Annual,Invoice,39,True,0,1311.7663666315368,109.3138638859614
C01553,Professional,Month-to-Month,Credit Card,2,True,10,5046.898611930707,420.57488432755895
C01554,Enterprise,Month-to-Month,Credit Card,14,True,0,27800.808243232445,2316.7340202693704
C01555,Professional,Annual,Credit Card,10,False,0,5076.246676993242,423.0205564161035
C01556,Professional,Month-to-Month,Invoice,48,True,10,5197.247390353123,433.10394919609354
C01557,Starter,Annual,Credit Card,3,False,0,1248.4550778905934,104.03792315754946
C01558,Professional,Annual,Invoice,59,True,0,6078.7029809716405,506.5585817476367
C01559,Starter,Annual,Credit Card,8,True,0,1257.2070341142132,104.76725284285111
C01560,Enterprise,Month-to-Month,Credit Card,55,True,0,24308.430328299455,2025.7025273582879
C01561,Starter,Month-to-Month,PayPal,17,False,0,1277.7873565568782,106.48227971307318
C01562,Professional,Month-to-Month,Invoice,4,False,10,5268.2806513594405,439.02338761328673
C01563,Enterprise,Annual,PayPal,21,True,0,23278.582633988815,1939.8818861657346
C01564,Starter,2-Year,Credit Card,30,True,0,1101.002421000908,91.75020175007568
C01565,Enterprise,Month-to-Month,PayPal,19,True,0,29216.912167356717,2434.7426806130597
C01566,Starter,Month-to-Month,Credit Card,15,False,20,952.464758582346,79.3720632151955
C01567,Starter,Annual,PayPal,20,False,10,1127.036934295591,93.91974452463258
C01568,Starter,Month-to-Month,PayPal,58,True,10,1057.1754790291993,88.09795658576661
C01569,Enterprise,Annual,Invoice,42,True,0,27820.5277635187,2318.3773136265586
C01570,Enterprise,Month-to-Month,Invoice,30,True,10,21575.7863349085,1797.9821945757083
C01571,Starter,2-Year,PayPal,10,True,10,1115.368677769483,92.94738981412358
C01572,Starter,2-Year,PayPal,23,True,0,1095.315744772394,91.27631206436617
C01573,Enterprise,Annual,Invoice,24,True,20,22580.092086656772,1881.674340554731
C01574,Starter,Month-to-Month,Credit Card,12,True,10,1103.4353914753165,91.9529492896097
C01575,Professional,Month-to-Month,Credit Card,9,True,20,5662.494324937924,471.8745270781603
C01576,Professional,Annual,Credit Card,15,True,10,5075.5979454937415,422.9664954578118
C01577,Enterprise,Annual,Credit Card,29,True,10,20645.295132170788,1720.4412610142324
C01578,Professional,Annual,PayPal,18,True,20,4546.96975971664,378.9141466430533
C01579,Starter,Annual,Credit Card,20,True,0,1165.959879398478,97.16332328320651
C01580,Enterprise,Month-to-Month,PayPal,1,True,10,23048.391690601973,1920.6993075501643
C01581,Starter,2-Year,PayPal,3,True,0,954.2033531779798,79.51694609816498
C01582,Starter,Month-to-Month,Credit Card,8,False,10,1074.7870122381714,89.56558435318095
C01583,Starter,Month-to-Month,Credit Card,39,False,10,995.6875710940908,82.9739642578409
C01584,Enterprise,Month-to-Month,Credit Card,31,True,10,19681.809584530274,1640.1507987108562
C01585,Professional,Annual,Invoice,47,True,10,5652.854057004443,471.07117141703696
C01586,Starter,Month-to-Month,PayPal,8,False,0,1236.0019249904585,103.00016041587155
C01587,Professional,Annual,Credit Card,15,False,0,6517.843108677752,543.1535923898126
C01588,Starter,Month-to-Month,Invoice,59,True,0,1246.4860299674915,103.87383583062429
C01589,Enterprise,Month-to-Month,PayPal,22,True,0,24431.386402221106,2035.9488668517588
C01590,Starter,Annual,PayPal,32,False,0,1132.9709911409402,94.41424926174501
C01591,Professional,Month-to-Month,PayPal,5,True,0,5443.872332771595,453.6560277309663
C01592,Professional,Month-to-Month,Credit Card,44,False,0,6359.468589649729,529.9557158041441
C01593,Starter,Annual,Credit Card,44,True,0,1169.2999784545182,97.44166487120985
C01594,Enterprise,Annual,PayPal,58,False,0,24958.11913813937,2079.843261511614
C01595,Starter,Month-to-Month,PayPal,9,True,10,1079.5126665597495,89.95938887997913
C01596,Professional,2-Year,Invoice,53,True,0,4773.840289767544,397.8200241472953
C01597,Professional,2-Year,Invoice,41,False,0,6290.100415959618,524.1750346633015
C01598,Professional,Annual,PayPal,15,True,10,5062.02714821248,421.83559568437335
C01599,Starter,Month-to-Month,Invoice,47,True,0,1303.703793040323,108.64198275336025
C01600,Enterprise,Month-to-Month,PayPal,52,False,0,19538.70747284371,1628.225622736976
C01601,Starter,Annual,Invoice,44,True,0,1427.887292047424,118.99060767061866
C01602,Professional,Annual,PayPal,37,True,20,4513.924193073543,376.16034942279526
C01603,Professional,Month-to-Month,Credit Card,33,True,0,6282.716392243643,523.5596993536369
C01604,Enterprise,Annual,PayPal,22,True,10,20060.831679224328,1671.735973268694
C01605,Professional,Annual,Credit Card,51,False,0,5654.003435449806,471.1669529541505
C01606,Starter,Annual,PayPal,11,False,0,1282.2356829758983,106.85297358132486
C01607,Professional,Month-to-Month,Credit Card,58,True,0,5878.789015080502,489.89908459004187
C01608,Starter,Month-to-Month,Invoice,50,True,0,1184.0915717858709,98.67429764882257
C01609,Starter,2-Year,Credit Card,6,True,10,1171.741932167564,97.64516101396367
C01610,Enterprise,Annual,Invoice,17,False,0,24453.438316838605,2037.786526403217
C01611,Professional,Month-to-Month,PayPal,46,False,10,5642.059739294393,470.1716449411994
C01612,Starter,Annual,Invoice,44,False,0,1125.0342187744604,93.75285156453837
C01613,Professional,Annual,Invoice,57,False,0,6399.930538499847,533.3275448749872
C01614,Starter,Month-to-Month,Invoice,5,True,0,1213.3925401671477,101.11604501392897
C01615,Starter,Annual,PayPal,39,True,20,1001.3183464674396,83.4431955389533
C01616,Starter,Annual,Credit Card,59,True,0,1243.6522403827853,103.63768669856545
C01617,Professional,Month-to-Month,Invoice,58,True,0,6677.732462172319,556.4777051810266
C01618,Professional,Month-to-Month,PayPal,48,True,0,6302.891786728751,525.2409822273959
C01619,Professional,Month-to-Month,Invoice,57,False,0,5304.02153125168,442.00179427097333
C01620,Starter,Annual,Credit Card,9,True,0,1128.661243587082,94.05510363225683
C01621,Professional,Annual,Invoice,29,True,0,6135.793940014012,511.31616166783436
C01622,Starter,Month-to-Month,Invoice,23,True,20,998.2478092140063,83.18731743450053
C01623,Professional,Annual,Invoice,47,False,0,5205.066560066725,433.7555466722271
C01624,Enterprise,Month-to-Month,Credit Card,36,True,20,17294.626291062472,1441.2188575885393
C01625,Starter,Annual,Credit Card,31,True,0,1331.2279319968698,110.93566099973914
C01626,Professional,Month-to-Month,PayPal,20,True,0,7179.482956267174,598.2902463555978
C01627,Enterprise,Annual,Invoice,23,False,20,16023.805285501487,1335.3171071251238
C01628,Starter,Annual,Invoice,56,True,0,1230.9821208318904,102.58184340265753
C01629,Professional,Annual,Invoice,7,False,0,6028.728834232213,502.39406951935104
C01630,Professional,Annual,Invoice,59,True,0,6606.844805018409,550.5704004182007
C01631,Starter,Month-to-Month,Credit Card,46,False,20,1007.6514965932392,83.9709580494366
C01632,Professional,2-Year,Credit Card,58,False,0,6497.459602490125,541.4549668741771
C01633,Professional,Annual,Invoice,36,True,10,4168.350186810282,347.36251556752353
C01634,Starter,Annual,Invoice,4,True,0,1199.1437477003392,99.92864564169493
C01635,Starter,Annual,Invoice,24,True,0,1091.2589464545524,90.93824553787937
C01636,Enterprise,Month-to-Month,Invoice,14,False,0,21886.615464046965,1823.8846220039138
C01637,Professional,Month-to-Month,PayPal,25,True,20,4211.497376849093,350.9581147374244
C01638,Starter,Annual,PayPal,7,True,10,1104.6649298126658,92.05541081772215
C01639,Starter,2-Year,Invoice,15,True,0,1240.0120134967415,103.33433445806179
C01640,Professional,Month-to-Month,Invoice,44,False,0,6378.566427883759,531.5472023236466
C01641,Starter,Annual,Invoice,46,True,0,1151.6312247979015,95.96926873315846
C01642,Starter,Annual,PayPal,13,True,0,1366.0969345191245,113.84141120992705
C01643,Professional,2-Year,Credit Card,19,True,0,5440.770264814403,453.39752206786693
C01644,Professional,Month-to-Month,PayPal,12,True,10,4626.4094069291805,385.53411724409835
C01645,Starter,Month-to-Month,PayPal,48,True,0,1226.255531536488,102.187960961374
C01646,Starter,Month-to-Month,Invoice,26,False,20,894.2877119928916,74.52397599940763
C01647,Starter,Annual,Invoice,48,True,0,1263.815769364161,105.31798078034676
C01648,Starter,2-Year,Credit Card,33,True,0,1121.0709070822688,93.42257559018907
C01649,Starter,Annual,Invoice,15,True,20,904.4232209665533,75.36860174721278
C01650,Starter,2-Year,Invoice,37,False,0,1120.7813890650236,93.39844908875197
C01651,Starter,Annual,Credit Card,6,True,0,1112.1608704541911,92.68007253784926
C01652,Starter,Annual,Invoice,59,False,10,1079.790760376367,89.98256336469724
C01653,Enterprise,Month-to-Month,Invoice,25,True,0,24574.012499193403,2047.8343749327835
C01654,Starter,Month-to-Month,Invoice,53,True,0,1111.9400552325003,92.66167126937502
C01655,Starter,Month-to-Month,PayPal,17,False,0,1059.5224509295558,88.29353757746298
C01656,Starter,Month-to-Month,Invoice,43,True,0,1259.841835069445,104.98681958912043
C01657,Starter,Month-to-Month,PayPal,59,False,0,1246.5486218592935,103.87905182160779
C01658,Professional,Month-to-Month,Invoice,36,False,0,6428.779652417296,535.7316377014414
C01659,Starter,Annual,Invoice,50,True,0,1074.7972041915355,89.56643368262796
C01660,Professional,Annual,PayPal,52,True,0,5503.91933988892,458.6599449907433
C01661,Starter,Month-to-Month,PayPal,46,True,10,1168.9100334631296,97.4091694552608
C01662,Enterprise,Annual,Invoice,55,False,0,26150.513237506526,2179.209436458877
C01663,Starter,Annual,Credit Card,9,True,0,1150.9070489928604,95.90892074940503
C01664,Starter,Annual,Invoice,28,True,0,1085.6864144536655,90.4738678711388
C01665,Starter,Annual,PayPal,35,True,10,1004.2376577299308,83.68647147749424
C01666,Starter,Annual,Invoice,3,False,0,1084.1411479760536,90.34509566467113
C01667,Professional,2-Year,Invoice,11,True,0,6478.753439284153,539.896119940346
C01668,Starter,Month-to-Month,PayPal,20,True,0,1285.5480657112591,107.12900547593826
C01669,Professional,Month-to-Month,Credit Card,23,True,10,5443.90462437301,453.6587186977508
C01670,Starter,Month-to-Month,Credit Card,54,False,0,1118.6623222686778,93.22186018905649
C01671,Starter,Annual,PayPal,30,True,0,1094.261511017636,91.18845925146967
C01672,Starter,Month-to-Month,PayPal,37,True,0,1126.1252561380597,93.84377134483832
C01673,Professional,Annual,Invoice,36,True,0,5466.834474279266,455.56953952327217
C01674,Starter,Month-to-Month,PayPal,44,True,20,981.7547866208544,81.81289888507119
C01675,Starter,Annual,PayPal,56,True,10,1162.3359943136334,96.86133285946944
C01676,Starter,Annual,Invoice,12,True,0,1295.2673328129217,107.93894440107681
C01677,Professional,Month-to-Month,Invoice,36,True,10,4922.459616522444,410.204968043537
C01678,Professional,Annual,Invoice,35,True,0,5641.360198356616,470.1133498630513
C01679,Starter,Annual,Credit Card,55,True,10,1020.2552469358146,85.02127057798455
C01680,Starter,Annual,Credit Card,34,True,0,1322.2932185363522,110.19110154469602
C01681,Starter,Month-to-Month,PayPal,4,False,0,1039.8967029962514,86.65805858302095
C01682,Starter,Annual,Invoice,24,True,20,959.715755438069,79.97631295317241
C01683,Professional,Month-to-Month,PayPal,36,True,10,4927.568013828405,410.63066781903376
C01684,Starter,Annual,PayPal,58,True,20,941.6156883973193,78.46797403310994
C01685,Starter,Month-to-Month,Credit Card,28,True,10,1154.9357640391047,96.24464700325872
C01686,Professional,2-Year,Credit Card,39,False,0,5806.122076413022,483.84350636775184
C01687,Starter,Month-to-Month,PayPal,2,True,0,1109.5988144793146,92.46656787327622
C01688,Starter,Month-to-Month,Invoice,43,True,0,1289.7167957871252,107.4763996489271
C01689,Starter,2-Year,Credit Card,5,False,0,1215.5899077250863,101.29915897709053
C01690,Starter,Annual,Credit Card,28,False,0,1257.874471787121,104.82287264892675
C01691,Enterprise,Annual,Credit Card,13,False,0,24635.19436192586,2052.9328634938215
C01692,Professional,Month-to-Month,PayPal,36,True,0,5271.132110359721,439.26100919664344
C01693,Starter,Annual,Credit Card,9,True,0,1356.619127425898,113.05159395215816
C01694,Starter,2-Year,Invoice,39,False,0,1176.1306538205924,98.0108878183827
C01695,Starter,Annual,Credit Card,30,False,0,1301.0940020011165,108.4245001667597
C01696,Starter,Annual,PayPal,57,True,0,1157.9856075809453,96.49880063174544
C01697,Enterprise,2-Year,PayPal,27,False,20,20286.20741864961,1690.5172848874674
C01698,Starter,Annual,PayPal,13,True,0,1321.2979131773275,110.10815943144395
C01699,Enterprise,Month-to-Month,PayPal,42,True,0,26117.859737415874,2176.4883114513227
C01700,Professional,Month-to-Month,Invoice,39,True,0,6063.230600681246,505.2692167234372
C01701,Enterprise,Month-to-Month,PayPal,50,True,10,20866.64195518731,1738.8868295989425
C01702,Professional,Annual,Credit Card,28,True,0,5154.99687839926,429.5830731999383
C01703,Professional,2-Year,Invoice,18,True,20,4205.858201454437,350.48818345453645
C01704,Professional,Annual,PayPal,34,True,0,6669.854901295584,555.821241774632
C01705,Professional,2-Year,PayPal,21,True,0,5505.735332845226,458.8112777371022
C01706,Starter,Annual,Invoice,1,True,0,1296.506623553399,108.04221862944992
C01707,Enterprise,2-Year,Credit Card,45,False,10,23575.038802000112,1964.5865668333427
C01708,Professional,2-Year,Invoice,23,True,0,6273.1970351755335,522.7664195979611
C01709,Starter,Annual,Credit Card,34,False,0,1246.9468596579652,103.91223830483044
C01710,Enterprise,Annual,Credit Card,36,True,0,21202.786919186437,1766.8989099322032
C01711,Enterprise,Annual,PayPal,9,False,0,20761.458423381293,1730.1215352817744
C01712,Professional,Annual,Invoice,8,True,20,4483.816291121196,373.651357593433
C01713,Starter,Annual,Invoice,58,False,0,1398.3382187425048,116.52818489520872
C01714,Enterprise,Annual,PayPal,50,True,0,27299.442820577453,2274.9535683814543
C01715,Professional,Month-to-Month,PayPal,30,True,0,6022.3100147905325,501.85916789921106
C01716,Professional,Annual,Credit Card,48,True,0,6776.624560913456,564.7187134094546
C01717,Enterprise,Month-to-Month,PayPal,36,False,0,21756.08069583402,1813.0067246528351
C01718,Starter,Month-to-Month,Invoice,36,False,0,1155.6689038288985,96.30574198574153
C01719,Starter,Annual,PayPal,18,True,0,1390.4696915044951,115.87247429204126
C01720,Professional,Annual,PayPal,2,True,20,5809.0456298400895,484.08713582000746
C01721,Starter,Annual,PayPal,53,False,0,1292.594191051859,107.71618258765493
C01722,Professional,Month-to-Month,PayPal,11,False,10,4541.709119476278,378.4757599563565
C01723,Starter,Annual,PayPal,52,True,20,1089.5557775940733,90.7963147995061
C01724,Starter,2-Year,Credit Card,56,False,0,1167.8617227477341,97.32181022897784
C01725,Starter,Annual,PayPal,36,True,0,1286.7089871201126,107.22574892667605
C01726,Starter,Annual,PayPal,31,False,10,1090.704226535207,90.89201887793392
C01727,Starter,Month-to-Month,Invoice,31,False,10,1188.7068505382044,99.05890421151703
C01728,Starter,Month-to-Month,PayPal,24,True,0,1205.6054352731824,100.46711960609854
C01729,Starter,Annual,Invoice,46,True,0,1527.471525024821,127.28929375206842
C01730,Professional,Month-to-Month,Invoice,21,True,0,6579.0833969628275,548.2569497469023
C01731,Enterprise,Month-to-Month,Invoice,32,True,0,20980.78941734467,1748.3991181120557
C01732,Starter,2-Year,Invoice,49,False,10,898.7328153239058,74.89440127699216
C01733,Professional,Annual,Credit Card,30,False,0,5000.454274073217,416.70452283943473
C01734,Starter,Month-to-Month,Credit Card,57,True,10,1144.2557810443157,95.35464842035964
C01735,Starter,Month-to-Month,Invoice,8,False,0,1315.4844749395181,109.62370624495985
C01736,Enterprise,Month-to-Month,Credit Card,33,True,0,17730.854060724483,1477.5711717270403
C01737,Starter,Month-to-Month,Credit Card,51,False,0,1346.5243598530399,112.21036332108666
C01738,Starter,Annual,PayPal,51,False,0,1242.0518583809046,103.50432153174205
C01739,Starter,Month-to-Month,Credit Card,53,False,10,1254.6651387253985,104.55542822711654
C01740,Enterprise,Annual,Invoice,39,True,0,21676.72144781093,1806.3934539842442
C01741,Starter,Annual,Invoice,1,True,10,1111.3913220494562,92.61594350412135
C01742,Professional,Annual,Invoice,33,True,10,5552.84452162931,462.7370434691092
C01743,Starter,Annual,Invoice,42,True,0,1107.158711093298,92.2632259244415
C01744,Starter,Month-to-Month,PayPal,13,True,0,1047.716375166093,87.30969793050775
C01745,Professional,Annual,Credit Card,22,False,20,5247.04915409462,437.25409617455165
C01746,Starter,Annual,Invoice,5,True,0,1227.4952687764005,102.29127239803337
C01747,Professional,Annual,PayPal,12,True,20,4989.09274323776,415.7577286031467
C01748,Professional,Month-to-Month,Invoice,29,True,0,6817.64157694758,568.136798078965
C01749,Starter,Month-to-Month,Credit Card,3,True,0,1195.234110146336,99.60284251219467
C01750,Starter,Month-to-Month,PayPal,51,True,10,1114.0072916252202,92.83394096876835
C01751,Professional,Annual,Credit Card,36,True,10,5590.305675483504,465.858806290292
C01752,Starter,Annual,PayPal,47,True,10,1120.9334900453593,93.41112417044661
C01753,Starter,Annual,Invoice,45,True,0,1030.946657464475,85.91222145537292
C01754,Starter,Annual,Invoice,11,True,10,1077.8488742761085,89.82073952300904
C01755,Professional,Month-to-Month,Credit Card,26,True,0,6695.039240468661,557.9199367057217
C01756,Enterprise,Annual,Credit Card,2,False,0,23692.789794008873,1974.3991495007394
C01757,Professional,Annual,PayPal,29,False,20,4573.120013082781,381.09333442356507
C01758,Starter,Month-to-Month,Credit Card,41,True,0,1316.2223767309947,109.68519806091622
C01759,Professional,Annual,Credit Card,29,True,0,6008.213428129216,500.6844523441013
C01760,Starter,Annual,Invoice,44,False,0,1124.4436893176264,93.70364077646887
C01761,Starter,Month-to-Month,Invoice,36,True,0,1096.6337115334893,91.38614262779078
C01762,Professional,Annual,Invoice,58,True,10,5370.917766405979,447.57648053383156
C01763,Professional,2-Year,Invoice,19,True,0,5603.061428103048,466.92178567525394
C01764,Professional,Month-to-Month,Invoice,10,False,10,5886.798260040299,490.56652167002494
C01765,Starter,Annual,Invoice,11,False,10,997.8243516993296,83.15202930827746
C01766,Enterprise,Month-to-Month,Invoice,7,True,0,24667.888352319864,2055.657362693322
C01767,Enterprise,2-Year,PayPal,13,True,0,25007.647265853622,2083.970605487802
C01768,Starter,Month-to-Month,Invoice,41,True,0,1275.9507513701517,106.32922928084598
C01769,Starter,Month-to-Month,Invoice,44,False,10,1249.5280893327474,104.12734077772895
C01770,Starter,Annual,Invoice,2,False,0,1037.691126380271,86.47426053168925
C01771,Starter,Month-to-Month,Invoice,30,True,10,1145.653336728457,95.47111139403808
C01772,Enterprise,Month-to-Month,Invoice,22,False,0,25495.157071371417,2124.5964226142846
C01773,Starter,Month-to-Month,Credit Card,53,True,0,1069.6332194312229,89.13610161926857
C01774,Professional,Month-to-Month,Credit Card,1,True,0,6156.367448342787,513.0306206952322
C01775,Professional,Month-to-Month,Invoice,27,True,0,5748.264489423193,479.02204078526603
C01776,Professional,Annual,Invoice,7,True,10,6157.0618600214275,513.088488335119
C01777,Starter,2-Year,Invoice,1,True,10,1018.601983198654,84.88349859988783
C01778,Enterprise,Annual,PayPal,58,False,0,23483.47206289342,1956.9560052411182
C01779,Starter,Annual,Invoice,25,True,0,1154.3555687998355,96.19629739998629
C01780,Professional,Annual,PayPal,48,True,0,5497.107753405558,458.09231278379644
C01781,Professional,Month-to-Month,PayPal,4,True,0,5070.352803581179,422.52940029843154
C01782,Starter,Month-to-Month,Invoice,30,True,0,1100.0692935298355,91.6724411274863
C01783,Enterprise,Annual,Credit Card,8,True,0,24345.272105108557,2028.772675425713
C01784,Starter,Month-to-Month,Invoice,49,True,0,1233.88647208218,102.823872673515
C01785,Professional,Annual,Invoice,21,True,0,6487.422383442855,540.6185319535713
C01786,Professional,Annual,Credit Card,51,True,10,5966.908416079154,497.2423680065962
C01787,Professional,Annual,Credit Card,4,True,0,6240.388062686161,520.0323385571801
C01788,Starter,Annual,Invoice,4,True,0,1295.597220925492,107.96643507712433
C01789,Professional,Annual,Invoice,8,True,0,6314.430895150032,526.2025745958359
C01790,Professional,2-Year,PayPal,42,True,10,4805.3157858018385,400.4429821501532
C01791,Starter,Annual,Credit Card,26,True,0,1245.7657788213762,103.81381490178136
C01792,Professional,Month-to-Month,PayPal,29,False,0,6007.12356629443,500.59363052453585
C01793,Professional,Annual,PayPal,16,False,20,4528.88152825232,377.40679402102666
C01794,Professional,Annual,PayPal,19,False,0,6007.317389940298,500.60978249502483
C01795,Starter,Annual,PayPal,1,True,0,1242.8718163713067,103.57265136427556
C01796,Starter,Annual,Credit Card,37,True,0,1175.7784720111674,97.98153933426396
C01797,Starter,Month-to-Month,Credit Card,34,False,10,1187.1136859202927,98.92614049335772
C01798,Starter,2-Year,Credit Card,29,True,0,1240.9420922064855,103.41184101720712
C01799,Enterprise,Annual,Invoice,27,True,0,26098.055866108578,2174.8379888423815
C01800,Starter,Annual,PayPal,48,False,0,1350.7785225159855,112.56487687633212
C01801,Starter,Month-to-Month,Invoice,45,True,0,1152.5070540249833,96.04225450208195
C01802,Professional,Annual,Credit Card,30,True,0,5733.173910708327,477.76449255902725
C01803,Starter,Annual,Credit Card,6,False,0,1338.8123864932063,111.56769887443386
C01804,Starter,Month-to-Month,Invoice,36,False,0,1107.6526817730855,92.30439014775713
C01805,Professional,Annual,PayPal,57,False,0,5941.018243862112,495.084853655176
C01806,Professional,Annual,Credit Card,39,True,0,5707.5668221562655,475.6305685130221
C01807,Professional,Month-to-Month,PayPal,2,False,0,5405.554750164716,450.46289584705966
C01808,Professional,Annual,PayPal,55,False,0,6298.75823751338,524.8965197927816
C01809,Starter,Annual,Credit Card,42,False,0,1167.8946243336432,97.32455202780359
C01810,Enterprise,Annual,Invoice,14,False,0,21774.114062580407,1814.5095052150339
C01811,Starter,Month-to-Month,PayPal,8,True,0,1311.0225705204923,109.25188087670769
C01812,Starter,Month-to-Month,Invoice,3,True,10,936.9571424653958,78.07976187211632
C01813,Starter,Month-to-Month,PayPal,35,False,10,1064.0425936893735,88.67021614078112
C01814,Starter,Month-to-Month,PayPal,27,True,10,1176.1550122571514,98.01291768809595
C01815,Starter,Month-to-Month,Credit Card,34,True,0,1309.8044727984927,109.15037273320773
C01816,Professional,Annual,Invoice,28,False,0,6256.515603672533,521.3763003060444
C01817,Professional,Month-to-Month,PayPal,31,True,10,4924.758064859194,410.39650540493284
C01818,Starter,Month-to-Month,Invoice,17,True,0,1219.2653266069028,101.60544388390856
C01819,Professional,Month-to-Month,PayPal,19,True,0,6213.380464581031,517.7817053817527
C01820,Professional,Month-to-Month,Invoice,42,True,20,4587.91494147988,382.32624512332336
C01821,Starter,Annual,Invoice,44,True,0,1245.191353140055,103.7659460950046
C01822,Starter,Annual,Credit Card,59,False,0,1022.6703328576026,85.22252773813355
C01823,Starter,Month-to-Month,PayPal,55,True,0,989.5915758081362,82.46596465067802
C01824,Starter,Month-to-Month,PayPal,11,True,10,1010.641938868216,84.22016157235133
C01825,Professional,Annual,PayPal,9,False,20,5132.690647459731,427.72422062164424
C01826,Starter,Month-to-Month,PayPal,30,True,20,1042.581789667112,86.88181580559267
C01827,Starter,2-Year,Credit Card,57,True,0,1046.4957371689047,87.20797809740873
C01828,Starter,Annual,Credit Card,45,False,0,1376.1452732677196,114.67877277230997
C01829,Professional,Month-to-Month,PayPal,6,True,0,6053.991606314614,504.49930052621784
C01830,Starter,Annual,Invoice,14,False,0,1014.1761294824361,84.51467745686968
C01831,Professional,Annual,Credit Card,31,False,10,5563.929639038634,463.6608032532195
C01832,Starter,Month-to-Month,Invoice,54,False,0,1352.6693864064184,112.72244886720154
C01833,Professional,Month-to-Month,Invoice,11,True,0,5709.147086701856,475.76225722515466
C01834,Enterprise,Annual,Invoice,5,True,0,26345.00079206879,2195.416732672399
C01835,Starter,2-Year,PayPal,31,True,0,1373.084368751107,114.42369739592557
C01836,Professional,Month-to-Month,Credit Card,2,False,0,6024.3064945396545,502.02554121163786
C01837,Professional,Annual,PayPal,39,False,0,5552.878282171245,462.73985684760373
C01838,Professional,Month-to-Month,Invoice,17,False,0,6702.206120515877,558.5171767096564
C01839,Professional,Annual,PayPal,38,True,0,6700.081420620569,558.3401183850474
C01840,Starter,Annual,Invoice,46,True,0,1048.9942584880828,87.41618820734023
C01841,Starter,Annual,PayPal,36,True,10,1069.011096586867,89.0842580489056
C01842,Enterprise,Annual,PayPal,3,True,0,25729.973946920625,2144.1644955767188
C01843,Starter,Month-to-Month,Credit Card,43,False,0,1293.1396101630005,107.76163418025004
C01844,Enterprise,Annual,Credit Card,29,True,0,23305.933956472,1942.1611630393334
C01845,Professional,Month-to-Month,Invoice,33,True,0,5424.823731486794,452.06864429056617
C01846,Starter,Annual,Invoice,14,False,10,1249.6332657423125,104.13610547852603
C01847,Professional,Annual,Invoice,38,True,20,4842.898927785934,403.5749106488278
C01848,Professional,Annual,PayPal,29,False,0,5892.814362822282,491.06786356852353
C01849,Starter,Month-to-Month,Invoice,23,True,0,1129.4118556667906,94.11765463889923
C01850,Starter,Annual,Credit Card,59,False,0,1175.8182295509946,97.98485246258288
C01851,Professional,Annual,Invoice,17,True,0,5055.215629268653,421.2679691057211
C01852,Enterprise,2-Year,Invoice,59,True,20,21118.06721411297,1759.838934509414
C01853,Professional,Month-to-Month,PayPal,49,True,0,5837.4771155595545,486.45642629662956
C01854,Starter,Annual,Credit Card,55,False,0,947.9147476713244,78.99289563927704
C01855,Starter,Month-to-Month,Invoice,11,True,0,1081.8190116599565,90.15158430499638
C01856,Enterprise,Month-to-Month,Credit Card,28,True,0,26298.156912062896,2191.513076005241
C01857,Starter,Month-to-Month,Invoice,54,False,0,1182.9295754218222,98.57746461848518
C01858,Professional,Month-to-Month,Credit Card,7,True,10,4974.055608097345,414.5046340081121
C01859,Starter,Month-to-Month,Invoice,45,False,0,1215.8869578683843,101.32391315569869
C01860,Starter,Month-to-Month,Invoice,40,True,20,931.3248463017148,77.61040385847623
C01861,Starter,Month-to-Month,PayPal,8,True,0,1213.2572418916448,101.10477015763706
C01862,Starter,Annual,PayPal,41,True,10,1114.5144414249514,92.87620345207928
C01863,Professional,Annual,Credit Card,29,True,0,5510.188478450447,459.18237320420394
C01864,Starter,Annual,Credit Card,25,True,0,1130.872025893633,94.23933549113609
C01865,Starter,Annual,Credit Card,7,True,0,1111.8704851480848,92.65587376234039
C01866,Starter,Annual,Credit Card,57,True,0,1115.4076852983828,92.9506404415319
C01867,Enterprise,Annual,PayPal,22,True,0,22492.85203144078,1874.4043359533982
C01868,Professional,Month-to-Month,Credit Card,9,True,0,5825.789979008293,485.4824982506911
C01869,Starter,Annual,Invoice,11,True,0,1127.0607203561628,93.92172669634691
C01870,Starter,Annual,Invoice,34,True,0,1219.1865786229841,101.59888155191534
C01871,Professional,Annual,Invoice,27,False,10,5230.6359264829425,435.88632720691186
C01872,Enterprise,Annual,PayPal,50,True,0,22304.223661949392,1858.6853051624494
C01873,Starter,Annual,Credit Card,22,True,0,968.9365108081776,80.74470923401479
C01874,Starter,Annual,Invoice,3,True,0,1091.62552564524,90.96879380377
C01875,Professional,Annual,Invoice,50,False,10,5203.154981891658,433.5962484909715
C01876,Professional,Annual,PayPal,48,True,10,5917.100794838189,493.09173290318245
C01877,Professional,Month-to-Month,PayPal,40,True,0,5958.025039943699,496.50208666197494
C01878,Starter,Annual,PayPal,55,False,10,916.5609453737319,76.38007878114432
C01879,Starter,Annual,Invoice,8,True,10,1090.5813234429218,90.88177695357682
C01880,Starter,Annual,PayPal,6,True,0,1145.696897285136,95.47474144042799
C01881,Starter,2-Year,Invoice,57,False,0,1268.517094961462,105.70975791345516
C01882,Enterprise,Month-to-Month,Credit Card,25,True,0,20490.144163802946,1707.5120136502455
C01883,Starter,Annual,Invoice,2,True,0,1345.3412362439337,112.11176968699448
C01884,Professional,Annual,Credit Card,16,True,0,6268.204961814689,522.3504134845574
C01885,Professional,Annual,Invoice,58,True,0,5874.699884093222,489.55832367443514
C01886,Starter,Month-to-Month,Credit Card,53,True,0,1014.7385757302965,84.56154797752471
C01887,Enterprise,Month-to-Month,Invoice,41,True,0,20493.750886511265,1707.8125738759388
C01888,Professional,Annual,Invoice,51,True,10,5770.103654941897,480.84197124515805
C01889,Enterprise,Month-to-Month,Invoice,21,True,0,25927.660595286972,2160.638382940581
C01890,Starter,Annual,Invoice,15,False,0,1324.9910302113487,110.41591918427906
C01891,Starter,Month-to-Month,PayPal,56,False,20,1120.0579409597979,93.33816174664982
C01892,Starter,Annual,Invoice,34,True,0,1289.8980508629652,107.49150423858043
C01893,Starter,Month-to-Month,Invoice,47,True,0,1248.8995236959342,104.07496030799452
C01894,Starter,Annual,PayPal,54,True,0,1486.6151481791842,123.88459568159868
C01895,Enterprise,Annual,PayPal,43,True,10,20421.806928575694,1701.8172440479746
C01896,Starter,Month-to-Month,PayPal,20,False,0,1187.9173084235385,98.99310903529488
C01897,Enterprise,Annual,PayPal,44,False,10,18270.865170940695,1522.5720975783913
C01898,Starter,Month-to-Month,PayPal,31,True,20,1019.9502203132039,84.99585169276699
C01899,Professional,Annual,PayPal,15,True,0,5877.928750847597,489.8273959039664
C01900,Starter,Annual,PayPal,48,False,0,1125.5808129462125,93.79840107885104
C01901,Starter,Month-to-Month,PayPal,28,False,0,1128.0718888174001,94.00599073478334
C01902,Enterprise,Month-to-Month,PayPal,6,True,0,22092.031291896998,1841.0026076580832
C01903,Starter,Annual,PayPal,3,True,0,1179.7278829533107,98.31065691277588
C01904,Professional,Month-to-Month,PayPal,38,True,10,4621.411582841433,385.1176319034528
C01905,Professional,Month-to-Month,Credit Card,23,False,0,5188.945605583038,432.41213379858647
C01906,Enterprise,Annual,Invoice,58,True,0,21342.823399580106,1778.5686166316755
C01907,Professional,Month-to-Month,Invoice,3,False,0,5627.935600130532,468.994633344211
C01908,Starter,Annual,PayPal,53,True,0,1144.323900575456,95.36032504795467
C01909,Professional,Annual,PayPal,45,False,0,4770.679582394368,397.5566318661973
C01910,Starter,Month-to-Month,Credit Card,44,True,0,1138.181075706003,94.84842297550024
C01911,Starter,Month-to-Month,PayPal,8,True,10,989.1441249755246,82.42867708129371
C01912,Starter,Annual,Credit Card,2,True,0,1293.9317627904884,107.82764689920737
C01913,Starter,Month-to-Month,Invoice,7,True,20,873.6014150995469,72.80011792496224
C01914,Starter,Month-to-Month,Invoice,17,True,20,1056.381600043276,88.03180000360634
C01915,Enterprise,Annual,PayPal,7,True,0,28180.51923606165,2348.3766030051374
C01916,Professional,Annual,Credit Card,33,True,0,6700.090655955241,558.3408879962701
C01917,Enterprise,Month-to-Month,Credit Card,36,True,0,21643.81256271529,1803.651046892941
C01918,Starter,Annual,Invoice,47,True,0,1262.3341299564222,105.19451082970185
C01919,Professional,Annual,Invoice,4,True,0,5421.276726616897,451.77306055140804
C01920,Starter,Annual,Credit Card,44,True,0,1100.9391442048668,91.7449286837389
C01921,Starter,Annual,Credit Card,16,True,0,1108.9946537147466,92.41622114289555
C01922,Enterprise,2-Year,Invoice,21,True,0,24326.738753179616,2027.2282294316346
C01923,Enterprise,Month-to-Month,Credit Card,18,True,0,21902.560326859606,1825.2133605716338
C01924,Starter,Month-to-Month,Invoice,46,True,0,1204.6410599398646,100.38675499498872
C01925,Enterprise,Month-to-Month,Credit Card,46,True,0,27029.92556462708,2252.4937970522565
C01926,Professional,Month-to-Month,PayPal,28,True,0,5338.923259143749,444.91027159531245
C01927,Enterprise,Month-to-Month,Invoice,43,True,20,16112.317965579214,1342.6931637982677
C01928,Professional,Month-to-Month,Credit Card,16,True,0,5615.9168470234,467.9930705852833
C01929,Enterprise,Annual,Invoice,47,True,20,21941.736806973004,1828.4780672477502
C01930,Enterprise,Month-to-Month,Credit Card,22,False,0,25652.573442716122,2137.7144535596767
C01931,Starter,Annual,PayPal,6,True,0,1097.454525282577,91.45454377354808
C01932,Starter,Month-to-Month,PayPal,30,True,0,1074.545403995141,89.54545033292841
C01933,Starter,2-Year,PayPal,56,True,10,1114.9554407932724,92.91295339943936
C01934,Professional,Annual,Invoice,45,False,0,6058.562512135886,504.8802093446572
C01935,Professional,Annual,PayPal,58,True,20,5098.931742225254,424.9109785187712
C01936,Professional,Annual,Invoice,28,False,0,5306.8542051782415,442.23785043152014
C01937,Professional,Annual,PayPal,17,False,0,5949.713427668303,495.8094523056919
C01938,Starter,Annual,Invoice,36,False,0,1307.5165416566153,108.95971180471794
C01939,Starter,Month-to-Month,PayPal,12,False,10,1201.8921024884942,100.15767520737451
C01940,Starter,Annual,Credit Card,50,True,20,841.0778860233138,70.08982383527615
C01941,Professional,Annual,Credit Card,59,True,0,5948.792617465281,495.73271812210675
C01942,Starter,Month-to-Month,Invoice,40,False,10,1049.1149589924828,87.4262465827069
C01943,Starter,Month-to-Month,PayPal,12,False,10,989.6251420168646,82.46876183473871
C01944,Starter,Month-to-Month,PayPal,36,True,0,1111.745393416492,92.64544945137435
C01945,Starter,Month-to-Month,Credit Card,40,True,0,1268.0424887749098,105.67020739790915
C01946,Starter,Month-to-Month,PayPal,29,False,0,1108.0837203778044,92.3403100314837
C01947,Starter,Annual,PayPal,2,True,0,1185.2115054881847,98.76762545734873
C01948,Enterprise,Month-to-Month,Invoice,29,True,10,22651.33223385294,1887.611019487745
C01949,Starter,Annual,Credit Card,30,True,0,1410.2930598670614,117.52442165558845
C01950,Enterprise,Annual,PayPal,36,True,10,22246.623733139826,1853.8853110949856
C01951,Starter,Annual,PayPal,44,True,10,1157.846675670036,96.48722297250299
C01952,Enterprise,2-Year,Invoice,25,False,10,22167.973640291057,1847.3311366909213
C01953,Professional,Month-to-Month,Invoice,21,True,0,5876.6435195401,489.72029329500833
C01954,Professional,Annual,Invoice,22,False,0,5865.934349758208,488.82786247985064
C01955,Enterprise,Month-to-Month,Invoice,10,False,0,23720.899881879974,1976.7416568233311
C01956,Professional,2-Year,PayPal,31,False,20,3773.0088620586935,314.4174051715578
C01957,Enterprise,Month-to-Month,PayPal,47,False,0,23215.13391425336,1934.5944928544468
C01958,Professional,Annual,PayPal,9,True,0,6262.971302762345,521.9142752301954
C01959,Professional,Month-to-Month,Invoice,41,True,0,5557.819004726041,463.15158372717013
C01960,Starter,Annual,PayPal,39,False,0,1374.337051523828,114.52808762698567
C01961,Enterprise,Month-to-Month,Credit Card,59,True,0,24300.468819930607,2025.0390683275507
C01962,Professional,Annual,Credit Card,34,True,0,5921.294197700239,493.4411831416866
C01963,Starter,Annual,PayPal,39,True,0,1300.3036564174568,108.35863803478806
C01964,Professional,2-Year,Invoice,41,True,20,5070.754916287919,422.56290969065986
C01965,Enterprise,Annual,Credit Card,50,False,0,26718.76795846621,2226.563996538851
C01966,Professional,Annual,PayPal,23,True,10,6116.903171316763,509.7419309430636
C01967,Enterprise,Month-to-Month,Credit Card,12,False,0,27516.734308823998,2293.061192402
C01968,Starter,Annual,Credit Card,7,True,10,1129.3405357703912,94.11171131419927
C01969,Starter,Month-to-Month,Credit Card,32,True,20,860.4521298483596,71.70434415402997
C01970,Professional,Annual,Credit Card,19,True,20,4685.600507673157,390.4667089727631
C01971,Starter,Month-to-Month,PayPal,22,False,0,1396.6797554814232,116.38997962345194
C01972,Starter,Annual,Credit Card,56,True,10,1108.0140631269176,92.33450526057646
C01973,Professional,Annual,PayPal,16,False,0,5739.492141573132,478.29101179776103
C01974,Starter,Month-to-Month,Credit Card,58,False,0,1134.6128135553176,94.55106779627647
C01975,Starter,Annual,Credit Card,8,True,0,1070.7060059563853,89.22550049636544
C01976,Starter,Month-to-Month,Credit Card,30,False,0,1310.3202584700527,109.1933548725044
C01977,Professional,Month-to-Month,PayPal,51,True,0,5728.984403805875,477.41536698382293
C01978,Starter,2-Year,Credit Card,6,True,0,1082.0637672862842,90.17198060719035
C01979,Starter,Month-to-Month,Credit Card,2,True,10,986.052833493848,82.17106945782066
C01980,Professional,Annual,Invoice,34,True,0,4434.439979465239,369.5366649554366
C01981,Starter,Annual,Credit Card,29,True,0,1284.7342822870673,107.06119019058895
C01982,Enterprise,Annual,Invoice,40,True,0,23430.268742769076,1952.5223952307563
C01983,Starter,Month-to-Month,PayPal,59,False,0,1052.5565161722457,87.7130430143538
C01984,Enterprise,Annual,Credit Card,42,True,0,27329.162213935284,2277.430184494607
C01985,Starter,Month-to-Month,Credit Card,53,True,0,1205.5816205034926,100.46513504195771
C01986,Enterprise,Annual,Invoice,53,True,20,14896.367146726288,1241.3639288938573
C01987,Starter,2-Year,Invoice,43,True,10,1157.9555205709153,96.4962933809096
C01988,Starter,Month-to-Month,Credit Card,52,True,0,1078.7091034625148,89.8924252885429
C01989,Professional,Annual,PayPal,59,True,0,6357.2624752050615,529.7718729337552
C01990,Starter,Month-to-Month,Invoice,58,False,0,1260.6139667687087,105.05116389739239
C01991,Professional,Month-to-Month,Credit Card,20,True,0,6082.4189956008295,506.86824963340246
C01992,Starter,Month-to-Month,Invoice,56,True,0,1049.794933072757,87.48291108939641
C01993,Professional,Month-to-Month,PayPal,3,True,0,5260.4219476991075,438.3684956415923
C01994,Enterprise,Month-to-Month,Invoice,59,True,0,23882.637457000557,1990.2197880833799
C01995,Enterprise,Month-to-Month,Credit Card,48,False,0,21740.698582383695,1811.724881865308
C01996,Starter,Annual,Invoice,35,False,0,1346.3191403203002,112.19326169335835
C01997,Starter,Month-to-Month,PayPal,8,False,20,950.2590103786073,79.18825086488394
C01998,Enterprise,Month-to-Month,Credit Card,51,True,20,17270.66213349993,1439.2218444583275
C01999,Enterprise,Month-to-Month,Credit Card,12,True,20,21117.22973628717,1759.7691446905974
C02000,Starter,Annual,Credit Card,50,True,20,776.569431063564,64.714119255297
C02001,Professional,Month-to-Month,Credit Card,45,True,0,5920.899612896768,493.4083010747307
C02002,Starter,2-Year,PayPal,43,True,10,1140.0664886164946,95.00554071804122
C02003,Enterprise,Month-to-Month,Credit Card,32,True,0,21530.459022056322,1794.2049185046935
C02004,Starter,Month-to-Month,PayPal,29,True,10,1033.2981905623865,86.10818254686554
C02005,Professional,Month-to-Month,PayPal,45,True,10,5035.825426318618,419.65211885988487
C02006,Professional,Month-to-Month,Invoice,21,True,0,5325.329238432053,443.7774365360044
C02007,Enterprise,Annual,Invoice,59,False,0,24183.513584142365,2015.2927986785305
C02008,Professional,Annual,Credit Card,3,True,0,6510.614089616272,542.5511741346894
C02009,Starter,Month-to-Month,Credit Card,38,True,0,1440.44928195888,120.03744016323999
C02010,Professional,Month-to-Month,PayPal,27,True,20,5165.738597499573,430.47821645829777
C02011,Enterprise,Month-to-Month,Invoice,55,True,10,21018.2221598206,1751.5185133183834
C02012,Professional,2-Year,Credit Card,3,True,0,6668.790298551878,555.7325248793231
C02013,Professional,Annual,Credit Card,57,True,0,5322.521765308852,443.54348044240436
C02014,Professional,Annual,PayPal,58,True,0,5678.2261013311545,473.1855084442629
C02015,Starter,Annual,Invoice,1,True,20,1051.4523960879035,87.6210330073253
C02016,Professional,Annual,Credit Card,46,True,20,4484.134981743568,373.6779151452973
C02017,Starter,Annual,Credit Card,55,False,0,1206.9320981511883,100.57767484593235
C02018,Starter,Annual,Credit Card,20,True,0,1115.8645604168446,92.98871336807038
C02019,Enterprise,Annual,Credit Card,7,True,10,21134.22291589942,1761.1852429916182
C02020,Starter,Month-to-Month,Credit Card,57,True,0,1191.6919452863783,99.3076621071982
C02021,Starter,Annual,Credit Card,41,True,20,1005.2482679229965,83.77068899358305
C02022,Starter,Annual,Invoice,1,True,0,1219.884487677811,101.65704063981758
C02023,Starter,Annual,PayPal,10,True,0,1285.7990354438964,107.1499196203247
C02024,Professional,Month-to-Month,PayPal,45,False,0,6235.272742103596,519.6060618419664
C02025,Professional,Annual,PayPal,12,True,0,5880.083844678991,490.0069870565826
C02026,Starter,Month-to-Month,Credit Card,4,True,0,1126.8855839752014,93.90713199793345
C02027,Starter,Month-to-Month,PayPal,7,True,0,1090.2496608214826,90.85413840179022
C02028,Starter,Annual,Invoice,10,True,10,785.4175297628836,65.45146081357363
C02029,Starter,Annual,Credit Card,22,False,10,1067.5705374423612,88.9642114535301
C02030,Professional,Annual,Invoice,25,True,0,5314.169894927992,442.8474912439993
C02031,Starter,2-Year,Credit Card,29,True,0,1094.8627161275183,91.2385596772932
C02032,Professional,Annual,Credit Card,39,False,0,5819.6777933688145,484.9731494474012
C02033,Starter,Annual,PayPal,15,False,0,1137.4714798098078,94.78928998415064
C02034,Starter,Annual,Invoice,19,True,0,1265.713042635352,105.47608688627933
C02035,Starter,Month-to-Month,PayPal,39,True,20,944.004089974092,78.667007497841
C02036,Starter,Annual,Credit Card,58,False,20,1116.17263783445,93.01438648620416
C02037,Enterprise,Month-to-Month,Invoice,46,False,0,29265.735684901967,2438.8113070751638
C02038,Starter,Annual,Invoice,53,True,10,1046.9405955710697,87.24504963092248
C02039,Starter,Month-to-Month,Credit Card,46,True,10,988.5250406966677,82.3770867247223
C02040,Enterprise,Month-to-Month,PayPal,18,True,20,15814.579167745713,1317.8815973121427
C02041,Professional,Month-to-Month,Credit Card,42,True,0,7096.682844008443,591.3902370007036
C02042,Starter,Annual,Invoice,3,True,10,1001.8151678072688,83.4845973172724
C02043,Enterprise,Month-to-Month,Invoice,6,True,0,22703.316943159924,1891.9430785966604
C02044,Starter,Month-to-Month,Invoice,22,True,0,1116.0421940262283,93.00351616885236
C02045,Professional,Annual,Credit Card,55,True,0,5804.000816805813,483.66673473381775
C02046,Starter,Month-to-Month,Invoice,54,True,0,1142.7666878448122,95.23055732040102
C02047,Professional,Month-to-Month,Invoice,41,True,0,6496.077399119925,541.3397832599937
C02048,Professional,Month-to-Month,PayPal,46,False,0,4352.505007785045,362.7087506487537
C02049,Starter,Annual,PayPal,53,False,10,1059.7359316727313,88.31132763939428
C02050,Professional,Annual,Invoice,31,False,10,5787.716426197072,482.3097021830893
C02051,Professional,Annual,PayPal,21,True,20,4468.611010188477,372.38425084903974
C02052,Professional,Month-to-Month,Credit Card,56,True,0,6352.993097046405,529.4160914205337
C02053,Enterprise,Month-to-Month,PayPal,8,False,20,19371.84309453897,1614.3202578782475
C02054,Professional,Month-to-Month,PayPal,1,False,0,5569.321340306779,464.1101116922316
C02055,Starter,2-Year,PayPal,3,False,0,982.5352835746463,81.87794029788719
C02056,Professional,Annual,PayPal,29,True,0,6243.918590785859,520.3265492321549
C02057,Professional,Annual,Credit Card,54,True,10,5571.884613220735,464.3237177683946
C02058,Starter,2-Year,PayPal,6,False,0,1111.1246426522043,92.59372022101702
C02059,Professional,Month-to-Month,Invoice,33,False,10,5810.338885188023,484.1949070990019
C02060,Professional,Month-to-Month,PayPal,18,False,10,5138.066412816358,428.17220106802984
C02061,Enterprise,Annual,PayPal,42,True,20,21186.112509046252,1765.5093757538543
C02062,Professional,Annual,Invoice,55,True,20,4945.440818736394,412.12006822803284
C02063,Starter,Annual,Credit Card,49,True,0,1377.5996541629374,114.79997118024478
C02064,Professional,Annual,Invoice,58,False,10,5596.0275215689835,466.3356267974153
C02065,Professional,Annual,Invoice,53,False,20,4813.451830336426,401.1209858613688
C02066,Enterprise,Annual,Invoice,1,True,20,15581.612513525375,1298.4677094604478
C02067,Professional,Annual,Invoice,22,True,10,5428.9850339709965,452.41541949758306
C02068,Enterprise,Month-to-Month,PayPal,31,True,10,21083.268203654825,1756.9390169712353
C02069,Starter,Annual,PayPal,23,True,0,1393.819508579267,116.15162571493892
C02070,Professional,Annual,PayPal,8,True,10,5515.272560425057,459.6060467020881
C02071,Professional,Annual,PayPal,29,False,0,6469.505125410662,539.1254271175552
C02072,Starter,Month-to-Month,Credit Card,44,False,0,1368.4665800691932,114.03888167243277
C02073,Starter,Month-to-Month,PayPal,51,True,0,1360.7426443286465,113.39522036072054
C02074,Professional,Month-to-Month,PayPal,46,True,0,5947.798910107904,495.64990917565865
C02075,Professional,2-Year,Credit Card,19,True,0,7277.355396560966,606.4462830467472
C02076,Enterprise,Month-to-Month,Invoice,59,True,10,20506.847240178708,1708.903936681559
C02077,Enterprise,Annual,PayPal,49,False,10,24473.85289008294,2039.4877408402451
C02078,Starter,Annual,PayPal,16,False,0,1110.4114550318334,92.53428791931945
C02079,Enterprise,Annual,Invoice,19,True,0,26064.071575116603,2172.00596459305
C02080,Starter,Annual,PayPal,37,True,20,867.4749405940069,72.28957838283391
C02081,Professional,2-Year,Invoice,22,True,0,6371.241584999613,530.9367987499678
C02082,Starter,Annual,Invoice,19,True,0,1097.528651583589,91.46072096529907
C02083,Starter,Annual,Invoice,4,True,0,1075.5905516796677,89.63254597330564
C02084,Enterprise,Month-to-Month,PayPal,5,True,20,17344.684857440156,1445.3904047866797
C02085,Starter,Annual,Invoice,5,False,0,1259.757446120983,104.97978717674859
C02086,Professional,Annual,PayPal,25,True,20,5037.35440375391,419.7795336461592
C02087,Starter,Month-to-Month,Credit Card,24,False,0,1258.8235511934622,104.90196259945519
C02088,Starter,Annual,Invoice,1,True,0,1226.5598911308018,102.21332426090015
C02089,Starter,Month-to-Month,PayPal,50,False,0,1141.9151402320495,95.15959501933746
C02090,Professional,Month-to-Month,Invoice,28,False,0,5567.148096914781,463.9290080762317
C02091,Starter,Month-to-Month,PayPal,47,True,0,1075.7937851336671,89.64948209447226
C02092,Starter,Annual,PayPal,21,True,0,1068.6033107528096,89.05027589606748
C02093,Professional,Month-to-Month,Credit Card,19,False,0,6727.8180570865115,560.6515047572093
C02094,Starter,Month-to-Month,Invoice,23,True,0,1072.9384801251847,89.41154001043206
C02095,Starter,Annual,PayPal,14,True,10,979.328869038869,81.61073908657242
C02096,Enterprise,2-Year,Credit Card,59,False,10,19443.958401304983,1620.3298667754152
C02097,Starter,Month-to-Month,PayPal,6,True,10,936.7164555707229,78.05970463089358
C02098,Starter,Annual,PayPal,32,True,20,989.2466400975842,82.43722000813202
C02099,Professional,Annual,Credit Card,50,True,0,5678.45004983317,473.20417081943083
C02100,Professional,Month-to-Month,Invoice,32,True,0,5901.7204593727065,491.8100382810589
C02101,Professional,Annual,Credit Card,8,True,0,5930.07999532859,494.17333294404915
C02102,Enterprise,Annual,Invoice,37,True,0,24692.79530540127,2057.7329421167724
C02103,Starter,Annual,PayPal,22,False,0,1212.1526661747648,101.0127221812304
C02104,Enterprise,Annual,PayPal,8,True,20,21472.892732904726,1789.4077277420604
C02105,Enterprise,Annual,Credit Card,38,True,10,20157.315078016483,1679.7762565013736
C02106,Enterprise,Month-to-Month,Credit Card,10,True,0,22578.89581199768,1881.5746509998069
C02107,Starter,Annual,Credit Card,3,False,0,1189.3286731203998,99.11072276003331
C02108,Enterprise,Annual,PayPal,13,True,0,23824.115798524985,1985.3429832104155
C02109,Starter,Annual,Invoice,39,False,20,817.6386130140219,68.13655108450182
C02110,Professional,Annual,Credit Card,30,True,0,5054.008348009844,421.16736233415367
C02111,Starter,Annual,Invoice,4,True,0,1183.10685025816,98.59223752151333
C02112,Professional,Month-to-Month,Credit Card,45,True,20,5465.1829018313365,455.4319084859447
C02113,Professional,Annual,Credit Card,6,True,20,5512.682533322265,459.3902111101888
C02114,Starter,Annual,Credit Card,16,True,0,1065.935077900041,88.82792315833676
C02115,Enterprise,Annual,Credit Card,22,False,0,22966.792378401555,1913.8993648667963
C02116,Professional,Annual,PayPal,27,False,0,6097.513281258674,508.1261067715562
C02117,Professional,Month-to-Month,PayPal,21,True,10,5564.115228205831,463.6762690171526
C02118,Starter,Annual,Credit Card,29,True,0,1083.167522298484,90.26396019154033
C02119,Enterprise,Month-to-Month,PayPal,1,False,20,22468.771753572455,1872.3976461310378
C02120,Professional,Month-to-Month,PayPal,30,True,0,5657.844114901375,471.4870095751146
C02121,Starter,Annual,PayPal,24,True,0,1244.2670973791196,103.6889247815933
C02122,Professional,Month-to-Month,PayPal,13,True,10,5222.197803997888,435.1831503331573
C02123,Professional,Month-to-Month,Invoice,30,True,0,5805.388979096836,483.7824149247363
C02124,Professional,Month-to-Month,Invoice,26,True,0,6454.021541540793,537.8351284617328
C02125,Starter,Annual,PayPal,34,True,0,1318.1974891368775,109.84979076140645
C02126,Starter,Month-to-Month,Invoice,20,True,10,1153.5201406445067,96.12667838704222
C02127,Professional,Annual,Credit Card,51,False,0,5470.09686987494,455.84140582291167
C02128,Enterprise,Annual,Invoice,6,True,0,20770.582881076658,1730.8819067563882
C02129,Professional,Annual,Credit Card,43,True,0,7596.189184369997,633.0157653641664
C02130,Starter,Month-to-Month,Invoice,49,True,0,1236.8367284049446,103.06972736707871
C02131,Starter,Annual,Invoice,9,False,20,873.8051560316247,72.81709633596873
C02132,Professional,Month-to-Month,Credit Card,37,True,0,6565.329937513796,547.1108281261496
C02133,Enterprise,Month-to-Month,Credit Card,37,True,0,21825.854264795376,1818.821188732948
C02134,Starter,Month-to-Month,PayPal,16,True,0,1436.2105246639428,119.6842103886619
C02135,Professional,Month-to-Month,Invoice,4,True,10,5179.832526680638,431.6527105567198
C02136,Starter,Annual,Credit Card,32,True,0,1303.0663346540996,108.58886122117497
C02137,Starter,Annual,PayPal,20,True,10,1075.1519190818751,89.59599325682292
C02138,Starter,Month-to-Month,Credit Card,29,True,0,1017.1057379383685,84.75881149486405
C02139,Enterprise,2-Year,PayPal,31,False,0,21638.533146932506,1803.2110955777089
C02140,Enterprise,Month-to-Month,PayPal,45,True,0,22157.855119047475,1846.4879265872896
C02141,Starter,Annual,Credit Card,17,False,0,1117.8215772531635,93.15179810443028
C02142,Professional,Annual,Credit Card,41,True,0,6112.48099296027,509.3734160800225
C02143,Starter,Annual,Invoice,25,True,0,908.1825140800953,75.68187617334128
C02144,Professional,Month-to-Month,Invoice,45,False,0,6116.5643728805935,509.71369774004944
C02145,Professional,Annual,PayPal,16,False,10,4333.0789491589885,361.0899124299157
C02146,Starter,Month-to-Month,Credit Card,20,True,10,1118.6570662136003,93.22142218446669
C02147,Starter,Month-to-Month,Invoice,42,True,0,1103.9341510513188,91.9945125876099
C02148,Professional,Annual,PayPal,10,False,0,6080.771622899822,506.7309685749852
C02149,Professional,Annual,Invoice,52,True,10,4679.662218212975,389.9718515177479
C02150,Starter,Month-to-Month,PayPal,48,True,0,1124.4809228507781,93.70674357089818
C02151,Professional,Month-to-Month,Invoice,23,True,20,3817.716879437928,318.14307328649403
C02152,Professional,Month-to-Month,Credit Card,52,True,0,5252.273498632754,437.68945821939616
C02153,Professional,Month-to-Month,PayPal,33,True,10,6156.773201835632,513.0644334863026
C02154,Starter,Month-to-Month,PayPal,43,False,0,1371.3403599577039,114.27836332980866
C02155,Professional,2-Year,Invoice,13,True,0,5253.488585604735,437.79071546706126
C02156,Professional,Month-to-Month,Invoice,25,False,0,5796.862723044167,483.0718935870139
C02157,Professional,Month-to-Month,Invoice,50,True,0,6274.99552293624,522.91629357802
C02158,Enterprise,Annual,Credit Card,37,True,0,24193.14164619995,2016.0951371833291
C02159,Starter,Annual,Invoice,36,True,0,1130.891150739726,94.2409292283105
C02160,Professional,Annual,Invoice,24,False,0,5065.7459756996395,422.14549797496994
C02161,Starter,Annual,Credit Card,6,True,0,1305.2434222443096,108.7702851870258
C02162,Starter,Month-to-Month,Invoice,15,True,0,1139.0594500836337,94.92162084030281
C02163,Professional,Annual,Credit Card,55,False,0,5012.720187005408,417.72668225045066
C02164,Enterprise,Annual,Credit Card,34,False,0,23891.541643121967,1990.9618035934973
C02165,Starter,Annual,Invoice,4,True,0,1158.7712130328691,96.5642677527391
C02166,Enterprise,2-Year,Credit Card,14,False,0,22779.27132385551,1898.2726103212926
C02167,Starter,Annual,Invoice,4,False,20,972.1499280812243,81.01249400676869
C02168,Starter,Annual,Credit Card,28,True,10,1057.012119589039,88.08434329908658
C02169,Starter,Month-to-Month,PayPal,29,True,0,1334.5562386976835,111.21301989147362
C02170,Professional,Annual,Invoice,18,True,0,5452.060343260987,454.3383619384156
C02171,Professional,2-Year,PayPal,58,True,0,5537.5120707238375,461.45933922698646
C02172,Starter,Annual,PayPal,20,False,0,1292.5878059002184,107.71565049168487
C02173,Starter,Month-to-Month,PayPal,48,True,0,1499.439704898048,124.95330874150399
C02174,Professional,Annual,PayPal,41,False,0,7403.315921197157,616.9429934330964
C02175,Professional,Month-to-Month,Invoice,32,False,0,6439.138240506473,536.5948533755394
C02176,Starter,Annual,Credit Card,8,True,0,1157.9334857985016,96.49445714987513
C02177,Enterprise,Annual,Invoice,43,False,0,22718.304065242883,1893.1920054369068
C02178,Professional,Annual,Invoice,46,False,0,5767.750172147148,480.645847678929
C02179,Starter,Annual,Credit Card,49,True,0,991.0530881566114,82.58775734638428
C02180,Starter,Month-to-Month,PayPal,13,False,0,1281.953242273952,106.82943685616266
C02181,Professional,Annual,Credit Card,40,False,0,6792.811093598323,566.0675911331936
C02182,Starter,Annual,PayPal,46,True,0,1183.7948411181546,98.64957009317955
C02183,Professional,Annual,Invoice,43,False,0,7255.742492699523,604.6452077249602
C02184,Starter,Annual,Credit Card,9,True,0,1527.1293464190996,127.2607788682583
C02185,Professional,Month-to-Month,Credit Card,40,True,10,5877.946585498888,489.82888212490735
C02186,Starter,Annual,PayPal,46,False,0,1119.5559361510757,93.29632801258964
C02187,Enterprise,Annual,Credit Card,47,False,0,21940.31729337429,1828.3597744478575
C02188,Enterprise,2-Year,Invoice,58,False,0,25857.766624277905,2154.813885356492
C02189,Enterprise,Month-to-Month,Credit Card,33,True,0,26527.8632196643,2210.6552683053583
C02190,Starter,Month-to-Month,Credit Card,56,True,10,1009.0603674837564,84.0883639569797
C02191,Professional,Annual,Invoice,12,True,10,4773.84694528582,397.82057877381834
C02192,Professional,Annual,PayPal,37,True,0,4973.569309813036,414.46410915108635
C02193,Professional,Month-to-Month,Credit Card,25,True,0,5373.8145292092195,447.8178774341016
C02194,Starter,2-Year,PayPal,46,False,0,1149.816059514533,95.81800495954441
C02195,Professional,Month-to-Month,Credit Card,25,True,20,5323.427120629599,443.61892671913324
C02196,Enterprise,Month-to-Month,Invoice,54,True,10,20362.918007517805,1696.909833959817
C02197,Starter,Month-to-Month,PayPal,16,True,0,831.8918513742436,69.32432094785364
C02198,Starter,Annual,Credit Card,51,True,0,1121.3729800172332,93.44774833476943
C02199,Starter,Month-to-Month,PayPal,16,True,10,1044.0199083197026,87.00165902664189
C02200,Starter,Annual,Credit Card,39,True,0,1157.3912339580731,96.44926949650609
C02201,Professional,Annual,Invoice,35,True,0,4449.924166498336,370.8270138748613
C02202,Professional,Annual,Invoice,23,True,0,5795.310873515688,482.94257279297403
C02203,Starter,Month-to-Month,Credit Card,8,True,0,1358.4042069046063,113.20035057538387
C02204,Professional,Annual,Credit Card,53,True,10,5148.274109927101,429.02284249392505
C02205,Starter,Month-to-Month,PayPal,53,True,10,1007.12161258506,83.926801048755
C02206,Starter,2-Year,Credit Card,46,True,0,1107.3412081947597,92.27843401622998
C02207,Professional,Annual,PayPal,52,False,0,6091.932668340967,507.6610556950806
C02208,Starter,Month-to-Month,Credit Card,3,True,0,1017.2016943597907,84.76680786331589
C02209,Professional,2-Year,Invoice,24,False,0,5319.903907478977,443.3253256232481
C02210,Starter,Month-to-Month,PayPal,43,False,0,1334.6512956960923,111.2209413080077
C02211,Professional,Annual,PayPal,22,True,0,6402.639045535945,533.553253794662
C02212,Starter,Annual,Invoice,14,True,20,907.927340176816,75.66061168140133
C02213,Enterprise,Annual,PayPal,22,False,0,25167.18548498155,2097.265457081796
C02214,Professional,Month-to-Month,Invoice,34,True,0,5448.200790181427,454.0167325151189
C02215,Starter,Annual,Invoice,36,True,0,1088.1463382654342,90.67886152211952
C02216,Starter,Month-to-Month,Invoice,31,True,0,1085.7084914074119,90.47570761728433
C02217,Starter,Annual,Credit Card,21,True,0,1011.6265880624858,84.30221567187381
C02218,Professional,Month-to-Month,Invoice,59,False,0,5943.168694863224,495.26405790526866
C02219,Starter,Annual,PayPal,58,False,0,1438.8197669059878,119.90164724216565
C02220,Professional,Annual,Credit Card,5,True,0,4801.450815349823,400.1209012791519
C02221,Starter,Annual,Invoice,19,True,0,1402.3207222715764,116.86006018929804
C02222,Starter,Annual,Invoice,42,True,0,874.1930939905058,72.84942449920881
C02223,Starter,Month-to-Month,Invoice,53,False,0,1259.8901415709913,104.99084513091594
C02224,Starter,Month-to-Month,PayPal,21,True,0,977.1368921466719,81.428074345556
C02225,Professional,Month-to-Month,Credit Card,2,False,0,6306.701804524035,525.5584837103362
C02226,Starter,2-Year,Credit Card,53,True,0,1102.4507056713337,91.87089213927781
C02227,Enterprise,Annual,Credit Card,3,False,0,25723.550336652665,2143.6291947210552
C02228,Professional,Annual,PayPal,47,True,0,5517.150901357266,459.76257511310547
C02229,Starter,Annual,Invoice,51,False,0,1259.19169077984,104.93264089832
C02230,Starter,2-Year,Credit Card,53,True,0,1174.0285533221154,97.83571277684295
C02231,Starter,Annual,Invoice,57,False,0,1344.9750973990665,112.08125811658887
C02232,Professional,Annual,PayPal,30,True,0,5883.463615797122,490.2886346497601
C02233,Starter,Annual,Credit Card,34,True,0,1224.8127541106064,102.0677295092172
C02234,Starter,Annual,PayPal,25,True,20,965.3291385170165,80.44409487641805
C02235,Starter,Annual,Credit Card,35,True,0,1304.760614317691,108.73005119314092
C02236,Starter,Annual,Credit Card,29,True,10,1180.503610548267,98.37530087902225
C02237,Enterprise,Annual,Invoice,12,True,0,24086.139336088305,2007.1782780073588
C02238,Enterprise,Month-to-Month,PayPal,23,True,0,19832.237438083368,1652.686453173614
C02239,Starter,Annual,Credit Card,28,True,20,865.9935835511367,72.16613196259472
C02240,Professional,Annual,Credit Card,46,True,10,5821.536643294897,485.12805360790804
C02241,Enterprise,Month-to-Month,PayPal,17,True,0,20273.106982779267,1689.4255818982722
C02242,Starter,Month-to-Month,Invoice,16,True,0,1111.1580146373049,92.5965012197754
C02243,Professional,Annual,PayPal,49,True,0,5631.377291138789,469.28144092823237
C02244,Starter,Annual,Credit Card,56,True,10,1054.2828154919257,87.8569012909938
C02245,Professional,Month-to-Month,PayPal,9,True,0,5771.4522378553265,480.95435315461054
C02246,Professional,Month-to-Month,Invoice,3,False,0,6019.182580522686,501.5985483768905
C02247,Enterprise,Annual,Invoice,22,True,0,21420.866826263944,1785.0722355219953
C02248,Starter,Month-to-Month,Invoice,31,True,0,1094.951526122085,91.24596051017375
C02249,Professional,Annual,Invoice,14,True,10,6356.021307143616,529.6684422619679
C02250,Starter,Annual,Invoice,3,False,10,1230.817382928418,102.56811524403484
C02251,Starter,Annual,Invoice,38,True,0,1260.8827991620697,105.07356659683914
C02252,Enterprise,2-Year,Invoice,23,False,0,25462.130325260812,2121.8441937717344
C02253,Professional,Month-to-Month,Credit Card,21,True,10,5538.059027232596,461.5049189360497
C02254,Starter,Month-to-Month,PayPal,51,True,0,1191.4870676844293,99.29058897370244
C02255,Professional,Month-to-Month,Invoice,24,True,0,5467.285859878529,455.6071549898774
C02256,Starter,Month-to-Month,PayPal,32,True,0,1371.6730122223298,114.30608435186082
C02257,Starter,Month-to-Month,PayPal,45,True,0,1421.9207182734747,118.49339318945623
C02258,Professional,Annual,Credit Card,5,True,20,4525.103617355281,377.0919681129401
C02259,Professional,Month-to-Month,PayPal,33,False,0,6646.584109761771,553.8820091468143
C02260,Starter,2-Year,PayPal,44,True,0,1144.995181829731,95.41626515247759
C02261,Professional,Month-to-Month,Invoice,47,True,10,4957.646828249185,413.1372356874321
C02262,Starter,Annual,Invoice,57,False,0,1143.7283496646246,95.31069580538538
C02263,Starter,2-Year,PayPal,19,False,0,1150.7727787810452,95.8977315650871
C02264,Starter,Month-to-Month,Invoice,34,True,10,1140.882335334403,95.07352794453358
C02265,Enterprise,Annual,Credit Card,3,False,0,22838.417593940598,1903.2014661617166
C02266,Enterprise,Annual,PayPal,39,True,0,25957.843667901772,2163.153638991814
C02267,Starter,Annual,PayPal,28,True,0,1107.6364146364158,92.30303455303465
C02268,Starter,Annual,Credit Card,11,True,0,1188.1211775083498,99.01009812569582
C02269,Professional,Month-to-Month,Credit Card,10,True,10,4767.116492474841,397.2597077062367
C02270,Professional,Annual,Credit Card,40,True,0,5193.958031515597,432.8298359596331
C02271,Starter,Annual,Credit Card,2,True,10,1115.351848575159,92.94598738126325
C02272,Starter,Month-to-Month,PayPal,46,True,0,1208.2236118939168,100.68530099115974
C02273,Enterprise,2-Year,Invoice,45,True,20,18239.668039037944,1519.9723365864954
C02274,Professional,Annual,Invoice,39,False,0,5419.925164713753,451.6604303928127
C02275,Starter,Annual,Invoice,27,True,0,1055.8923701620429,87.9910308468369
C02276,Professional,Annual,Invoice,53,True,20,4952.8049993122895,412.7337499426908
C02277,Starter,Annual,Credit Card,9,False,0,1112.4743487615028,92.70619573012523
C02278,Starter,Month-to-Month,Invoice,39,False,0,1391.43082855855,115.95256904654583
C02279,Enterprise,Annual,Invoice,1,False,20,19474.275806562015,1622.8563172135011
C02280,Starter,Annual,PayPal,33,True,20,1007.4728214954043,83.95606845795037
C02281,Starter,Annual,PayPal,38,True,10,1228.7716991990555,102.3976415999213
C02282,Professional,2-Year,Invoice,57,True,0,5484.3783869698855,457.0315322474905
C02283,Enterprise,Month-to-Month,Credit Card,33,True,0,25002.807428433425,2083.5672857027853
C02284,Professional,Month-to-Month,Invoice,48,True,0,6282.636010715517,523.5530008929597
C02285,Starter,Annual,Credit Card,3,True,0,1134.2581046671608,94.52150872226339
C02286,Professional,Annual,PayPal,32,False,0,5060.6511600913545,421.7209300076129
C02287,Professional,Month-to-Month,Credit Card,13,True,0,4687.7886965446705,390.6490580453892
C02288,Starter,Annual,Invoice,21,True,0,1087.556135283458,90.62967794028816
C02289,Professional,Month-to-Month,PayPal,4,True,0,6651.542267050667,554.2951889208889
C02290,Starter,Month-to-Month,Invoice,17,False,0,1102.4874832870164,91.8739569405847
C02291,Enterprise,2-Year,Invoice,42,True,0,26233.944185142118,2186.1620154285097
C02292,Professional,Month-to-Month,Credit Card,4,True,10,4972.353220869661,414.36276840580507
C02293,Starter,2-Year,Invoice,20,False,0,1201.8693956316486,100.15578296930404
C02294,Professional,Month-to-Month,Invoice,59,False,0,6300.1461162114465,525.0121763509538
C02295,Starter,Month-to-Month,PayPal,12,False,0,1320.1793899108834,110.01494915924029
C02296,Professional,Annual,Credit Card,26,False,0,5706.044880955764,475.503740079647
C02297,Starter,Annual,Credit Card,45,True,0,1119.5869128215886,93.29890940179905
C02298,Starter,Annual,PayPal,36,False,0,958.9802218316705,79.91501848597254
C02299,Professional,Month-to-Month,PayPal,16,True,0,5724.93464076653,477.07788673054415
C02300,Professional,Annual,Credit Card,51,True,20,6380.2413109880035,531.686775915667
C02301,Starter,Month-to-Month,PayPal,7,True,0,1170.39977200145,97.53331433345416
C02302,Professional,Annual,Credit Card,33,True,0,5129.94593518833,427.4954945990275
C02303,Professional,Month-to-Month,PayPal,48,True,0,5892.039872515804,491.0033227096503
C02304,Starter,Annual,Credit Card,2,True,10,1156.868045687886,96.4056704739905
C02305,Starter,Annual,Credit Card,33,True,0,1124.7008572438522,93.72507143698768
C02306,Professional,Annual,PayPal,14,True,10,4797.473092190992,399.7894243492494
C02307,Starter,Annual,Invoice,20,True,10,1351.3582202847067,112.61318502372556
C02308,Enterprise,Month-to-Month,Invoice,37,True,0,24892.71342410131,2074.392785341776
C02309,Professional,Annual,PayPal,27,True,0,6918.97934019296,576.5816116827467
C02310,Enterprise,Month-to-Month,Credit Card,47,True,0,23039.274971333653,1919.9395809444711
C02311,Starter,Month-to-Month,PayPal,42,True,0,1412.8076564048577,117.73397136707148
C02312,Professional,Annual,Invoice,21,True,0,6544.45711940977,545.3714266174808
C02313,Starter,Annual,Credit Card,2,True,10,1135.2068808527304,94.6005734043942
C02314,Professional,Month-to-Month,Credit Card,43,False,0,5262.753742286794,438.5628118572328
C02315,Starter,Annual,Credit Card,16,True,0,1111.714135227938,92.64284460232817
C02316,Starter,Annual,Invoice,19,True,0,1254.006735163077,104.50056126358976
C02317,Starter,Month-to-Month,Invoice,4,True,0,1158.326122798733,96.52717689989441
C02318,Starter,Month-to-Month,Credit Card,10,False,10,1120.2343684042673,93.35286403368895
C02319,Professional,Annual,Credit Card,54,True,0,5713.9307793987255,476.16089828322714
C02320,Professional,Month-to-Month,Invoice,22,True,0,6252.897994909804,521.0748329091504
C02321,Professional,Annual,Invoice,12,False,0,5606.849499097715,467.2374582581429
C02322,Starter,Annual,Credit Card,2,True,10,1128.628293962048,94.05235783017066
C02323,Starter,Annual,PayPal,2,True,0,1078.9785504596955,89.91487920497462
C02324,Professional,Month-to-Month,PayPal,41,True,0,5794.320952242071,482.8600793535059
C02325,Professional,Annual,PayPal,44,False,20,4696.797234067027,391.39976950558554
C02326,Starter,Month-to-Month,Invoice,34,False,10,982.6033194324451,81.88360995270376
C02327,Professional,Annual,PayPal,18,True,0,5614.9575266450165,467.91312722041806
C02328,Professional,2-Year,PayPal,16,True,0,6168.034584055742,514.0028820046451
C02329,Enterprise,Month-to-Month,Invoice,19,True,20,20559.058997013228,1713.254916417769
C02330,Starter,Annual,PayPal,47,True,10,1107.0774100700794,92.25645083917328
C02331,Professional,Annual,Credit Card,25,True,0,6304.055944448295,525.3379953706913
C02332,Starter,Annual,Invoice,30,True,0,1210.2966226340068,100.85805188616723
C02333,Professional,Annual,Credit Card,48,True,0,5583.062473480968,465.255206123414
C02334,Starter,Month-to-Month,PayPal,6,False,0,992.7770027612926,82.73141689677438
C02335,Professional,Annual,Credit Card,27,True,0,5682.271192350719,473.5225993625599
C02336,Professional,Month-to-Month,Invoice,15,True,0,5927.027067140479,493.91892226170654
C02337,Starter,Annual,PayPal,31,False,10,1012.1981019451705,84.34984182876421
C02338,Professional,Annual,Invoice,44,True,0,6931.715099005001,577.6429249170834
C02339,Professional,Annual,PayPal,22,False,10,5549.253946613517,462.43782888445975
C02340,Starter,Month-to-Month,Invoice,12,True,0,1189.0175613722413,99.0847967810201
C02341,Starter,Annual,Invoice,10,False,0,1265.6484892622582,105.47070743852152
C02342,Starter,Annual,Credit Card,21,False,0,1442.694816602398,120.22456805019984
C02343,Professional,Month-to-Month,Invoice,47,True,0,5831.073388299918,485.9227823583265
C02344,Professional,Annual,Invoice,55,True,0,5421.454590175176,451.78788251459804
C02345,Professional,Month-to-Month,Credit Card,59,True,0,6193.107747534225,516.0923122945188
C02346,Starter,Month-to-Month,PayPal,31,True,10,955.8766277529929,79.65638564608274
C02347,Starter,Month-to-Month,PayPal,36,True,0,1085.596962375301,90.46641353127508
C02348,Starter,Month-to-Month,Invoice,10,True,10,1233.7925218048044,102.81604348373371
C02349,Enterprise,2-Year,Credit Card,58,False,10,24398.945003984514,2033.2454169987095
C02350,Starter,Month-to-Month,PayPal,19,False,10,1150.2261138751799,95.85217615626499
C02351,Starter,Annual,Credit Card,23,False,0,1246.784620353802,103.89871836281684
C02352,Professional,Month-to-Month,Invoice,46,True,20,4213.916313972048,351.15969283100395
C02353,Enterprise,Annual,Credit Card,10,True,0,22059.24600177493,1838.2705001479108
C02354,Starter,Annual,Invoice,49,False,10,1222.8867461563561,101.90722884636301
C02355,Starter,2-Year,PayPal,54,True,0,1139.1693502936962,94.93077919114135
C02356,Professional,Annual,PayPal,59,True,0,5520.04628300523,460.0038569171025
C02357,Professional,2-Year,PayPal,27,True,20,4708.82902014138,392.402418345115
C02358,Starter,Annual,PayPal,43,True,0,1269.244607579818,105.77038396498483
C02359,Professional,Month-to-Month,Credit Card,50,True,0,5875.49962964143,489.62496913678586
C02360,Professional,2-Year,Credit Card,2,True,0,5893.208590625568,491.100715885464
C02361,Professional,2-Year,Credit Card,11,True,0,4693.156984792137,391.0964153993448
C02362,Starter,Month-to-Month,Invoice,8,True,10,1072.352249586247,89.36268746552058
C02363,Starter,2-Year,PayPal,19,False,0,1319.6898631741,109.97415526450834
C02364,Professional,Annual,PayPal,57,True,10,5362.957954116207,446.91316284301723
C02365,Professional,2-Year,PayPal,16,True,0,7241.962118613926,603.4968432178272
C02366,Professional,2-Year,Credit Card,4,True,0,5566.611386161157,463.88428218009636
C02367,Professional,Annual,Credit Card,14,True,0,5706.289124326467,475.5240936938722
C02368,Starter,Annual,PayPal,22,True,0,1119.5367609945495,93.29473008287913
C02369,Starter,Month-to-Month,Invoice,17,True,20,892.9470349259615,74.41225291049679
C02370,Starter,Month-to-Month,Credit Card,43,True,10,1137.9878074138676,94.83231728448897
C02371,Enterprise,Month-to-Month,PayPal,58,True,0,23340.223522183314,1945.0186268486095
C02372,Starter,Month-to-Month,PayPal,26,True,0,1433.3210909769105,119.44342424807587
C02373,Starter,Month-to-Month,PayPal,35,False,0,1229.6614580142043,102.47178816785036
C02374,Starter,Annual,Invoice,36,True,0,1095.3625482470575,91.28021235392146
C02375,Enterprise,Month-to-Month,PayPal,53,True,10,19455.95656696167,1621.3297139134727
C02376,Professional,Annual,Credit Card,45,False,10,6300.013472250059,525.0011226875049
C02377,Enterprise,Annual,Invoice,49,True,0,24529.726639466877,2044.1438866222397
C02378,Starter,Annual,Invoice,30,True,10,1220.9658853248613,101.74715711040511
C02379,Professional,Annual,PayPal,52,True,0,6041.704086745137,503.47534056209474
C02380,Starter,Month-to-Month,Credit Card,21,True,0,1201.905261402228,100.158771783519
C02381,Starter,Month-to-Month,Credit Card,20,True,10,1224.6961883065453,102.05801569221211
C02382,Starter,Annual,PayPal,42,True,0,1244.7351116330967,103.72792596942473
C02383,Starter,Annual,PayPal,26,True,0,1243.4141504207278,103.61784586839399
C02384,Professional,Annual,Credit Card,55,False,0,5756.8352146836,479.7362678903
C02385,Enterprise,Annual,Invoice,56,True,0,26091.407168687558,2174.2839307239633
C02386,Starter,Month-to-Month,Invoice,12,True,0,1191.0884443483596,99.2573703623633
C02387,Enterprise,Month-to-Month,PayPal,8,True,0,22667.832906071508,1888.986075505959
C02388,Starter,Annual,PayPal,35,True,0,1458.2983893113237,121.52486577594364
C02389,Starter,Month-to-Month,Credit Card,29,True,0,1164.0469561947132,97.0039130162261
C02390,Starter,Annual,Credit Card,53,False,0,1105.1564280713076,92.0963690059423
C02391,Starter,Annual,Credit Card,42,True,0,1336.4914706959064,111.37428922465887
C02392,Starter,Month-to-Month,Credit Card,56,False,0,1281.4469634048269,106.78724695040223
C02393,Professional,Annual,PayPal,7,True,10,5042.042639050662,420.1702199208885
C02394,Professional,Annual,PayPal,57,True,10,5357.420336493701,446.45169470780843
C02395,Professional,Annual,Credit Card,10,True,0,6401.354803214124,533.446233601177
C02396,Starter,Month-to-Month,PayPal,39,True,10,1102.8206443067,91.90172035889167
C02397,Professional,Annual,PayPal,50,True,0,6471.597205246829,539.2997671039024
C02398,Professional,Month-to-Month,Credit Card,20,True,0,5996.049058842757,499.67075490356314
C02399,Enterprise,Annual,Invoice,28,True,0,25963.391167473128,2163.6159306227605
C02400,Starter,Annual,Invoice,14,True,0,1162.9292534702508,96.9107711225209
C02401,Enterprise,Month-to-Month,Credit Card,12,False,0,22449.7398324257,1870.8116527021418
C02402,Professional,Month-to-Month,Invoice,8,True,0,6631.803153887463,552.6502628239552
C02403,Professional,Month-to-Month,PayPal,57,True,0,6174.650429452472,514.5542024543727
C02404,Starter,Annual,Invoice,7,True,0,1282.4354527481692,106.86962106234743
C02405,Starter,Month-to-Month,Credit Card,5,True,0,1346.9197118614084,112.24330932178403
C02406,Professional,Annual,Credit Card,1,False,0,5656.458898717194,471.3715748930995
C02407,Starter,Month-to-Month,Invoice,47,True,0,1263.885303394277,105.3237752828564
C02408,Starter,Annual,Invoice,9,False,0,1478.3990425503107,123.1999202125259
C02409,Enterprise,Annual,PayPal,44,False,0,23615.682514441003,1967.9735428700835
C02410,Starter,Annual,Invoice,54,True,10,949.7096463473213,79.14247052894343
C02411,Starter,Annual,Invoice,18,True,0,1298.6450185097447,108.2204182091454
C02412,Professional,Month-to-Month,Invoice,43,False,0,5001.129912236418,416.7608260197015
C02413,Starter,2-Year,PayPal,42,False,0,1068.282532933575,89.02354441113125
C02414,Professional,Annual,Invoice,10,True,10,5403.356925851065,450.2797438209221
C02415,Professional,2-Year,PayPal,50,False,0,5982.748132822808,498.56234440190065
C02416,Starter,Annual,PayPal,58,False,0,1222.5862870429155,101.88219058690963
C02417,Professional,Annual,Credit Card,1,True,0,7324.129473865102,610.3441228220919
C02418,Starter,Annual,Credit Card,20,False,0,1210.1535673346752,100.84613061122293
C02419,Enterprise,Annual,PayPal,58,True,0,22614.319415008842,1884.5266179174034
C02420,Enterprise,Month-to-Month,PayPal,43,True,0,22461.261030011876,1871.7717525009896
C02421,Starter,Annual,PayPal,29,True,0,1145.2679679721343,95.4389973310112
C02422,Professional,Annual,Credit Card,2,True,0,5271.77992506629,439.3149937555242
C02423,Professional,Annual,PayPal,26,False,0,6336.033320659493,528.0027767216244
C02424,Starter,Annual,Credit Card,11,True,10,1112.5838108039115,92.71531756699262
C02425,Starter,Annual,Credit Card,25,True,0,1256.0117211529143,104.66764342940952
C02426,Starter,Month-to-Month,PayPal,34,False,20,1036.865403587545,86.40545029896208
C02427,Enterprise,Annual,PayPal,59,True,20,20389.00025809069,1699.083354840891
C02428,Starter,Annual,PayPal,41,True,10,930.8009918144404,77.56674931787003
C02429,Starter,Month-to-Month,Credit Card,1,True,20,933.0021299306874,77.75017749422395
C02430,Starter,Annual,Invoice,55,True,0,1171.19486169937,97.59957180828083
C02431,Professional,Month-to-Month,PayPal,31,False,10,6143.719188952761,511.97659907939675
C02432,Enterprise,Month-to-Month,Invoice,38,True,0,27516.265483975378,2293.022123664615
C02433,Professional,Annual,Invoice,22,True,10,5169.949725900017,430.82914382500144
C02434,Starter,Annual,Invoice,2,True,0,1081.0463767670622,90.08719806392185
C02435,Starter,Annual,Invoice,47,True,0,1219.0233529002787,101.58527940835656
C02436,Starter,Annual,Invoice,1,True,20,929.4037279739143,77.45031066449286
C02437,Starter,Annual,Credit Card,58,True,0,1189.9728588181567,99.16440490151307
C02438,Professional,Annual,Credit Card,56,True,10,6056.4247287208345,504.7020607267362
C02439,Starter,Month-to-Month,Credit Card,24,True,0,1232.2650014681722,102.68875012234768
C02440,Professional,Annual,Invoice,50,True,0,5712.089482892055,476.0074569076712
C02441,Professional,Annual,Credit Card,36,True,0,5604.698277470195,467.0581897891829
C02442,Professional,Annual,PayPal,45,True,0,5138.381608728904,428.19846739407535
C02443,Enterprise,Month-to-Month,Invoice,36,False,20,20279.818479172798,1689.9848732643998
C02444,Enterprise,2-Year,PayPal,47,True,20,19741.795224427544,1645.1496020356287
C02445,Starter,Annual,Invoice,34,True,10,1140.8581129450247,95.07150941208539
C02446,Enterprise,Annual,Invoice,59,False,10,21563.74147203237,1796.9784560026974
C02447,Professional,Month-to-Month,Invoice,9,False,0,5366.266193055475,447.1888494212896
C02448,Professional,Month-to-Month,Invoice,12,True,0,6033.414272543529,502.78452271196073
C02449,Starter,Month-to-Month,PayPal,46,True,0,1336.7387460060218,111.39489550050182
C02450,Starter,Annual,Invoice,20,True,0,1206.98949982726,100.58245831893834
C02451,Enterprise,Annual,Invoice,4,False,0,27942.449758081057,2328.537479840088
C02452,Starter,Month-to-Month,Credit Card,15,True,0,1230.2699875454211,102.52249896211843
C02453,Starter,Month-to-Month,Invoice,4,False,0,1436.122984307097,119.67691535892476
C02454,Starter,Month-to-Month,Invoice,5,True,0,1445.8799810579937,120.48999842149948
C02455,Enterprise,Annual,Invoice,10,True,0,21845.781203700095,1820.481766975008
C02456,Starter,Month-to-Month,Invoice,44,False,0,1122.3952493471515,93.53293744559596
C02457,Enterprise,2-Year,Invoice,44,False,10,20612.76558680243,1717.7304655668693
C02458,Starter,Month-to-Month,Invoice,40,False,0,995.0462097922158,82.92051748268464
C02459,Starter,Annual,PayPal,36,False,0,1255.6757396451912,104.6396449704326
C02460,Starter,Annual,PayPal,35,False,10,1127.1532275979146,93.92943563315954
C02461,Professional,Month-to-Month,Invoice,59,True,0,6115.265858463379,509.6054882052816
C02462,Starter,Annual,PayPal,1,True,0,1053.1790444501817,87.76492037084847
C02463,Starter,Annual,Credit Card,18,True,10,1251.5568876833875,104.29640730694895
C02464,Starter,Annual,Credit Card,52,True,0,974.3493631346508,81.1957802612209
C02465,Starter,Annual,Invoice,57,True,0,1041.242849978076,86.770237498173
C02466,Professional,Month-to-Month,Invoice,31,True,0,6531.70470772281,544.3087256435675
C02467,Starter,Annual,PayPal,46,True,0,1237.9102320261418,103.15918600217849
C02468,Starter,Annual,Credit Card,49,True,0,1126.3073023449883,93.85894186208236
C02469,Starter,Annual,Invoice,6,False,0,1206.5976305134395,100.54980254278662
C02470,Starter,Annual,Credit Card,6,True,10,1093.9507902492455,91.16256585410379
C02471,Enterprise,Month-to-Month,PayPal,42,True,0,26826.25972674488,2235.5216438954067
C02472,Starter,Month-to-Month,Invoice,19,True,0,1054.0446982052624,87.83705818377187
C02473,Starter,2-Year,Invoice,32,True,0,1235.0274476376248,102.91895396980208
C02474,Starter,2-Year,Invoice,42,True,10,1196.5071337696534,99.70892781413778
C02475,Professional,Annual,Credit Card,57,True,0,5401.166691286872,450.097224273906
C02476,Professional,Month-to-Month,PayPal,30,True,0,5969.063716294408,497.4219763578673
C02477,Starter,Annual,Credit Card,26,False,0,1192.9245215213818,99.41037679344849
C02478,Professional,Annual,Credit Card,3,False,0,5031.8550476889595,419.32125397408
C02479,Professional,Annual,Invoice,33,True,0,6175.301596022696,514.6084663352246
C02480,Starter,Month-to-Month,PayPal,50,True,0,1242.2248779187964,103.51873982656637
C02481,Starter,Month-to-Month,PayPal,31,True,0,1379.5524121035342,114.96270100862785
C02482,Professional,Month-to-Month,Invoice,47,False,0,5987.206155127225,498.93384626060214
C02483,Professional,Month-to-Month,PayPal,20,True,0,6262.654122256157,521.8878435213464
C02484,Enterprise,Annual,Invoice,4,True,0,27533.286388629986,2294.4405323858323
C02485,Starter,Annual,Invoice,32,True,0,1122.9868760729807,93.5822396727484
C02486,Professional,Annual,PayPal,18,True,0,5291.475507703663,440.95629230863864
C02487,Starter,Month-to-Month,PayPal,10,True,10,1093.1838617218066,91.09865514348388
C02488,Enterprise,Annual,PayPal,22,True,0,23526.64366804439,1960.5536390036993
C02489,Professional,Annual,PayPal,54,False,20,4756.413097132632,396.36775809438603
C02490,Professional,Month-to-Month,Credit Card,51,True,0,5746.20032929476,478.85002744123
C02491,Starter,Annual,Invoice,17,True,0,1099.2189386897114,91.60157822414261
C02492,Starter,Annual,Invoice,42,False,10,1180.8994322259816,98.4082860188318
C02493,Professional,Annual,Invoice,57,False,0,5987.754856780097,498.9795713983414
C02494,Starter,Month-to-Month,Invoice,4,True,0,1469.4567665177763,122.45473054314802
C02495,Starter,Annual,Credit Card,57,True,0,1075.2018539540045,89.60015449616704
C02496,Starter,2-Year,PayPal,37,True,0,1440.7622517905968,120.06352098254973
C02497,Starter,Annual,PayPal,7,True,10,1111.5903092908923,92.63252577424102
C02498,Professional,Annual,PayPal,51,True,0,6011.126348303019,500.92719569191826
C02499,Starter,Month-to-Month,Invoice,51,False,20,854.335914341601,71.19465952846674
C02500,Starter,Annual,Credit Card,8,True,20,896.3933079831086,74.69944233192571
C02501,Starter,Annual,Credit Card,1,True,0,1351.0360431123597,112.58633692602997
C02502,Professional,Annual,PayPal,56,True,0,4400.692387138995,366.72436559491626
C02503,Enterprise,Month-to-Month,Invoice,8,True,0,19691.47065966057,1640.9558883050474
C02504,Starter,2-Year,PayPal,19,True,0,1006.5743561520557,83.88119634600464
C02505,Professional,Annual,Invoice,17,True,0,6702.622548571781,558.5518790476484
C02506,Starter,2-Year,PayPal,41,True,0,1281.688395962967,106.80736633024725
C02507,Professional,Annual,PayPal,52,True,0,5392.185503951079,449.34879199592325
C02508,Professional,Annual,Credit Card,55,True,0,5717.029235058881,476.41910292157337
C02509,Starter,Annual,Invoice,48,True,0,1215.579888473117,101.29832403942642
C02510,Starter,Annual,Credit Card,9,True,0,1322.3609523286777,110.1967460273898
C02511,Professional,Month-to-Month,Credit Card,51,True,0,5392.156203316484,449.34635027637364
C02512,Enterprise,Month-to-Month,PayPal,16,True,10,21887.71683541206,1823.976402951005
C02513,Enterprise,Annual,Invoice,53,False,10,20856.321194744403,1738.0267662287004
C02514,Professional,2-Year,Invoice,58,False,0,5938.209791811872,494.85081598432265
C02515,Starter,Annual,PayPal,59,False,20,873.9371085869475,72.82809238224563
C02516,Starter,Month-to-Month,PayPal,45,True,0,1225.1789073295502,102.09824227746252
C02517,Professional,Month-to-Month,PayPal,51,True,10,4977.478698246406,414.7898915205338
C02518,Starter,Annual,Invoice,37,True,0,1211.4578765455421,100.95482304546185
C02519,Professional,Annual,PayPal,27,False,0,6937.498646130633,578.1248871775528
C02520,Starter,2-Year,PayPal,2,False,0,1325.2466350378709,110.43721958648923
C02521,Starter,Annual,Credit Card,36,False,0,1366.7771272308269,113.89809393590224
C02522,Starter,Month-to-Month,PayPal,12,True,10,1114.1735105703165,92.84779254752637
C02523,Enterprise,Annual,PayPal,50,False,0,26718.8088397443,2226.567403312025
C02524,Starter,Annual,Invoice,35,False,0,983.73337569453,81.97778130787749
C02525,Professional,Annual,PayPal,31,True,0,4983.24655713186,415.270546427655
C02526,Professional,Month-to-Month,Invoice,53,True,0,5396.992864624131,449.74940538534423
C02527,Enterprise,Month-to-Month,Credit Card,57,True,0,21753.587522050224,1812.798960170852
C02528,Starter,Annual,Credit Card,19,True,20,1060.599724668463,88.38331038903858
C02529,Professional,Month-to-Month,Invoice,26,True,0,5094.7635175816085,424.56362646513406
C02530,Enterprise,Month-to-Month,PayPal,54,False,0,20743.81625038345,1728.6513541986208
C02531,Starter,Month-to-Month,Invoice,36,False,20,948.2977407847998,79.02481173206665
C02532,Professional,2-Year,PayPal,4,False,0,6082.194624243073,506.8495520202561
C02533,Starter,Month-to-Month,PayPal,48,True,0,1305.0058589935302,108.75048824946084
C02534,Starter,Annual,PayPal,43,True,0,1167.9125919533415,97.32604932944513
C02535,Starter,Annual,Invoice,31,True,0,1178.0742056565377,98.17285047137814
C02536,Professional,Annual,Credit Card,58,True,0,6532.319612136361,544.3599676780301
C02537,Professional,Annual,Invoice,58,True,0,5460.0629338820145,455.00524449016785
C02538,Starter,Annual,PayPal,13,False,0,1214.720203020466,101.22668358503883
C02539,Professional,Annual,Invoice,53,True,10,5707.778382478315,475.64819853985955
C02540,Starter,Month-to-Month,Credit Card,43,True,0,1155.5534931043305,96.29612442536087
C02541,Professional,Annual,Invoice,39,True,10,5864.765312922169,488.73044274351406
C02542,Enterprise,2-Year,Credit Card,59,False,0,21943.774987142086,1828.6479155951738
C02543,Starter,2-Year,Credit Card,46,True,0,1387.4825304500316,115.6235442041693
C02544,Professional,Annual,PayPal,4,True,0,5811.158596013776,484.26321633448134
C02545,Professional,2-Year,Credit Card,40,False,0,5736.588496886201,478.04904140718344
C02546,Professional,2-Year,Invoice,44,True,0,5123.4915450963235,426.95762875802694
C02547,Starter,Annual,Invoice,13,True,0,1065.5888465883816,88.7990705490318
C02548,Starter,Annual,PayPal,57,True,10,992.3470509846037,82.69558758205031
C02549,Professional,Annual,Invoice,41,True,0,5323.223878261241,443.60198985510345
C02550,Starter,2-Year,PayPal,9,True,0,1058.097287245315,88.17477393710959
C02551,Starter,Annual,Invoice,2,False,0,1205.26406957921,100.43867246493416
C02552,Professional,Annual,Invoice,35,True,10,5724.617311492098,477.0514426243415
C02553,Starter,Month-to-Month,Credit Card,53,True,0,1233.5486392407968,102.79571993673306
C02554,Professional,Month-to-Month,Credit Card,12,True,0,4081.8583293554716,340.15486077962265
C02555,Starter,Month-to-Month,Credit Card,17,True,10,967.5191496151893,80.62659580126578
C02556,Professional,Month-to-Month,Invoice,4,True,10,6014.029808784609,501.1691507320507
C02557,Enterprise,2-Year,PayPal,59,True,0,20775.172038328197,1731.2643365273498
C02558,Enterprise,Month-to-Month,PayPal,14,True,0,23709.477892899056,1975.7898244082546
C02559,Starter,Annual,PayPal,21,True,0,1068.460602063382,89.03838350528184
C02560,Enterprise,Month-to-Month,Credit Card,41,True,20,21706.377051869178,1808.8647543224315
C02561,Starter,Month-to-Month,Invoice,8,True,0,1104.6528168260395,92.05440140216996
C02562,Starter,Month-to-Month,Credit Card,33,True,0,1282.5327862897332,106.8777321908111
C02563,Professional,2-Year,Invoice,45,True,0,5565.358074034615,463.7798395028846
C02564,Enterprise,Annual,Invoice,28,False,0,18177.939409868693,1514.8282841557245
C02565,Enterprise,Annual,Invoice,3,True,0,25130.32599026018,2094.1938325216815
C02566,Starter,2-Year,Credit Card,14,False,0,969.7000856525337,80.80834047104447
C02567,Professional,2-Year,Invoice,19,True,0,5452.045710021771,454.33714250181424
C02568,Professional,Annual,Credit Card,59,False,20,5695.625196240497,474.6354330200414
C02569,Starter,Month-to-Month,Credit Card,6,True,10,1418.0112515495787,118.16760429579823
C02570,Professional,Month-to-Month,Invoice,36,False,20,4809.6555160612725,400.8046263384394
C02571,Starter,Month-to-Month,Invoice,20,True,10,983.725474829001,81.97712290241675
C02572,Starter,Month-to-Month,Invoice,1,False,0,1203.1101037898368,100.25917531581973
C02573,Professional,Month-to-Month,Credit Card,10,False,0,5211.570882316992,434.297573526416
C02574,Starter,Month-to-Month,Invoice,13,True,0,1149.335196319844,95.77793302665367
C02575,Starter,Annual,Invoice,12,False,0,1392.2866197361066,116.02388497800888
C02576,Starter,Annual,PayPal,11,True,0,1225.1358906615374,102.09465755512811
C02577,Professional,Month-to-Month,PayPal,36,True,0,5146.558985302051,428.87991544183757
C02578,Starter,Annual,PayPal,17,True,20,999.0177982226805,83.25148318522338
C02579,Starter,Annual,Invoice,47,True,0,994.6028162948121,82.88356802456768
C02580,Professional,Month-to-Month,Credit Card,53,True,0,4873.882525135007,406.15687709458393
C02581,Starter,Annual,PayPal,29,False,0,1291.8907563074279,107.65756302561898
C02582,Enterprise,Month-to-Month,Credit Card,3,False,10,19950.3153259627,1662.5262771635582
C02583,Starter,Month-to-Month,PayPal,29,False,20,1111.0552826705002,92.58794022254169
C02584,Starter,Annual,PayPal,10,True,0,1073.4751872900943,89.45626560750786
C02585,Starter,Annual,Credit Card,53,True,0,1347.3022294442248,112.27518578701874
C02586,Starter,Month-to-Month,PayPal,46,True,0,1396.988565122072,116.41571376017266
C02587,Enterprise,Annual,Credit Card,19,True,20,19498.779050378245,1624.898254198187
C02588,Starter,2-Year,Invoice,53,True,0,1163.6881515546318,96.97401262955265
C02589,Professional,Annual,Invoice,4,True,10,5075.755700266153,422.97964168884613
C02590,Starter,Annual,Credit Card,57,False,0,1135.4551218875831,94.6212601572986
C02591,Professional,Annual,Credit Card,46,True,0,5038.841460748158,419.9034550623465
C02592,Enterprise,Annual,Invoice,38,True,0,25537.713109277225,2128.1427591064353
C02593,Starter,Month-to-Month,Credit Card,12,True,10,1145.4076911454854,95.45064092879045
C02594,Professional,2-Year,Invoice,31,True,20,4689.866636899593,390.82221974163275
C02595,Enterprise,Annual,Invoice,58,True,10,21664.696665820993,1805.391388818416
C02596,Professional,Month-to-Month,Credit Card,2,True,0,5727.633037160253,477.3027530966877
C02597,Starter,Annual,PayPal,49,True,0,1054.0294984163797,87.83579153469832
C02598,Starter,Annual,Credit Card,1,False,10,939.1642733707212,78.2636894475601
C02599,Starter,Month-to-Month,Invoice,17,True,0,1131.7927746705134,94.31606455587611
C02600,Enterprise,Month-to-Month,PayPal,25,False,20,18446.28167414148,1537.19013951179
C02601,Professional,Month-to-Month,PayPal,5,True,0,6693.299019478151,557.7749182898459
C02602,Enterprise,Annual,Invoice,48,True,20,20483.457195629697,1706.9547663024748
C02603,Starter,Month-to-Month,PayPal,14,False,10,1246.356701559296,103.86305846327467
C02604,Starter,Month-to-Month,PayPal,52,True,0,1282.8187646231067,106.90156371859223
C02605,Starter,Month-to-Month,Credit Card,10,True,0,1009.8038235649041,84.15031863040868
C02606,Starter,Annual,Invoice,21,True,0,1021.8535031409698,85.15445859508081
C02607,Starter,2-Year,PayPal,25,False,0,1072.778056752965,89.39817139608043
C02608,Starter,Annual,Invoice,35,True,0,1157.6760625190138,96.47300520991782
C02609,Professional,Month-to-Month,Credit Card,3,True,0,5534.2767242094915,461.18972701745764
C02610,Starter,Annual,Credit Card,18,True,0,1283.0410215129816,106.9200851260818
C02611,Starter,Annual,Credit Card,56,True,0,1341.4203955199705,111.78503295999754
C02612,Enterprise,Annual,PayPal,55,False,20,16880.067718316666,1406.6723098597222
C02613,Enterprise,Annual,Credit Card,50,False,0,20057.019579283566,1671.4182982736304
C02614,Starter,Month-to-Month,Invoice,36,True,10,1257.5945643120524,104.79954702600436
C02615,Enterprise,Month-to-Month,Credit Card,39,True,0,24555.42309560326,2046.2852579669382
C02616,Starter,Month-to-Month,PayPal,33,False,10,1022.1838035466112,85.18198362888427
C02617,Starter,2-Year,Credit Card,48,True,0,1389.7886219769468,115.81571849807891
C02618,Enterprise,Annual,PayPal,17,False,0,26988.468768341525,2249.0390640284604
C02619,Professional,Annual,Invoice,40,True,0,5645.018649493497,470.4182207911247
C02620,Enterprise,Annual,Credit Card,6,True,20,20871.25170721321,1739.2709756011009
C02621,Professional,Annual,Credit Card,34,False,0,6691.380001479852,557.615000123321
C02622,Starter,Month-to-Month,Invoice,26,True,0,1300.626733045457,108.38556108712142
C02623,Professional,Month-to-Month,Invoice,42,False,10,6084.7880149668545,507.0656679139045
C02624,Starter,2-Year,PayPal,31,True,0,1086.0553791607413,90.50461493006178
C02625,Starter,2-Year,Credit Card,49,True,0,1203.1333500573169,100.2611125047764
C02626,Starter,Annual,Credit Card,51,False,0,1397.457184518321,116.45476537652674
C02627,Starter,Annual,Credit Card,28,True,0,1153.2234978679517,96.10195815566264
C02628,Enterprise,Month-to-Month,Credit Card,36,False,0,22451.677566393966,1870.9731305328305
C02629,Enterprise,Month-to-Month,Invoice,13,False,0,24266.51695075322,2022.2097458961016
C02630,Professional,Annual,Credit Card,21,False,0,5050.176503797691,420.84804198314094
C02631,Starter,Annual,Credit Card,59,False,0,1239.1646161497006,103.26371801247505
C02632,Professional,Annual,Credit Card,26,True,0,5000.457806019019,416.70481716825157
C02633,Professional,Annual,PayPal,51,True,10,6084.05225478021,507.00435456501754
C02634,Enterprise,Month-to-Month,PayPal,31,False,20,16087.390042303317,1340.6158368586098
C02635,Starter,Month-to-Month,PayPal,16,True,0,1301.9074973879276,108.49229144899397
C02636,Starter,2-Year,Invoice,31,True,10,1001.1915491030792,83.43262909192326
C02637,Enterprise,Month-to-Month,Invoice,13,True,20,17169.171885282074,1430.7643237735062
C02638,Enterprise,Annual,Invoice,30,True,0,24062.979410480388,2005.248284206699
C02639,Starter,Annual,Credit Card,32,False,20,988.7350577706006,82.39458814755005
C02640,Starter,Annual,Credit Card,5,True,0,1211.0450622411288,100.9204218534274
C02641,Professional,2-Year,Invoice,12,True,10,5583.564007808317,465.29700065069306
C02642,Professional,Annual,PayPal,39,True,0,6414.6118923984295,534.5509910332024
C02643,Professional,Annual,Credit Card,59,False,0,4793.343286289208,399.44527385743396
C02644,Starter,Month-to-Month,PayPal,41,False,10,1094.604669902155,91.21705582517957
C02645,Starter,Month-to-Month,Credit Card,37,True,0,1036.3260976972415,86.3605081414368
C02646,Starter,Annual,Credit Card,4,False,0,1047.777265892969,87.31477215774741
C02647,Professional,Month-to-Month,PayPal,42,True,0,5339.8188633488235,444.98490527906864
C02648,Starter,2-Year,Invoice,48,True,10,866.9676530224082,72.24730441853401
C02649,Starter,Annual,PayPal,43,False,10,1078.8071346820482,89.90059455683735
C02650,Starter,Month-to-Month,Invoice,29,True,0,987.939839756624,82.32831997971867
C02651,Starter,Month-to-Month,Invoice,41,True,0,1248.606625247423,104.05055210395192
C02652,Starter,Month-to-Month,Credit Card,56,True,0,1382.2509660167834,115.18758050139861
C02653,Starter,Annual,Credit Card,5,True,0,1387.7773541569888,115.64811284641574
C02654,Enterprise,Annual,Credit Card,57,True,10,19243.432965446616,1603.619413787218
C02655,Starter,Annual,Invoice,11,True,10,951.7841952675469,79.31534960562891
C02656,Starter,Month-to-Month,Invoice,30,True,0,1293.7556255420188,107.81296879516823
C02657,Starter,Month-to-Month,PayPal,9,True,20,965.4406366206739,80.45338638505616
C02658,Enterprise,Month-to-Month,Credit Card,49,True,10,21440.01860729194,1786.6682172743283
C02659,Starter,Annual,Credit Card,28,True,0,1043.0539656154986,86.92116380129154
C02660,Starter,Month-to-Month,Invoice,22,False,0,1214.450028259025,101.20416902158541
C02661,Starter,Month-to-Month,Credit Card,11,True,0,1303.8111038405839,108.65092532004866
C02662,Professional,Month-to-Month,Invoice,21,False,0,5536.4603108078545,461.3716925673212
C02663,Professional,Annual,PayPal,6,True,10,5650.43661118882,470.86971759906834
C02664,Starter,Annual,PayPal,26,False,0,1219.161375484469,101.59678129037242
C02665,Starter,Annual,Credit Card,16,True,10,1009.5016490272149,84.12513741893457
C02666,Starter,Annual,PayPal,51,False,0,1193.868602871478,99.48905023928984
C02667,Professional,Annual,Credit Card,14,True,10,4834.843032382145,402.9035860318454
C02668,Professional,Month-to-Month,Credit Card,35,True,0,6513.510814213417,542.7925678511181
C02669,Starter,Month-to-Month,Invoice,42,True,0,1076.43729654645,89.70310804553749
C02670,Professional,Annual,Invoice,53,True,0,5641.257915174811,470.10482626456763
C02671,Starter,Month-to-Month,Credit Card,55,False,10,1177.4778905064584,98.12315754220486
C02672,Professional,Month-to-Month,PayPal,36,False,10,5117.36452414068,426.44704367839
C02673,Professional,Month-to-Month,PayPal,22,True,0,5438.483925406784,453.20699378389867
C02674,Enterprise,Month-to-Month,Credit Card,53,False,0,24440.846017146774,2036.7371680955646
C02675,Starter,Month-to-Month,Credit Card,2,True,0,1415.4359819969106,117.95299849974255
C02676,Professional,Annual,PayPal,13,False,10,6028.607772313825,502.38398102615207
C02677,Starter,Month-to-Month,PayPal,11,False,0,1273.2195722617653,106.10163102181377
C02678,Starter,Month-to-Month,Invoice,12,True,0,1319.3036303804588,109.94196919837157
C02679,Starter,Month-to-Month,Invoice,33,True,0,1261.9661224243132,105.16384353535943
C02680,Starter,Annual,PayPal,22,True,0,1227.445106094907,102.28709217457559
C02681,Starter,Annual,Invoice,53,True,0,1309.6820784679094,109.14017320565911
C02682,Enterprise,Month-to-Month,Invoice,9,False,20,19866.391137988703,1655.5325948323919
C02683,Professional,Annual,Credit Card,44,True,10,5371.243282395558,447.6036068662965
C02684,Starter,Month-to-Month,Invoice,7,False,10,1100.1248317601678,91.67706931334732
C02685,Starter,Annual,Invoice,17,True,0,1239.8514025510647,103.32095021258873
C02686,Starter,Annual,Credit Card,10,True,0,1236.7617345853098,103.06347788210915
C02687,Starter,Annual,PayPal,38,True,20,995.0396602325466,82.91997168604554
C02688,Starter,Annual,Invoice,59,False,0,1081.5692573995318,90.13077144996099
C02689,Starter,Month-to-Month,Invoice,39,True,0,1175.1781651668712,97.93151376390593
C02690,Enterprise,Annual,PayPal,51,False,0,20959.570226853783,1746.6308522378151
C02691,Professional,Month-to-Month,Invoice,46,True,0,6157.601586081201,513.1334655067668
C02692,Professional,2-Year,PayPal,25,True,0,6206.493468530642,517.2077890442201
C02693,Professional,Month-to-Month,Credit Card,27,True,10,6111.778390527648,509.31486587730404
C02694,Starter,Annual,PayPal,30,False,20,988.831800311713,82.40265002597609
C02695,Starter,Month-to-Month,PayPal,30,True,0,1155.5645344363836,96.2970445363653
C02696,Starter,Month-to-Month,PayPal,43,True,0,1149.4337901643848,95.7861491803654
C02697,Professional,Annual,Credit Card,34,True,0,6387.425919306772,532.2854932755644
C02698,Starter,Annual,PayPal,33,True,0,1118.2697200421026,93.18914333684188
C02699,Starter,Month-to-Month,PayPal,32,True,20,974.7141254257077,81.22617711880898
C02700,Enterprise,Month-to-Month,Credit Card,58,False,0,26288.770026080078,2190.730835506673
C02701,Starter,Annual,Invoice,42,True,0,1442.9791437874132,120.24826198228443
C02702,Professional,Month-to-Month,Invoice,12,False,0,6693.331407961727,557.7776173301439
C02703,Enterprise,Annual,PayPal,41,True,10,20465.124068758323,1705.4270057298602
C02704,Starter,Annual,Credit Card,23,True,0,1110.4381503171724,92.53651252643103
C02705,Professional,Annual,Credit Card,58,True,0,6378.114928231607,531.509577352634
C02706,Professional,Month-to-Month,PayPal,29,True,0,5871.692495949283,489.30770799577357
C02707,Enterprise,Annual,PayPal,43,False,0,20450.64224795167,1704.2201873293059
C02708,Starter,Month-to-Month,Invoice,1,False,0,1511.079125039686,125.92326041997383
C02709,Enterprise,Month-to-Month,Invoice,20,True,10,21973.705841868676,1831.1421534890562
C02710,Starter,Annual,PayPal,10,False,0,1349.916605995767,112.49305049964725
C02711,Professional,Month-to-Month,Credit Card,19,True,0,5799.920591085487,483.3267159237906
C02712,Starter,Month-to-Month,PayPal,59,False,10,1076.6132969987975,89.71777474989979
C02713,Starter,Annual,Credit Card,23,True,0,1218.185446534926,101.5154538779105
C02714,Starter,2-Year,Invoice,21,True,10,1050.5339461061858,87.54449550884881
C02715,Starter,Annual,PayPal,57,True,10,997.9985736272275,83.16654780226897
C02716,Starter,Month-to-Month,Credit Card,43,True,0,1463.7032723937568,121.97527269947973
C02717,Starter,Month-to-Month,Invoice,35,False,10,1118.3353321425727,93.19461101188107
C02718,Starter,Annual,PayPal,59,True,0,1010.6431803889346,84.22026503241122
C02719,Starter,Annual,PayPal,48,True,0,1212.2045529526138,101.01704607938449
C02720,Starter,Month-to-Month,Invoice,32,True,10,924.6134405145774,77.05112004288145
C02721,Starter,Annual,PayPal,54,True,10,988.6693650711272,82.38911375592727
C02722,Enterprise,Month-to-Month,Invoice,10,True,0,24256.334237466348,2021.361186455529
C02723,Professional,Month-to-Month,Credit Card,2,True,0,6323.5614109268945,526.9634509105746
C02724,Starter,Month-to-Month,PayPal,51,True,0,897.2191087051164,74.7682590587597
C02725,Professional,Annual,Invoice,36,True,10,6326.555166461883,527.2129305384902
C02726,Professional,Month-to-Month,Invoice,48,True,20,4483.754973726609,373.64624781055073
C02727,Starter,Month-to-Month,Credit Card,6,True,0,1173.0516366728964,97.7543030560747
C02728,Starter,Month-to-Month,PayPal,43,False,0,1384.023921666492,115.335326805541
C02729,Starter,Annual,Invoice,17,False,10,1264.840682924068,105.40339024367233
C02730,Enterprise,Annual,Invoice,15,False,0,22513.086930391026,1876.0905775325855
C02731,Starter,Month-to-Month,Invoice,54,False,0,1327.5840184149688,110.63200153458074
C02732,Professional,Annual,PayPal,36,False,0,6095.234150130865,507.93617917757206
C02733,Starter,Month-to-Month,PayPal,24,True,0,1518.5408383501592,126.54506986251327
C02734,Professional,Annual,Credit Card,57,True,20,4476.796733364844,373.0663944470703
C02735,Starter,Annual,Credit Card,40,False,20,1118.370741440889,93.19756178674076
C02736,Starter,Annual,Credit Card,56,True,0,1129.7768434619559,94.14807028849633
C02737,Starter,Month-to-Month,PayPal,29,True,20,856.9325518357093,71.4110459863091
C02738,Enterprise,Annual,Invoice,50,True,0,23272.019483167416,1939.334956930618
C02739,Starter,Annual,PayPal,14,False,10,902.8185623674287,75.23488019728573
C02740,Starter,2-Year,PayPal,58,False,0,1088.2798973471045,90.68999144559204
C02741,Professional,Annual,PayPal,2,True,10,5227.130636317455,435.59421969312126
C02742,Professional,2-Year,Credit Card,48,False,0,5848.140375120865,487.3450312600721
C02743,Starter,Annual,Invoice,22,False,0,1309.9700373500732,109.16416977917277
C02744,Starter,Month-to-Month,PayPal,47,True,20,1038.8977676656493,86.57481397213745
C02745,Starter,Annual,Credit Card,53,False,0,1195.7333276238542,99.64444396865451
C02746,Starter,Annual,PayPal,6,False,20,793.2265282627214,66.10221068856012
C02747,Professional,Annual,Invoice,9,True,0,4719.038023165976,393.25316859716463
C02748,Starter,Month-to-Month,Credit Card,12,True,0,1136.410393244262,94.7008661036885
C02749,Enterprise,Annual,PayPal,42,True,10,19795.314740948175,1649.6095617456813
C02750,Starter,Annual,Credit Card,39,True,0,1128.992308613865,94.08269238448874
C02751,Starter,Annual,Invoice,5,False,0,1394.6421147677293,116.2201762306441
C02752,Professional,Month-to-Month,Invoice,58,True,0,5635.617469111703,469.63478909264194
C02753,Professional,Annual,Credit Card,55,True,0,5480.741801688095,456.7284834740079
C02754,Starter,Annual,PayPal,40,False,0,1199.582226275104,99.96518552292532
C02755,Professional,Month-to-Month,Invoice,59,False,0,5688.066135025564,474.00551125213036
C02756,Professional,2-Year,Invoice,44,True,0,6358.227016839237,529.8522514032697
C02757,Starter,Annual,PayPal,1,False,0,1229.4671591390113,102.45559659491761
C02758,Starter,Annual,Credit Card,10,True,20,1137.9496986796105,94.82914155663421
C02759,Starter,Annual,Credit Card,11,True,0,1164.9799074273465,97.08165895227887
C02760,Professional,Month-to-Month,PayPal,27,False,0,7158.582542253787,596.5485451878156
C02761,Starter,Annual,Invoice,23,False,0,1283.7480887491704,106.9790073957642
C02762,Professional,Annual,Invoice,20,False,0,6318.31757089982,526.5264642416516
C02763,Professional,Annual,PayPal,5,True,0,4806.979439660906,400.58161997174216
C02764,Professional,Annual,PayPal,13,True,0,4716.468447343345,393.0390372786121
C02765,Professional,Month-to-Month,Credit Card,50,False,10,4530.6255253776035,377.55212711480027
C02766,Starter,Annual,Credit Card,10,True,10,1103.0650515607106,91.92208763005921
C02767,Enterprise,Month-to-Month,PayPal,53,True,0,25810.172114225603,2150.8476761854668
C02768,Professional,Annual,Invoice,57,False,0,6320.742193003939,526.7285160836616
C02769,Starter,Annual,Credit Card,49,True,0,1204.5344011436348,100.37786676196957
C02770,Professional,Annual,PayPal,51,True,0,6542.014156386472,545.1678463655393
C02771,Professional,Annual,Invoice,36,True,10,6044.999354593431,503.74994621611927
C02772,Starter,Annual,Credit Card,41,False,10,1046.7013818560058,87.22511515466715
C02773,Starter,Annual,PayPal,50,False,0,1266.9823603862235,105.58186336551863
C02774,Starter,Annual,PayPal,16,True,10,1121.4724910132159,93.456040917768
C02775,Enterprise,Annual,Invoice,7,True,10,23341.662377673525,1945.1385314727938
C02776,Professional,Month-to-Month,Invoice,32,True,0,6196.554418005373,516.3795348337811
C02777,Starter,Annual,PayPal,25,False,0,1231.689520020809,102.64079333506741
C02778,Professional,Month-to-Month,Invoice,44,True,10,5073.6282542319095,422.8023545193258
C02779,Starter,Annual,PayPal,26,False,0,1224.6768201101236,102.05640167584363
C02780,Starter,Annual,Invoice,36,True,10,1043.3096575662364,86.94247146385304
C02781,Starter,Annual,Invoice,53,True,0,1071.717116012116,89.30975966767635
C02782,Professional,Month-to-Month,Credit Card,28,False,0,6179.993761581672,514.999480131806
C02783,Enterprise,Month-to-Month,Credit Card,44,True,0,21546.03076054001,1795.5025633783341
C02784,Enterprise,Month-to-Month,Invoice,12,False,0,23896.752994383198,1991.3960828652664
C02785,Starter,Annual,PayPal,26,True,0,1156.0446869171847,96.33705724309873
C02786,Professional,Month-to-Month,Invoice,4,True,10,5096.328290429244,424.694024202437
C02787,Professional,Month-to-Month,Credit Card,44,True,10,6158.876812751298,513.2397343959415
C02788,Starter,Month-to-Month,PayPal,23,True,20,1117.2755082645483,93.10629235537903
C02789,Professional,Month-to-Month,Invoice,40,True,0,5821.887804559124,485.1573170465936
C02790,Enterprise,Annual,Invoice,24,False,0,26393.624437394734,2199.468703116228
C02791,Professional,Annual,Invoice,31,True,0,5051.132227837842,420.9276856531535
C02792,Starter,2-Year,Invoice,30,False,0,1058.207219743683,88.18393497864025
C02793,Enterprise,Annual,Credit Card,3,True,0,23853.373262928344,1987.7811052440286
C02794,Enterprise,Annual,Credit Card,16,True,0,21440.160367338107,1786.680030611509
C02795,Professional,Annual,Credit Card,34,True,0,6225.382839148422,518.7819032623685
C02796,Starter,Annual,Credit Card,38,False,0,1234.504247053269,102.87535392110574
C02797,Professional,Annual,PayPal,28,True,0,5971.5429236158125,497.6285769679844
C02798,Starter,Month-to-Month,PayPal,49,True,0,1484.064653802053,123.67205448350443
C02799,Starter,Annual,PayPal,44,True,10,1119.7456202722497,93.31213502268747
C02800,Professional,Annual,Invoice,41,True,10,5711.057981187749,475.9214984323124
C02801,Enterprise,Annual,PayPal,48,True,0,25165.320555734103,2097.110046311175
C02802,Professional,Annual,Credit Card,7,True,10,4913.465392337856,409.45544936148804
C02803,Professional,2-Year,Credit Card,8,True,0,7170.148979316111,597.5124149430093
C02804,Starter,2-Year,Invoice,7,True,0,1031.533640997356,85.96113674977967
C02805,Starter,Annual,PayPal,53,False,0,1234.2101703364892,102.85084752804077
C02806,Enterprise,Annual,Invoice,37,False,10,23207.774799015126,1933.9812332512604
C02807,Professional,Month-to-Month,Invoice,55,True,0,6590.1869862627755,549.1822488552313
C02808,Professional,Month-to-Month,PayPal,7,True,0,5813.267772836393,484.4389810696994
C02809,Starter,Month-to-Month,Invoice,50,True,0,1289.217191389373,107.43476594911442
C02810,Professional,Annual,PayPal,18,False,0,5371.018527059876,447.58487725498964
C02811,Enterprise,Month-to-Month,PayPal,48,True,0,28009.04037008013,2334.0866975066774
C02812,Starter,Month-to-Month,Invoice,39,True,10,1062.4015018022317,88.53345848351931
C02813,Starter,Month-to-Month,Credit Card,21,False,10,1026.3551126813838,85.52959272344866
C02814,Starter,Month-to-Month,PayPal,34,False,20,898.7703749867181,74.89753124889317
C02815,Enterprise,Annual,Credit Card,49,False,10,22242.43730846327,1853.5364423719393
C02816,Professional,Month-to-Month,Credit Card,57,False,0,5051.955532969581,420.9962944141318
C02817,Professional,Annual,PayPal,27,False,0,6530.854215067006,544.2378512555839
C02818,Starter,Month-to-Month,Credit Card,8,False,0,1128.3473032072461,94.02894193393718
C02819,Professional,Month-to-Month,Invoice,34,True,0,6782.667165064191,565.2222637553492
C02820,Professional,Annual,Invoice,18,False,0,5254.533554115647,437.87779617630395
C02821,Starter,2-Year,Credit Card,51,False,10,1094.2610525491507,91.18842104576255
C02822,Enterprise,Annual,Invoice,52,True,0,25329.31923696042,2110.776603080035
C02823,Starter,Month-to-Month,PayPal,41,True,10,1151.5194207441045,95.95995172867538
C02824,Starter,2-Year,PayPal,12,True,0,1137.9947938335042,94.83289948612536
C02825,Starter,Annual,Credit Card,22,False,0,1051.832854216291,87.65273785135759
C02826,Starter,Annual,Invoice,51,True,0,1145.1675851870104,95.43063209891754
C02827,Professional,Annual,Credit Card,40,True,0,6699.994117406634,558.3328431172196
C02828,Starter,Month-to-Month,Invoice,22,True,0,1451.0733737752223,120.9227811479352
C02829,Professional,Annual,PayPal,8,False,0,5026.269039742262,418.85575331185515
C02830,Starter,Annual,Invoice,42,True,0,1111.441551226176,92.620129268848
C02831,Starter,Annual,Invoice,28,True,0,992.1099176968161,82.67582647473468
C02832,Professional,Month-to-Month,Credit Card,50,True,10,5103.875493079709,425.3229577566424
C02833,Professional,Annual,PayPal,47,True,0,5617.253972472119,468.1044977060099
C02834,Starter,Month-to-Month,Invoice,56,True,10,950.8820490622614,79.24017075518846
C02835,Enterprise,Annual,PayPal,32,True,0,27991.22111958595,2332.6017599654956
C02836,Professional,Month-to-Month,Invoice,11,True,0,6688.121803792107,557.3434836493423
C02837,Starter,Annual,PayPal,21,True,10,1106.2863122461413,92.19052602051177
C02838,Starter,Month-to-Month,Invoice,26,True,10,1068.093385823615,89.00778215196793
C02839,Starter,Annual,PayPal,14,True,10,1176.390472445067,98.03253937042224
C02840,Professional,Month-to-Month,Invoice,15,False,0,5399.094002994837,449.92450024956975
C02841,Starter,Annual,PayPal,14,True,0,1228.6050022219358,102.38375018516132
C02842,Starter,Month-to-Month,Invoice,12,True,0,1127.37543227416,93.94795268951333
C02843,Starter,2-Year,Invoice,36,True,0,1481.2194690092103,123.43495575076753
C02844,Starter,2-Year,PayPal,3,True,20,829.6160565455674,69.13467137879728
C02845,Professional,Annual,Credit Card,44,True,0,5836.668250341223,486.3890208617686
C02846,Professional,2-Year,Invoice,57,True,0,5223.2984995725665,435.27487496438056
C02847,Starter,Month-to-Month,Invoice,58,False,0,1290.2527886823236,107.52106572352697
C02848,Starter,2-Year,Credit Card,7,True,10,1160.9820871514619,96.74850726262183
C02849,Starter,Month-to-Month,Invoice,39,True,0,1116.2763960177654,93.02303300148044
C02850,Professional,Annual,PayPal,54,False,20,4203.727199138454,350.3105999282045
C02851,Professional,Month-to-Month,Credit Card,57,True,0,5768.5174517353,480.7097876446083
C02852,Starter,2-Year,Invoice,51,False,10,1004.6277025229367,83.71897521024472
C02853,Starter,Annual,PayPal,46,True,0,1207.691965208787,100.64099710073225
C02854,Starter,Annual,PayPal,1,True,10,1254.9347495248396,104.57789579373663
C02855,Enterprise,2-Year,Credit Card,39,True,0,25587.235136070612,2132.269594672551
C02856,Professional,Annual,Credit Card,25,True,10,5809.949749490366,484.1624791241972
C02857,Starter,Annual,Credit Card,31,False,0,1199.4910609231783,99.95758841026486
C02858,Starter,Month-to-Month,PayPal,22,True,0,1517.2276060931472,126.4356338410956
C02859,Starter,Annual,Invoice,10,True,0,1213.9840086837971,101.1653340569831
C02860,Professional,2-Year,PayPal,18,True,10,5791.830356622643,482.6525297185536
C02861,Starter,2-Year,PayPal,13,True,0,1331.836107991887,110.98634233265726
C02862,Starter,Month-to-Month,Credit Card,8,False,0,1193.8653715516703,99.48878096263918
C02863,Professional,Month-to-Month,Invoice,9,True,0,6124.477217629273,510.3731014691061
C02864,Starter,Month-to-Month,PayPal,58,False,0,1131.6190799910057,94.30158999925048
C02865,Professional,Month-to-Month,Credit Card,15,False,0,6010.800954354232,500.90007952951936
C02866,Starter,Month-to-Month,Credit Card,8,True,0,1375.6135571708849,114.63446309757374
C02867,Professional,Annual,Invoice,57,True,0,6698.350060962707,558.1958384135589
C02868,Starter,Annual,Invoice,33,True,0,1282.5064150194585,106.87553458495488
C02869,Enterprise,2-Year,Credit Card,35,True,0,26184.728631304682,2182.06071927539
C02870,Starter,Month-to-Month,Invoice,19,True,0,1195.507352859962,99.62561273833018
C02871,Starter,Month-to-Month,Invoice,30,False,0,1313.7794224187,109.48161853489167
C02872,Professional,Month-to-Month,PayPal,9,True,0,5908.618907091244,492.38490892427035
C02873,Enterprise,Month-to-Month,Invoice,19,True,0,20079.807813282456,1673.317317773538
C02874,Starter,Annual,Credit Card,47,True,10,1277.9041725587738,106.49201437989781
C02875,Enterprise,Month-to-Month,Invoice,46,True,0,23509.74062503905,1959.1450520865874
C02876,Starter,2-Year,PayPal,26,True,10,1193.8628252185097,99.48856876820913
C02877,Professional,Annual,Invoice,1,True,0,5782.354715055215,481.8628929212679
C02878,Starter,Annual,PayPal,3,True,10,789.4656530833233,65.78880442361027
C02879,Starter,Annual,Invoice,34,True,0,1191.262426988945,99.27186891574542
C02880,Starter,Annual,Invoice,25,True,0,978.9982549874323,81.58318791561936
C02881,Professional,Annual,Credit Card,30,False,0,6453.21481353829,537.7679011281908
C02882,Professional,Annual,Credit Card,1,True,10,5276.233188667677,439.6860990556397
C02883,Starter,Annual,Invoice,59,False,0,1346.264102569708,112.18867521414234
C02884,Enterprise,Annual,Invoice,18,True,0,24559.988941965814,2046.6657451638177
C02885,Starter,Month-to-Month,PayPal,33,False,0,1076.388738855147,89.69906157126225
C02886,Starter,Month-to-Month,PayPal,9,True,20,1024.3005775230572,85.35838146025476
C02887,Professional,Annual,Credit Card,7,False,10,4557.817007350449,379.81808394587074
C02888,Starter,Month-to-Month,Invoice,30,False,0,1163.1484931593309,96.9290410966109
C02889,Starter,Annual,Invoice,13,False,10,878.6950843614562,73.22459036345468
C02890,Starter,Annual,PayPal,17,False,0,1242.0109209726072,103.5009100810506
C02891,Starter,Month-to-Month,Invoice,13,True,10,1106.7094634639973,92.22578862199977
C02892,Enterprise,Annual,Invoice,13,True,0,24302.704157489075,2025.225346457423
C02893,Starter,Annual,Invoice,42,True,0,1087.6968343341894,90.64140286118244
C02894,Starter,Annual,PayPal,38,True,0,1362.2885201884665,113.52404334903888
C02895,Starter,Annual,PayPal,37,True,20,1047.2359477775626,87.26966231479689
C02896,Starter,Annual,PayPal,10,True,10,1105.2773504798768,92.10644587332307
C02897,Starter,Annual,Invoice,14,True,10,1017.2688265672136,84.77240221393447
C02898,Professional,Annual,PayPal,43,True,0,5790.079608783845,482.50663406532044
C02899,Professional,Month-to-Month,Credit Card,5,True,0,5990.792042699041,499.2326702249201
C02900,Professional,Month-to-Month,Credit Card,36,True,0,5339.437291766831,444.95310764723587
C02901,Starter,Annual,PayPal,35,True,10,1172.1370170959299,97.67808475799416
C02902,Starter,Month-to-Month,PayPal,46,True,20,1080.8961790386613,90.07468158655512
C02903,Enterprise,Month-to-Month,Invoice,45,False,0,28101.779899451496,2341.814991620958
C02904,Starter,2-Year,PayPal,56,False,0,1158.7577983841459,96.5631498653455
C02905,Enterprise,Annual,PayPal,23,True,10,24574.898170497898,2047.908180874825
C02906,Professional,Annual,Credit Card,5,True,0,6863.345873699275,571.9454894749396
C02907,Enterprise,Annual,Credit Card,44,True,0,22482.97590409463,1873.581325341219
C02908,Starter,Annual,Credit Card,57,True,0,1079.5458202800787,89.96215169000656
C02909,Starter,Month-to-Month,Credit Card,28,True,0,1330.3915429279434,110.86596191066195
C02910,Professional,2-Year,PayPal,23,False,10,5103.800705405672,425.31672545047263
C02911,Professional,Month-to-Month,Credit Card,42,False,10,5003.688740034258,416.9740616695215
C02912,Starter,Annual,Invoice,34,False,0,1297.962327306111,108.16352727550925
C02913,Professional,Month-to-Month,Invoice,31,True,0,5168.448789905223,430.70406582543524
C02914,Starter,Month-to-Month,PayPal,7,True,0,1146.5012592583876,95.54177160486563
C02915,Starter,Month-to-Month,Invoice,7,True,10,878.6829383648353,73.22357819706961
C02916,Enterprise,Annual,Credit Card,4,True,0,21982.248307481135,1831.854025623428
C02917,Starter,Annual,Credit Card,44,True,0,1121.1051520943176,93.42542934119314
C02918,Starter,Annual,Invoice,32,True,20,887.979473339636,73.99828944496967
C02919,Starter,Annual,PayPal,28,False,10,1033.5507283349841,86.12922736124868
C02920,Starter,2-Year,Credit Card,56,False,10,858.1370500687935,71.51142083906613
C02921,Starter,Annual,Credit Card,4,True,20,863.3692102910207,71.9474341909184
C02922,Starter,Annual,Invoice,39,False,0,1361.3838745637584,113.44865621364653
C02923,Starter,Annual,PayPal,52,True,10,1112.2032787521557,92.68360656267964
C02924,Professional,Annual,PayPal,45,True,0,5692.5812652081795,474.38177210068164
C02925,Enterprise,Annual,Invoice,8,True,0,22427.095035184724,1868.9245862653936
C02926,Starter,Month-to-Month,Credit Card,14,True,0,1291.8250226238122,107.65208521865101
C02927,Starter,Month-to-Month,Invoice,30,True,0,1210.305542957061,100.85879524642176
C02928,Starter,Month-to-Month,Invoice,3,True,0,1065.349548429502,88.77912903579183
C02929,Professional,Month-to-Month,Invoice,2,False,20,4543.887503794567,378.6572919828806
C02930,Professional,Annual,Credit Card,10,True,0,5257.922850853106,438.1602375710922
C02931,Enterprise,Annual,Credit Card,6,False,20,17870.262553538232,1489.188546128186
C02932,Starter,2-Year,Invoice,55,True,0,1282.2099823740532,106.85083186450443
C02933,Professional,Annual,PayPal,7,True,0,6350.864178376444,529.2386815313704
C02934,Professional,Annual,Invoice,16,True,0,6617.4888607394905,551.4574050616242
C02935,Enterprise,Month-to-Month,Credit Card,6,True,10,21907.0979935495,1825.5914994624584
C02936,Professional,Annual,PayPal,16,True,0,5094.522024782191,424.54350206518257
C02937,Starter,Annual,PayPal,27,True,20,840.4158525354101,70.03465437795084
C02938,Professional,Annual,Credit Card,56,False,10,5656.005336270452,471.3337780225377
C02939,Professional,Annual,Credit Card,12,True,10,5454.94900263473,454.5790835528942
C02940,Starter,Annual,Invoice,22,True,0,1060.8992062513219,88.40826718761015
C02941,Starter,Month-to-Month,Credit Card,15,True,0,1158.9180411937796,96.57650343281496
C02942,Starter,Annual,PayPal,22,False,20,1142.3787087161386,95.19822572634489
C02943,Starter,Annual,Invoice,35,True,0,1311.7898983166274,109.31582485971894
C02944,Starter,Annual,Invoice,48,True,0,1379.833624651296,114.986135387608
C02945,Enterprise,Month-to-Month,PayPal,50,True,0,21169.85821494181,1764.154851245151
C02946,Professional,Month-to-Month,Credit Card,15,True,20,5601.789470756695,466.81578922972454
C02947,Professional,Annual,Invoice,23,False,0,5687.884501835322,473.9903751529435
C02948,Professional,Annual,PayPal,38,True,0,6943.32557357948,578.6104644649566
C02949,Professional,Month-to-Month,PayPal,49,False,0,6214.981671965541,517.9151393304618
C02950,Enterprise,Annual,PayPal,2,True,20,20406.711736946272,1700.5593114121893
C02951,Professional,Month-to-Month,Credit Card,2,True,0,6416.790870121421,534.7325725101184
C02952,Starter,Month-to-Month,Credit Card,49,False,0,1211.8558536394285,100.9879878032857
C02953,Starter,Annual,Credit Card,19,True,0,1270.0138207618163,105.83448506348469
C02954,Starter,Annual,Credit Card,5,False,0,1077.7421021413504,89.81184184511254
C02955,Starter,Annual,PayPal,4,True,0,1184.5274657403047,98.7106221450254
C02956,Starter,Month-to-Month,Invoice,28,True,0,1293.6834393025194,107.80695327520995
C02957,Professional,Month-to-Month,PayPal,18,True,0,6065.318226436218,505.44318553635145
C02958,Professional,Month-to-Month,Invoice,40,False,0,5789.548784588317,482.4623987156931
C02959,Starter,Month-to-Month,Invoice,41,False,0,1228.0503937670373,102.33753281391978
C02960,Enterprise,Annual,Invoice,56,True,20,16581.08066175962,1381.7567218133017
C02961,Starter,Month-to-Month,Credit Card,55,True,0,1325.53325730394,110.46110477532834
C02962,Professional,2-Year,PayPal,58,True,0,4752.6430444708685,396.05358703923906
C02963,Professional,Annual,Invoice,50,True,0,5985.022790968595,498.7518992473829
C02964,Professional,Annual,PayPal,31,True,0,6456.123835527318,538.0103196272765
C02965,Starter,2-Year,Credit Card,22,True,10,1088.8068956014242,90.73390796678535
C02966,Professional,Month-to-Month,Invoice,11,False,10,5146.696856718965,428.89140472658045
C02967,Starter,Month-to-Month,Credit Card,48,False,0,1331.954552224226,110.99621268535218
C02968,Professional,Annual,Credit Card,16,False,10,5027.980799138848,418.99839992823735
C02969,Starter,Month-to-Month,PayPal,4,False,10,1261.9483161983464,105.16235968319553
C02970,Professional,2-Year,Invoice,21,True,0,5874.065002324609,489.50541686038406
C02971,Starter,2-Year,Credit Card,41,False,0,1170.5649735603663,97.54708113003052
C02972,Professional,2-Year,PayPal,45,True,0,6436.869438036211,536.4057865030176
C02973,Starter,2-Year,Invoice,25,False,20,930.2153203628359,77.51794336356966
C02974,Enterprise,Annual,Invoice,20,True,0,24230.366536363344,2019.197211363612
C02975,Enterprise,Annual,Credit Card,8,True,0,25371.10606180124,2114.2588384834366
C02976,Starter,Month-to-Month,Credit Card,43,False,10,947.6594040551669,78.97161700459723
C02977,Starter,Annual,Credit Card,53,False,0,1273.5436455876647,106.1286371323054
C02978,Professional,Month-to-Month,Credit Card,9,False,0,4983.9750977126405,415.33125814272006
C02979,Starter,Annual,Invoice,18,False,0,1198.4401868362972,99.87001556969143
C02980,Starter,2-Year,Credit Card,31,True,0,1157.2147907693977,96.43456589744981
C02981,Starter,Month-to-Month,Credit Card,52,False,0,1042.654200867947,86.88785007232893
C02982,Professional,Month-to-Month,Credit Card,35,False,0,7014.865443684371,584.5721203070309
C02983,Starter,Annual,Invoice,55,False,0,1220.0850844605663,101.67375703838053
C02984,Starter,Annual,PayPal,30,True,10,1009.5096495974054,84.12580413311711
C02985,Professional,Annual,PayPal,18,True,0,6085.186198562784,507.09884988023197
C02986,Starter,Annual,Invoice,19,True,0,1498.4172590006838,124.86810491672365
C02987,Starter,Annual,PayPal,41,True,0,1080.5545576636184,90.04621313863487
C02988,Enterprise,Month-to-Month,Invoice,24,False,10,23021.179688371954,1918.431640697663
C02989,Professional,Annual,Credit Card,50,True,10,4906.1464224604215,408.8455352050351
C02990,Starter,Annual,PayPal,22,True,0,1257.8770368877083,104.82308640730902
C02991,Starter,Month-to-Month,Invoice,48,False,0,1120.9039070392862,93.40865891994052
C02992,Professional,Annual,Invoice,14,True,10,5311.676990041157,442.6397491700964
C02993,Starter,Annual,Credit Card,19,True,0,1218.9781504597102,101.58151253830918
C02994,Enterprise,2-Year,Invoice,29,True,0,27168.14261619819,2264.0118846831824
C02995,Professional,Annual,PayPal,22,True,0,5115.646540630711,426.3038783858926
C02996,Enterprise,2-Year,Credit Card,30,True,20,22463.35748238285,1871.9464568652375
C02997,Professional,Month-to-Month,Invoice,15,False,20,3879.2509974559985,323.2709164546665
C02998,Starter,2-Year,Credit Card,21,True,0,1239.3184542327122,103.27653785272601
C02999,Professional,Month-to-Month,Invoice,26,True,0,6036.223740803413,503.01864506695114
C03000,Professional,Annual,PayPal,36,True,10,5329.080363785264,444.0900303154387
C03001,Professional,Month-to-Month,PayPal,12,True,0,6021.765225695673,501.81376880797274
C03002,Starter,Annual,Credit Card,7,True,0,1262.6191600093805,105.21826333411504
C03003,Starter,Month-to-Month,Invoice,11,True,0,1255.40580157139,104.61715013094916
C03004,Starter,Month-to-Month,Credit Card,58,False,0,1178.4560162960106,98.20466802466755
C03005,Professional,Annual,Credit Card,39,True,10,5779.763943220318,481.64699526835983
C03006,Professional,Month-to-Month,PayPal,20,True,0,5862.240576333634,488.52004802780283
C03007,Enterprise,Month-to-Month,Credit Card,35,True,0,24224.292201701817,2018.6910168084848
C03008,Professional,Annual,Invoice,4,True,0,6694.66989115676,557.8891575963967
C03009,Professional,Month-to-Month,PayPal,2,True,10,6040.799204226885,503.3999336855738
C03010,Starter,Month-to-Month,Invoice,20,True,10,1193.1602540496897,99.43002117080748
C03011,Starter,Month-to-Month,Credit Card,47,False,0,1076.9969324045876,89.74974436704896
C03012,Enterprise,Month-to-Month,PayPal,20,True,20,20018.49775573932,1668.20814631161
C03013,Professional,Annual,Invoice,12,True,0,6276.891511598106,523.0742926331756
C03014,Professional,Annual,Invoice,53,False,10,6354.51058461381,529.5425487178176
C03015,Starter,Annual,Credit Card,17,True,0,1295.1427818258435,107.92856515215362
C03016,Professional,Month-to-Month,Invoice,18,True,0,5623.7698377459155,468.6474864788263
C03017,Enterprise,Annual,Credit Card,40,True,0,23083.752961188544,1923.6460800990453
C03018,Starter,Annual,Credit Card,24,False,0,894.8990427524403,74.57492022937002
C03019,Professional,Month-to-Month,Credit Card,8,False,10,5358.339293894283,446.5282744911903
C03020,Starter,Month-to-Month,Credit Card,37,True,10,1040.1188713092745,86.6765726091062
C03021,Starter,Month-to-Month,PayPal,56,True,0,1137.0393196657728,94.7532766388144
C03022,Professional,Month-to-Month,Invoice,41,True,0,5532.2215954013145,461.0184662834429
C03023,Starter,Month-to-Month,Invoice,30,True,20,1107.5603026977035,92.29669189147529
C03024,Starter,Month-to-Month,PayPal,20,True,0,877.467119827063,73.12225998558858
C03025,Professional,Annual,Credit Card,52,True,0,5238.6743730824555,436.5561977568713
C03026,Professional,Annual,Credit Card,23,False,10,6688.812189143473,557.401015761956
C03027,Starter,2-Year,Credit Card,37,True,0,1318.0900383304747,109.84083652753957
C03028,Enterprise,Annual,Credit Card,59,True,0,24734.14366293942,2061.178638578285
C03029,Starter,Annual,PayPal,10,False,0,1199.4349689782534,99.95291408152112
C03030,Enterprise,Month-to-Month,Invoice,33,False,0,22595.578330965283,1882.9648609137737
C03031,Professional,Month-to-Month,Credit Card,24,True,10,4710.724531199276,392.5603775999396
C03032,Starter,Annual,Credit Card,36,False,0,1244.1176185837176,103.6764682153098
C03033,Starter,Annual,Credit Card,56,True,0,1295.9614307056515,107.99678589213762
C03034,Starter,Annual,Invoice,16,True,0,1116.8382432857743,93.06985360714786
C03035,Starter,Annual,Invoice,50,True,0,981.9815260857793,81.83179384048161
C03036,Professional,Month-to-Month,PayPal,28,True,0,6398.812767403479,533.2343972836233
C03037,Starter,Month-to-Month,Invoice,12,True,10,1163.7253442934039,96.97711202445032
C03038,Starter,Annual,Invoice,20,True,0,1299.8303059893854,108.31919216578211
C03039,Professional,Annual,Credit Card,47,True,10,5314.408009811583,442.86733415096523
C03040,Starter,Month-to-Month,Invoice,18,True,0,940.9768591892282,78.41473826576902
C03041,Professional,Annual,Credit Card,37,True,0,5264.91093101806,438.74257758483833
C03042,Starter,Month-to-Month,PayPal,58,True,10,1218.8732626976296,101.57277189146913
C03043,Professional,Annual,Credit Card,26,True,0,5189.65605365425,432.47133780452083
C03044,Professional,Month-to-Month,PayPal,46,True,0,6419.971727105212,534.9976439254343
C03045,Professional,Annual,Invoice,56,True,0,5387.2539004674445,448.9378250389537
C03046,Starter,Annual,PayPal,59,False,0,1065.3776939456034,88.78147449546695
C03047,Starter,2-Year,Credit Card,7,False,20,1135.284370314407,94.60703085953391
C03048,Starter,2-Year,Invoice,43,True,0,1423.5435626524554,118.62863022103795
C03049,Starter,Annual,Invoice,47,True,10,1097.6299977373712,91.46916647811427
C03050,Starter,Annual,Credit Card,21,True,0,1141.8453081636449,95.15377568030374
C03051,Professional,Annual,Invoice,43,True,0,6619.228200822253,551.6023500685211
C03052,Professional,Month-to-Month,Credit Card,32,True,20,4041.7906603571523,336.815888363096
C03053,Professional,Month-to-Month,PayPal,7,True,20,5381.565229276547,448.46376910637895
C03054,Starter,Month-to-Month,PayPal,53,True,20,1153.9682706419546,96.16402255349622
C03055,Professional,Annual,Invoice,23,True,0,6348.401576746742,529.0334647288952
C03056,Enterprise,Annual,Credit Card,20,True,0,21209.289432869737,1767.440786072478
C03057,Professional,Month-to-Month,Credit Card,20,True,0,6914.759864231661,576.2299886859718
C03058,Professional,Annual,PayPal,32,False,0,6187.644201282496,515.6370167735414
C03059,Enterprise,Annual,Credit Card,26,True,0,23663.187894929815,1971.9323245774847
C03060,Enterprise,Annual,Invoice,36,True,10,19506.93380226084,1625.5778168550698
C03061,Starter,Annual,Invoice,59,True,10,956.9007187206847,79.74172656005706
C03062,Professional,Month-to-Month,PayPal,24,True,0,6692.030595165682,557.6692162638068
C03063,Starter,Month-to-Month,Credit Card,1,True,0,1190.8577521839454,99.23814601532878
C03064,Professional,Annual,Invoice,58,True,20,4758.4165362273825,396.5347113522819
C03065,Enterprise,Month-to-Month,Invoice,53,True,0,24302.595623688096,2025.216301974008
C03066,Starter,Annual,Invoice,28,False,0,965.711458148487,80.47595484570725
C03067,Professional,Annual,Credit Card,26,True,0,5986.774841767118,498.8979034805932
C03068,Professional,2-Year,PayPal,34,True,0,5996.106934402276,499.6755778668564
C03069,Starter,Annual,PayPal,26,False,0,1379.4182911469964,114.95152426224969
C03070,Professional,Annual,Invoice,36,True,0,6496.571336584527,541.3809447153773
C03071,Starter,Month-to-Month,PayPal,5,True,0,1054.2901833608084,87.85751528006737
C03072,Starter,2-Year,Invoice,56,True,0,1152.789087520036,96.06575729333633
C03073,Enterprise,Annual,Invoice,2,True,0,26511.07672243101,2209.2563935359176
C03074,Starter,Month-to-Month,Credit Card,32,True,0,1043.67437953054,86.97286496087833
C03075,Professional,Annual,Invoice,34,True,10,6315.841964997097,526.3201637497581
C03076,Professional,Month-to-Month,Invoice,50,True,0,5975.6822510185,497.97352091820835
C03077,Enterprise,Month-to-Month,Credit Card,30,True,0,25286.915832860523,2107.24298607171
C03078,Enterprise,Annual,Credit Card,24,True,10,20645.509402811065,1720.459116900922
C03079,Professional,Annual,PayPal,28,False,0,5726.620415872314,477.2183679893595
C03080,Professional,Annual,Credit Card,46,False,0,5446.898461430597,453.90820511921646
C03081,Starter,Annual,Invoice,3,True,10,1245.9755493728799,103.83129578107332
C03082,Starter,Annual,Credit Card,53,False,0,1271.0125648040264,105.91771373366886
C03083,Enterprise,Annual,Credit Card,50,True,10,19512.508845792094,1626.042403816008
C03084,Professional,Month-to-Month,PayPal,54,False,10,5780.993118618374,481.74942655153114
C03085,Starter,Month-to-Month,Credit Card,10,True,0,1312.8574945047305,109.40479120872754
C03086,Starter,Month-to-Month,Invoice,6,False,0,1329.7756492239898,110.81463743533249
C03087,Enterprise,Month-to-Month,Invoice,34,False,0,24675.42454012476,2056.28537834373
C03088,Professional,2-Year,Invoice,31,True,0,6102.594934588781,508.5495778823984
C03089,Starter,Annual,Credit Card,52,True,10,979.4038739422259,81.61698949518549
C03090,Professional,Month-to-Month,Credit Card,43,False,0,6798.987507256726,566.5822922713938
C03091,Starter,Annual,Invoice,50,True,0,1280.0042183511762,106.66701819593135
C03092,Professional,2-Year,Credit Card,46,True,0,6593.342569404025,549.4452141170021
C03093,Professional,Month-to-Month,PayPal,58,True,0,4870.2818379556065,405.8568198296339
C03094,Professional,Annual,PayPal,52,True,0,6573.945485235588,547.8287904362991
C03095,Starter,Month-to-Month,PayPal,13,True,0,1203.0085425978707,100.25071188315589
C03096,Starter,Annual,PayPal,59,True,10,1169.3840014532557,97.4486667877713
C03097,Starter,2-Year,Invoice,39,True,0,1056.2466210473,88.02055175394167
C03098,Enterprise,Annual,Credit Card,53,False,0,28351.598581547634,2362.6332151289694
C03099,Enterprise,Annual,PayPal,58,True,0,22435.21581799578,1869.601318166315
C03100,Professional,Annual,Invoice,20,True,0,6691.076353801603,557.5896961501336
C03101,Enterprise,Annual,PayPal,32,True,0,23508.71603819917,1959.059669849931
C03102,Professional,Month-to-Month,Credit Card,10,False,0,7110.177025505778,592.5147521254816
C03103,Starter,Month-to-Month,PayPal,26,True,0,1235.7262098758135,102.97718415631779
C03104,Professional,2-Year,PayPal,19,False,0,7130.8434568387365,594.2369547365614
C03105,Starter,Month-to-Month,PayPal,29,True,0,1191.5978672596425,99.29982227163687
C03106,Starter,Month-to-Month,PayPal,13,True,10,959.8117559462944,79.98431299552453
C03107,Starter,Annual,Credit Card,54,True,0,1235.5345695995338,102.96121413329449
C03108,Starter,2-Year,Invoice,34,True,10,1065.6114264578487,88.80095220482072
C03109,Professional,Annual,PayPal,20,False,0,5637.537716803877,469.7948097336564
C03110,Starter,Annual,Invoice,44,True,10,1214.2601570558872,101.18834642132394
C03111,Starter,Annual,Credit Card,40,True,0,1037.6284798702,86.46903998918333
C03112,Professional,Annual,Credit Card,18,False,0,7146.941337230574,595.5784447692146
C03113,Professional,Annual,PayPal,57,True,10,5300.091302792663,441.67427523272187
C03114,Professional,2-Year,Invoice,34,True,10,4664.472620693879,388.70605172448995
C03115,Starter,Annual,PayPal,48,False,20,997.4229028558564,83.11857523798803
C03116,Starter,Annual,Credit Card,8,True,0,1221.9315899430717,101.82763249525597
C03117,Professional,Annual,PayPal,16,False,0,5907.72600418432,492.3105003486933
C03118,Professional,Annual,PayPal,40,False,0,5622.081529692081,468.50679414100676
C03119,Starter,Month-to-Month,Invoice,23,True,0,1357.689268806526,113.14077240054382
C03120,Enterprise,Month-to-Month,Credit Card,32,True,20,20235.62412306505,1686.3020102554208
C03121,Starter,2-Year,PayPal,13,True,0,1141.718475094586,95.14320625788217
C03122,Starter,Annual,PayPal,26,True,0,1247.7878388196618,103.98231990163849
C03123,Starter,Annual,PayPal,38,False,0,1106.4011162291565,92.20009301909637
C03124,Starter,Month-to-Month,Invoice,1,True,0,1317.4245793887144,109.7853816157262
C03125,Enterprise,Annual,Credit Card,2,True,0,29032.203129537953,2419.3502607948294
C03126,Starter,Annual,PayPal,39,True,0,1332.8515680709093,111.0709640059091
C03127,Starter,Annual,PayPal,13,True,0,1120.7329337320255,93.39441114433545
C03128,Starter,Month-to-Month,PayPal,27,True,0,1084.5312307965494,90.37760256637911
C03129,Starter,Month-to-Month,Credit Card,4,False,0,1211.8624141587363,100.98853451322803
C03130,Starter,2-Year,Invoice,41,True,0,1006.8698096831982,83.90581747359985
C03131,Starter,Annual,Invoice,51,False,10,1178.8148979620912,98.23457483017427
C03132,Starter,Annual,PayPal,20,True,0,1279.8875806214535,106.65729838512112
C03133,Professional,Annual,PayPal,3,True,0,5907.941393994419,492.3284494995349
C03134,Professional,Annual,Invoice,23,True,0,5825.971052094548,485.4975876745457
C03135,Professional,Annual,Invoice,2,False,10,5340.291755618458,445.02431296820487
C03136,Professional,Annual,Invoice,16,True,0,6937.076755591085,578.0897296325904
C03137,Starter,Annual,PayPal,10,False,20,921.0616542189077,76.75513785157564
C03138,Enterprise,Month-to-Month,PayPal,28,False,0,21129.70286312219,1760.8085719268493
C03139,Starter,Annual,Invoice,44,False,0,1106.1868074684119,92.182233955701
C03140,Starter,Annual,Invoice,18,True,0,1318.7275638167941,109.89396365139952
C03141,Professional,Month-to-Month,Credit Card,2,True,0,5423.5365032049585,451.96137526707986
C03142,Professional,Annual,PayPal,14,True,0,6719.151108105239,559.9292590087699
C03143,Starter,Annual,Credit Card,44,True,0,1175.8164779996223,97.98470649996852
C03144,Starter,Annual,Invoice,20,False,0,984.7738708343678,82.06448923619732
C03145,Starter,Annual,PayPal,56,False,0,1289.8417035929483,107.48680863274569
C03146,Professional,Month-to-Month,PayPal,56,False,0,5837.186987201955,486.4322489334963
C03147,Starter,Annual,Credit Card,56,True,10,1120.128040907864,93.34400340898867
C03148,Professional,Month-to-Month,Credit Card,40,True,0,5626.068179544537,468.83901496204476
C03149,Starter,2-Year,Credit Card,23,True,0,1347.711909687048,112.30932580725401
C03150,Starter,Month-to-Month,Credit Card,54,True,0,1253.4793129487227,104.45660941239356
C03151,Starter,Annual,PayPal,7,False,0,1459.9666260293056,121.66388550244214
C03152,Starter,Annual,Invoice,45,False,10,1156.7385076936066,96.39487564113388
C03153,Starter,Month-to-Month,Invoice,47,True,0,1172.0673136661346,97.67227613884455
C03154,Professional,Annual,Invoice,14,True,0,5481.298833295737,456.7749027746447
C03155,Starter,2-Year,Credit Card,37,True,0,1029.930853039788,85.827571086649
C03156,Professional,Month-to-Month,Invoice,8,True,0,5922.744442101438,493.5620368417865
C03157,Starter,Month-to-Month,Credit Card,50,True,10,1070.2962657993833,89.19135548328194
C03158,Enterprise,Annual,Credit Card,5,True,0,27818.36238695318,2318.1968655794317
C03159,Enterprise,Month-to-Month,Invoice,23,True,20,18410.492198650823,1534.207683220902
C03160,Starter,2-Year,Invoice,41,False,20,1057.4110017641915,88.1175834803493
C03161,Enterprise,Month-to-Month,Invoice,10,True,10,21369.42520282781,1780.7854335689842
C03162,Starter,Annual,PayPal,49,False,0,1427.0213160228686,118.91844300190571
C03163,Professional,Month-to-Month,Credit Card,27,True,0,5060.407692012021,421.7006410010017
C03164,Starter,Month-to-Month,PayPal,57,False,0,1362.2458337110727,113.52048614258939
C03165,Professional,Month-to-Month,Invoice,35,False,20,4560.477495400279,380.0397912833566
C03166,Professional,Annual,PayPal,1,True,0,6534.938614141128,544.578217845094
C03167,Starter,Annual,PayPal,7,True,10,1249.750957040997,104.14591308674976
C03168,Professional,Month-to-Month,Invoice,47,True,20,4631.418685643647,385.9515571369706
C03169,Professional,Annual,Invoice,51,True,10,4808.019991898329,400.66833265819406
C03170,Professional,Annual,Credit Card,8,True,0,5284.135441089739,440.3446200908116
C03171,Enterprise,Month-to-Month,Credit Card,11,True,0,21950.512876043016,1829.209406336918
C03172,Enterprise,Month-to-Month,PayPal,34,False,0,18170.14475211459,1514.1787293428824
C03173,Enterprise,Month-to-Month,Invoice,52,True,0,23453.78633353316,1954.4821944610967
C03174,Enterprise,Month-to-Month,Credit Card,28,True,20,20447.583972767905,1703.9653310639922
C03175,Starter,Annual,Credit Card,34,True,20,983.6147003697433,81.9678916974786
C03176,Starter,Annual,PayPal,43,False,0,1154.6342485583568,96.2195207131964
C03177,Starter,2-Year,PayPal,20,True,0,1093.5761837241719,91.131348643681
C03178,Enterprise,Annual,PayPal,28,True,0,22629.722646433947,1885.8102205361622
C03179,Starter,Month-to-Month,Invoice,49,False,0,1234.0452824858394,102.83710687381995
C03180,Starter,Month-to-Month,Credit Card,42,True,0,1299.0306203689927,108.25255169741605
C03181,Starter,2-Year,Credit Card,37,True,0,1020.5588892510481,85.046574104254
C03182,Starter,Annual,Credit Card,3,True,20,975.1081311427582,81.25901092856319
C03183,Starter,Month-to-Month,PayPal,9,True,20,985.4460041307833,82.12050034423194
C03184,Professional,Month-to-Month,Invoice,52,True,0,5433.913271468062,452.82610595567184
C03185,Starter,Annual,PayPal,22,False,0,1265.6325720759273,105.46938100632728
C03186,Professional,Annual,PayPal,25,True,0,6560.0734492113115,546.672787434276
C03187,Professional,Annual,Invoice,2,True,10,5092.157806952213,424.3464839126844
C03188,Professional,Month-to-Month,Invoice,23,True,0,5480.043277725244,456.6702731437703
C03189,Starter,Month-to-Month,PayPal,51,True,0,1458.6622680233972,121.55518900194977
C03190,Enterprise,Annual,Invoice,17,True,0,25921.151540041585,2160.095961670132
C03191,Professional,Month-to-Month,PayPal,57,False,0,6107.8673864272105,508.9889488689342
C03192,Starter,Annual,Credit Card,25,False,10,1007.1803647803432,83.9316970650286
C03193,Professional,Annual,Invoice,12,True,20,4429.078785069624,369.08989875580204
C03194,Professional,Month-to-Month,Credit Card,27,True,0,6343.864883661226,528.6554069717688
C03195,Starter,Annual,Invoice,20,True,10,991.167278955938,82.59727324632816
C03196,Starter,Month-to-Month,PayPal,9,False,0,1096.1069023425564,91.3422418618797
C03197,Professional,Annual,PayPal,23,True,0,5919.03431142882,493.252859285735
C03198,Professional,Annual,PayPal,36,True,10,5744.668196444553,478.7223497037128
C03199,Starter,Month-to-Month,PayPal,28,False,0,1411.6778666605446,117.63982222171205
C03200,Professional,Annual,PayPal,50,True,0,6144.246248096801,512.0205206747333
C03201,Starter,Month-to-Month,PayPal,48,True,10,991.2697983805729,82.60581653171441
C03202,Professional,Month-to-Month,Invoice,29,True,0,5839.361176101556,486.61343134179634
C03203,Starter,Month-to-Month,Invoice,53,True,0,1356.4949263593599,113.04124386327999
C03204,Starter,Month-to-Month,Credit Card,56,False,0,1344.3781467670158,112.03151223058465
C03205,Enterprise,Annual,Invoice,42,True,0,26992.9794038607,2249.414950321725
C03206,Professional,Month-to-Month,Invoice,58,True,0,6608.206023117204,550.683835259767
C03207,Starter,Annual,Credit Card,54,True,0,1429.692216901648,119.14101807513732
C03208,Starter,2-Year,Credit Card,32,False,0,1224.8906835649955,102.07422363041628
C03209,Professional,Month-to-Month,PayPal,12,False,20,5160.813999829897,430.06783331915807
C03210,Professional,Month-to-Month,Credit Card,30,True,10,4964.4384630177165,413.7032052514764
C03211,Professional,Month-to-Month,Credit Card,11,True,0,6139.780895434619,511.64840795288495
C03212,Professional,Month-to-Month,Invoice,37,True,10,5547.214801541888,462.2679001284907
C03213,Enterprise,Month-to-Month,PayPal,20,True,0,25892.768139566557,2157.730678297213
C03214,Professional,Annual,Credit Card,11,True,10,5062.482405000256,421.87353375002135
C03215,Starter,Month-to-Month,PayPal,48,True,10,910.9609294056626,75.91341078380522
C03216,Professional,Annual,PayPal,47,False,0,5651.53263666653,470.9610530555442
C03217,Starter,Month-to-Month,Credit Card,38,True,0,1327.4174437741967,110.61812031451639
C03218,Professional,Month-to-Month,Credit Card,45,True,10,5285.392935373449,440.4494112811208
C03219,Starter,Month-to-Month,Credit Card,16,False,0,1256.328848920422,104.6940707433685
C03220,Starter,Month-to-Month,Credit Card,59,True,0,1128.1726284950505,94.01438570792088
C03221,Starter,Month-to-Month,PayPal,35,True,0,1324.882756779392,110.40689639828265
C03222,Starter,Annual,Invoice,50,True,0,1187.3067655687712,98.94223046406427
C03223,Starter,Annual,PayPal,1,True,0,1185.6227227367997,98.80189356139998
C03224,Professional,Month-to-Month,PayPal,25,False,0,6796.51724042042,566.3764367017017
C03225,Starter,Annual,PayPal,49,True,0,1389.1827196435077,115.76522663695897
C03226,Professional,Month-to-Month,Credit Card,27,True,0,6808.389644286851,567.3658036905709
C03227,Professional,Month-to-Month,Credit Card,52,False,0,5803.257082637796,483.604756886483
C03228,Professional,Annual,Invoice,32,True,20,4514.493231700856,376.2077693084047
C03229,Professional,2-Year,Invoice,6,True,20,4362.367528850291,363.5306274041909
C03230,Starter,Annual,Invoice,41,True,0,1021.3364461218421,85.1113705101535
C03231,Starter,Month-to-Month,PayPal,36,False,10,979.2512986742328,81.6042748895194
C03232,Professional,2-Year,Invoice,39,True,20,4392.624659871043,366.0520549892536
C03233,Professional,Annual,PayPal,23,True,20,4194.31891203842,349.5265760032017
C03234,Professional,Annual,Credit Card,29,True,10,4580.715275288231,381.72627294068593
C03235,Professional,2-Year,PayPal,30,False,10,4696.033215964691,391.33610133039093
C03236,Starter,Annual,Credit Card,22,False,0,1193.8779547540487,99.48982956283739
C03237,Professional,Annual,Credit Card,57,True,0,6264.393087990539,522.032757332545
C03238,Starter,Annual,Invoice,11,False,0,1242.2739384593228,103.52282820494356
C03239,Enterprise,Month-to-Month,Credit Card,26,False,0,22748.0196482849,1895.6683040237415
C03240,Starter,Annual,Invoice,23,True,20,926.5204962749829,77.21004135624857
C03241,Professional,Month-to-Month,Invoice,3,True,0,6220.364455759363,518.3637046466137
C03242,Starter,2-Year,Invoice,48,True,20,978.4759823549083,81.53966519624235
C03243,Enterprise,Annual,PayPal,6,True,10,22813.416063912497,1901.1180053260414
C03244,Enterprise,Annual,Invoice,7,False,0,21690.28227683002,1807.5235230691685
C03245,Starter,Annual,Invoice,44,True,0,1408.068928430755,117.33907736922959
C03246,Starter,Annual,Credit Card,39,True,0,1275.7709344347973,106.3142445362331
C03247,Starter,Month-to-Month,PayPal,54,True,0,1289.1354006636025,107.4279500553002
C03248,Professional,Annual,Invoice,51,False,10,4827.110598648958,402.25921655407984
C03249,Starter,Annual,Invoice,22,True,20,855.9294469949888,71.32745391624907
C03250,Professional,Month-to-Month,Invoice,48,True,0,5581.596629466861,465.1330524555717
C03251,Starter,Month-to-Month,Credit Card,50,False,0,1288.4371360161883,107.36976133468237
C03252,Professional,Annual,Credit Card,42,False,0,5305.7230717236325,442.14358931030273
C03253,Professional,Month-to-Month,Credit Card,33,False,0,6267.902605195429,522.3252170996191
C03254,Professional,Month-to-Month,Invoice,40,True,10,6187.64985398885,515.6374878324042
C03255,Professional,Month-to-Month,Invoice,3,True,0,5575.78903331609,464.6490861096742
C03256,Starter,Month-to-Month,Invoice,30,False,0,1087.6221656491527,90.63518047076273
C03257,Professional,Annual,Invoice,48,True,0,5561.3484006216895,463.4457000518075
C03258,Professional,2-Year,Invoice,24,True,0,5901.524360445466,491.79369670378884
C03259,Professional,Annual,Credit Card,3,True,0,6570.122769522253,547.5102307935211
C03260,Starter,Month-to-Month,Invoice,2,False,0,1321.389368117523,110.11578067646025
C03261,Professional,Annual,PayPal,44,True,0,6479.235691276136,539.9363076063447
C03262,Enterprise,Annual,Invoice,40,True,0,19334.94442464318,1611.245368720265
C03263,Enterprise,Annual,Credit Card,19,True,0,23550.188968088332,1962.5157473406944
C03264,Professional,Annual,Invoice,24,True,0,5470.660718311943,455.8883931926619
C03265,Starter,Month-to-Month,PayPal,50,False,20,998.8136970463831,83.23447475386526
C03266,Starter,Annual,Invoice,20,True,10,1177.2044080216,98.10036733513334
C03267,Starter,Annual,PayPal,57,True,0,1140.1030330069768,95.00858608391474
C03268,Starter,Annual,PayPal,47,True,10,1287.5004580630698,107.29170483858915
C03269,Starter,Annual,Credit Card,49,True,10,982.1398845858347,81.84499038215289
C03270,Starter,Month-to-Month,PayPal,50,False,0,1263.8386818114218,105.31989015095182
C03271,Enterprise,Annual,Invoice,31,False,10,26232.036272870402,2186.0030227392003
C03272,Enterprise,Annual,PayPal,50,True,0,26203.389050674647,2183.615754222887
C03273,Enterprise,Month-to-Month,Invoice,41,True,10,22884.08500791301,1907.007083992751
C03274,Starter,Annual,Invoice,58,True,0,1179.5502359729717,98.29585299774764
C03275,Enterprise,Month-to-Month,Invoice,31,True,20,20374.034367069078,1697.8361972557566
C03276,Starter,Month-to-Month,Invoice,37,True,0,1133.7500296254998,94.47916913545832
C03277,Professional,Month-to-Month,Credit Card,43,True,0,6676.788920696546,556.3990767247121
C03278,Professional,Month-to-Month,Invoice,29,False,0,5565.507228627939,463.79226905232827
C03279,Starter,Month-to-Month,Credit Card,4,False,0,1170.190918785703,97.51590989880857
C03280,Enterprise,Annual,PayPal,58,True,0,21985.40563441497,1832.1171362012474
C03281,Starter,Month-to-Month,Invoice,10,False,0,1158.7821580839768,96.5651798403314
C03282,Professional,Annual,PayPal,36,False,0,5725.221900018164,477.10182500151365
C03283,Starter,Annual,Credit Card,55,True,0,958.0325895546308,79.83604912955256
C03284,Enterprise,Month-to-Month,Invoice,35,False,0,24080.116319391,2006.67635994925
C03285,Starter,2-Year,Invoice,57,False,0,1141.9066358761838,95.15888632301532
C03286,Professional,Annual,Credit Card,48,True,0,5214.296283460018,434.5246902883348
C03287,Professional,Annual,PayPal,21,False,0,5589.286907742159,465.77390897851325
C03288,Professional,Annual,Credit Card,43,True,0,6216.972765974544,518.081063831212
C03289,Professional,Annual,PayPal,41,True,0,4935.631390611139,411.30261588426157
C03290,Starter,2-Year,PayPal,1,True,0,1180.7182140243606,98.39318450203005
C03291,Professional,Month-to-Month,PayPal,42,False,0,6687.346214542169,557.2788512118474
C03292,Enterprise,Annual,Invoice,12,True,0,22962.17522131011,1913.5146017758425
C03293,Professional,Annual,Credit Card,24,True,0,6877.452350373403,573.1210291977835
C03294,Starter,2-Year,Invoice,2,True,0,1329.097891518428,110.75815762653566
C03295,Starter,Month-to-Month,Credit Card,47,True,0,1243.6838204251746,103.64031836876455
C03296,Starter,Annual,PayPal,56,True,0,1197.1025463418564,99.75854552848803
C03297,Professional,Month-to-Month,Invoice,20,True,10,5403.634389184643,450.3028657653869
C03298,Starter,2-Year,Invoice,16,True,10,1132.9122895632163,94.40935746360135
C03299,Professional,Annual,Invoice,34,False,20,5759.506041575466,479.9588367979555
C03300,Enterprise,Annual,PayPal,13,True,0,25202.08978467241,2100.174148722701
C03301,Starter,Annual,Credit Card,18,False,0,1378.6165461427097,114.88471217855914
C03302,Starter,Annual,PayPal,29,True,20,848.728807126172,70.72740059384766
C03303,Enterprise,Annual,Invoice,54,True,0,22703.38809670714,1891.9490080589285
C03304,Starter,Annual,Invoice,51,False,0,1201.993551156379,100.16612926303158
C03305,Starter,Annual,PayPal,43,True,0,1361.2227373602593,113.43522811335494
C03306,Starter,Annual,Invoice,14,False,0,985.015629297633,82.08463577480275
C03307,Starter,Month-to-Month,Invoice,30,True,0,1562.1304737298485,130.1775394774874
C03308,Professional,Month-to-Month,Credit Card,58,True,10,5399.839519326684,449.98662661055704
C03309,Starter,2-Year,Credit Card,35,True,20,1073.0878508940004,89.42398757450003
C03310,Starter,Month-to-Month,Credit Card,9,True,0,1198.0743902458635,99.83953252048862
C03311,Professional,Annual,Credit Card,37,True,10,4959.534821406679,413.2945684505566
C03312,Starter,Month-to-Month,Credit Card,46,True,0,1405.6007465129442,117.13339554274535
C03313,Starter,Annual,Credit Card,39,True,0,1176.8020587333785,98.06683822778155
C03314,Professional,Month-to-Month,Invoice,12,True,0,5565.008407980987,463.7507006650822
C03315,Enterprise,Annual,Invoice,21,True,0,24923.153190637342,2076.929432553112
C03316,Starter,Month-to-Month,Credit Card,18,True,0,1271.5286572964928,105.9607214413744
C03317,Starter,Annual,PayPal,11,True,0,1240.1805209740648,103.34837674783874
C03318,Professional,Annual,Credit Card,27,True,0,6249.769952373477,520.8141626977898
C03319,Professional,Annual,Invoice,24,False,0,6228.425199783554,519.0354333152961
C03320,Starter,Annual,PayPal,41,True,20,1078.380969294222,89.8650807745185
C03321,Starter,2-Year,PayPal,43,True,10,1086.1130982331629,90.50942485276357
C03322,Starter,Annual,PayPal,50,True,0,1122.2199462049123,93.51832885040936
C03323,Professional,Month-to-Month,Invoice,34,True,0,6433.462095835436,536.1218413196196
C03324,Starter,Month-to-Month,PayPal,20,True,20,723.409503733745,60.284125311145424
C03325,Enterprise,Month-to-Month,Invoice,13,True,10,22900.35195377304,1908.36266281442
C03326,Professional,Month-to-Month,Invoice,47,True,0,6904.506717699984,575.375559808332
C03327,Professional,Annual,Credit Card,8,True,0,6457.269610379102,538.1058008649252
C03328,Enterprise,2-Year,Invoice,37,True,0,20187.027666286678,1682.2523055238898
C03329,Starter,Annual,PayPal,5,True,0,1373.092015509171,114.42433462576425
C03330,Professional,Annual,Invoice,7,True,10,5101.767991519286,425.1473326266071
C03331,Starter,Month-to-Month,Invoice,44,True,0,1223.9225981309858,101.99354984424882
C03332,Starter,Month-to-Month,Credit Card,52,True,20,1083.8901347396354,90.32417789496962
C03333,Starter,Annual,Credit Card,12,True,0,1125.856538533163,93.82137821109693
C03334,Starter,Month-to-Month,Invoice,41,True,0,1216.6738322021126,101.38948601684272
C03335,Enterprise,Annual,Invoice,4,True,0,20869.84500191449,1739.153750159541
C03336,Professional,Month-to-Month,Invoice,40,True,0,5888.260015137227,490.68833459476895
C03337,Enterprise,Annual,Credit Card,19,False,0,21199.718372071264,1766.6431976726053
C03338,Starter,Annual,Credit Card,54,True,0,1257.9978301682881,104.83315251402401
C03339,Professional,Annual,PayPal,1,True,20,4103.856646928924,341.9880539107437
C03340,Starter,Annual,PayPal,55,True,0,1189.238623652863,99.10321863773858
C03341,Starter,Month-to-Month,PayPal,43,True,0,1131.9492465132573,94.32910387610478
C03342,Professional,Month-to-Month,PayPal,55,True,0,5570.553281856919,464.2127734880766
C03343,Starter,Month-to-Month,Credit Card,13,True,0,1332.112390196788,111.00936584973233
C03344,Professional,Month-to-Month,Credit Card,50,True,0,5355.557740465999,446.2964783721666
C03345,Starter,Annual,Invoice,53,True,0,1134.8630659307883,94.57192216089902
C03346,Starter,Annual,PayPal,52,True,0,1223.0407749705148,101.92006458087623
C03347,Professional,Month-to-Month,Invoice,42,True,10,5746.93746389709,478.9114553247575
C03348,Enterprise,2-Year,Invoice,45,False,0,19665.126854967217,1638.760571247268
C03349,Starter,2-Year,Credit Card,25,False,0,1178.5845716815072,98.21538097345893
C03350,Professional,Annual,Invoice,44,False,0,6454.003571482233,537.8336309568527
C03351,Professional,2-Year,Invoice,45,True,0,6998.292439813,583.1910366510833
C03352,Starter,Annual,Credit Card,34,False,0,1203.8242614664277,100.31868845553565
C03353,Professional,Annual,Credit Card,35,False,0,5159.648617167539,429.9707180972949
C03354,Starter,Annual,Credit Card,17,False,0,1198.4571176892143,99.8714264741012
C03355,Starter,Annual,Credit Card,26,True,0,1142.2060750374437,95.18383958645364
C03356,Starter,Month-to-Month,PayPal,21,False,20,992.6515622906647,82.72096352422206
C03357,Professional,Month-to-Month,PayPal,51,True,0,7104.439365343842,592.0366137786535
C03358,Starter,Annual,PayPal,12,True,0,1059.3185872676454,88.27654893897045
C03359,Starter,Month-to-Month,Invoice,16,True,0,1331.6278043088137,110.96898369240114
C03360,Starter,2-Year,PayPal,52,False,0,1308.3716944296975,109.03097453580813
C03361,Starter,Annual,Credit Card,20,True,0,1278.527556369564,106.543963030797
C03362,Starter,Month-to-Month,PayPal,54,True,0,1231.4206760717677,102.61838967264731
C03363,Starter,Month-to-Month,Credit Card,10,False,10,1304.0552930526162,108.67127442105135
C03364,Starter,Annual,PayPal,23,True,0,1354.8305259896235,112.90254383246862
C03365,Starter,Month-to-Month,PayPal,55,False,0,1129.9296093158555,94.1608007763213
C03366,Professional,Month-to-Month,Credit Card,47,False,0,6029.487486854086,502.4572905711738
C03367,Professional,2-Year,Credit Card,30,True,0,5348.87808684032,445.7398405700267
C03368,Starter,Month-to-Month,Invoice,59,True,0,1366.5094580687162,113.87578817239302
C03369,Starter,Annual,Invoice,8,True,20,964.5329217519894,80.37774347933245
C03370,Starter,Month-to-Month,Invoice,51,False,10,872.13798455268,72.67816537939
C03371,Professional,2-Year,PayPal,5,False,20,3620.543729968511,301.7119774973759
C03372,Starter,Annual,PayPal,12,True,0,1133.024056915842,94.4186714096535
C03373,Starter,Annual,Credit Card,42,True,0,1098.9093938318465,91.57578281932054
C03374,Starter,Annual,Credit Card,54,True,10,1032.1395207899063,86.01162673249219
C03375,Starter,Annual,Invoice,14,False,10,1057.650464376354,88.1375386980295
C03376,Professional,Month-to-Month,Credit Card,54,True,0,6777.802182680203,564.8168485566836
C03377,Starter,Annual,PayPal,12,True,20,1096.7795663088887,91.39829719240738
C03378,Starter,Month-to-Month,Credit Card,24,False,20,1174.357737281942,97.86314477349516
C03379,Professional,Annual,Credit Card,45,True,0,7025.009208314273,585.4174340261894
C03380,Professional,Annual,Credit Card,53,True,0,6377.742262150469,531.4785218458725
C03381,Starter,Annual,Credit Card,53,False,0,1031.798756820143,85.9832297350119
C03382,Starter,Month-to-Month,Credit Card,17,True,10,1166.625796154917,97.21881634624309
C03383,Starter,Month-to-Month,Invoice,1,True,0,1010.6720497141448,84.22267080951207
C03384,Starter,2-Year,Invoice,54,True,0,1239.8015806915396,103.31679839096164
C03385,Starter,2-Year,PayPal,42,True,0,1021.4151517775915,85.1179293147993
C03386,Starter,2-Year,Invoice,58,True,0,1433.0824533190525,119.42353777658771
C03387,Professional,Annual,Credit Card,37,False,0,6230.5096675671075,519.2091389639256
C03388,Enterprise,Month-to-Month,Invoice,11,True,0,23505.547197342912,1958.795599778576
C03389,Professional,Annual,PayPal,42,True,0,5729.271934030813,477.4393278359011
C03390,Starter,Month-to-Month,Invoice,6,True,10,1076.1878030675803,89.68231692229836
C03391,Professional,Month-to-Month,PayPal,15,True,0,5563.729433742068,463.6441194785057
C03392,Professional,Month-to-Month,PayPal,41,True,0,5803.128510730336,483.5940425608613
C03393,Professional,Annual,PayPal,40,True,0,4797.505325089765,399.7921104241471
C03394,Professional,Month-to-Month,Credit Card,23,True,0,5447.478543861,453.95654532174996
C03395,Professional,Annual,PayPal,23,True,10,4772.356219359526,397.69635161329387
C03396,Starter,Month-to-Month,Invoice,38,True,0,1262.518131898745,105.20984432489541
C03397,Starter,Month-to-Month,Invoice,38,False,0,1204.0168680411336,100.3347390034278
C03398,Starter,Annual,Invoice,49,True,0,1303.992751393681,108.66606261614008
C03399,Starter,Month-to-Month,PayPal,12,True,0,1149.4946086340328,95.79121738616941
C03400,Starter,2-Year,PayPal,7,True,10,1092.2139314601761,91.01782762168135
C03401,Starter,2-Year,Credit Card,37,True,0,955.9926959514015,79.66605799595013
C03402,Professional,Month-to-Month,PayPal,16,True,0,6546.554073756523,545.5461728130437
C03403,Enterprise,2-Year,Invoice,55,True,10,24335.88375970852,2027.9903133090431
C03404,Starter,Annual,Credit Card,38,True,0,1278.1094193978108,106.5091182831509
C03405,Starter,Annual,Invoice,40,True,0,1094.3359169503972,91.19465974586643
C03406,Enterprise,Annual,Credit Card,35,True,0,25329.363033489397,2110.780252790783
C03407,Enterprise,2-Year,PayPal,40,True,20,19536.93751142319,1628.0781259519326
C03408,Starter,Month-to-Month,Credit Card,29,True,10,868.2893676523879,72.35744730436566
C03409,Starter,Month-to-Month,PayPal,39,False,0,1348.9427505419687,112.41189587849739
C03410,Starter,Annual,PayPal,17,True,0,1071.9089559056179,89.32574632546816
C03411,Starter,Month-to-Month,Invoice,51,True,0,1269.0116802242937,105.75097335202447
C03412,Enterprise,Month-to-Month,PayPal,26,True,0,24068.189455732456,2005.6824546443713
C03413,Professional,Annual,PayPal,20,True,10,6127.716286124632,510.6430238437193
C03414,Starter,Annual,PayPal,46,False,0,1096.358537564779,91.36321146373159
C03415,Enterprise,Month-to-Month,Invoice,25,False,0,22786.52820178899,1898.8773501490825
C03416,Professional,Month-to-Month,PayPal,38,True,0,6413.518475683769,534.4598729736474
C03417,Enterprise,Annual,Invoice,39,True,0,22566.100804642563,1880.5084003868803
C03418,Enterprise,Month-to-Month,Credit Card,37,False,0,27415.6207806015,2284.635065050125
C03419,Starter,Annual,Invoice,19,False,0,1109.1318212616688,92.42765177180574
C03420,Starter,2-Year,Invoice,21,True,0,1270.5956553191763,105.88297127659803
C03421,Professional,2-Year,PayPal,32,True,0,5997.547740898834,499.7956450749028
C03422,Enterprise,Annual,Invoice,28,True,0,22422.609794034874,1868.5508161695727
C03423,Enterprise,Month-to-Month,Credit Card,39,False,0,27161.9439716923,2263.4953309743582
C03424,Professional,Month-to-Month,Invoice,41,False,0,5368.202187490608,447.350182290884
C03425,Starter,Annual,PayPal,12,True,0,1263.7681857890116,105.31401548241763
C03426,Starter,2-Year,Credit Card,57,True,0,900.3711257438591,75.0309271453216
C03427,Professional,Month-to-Month,PayPal,47,False,10,5574.3264548577945,464.52720457148286
C03428,Professional,Month-to-Month,PayPal,15,False,0,6733.371620613878,561.1143017178232
C03429,Professional,Annual,Invoice,28,True,10,5319.646083104629,443.30384025871905
C03430,Starter,Month-to-Month,PayPal,56,True,10,1102.924588896543,91.91038240804524
C03431,Professional,Month-to-Month,Credit Card,21,True,0,7023.578043461723,585.2981702884769
C03432,Enterprise,2-Year,Credit Card,16,True,20,21230.1817635992,1769.1818136332668
C03433,Starter,Month-to-Month,Credit Card,23,True,10,839.600721898985,69.96672682491541
C03434,Starter,Month-to-Month,Credit Card,52,True,20,907.7289983357429,75.64408319464523
C03435,Professional,Annual,Invoice,26,False,0,5828.015684747905,485.6679737289921
C03436,Enterprise,Annual,Credit Card,15,False,0,24749.657417524562,2062.47145146038
C03437,Starter,Month-to-Month,Invoice,37,True,0,1192.3433160804564,99.36194300670469
C03438,Starter,Annual,PayPal,12,False,0,1137.1606089834445,94.7633840819537
C03439,Starter,Annual,PayPal,4,True,20,903.4466772562006,75.28722310468338
C03440,Starter,Annual,Invoice,35,True,0,1027.296396053458,85.60803300445484
C03441,Starter,Month-to-Month,PayPal,31,False,0,1078.930063426126,89.91083861884384
C03442,Professional,Month-to-Month,PayPal,27,True,20,5203.503170831709,433.62526423597575
C03443,Starter,Annual,Credit Card,32,False,20,859.3701603510464,71.61418002925386
C03444,Professional,Annual,PayPal,33,True,0,5518.641287856539,459.8867739880449
C03445,Starter,Annual,PayPal,13,True,10,922.5373065394605,76.87810887828837
C03446,Starter,Annual,Invoice,37,True,0,1246.095497929914,103.8412914941595
C03447,Professional,Annual,Credit Card,44,True,0,6576.068612539576,548.0057177116313
C03448,Professional,Month-to-Month,PayPal,2,True,20,5358.228328493086,446.51902737442384
C03449,Starter,Annual,PayPal,38,False,10,1037.9592091712432,86.49660076427027
C03450,Professional,Annual,Invoice,37,True,0,5961.240809826027,496.77006748550224
C03451,Starter,Annual,PayPal,59,True,0,1203.4519458147804,100.2876621512317
C03452,Starter,Month-to-Month,Credit Card,50,True,0,1149.7731699838478,95.81443083198731
C03453,Professional,Annual,Credit Card,56,False,0,6197.887444011544,516.4906203342954
C03454,Enterprise,Annual,Credit Card,5,True,0,26715.51316991325,2226.2927641594374
C03455,Starter,Month-to-Month,Invoice,18,True,0,1319.486487504612,109.957207292051
C03456,Starter,Annual,Credit Card,48,False,0,1179.8782482201448,98.32318735167873
C03457,Professional,Annual,Credit Card,17,False,0,5679.24493869625,473.27041155802084
C03458,Starter,Annual,Credit Card,2,False,10,955.5527456654991,79.62939547212493
C03459,Professional,Month-to-Month,Credit Card,49,True,0,4957.68010570692,413.14000880890995
C03460,Starter,Month-to-Month,Credit Card,42,True,10,1138.8161577879744,94.90134648233119
C03461,Professional,Annual,Credit Card,58,False,0,5999.5147603347405,499.9595633612284
C03462,Starter,Annual,Invoice,35,False,0,1201.0130641051346,100.08442200876122
C03463,Enterprise,Annual,Credit Card,14,False,0,29870.741850485138,2489.228487540428
C03464,Starter,Annual,PayPal,51,True,10,1251.4254323401938,104.28545269501615
C03465,Enterprise,Month-to-Month,Invoice,12,False,10,21693.066602855382,1807.7555502379485
C03466,Starter,Annual,PayPal,58,True,0,1225.0404435526361,102.08670362938635
C03467,Starter,2-Year,PayPal,33,True,0,1066.8985882648192,88.90821568873493
C03468,Starter,Annual,Credit Card,7,True,0,1277.471517970062,106.4559598308385
C03469,Enterprise,2-Year,PayPal,58,False,0,24549.66019799247,2045.8050164993726
C03470,Starter,Annual,PayPal,39,True,0,1094.0835654651762,91.17363045543135
C03471,Starter,Annual,PayPal,45,True,0,1229.9498222246864,102.49581851872387
C03472,Starter,Month-to-Month,Credit Card,9,False,0,1325.0740670733996,110.4228389227833
C03473,Enterprise,Month-to-Month,Credit Card,5,True,0,28962.41401665264,2413.53450138772
C03474,Starter,Month-to-Month,Credit Card,4,True,0,1018.4723475716696,84.87269563097247
C03475,Starter,Annual,Invoice,32,False,0,1062.6607192078625,88.55505993398855
C03476,Enterprise,Month-to-Month,Credit Card,5,False,0,23760.47649806321,1980.039708171934
C03477,Enterprise,Annual,Credit Card,56,True,0,24552.665226738583,2046.0554355615486
C03478,Starter,2-Year,PayPal,56,False,20,1121.3821485092424,93.44851237577019
C03479,Enterprise,Annual,Credit Card,52,True,0,26948.172186253036,2245.6810155210865
C03480,Starter,Month-to-Month,PayPal,44,False,0,951.1561437372832,79.26301197810693
C03481,Starter,2-Year,Credit Card,8,False,0,1149.2621990932405,95.77184992443671
C03482,Professional,Annual,Credit Card,13,True,0,5088.759098165895,424.06325818049123
C03483,Professional,Annual,Credit Card,4,False,0,5216.899221540948,434.741601795079
C03484,Starter,Annual,Credit Card,52,True,0,1270.0399428230066,105.83666190191722
C03485,Starter,2-Year,Credit Card,11,True,10,1095.1262148614792,91.26051790512327
C03486,Starter,Annual,Credit Card,15,False,10,1259.2570058737233,104.93808382281027
C03487,Professional,Annual,Credit Card,56,True,10,4639.767903199839,386.64732526665324
C03488,Enterprise,Annual,PayPal,46,True,0,23939.166595221865,1994.9305496018221
C03489,Starter,Annual,Invoice,18,True,0,1135.103927412487,94.59199395104059
C03490,Professional,Annual,Invoice,20,True,0,6944.218549963371,578.6848791636143
C03491,Starter,Annual,Credit Card,1,False,0,1092.2518790408583,91.02098992007153
C03492,Professional,Annual,Invoice,1,False,0,6129.806880802751,510.8172400668959
C03493,Starter,Annual,PayPal,11,True,10,929.7441645688748,77.47868038073956
C03494,Professional,Month-to-Month,PayPal,29,True,0,6868.64982751476,572.3874856262299
C03495,Starter,Annual,PayPal,29,True,0,1420.4594290998164,118.37161909165137
C03496,Enterprise,Annual,Invoice,24,True,0,22326.619004354885,1860.5515836962404
C03497,Starter,Annual,Invoice,20,True,0,1101.921896555922,91.82682471299351
C03498,Starter,Month-to-Month,Invoice,30,True,0,1231.6587992505147,102.63823327087623
C03499,Professional,Annual,Credit Card,38,True,0,5509.325653394966,459.1104711162472
C03500,Starter,2-Year,PayPal,5,True,0,1337.5832778594554,111.46527315495462
C03501,Starter,Annual,PayPal,45,False,10,1129.2742945929863,94.1061912160822
C03502,Professional,Annual,Credit Card,10,False,0,6760.246516996112,563.3538764163427
C03503,Professional,Annual,Invoice,6,False,0,5351.466690385042,445.95555753208686
C03504,Starter,2-Year,PayPal,4,True,0,1034.9109944085062,86.24258286737552
C03505,Starter,Annual,Invoice,4,False,20,995.0753433186834,82.92294527655694
C03506,Starter,Month-to-Month,Credit Card,7,False,0,1402.7644718051004,116.8970393170917
C03507,Enterprise,Annual,Invoice,48,False,20,17403.3320466477,1450.2776705539752
C03508,Starter,Annual,Credit Card,33,True,0,1255.3276152820556,104.61063460683796
C03509,Starter,Month-to-Month,Invoice,9,True,20,896.3925742876141,74.69938119063451
C03510,Professional,Annual,Credit Card,26,True,0,6635.19505466309,552.9329212219242
C03511,Starter,Month-to-Month,PayPal,51,True,0,1093.8994039181048,91.15828365984207
C03512,Starter,Annual,Credit Card,52,False,0,1233.0046354322035,102.75038628601696
C03513,Enterprise,Annual,Invoice,47,True,20,21351.63616843607,1779.3030140363392
C03514,Starter,Annual,PayPal,41,True,10,934.8141459812097,77.90117883176747
C03515,Professional,Annual,Invoice,21,True,0,6361.356379628104,530.1130316356754
C03516,Professional,Annual,Invoice,52,True,0,5785.460326344737,482.1216938620614
C03517,Starter,2-Year,Credit Card,22,False,0,1301.6852716445164,108.47377263704304
C03518,Starter,Annual,Credit Card,33,True,0,1244.2762901941019,103.6896908495085
C03519,Enterprise,Annual,Invoice,58,True,0,22997.58816003038,1916.4656800025316
C03520,Professional,Month-to-Month,Credit Card,33,True,0,5943.745571104223,495.31213092535194
C03521,Starter,Annual,Invoice,48,True,0,979.508032806741,81.62566940056175
C03522,Starter,Month-to-Month,Credit Card,5,False,10,1173.9602909586808,97.83002424655673
C03523,Professional,2-Year,Credit Card,21,False,0,7139.888688007785,594.9907240006488
C03524,Starter,Month-to-Month,Invoice,27,True,0,1134.7806146166747,94.56505121805623
C03525,Professional,Month-to-Month,PayPal,41,False,0,5977.294747399599,498.10789561663324
C03526,Enterprise,Month-to-Month,Credit Card,1,True,0,27773.80341183562,2314.4836176529684
C03527,Starter,Month-to-Month,Invoice,51,True,0,984.6704883924259,82.05587403270216
C03528,Enterprise,Annual,PayPal,16,False,0,25208.7690822364,2100.730756853033
C03529,Professional,Annual,Credit Card,35,True,20,5603.379616964639,466.94830141371995
C03530,Starter,2-Year,Credit Card,36,True,0,1124.4201043674173,93.70167536395144
C03531,Professional,Month-to-Month,Invoice,44,True,0,5674.807294722767,472.900607893564
C03532,Professional,Month-to-Month,Credit Card,32,False,0,6797.079158965171,566.4232632470976
C03533,Starter,Annual,Invoice,29,False,0,1069.0528437348669,89.08773697790558
C03534,Starter,Month-to-Month,Invoice,39,True,0,1303.4330451454734,108.61942042878945
C03535,Professional,Annual,Credit Card,47,True,0,6225.303216431882,518.7752680359902
C03536,Professional,Annual,PayPal,23,True,0,6681.202867106179,556.7669055921816
C03537,Enterprise,Annual,Credit Card,15,False,10,21324.60769955572,1777.0506416296432
C03538,Enterprise,Month-to-Month,PayPal,26,True,10,24917.301720492436,2076.441810041036
C03539,Starter,Month-to-Month,Credit Card,37,False,0,1153.8051976192094,96.15043313493412
C03540,Professional,Annual,PayPal,25,False,0,5115.872551273142,426.32271260609514
C03541,Starter,Annual,Credit Card,55,True,0,1015.0906269882897,84.59088558235747
C03542,Starter,2-Year,PayPal,2,True,0,1068.9980357268346,89.08316964390288
C03543,Starter,Annual,PayPal,12,True,0,1281.1553956889168,106.76294964074306
C03544,Professional,Annual,Credit Card,19,True,0,5549.351564741734,462.44596372847786
C03545,Starter,2-Year,Credit Card,59,True,0,1197.7324162327127,99.81103468605939
C03546,Starter,Month-to-Month,Invoice,32,True,0,1210.9005999845892,100.9083833320491
C03547,Starter,Annual,PayPal,23,True,10,996.329954341759,83.02749619514658
C03548,Starter,Month-to-Month,Credit Card,5,True,10,1096.8822809952799,91.40685674960666
C03549,Enterprise,Annual,Invoice,55,False,0,26258.300095660023,2188.1916746383354
C03550,Enterprise,Annual,Credit Card,25,False,0,24085.80387188034,2007.150322656695
C03551,Professional,Annual,PayPal,57,False,0,6551.076115024514,545.9230095853762
C03552,Professional,Month-to-Month,Credit Card,35,True,20,4618.958701398016,384.91322511650134
C03553,Professional,Annual,Credit Card,56,True,10,5543.4040324271655,461.9503360355971
C03554,Professional,Annual,Invoice,29,True,10,5452.458773298972,454.37156444158103
C03555,Professional,2-Year,Credit Card,38,True,0,6644.270634373435,553.6892195311196
C03556,Starter,Annual,Invoice,45,True,0,1250.958000295037,104.24650002458641
C03557,Starter,Month-to-Month,PayPal,20,True,0,1122.9589266900791,93.5799105575066
C03558,Starter,Annual,PayPal,47,True,10,1132.6888670023059,94.39073891685882
C03559,Starter,Annual,Credit Card,36,True,10,976.7215604725502,81.39346337271252
C03560,Starter,Month-to-Month,Invoice,52,True,0,1248.467526934083,104.03896057784026
C03561,Professional,Month-to-Month,PayPal,7,True,0,5981.643429351617,498.4702857793014
C03562,Professional,Annual,Credit Card,22,True,10,5480.971983495765,456.74766529131375
C03563,Starter,Annual,Credit Card,18,False,0,1195.19482232581,99.59956852715084
C03564,Starter,Month-to-Month,Credit Card,53,True,10,1014.2391791990851,84.51993159992377
C03565,Professional,2-Year,Credit Card,21,True,0,5560.323966593042,463.3603305494202
C03566,Starter,Annual,Credit Card,22,True,0,1329.6727967013276,110.80606639177729
C03567,Starter,2-Year,Invoice,39,True,0,1425.861548236667,118.82179568638891
C03568,Professional,Annual,Credit Card,12,False,0,6162.480544101551,513.5400453417959
C03569,Starter,Annual,Credit Card,11,True,0,1203.8134186911896,100.31778489093246
C03570,Enterprise,Month-to-Month,Credit Card,56,False,20,16842.37891883852,1403.5315765698767
C03571,Professional,Annual,Credit Card,12,True,20,3955.5331849356526,329.6277654113044
C03572,Enterprise,Annual,Credit Card,26,True,0,20141.13078353729,1678.4275652947742
C03573,Starter,Annual,Credit Card,30,False,0,1263.6774084737644,105.30645070614703
C03574,Starter,Month-to-Month,Credit Card,15,False,0,986.9488631238403,82.24573859365336
C03575,Starter,Annual,PayPal,8,True,0,1279.0045935162088,106.58371612635074
C03576,Starter,Annual,PayPal,43,False,20,854.6576409150192,71.2214700762516
C03577,Starter,Month-to-Month,Credit Card,53,True,0,1219.1534749551838,101.59612291293199
C03578,Professional,Month-to-Month,Invoice,18,True,0,5755.405396075914,479.6171163396595
C03579,Enterprise,Month-to-Month,Credit Card,10,True,20,17163.570919294067,1430.297576607839
C03580,Enterprise,Annual,Invoice,8,False,0,20677.30091087396,1723.1084092394967
C03581,Starter,Annual,Invoice,38,True,10,893.8988608112479,74.49157173427066
C03582,Professional,Month-to-Month,Invoice,35,False,0,5350.771440958063,445.8976200798386
C03583,Starter,Month-to-Month,Invoice,20,True,20,1173.4973495222537,97.79144579352113
C03584,Starter,Annual,Invoice,12,True,10,1220.8381105122428,101.73650920935357
C03585,Enterprise,Month-to-Month,PayPal,49,False,20,19549.178574675858,1629.0982145563214
C03586,Starter,Annual,Credit Card,3,True,20,924.8255688439776,77.0687974036648
C03587,Professional,Annual,PayPal,20,True,0,5648.024061301718,470.66867177514314
C03588,Enterprise,Annual,PayPal,50,True,0,24263.34892542398,2021.9457437853316
C03589,Starter,Annual,Credit Card,12,False,0,1131.5019586512167,94.2918298876014
C03590,Enterprise,Month-to-Month,PayPal,54,True,10,20352.483435294387,1696.0402862745323
C03591,Starter,Month-to-Month,Credit Card,24,True,0,1258.4030511438493,104.86692092865411
C03592,Enterprise,Annual,Credit Card,16,True,20,17261.95115897562,1438.4959299146349
C03593,Starter,2-Year,Credit Card,54,False,0,902.3424348107172,75.19520290089311
C03594,Starter,Annual,Credit Card,10,True,10,1016.8260555627843,84.73550463023203
C03595,Starter,Month-to-Month,Invoice,19,False,0,1374.2367039277187,114.5197253273099
C03596,Professional,Annual,Invoice,41,False,0,5023.024200486915,418.58535004057626
C03597,Enterprise,Annual,PayPal,14,True,0,21027.883669402665,1752.3236391168887
C03598,Professional,Annual,Credit Card,52,True,0,5618.066680651859,468.1722233876549
C03599,Enterprise,Annual,Credit Card,14,True,0,20165.073820538724,1680.422818378227
C03600,Professional,Month-to-Month,Credit Card,22,True,0,6902.137441494499,575.1781201245416
C03601,Starter,Annual,Credit Card,4,True,0,1211.7379035920233,100.97815863266861
C03602,Professional,Annual,Invoice,47,False,10,4439.603890762254,369.9669908968545
C03603,Starter,Annual,Invoice,52,True,0,1184.6389598545882,98.71991332121569
C03604,Starter,Annual,Invoice,59,True,0,1195.2956045525884,99.60796704604904
C03605,Starter,Annual,PayPal,34,True,20,936.8346914266182,78.06955761888484
C03606,Starter,Annual,Credit Card,58,True,10,1062.1226973234523,88.51022477695436
C03607,Professional,2-Year,Invoice,18,True,0,5922.444689963457,493.53705749695473
C03608,Starter,Month-to-Month,Invoice,34,False,10,1113.4616620704517,92.7884718392043
C03609,Professional,Annual,Credit Card,18,True,20,4979.233272054752,414.93610600456265
C03610,Enterprise,2-Year,Invoice,40,True,20,16325.746355081314,1360.4788629234429
C03611,Starter,Month-to-Month,Credit Card,31,False,10,1086.499157392368,90.54159644936401
C03612,Professional,Annual,Credit Card,42,True,0,6108.853798803802,509.07114990031687
C03613,Professional,Month-to-Month,Invoice,20,False,0,5633.838220506594,469.48651837554945
C03614,Starter,Month-to-Month,PayPal,36,True,0,1404.718148565739,117.05984571381158
C03615,Professional,2-Year,Credit Card,42,False,0,5950.106778629702,495.84223155247514
C03616,Starter,Annual,PayPal,10,True,0,1260.4760073473853,105.03966727894878
C03617,Starter,Annual,Invoice,59,True,0,1146.1183753588816,95.50986461324014
C03618,Starter,Month-to-Month,Credit Card,3,True,0,1163.5020622326774,96.95850518605646
C03619,Professional,Month-to-Month,Credit Card,21,True,0,6205.532432027265,517.1277026689387
C03620,Starter,Annual,Invoice,36,False,0,1033.8545739787826,86.15454783156521
C03621,Starter,Annual,PayPal,55,True,0,1289.4000888317535,107.45000740264612
C03622,Starter,Month-to-Month,Invoice,10,True,10,947.0339270583847,78.91949392153207
C03623,Professional,2-Year,Invoice,7,True,0,6528.764556265842,544.0637130221535
C03624,Enterprise,Annual,Invoice,22,True,20,18684.716356679106,1557.0596963899254
C03625,Professional,Annual,PayPal,23,True,0,7236.430517352578,603.0358764460482
C03626,Starter,Annual,Credit Card,12,True,0,1317.9472707162734,109.82893922635611
C03627,Starter,Month-to-Month,Credit Card,39,True,0,1318.5495613062349,109.8791301088529
C03628,Enterprise,Annual,Invoice,13,True,0,24347.805127446703,2028.9837606205585
C03629,Starter,Annual,Invoice,40,False,0,1321.1488787962512,110.0957398996876
C03630,Starter,Month-to-Month,PayPal,59,True,10,1162.087713548402,96.84064279570016
C03631,Starter,Annual,Invoice,13,True,10,870.8269525600828,72.56891271334023
C03632,Professional,Month-to-Month,PayPal,33,True,10,4929.7293974549175,410.8107831212431
C03633,Starter,Annual,PayPal,31,False,0,1088.364277955278,90.69702316293984
C03634,Starter,Month-to-Month,PayPal,48,True,0,1106.6687290809602,92.22239409008002
C03635,Professional,2-Year,Invoice,51,True,0,5845.880184311781,487.15668202598175
C03636,Professional,Annual,Credit Card,28,True,0,6309.923075853288,525.826922987774
C03637,Professional,Month-to-Month,PayPal,19,True,0,6704.897106310635,558.7414255258863
C03638,Starter,2-Year,Credit Card,21,True,0,1272.714881499274,106.05957345827284
C03639,Professional,Annual,PayPal,32,False,20,5395.620392613578,449.63503271779814
C03640,Starter,Annual,Invoice,26,True,0,1073.2413499354518,89.43677916128765
C03641,Professional,Annual,PayPal,13,True,10,5127.991850519475,427.3326542099562
C03642,Professional,Month-to-Month,PayPal,29,False,0,5843.783496350623,486.98195802921856
C03643,Starter,Month-to-Month,Credit Card,7,True,0,1119.913878413451,93.32615653445424
C03644,Starter,Month-to-Month,Invoice,47,True,10,958.7603250292061,79.89669375243385
C03645,Starter,Annual,PayPal,26,True,0,1246.819251366066,103.90160428050551
C03646,Starter,Month-to-Month,Invoice,6,False,0,1115.6150549458011,92.96792124548342
C03647,Starter,Annual,Credit Card,32,True,0,1296.8174153063435,108.06811794219529
C03648,Professional,Month-to-Month,Invoice,36,True,0,5266.544532545786,438.87871104548213
C03649,Starter,Annual,Invoice,54,True,0,1303.6370044608443,108.63641703840369
C03650,Enterprise,Month-to-Month,Credit Card,23,True,0,24515.69323240235,2042.9744360335292
C03651,Starter,Month-to-Month,PayPal,52,True,0,1225.8153878996584,102.15128232497153
C03652,Starter,Month-to-Month,PayPal,11,False,10,1106.3386277568736,92.19488564640614
C03653,Starter,Annual,Invoice,56,True,0,1190.2502448631253,99.18752040526044
C03654,Professional,Annual,PayPal,21,False,0,5961.7362858062415,496.8113571505201
C03655,Professional,Month-to-Month,Credit Card,19,True,0,5837.906150252776,486.4921791877313
C03656,Enterprise,Annual,Invoice,34,False,10,22245.868161773757,1853.8223468144797
C03657,Starter,Annual,Invoice,49,False,0,1266.2036022755556,105.51696685629629
C03658,Starter,2-Year,PayPal,47,True,0,1145.6983560446854,95.47486300372378
C03659,Professional,Annual,PayPal,52,True,0,6832.942274428638,569.4118562023865
C03660,Professional,Month-to-Month,PayPal,50,False,10,5202.270980996684,433.52258174972366
C03661,Enterprise,Month-to-Month,Invoice,44,True,0,22314.488985794927,1859.5407488162439
C03662,Starter,Month-to-Month,PayPal,35,True,0,1181.833771350504,98.48614761254201
C03663,Professional,Annual,Invoice,49,False,0,5540.528601969908,461.7107168308257
C03664,Starter,Annual,PayPal,31,True,0,1255.9543177955713,104.66285981629761
C03665,Starter,Annual,Invoice,46,True,0,1183.0422867458815,98.58685722882346
C03666,Starter,Month-to-Month,Invoice,29,False,10,1159.2332839729602,96.60277366441335
C03667,Professional,Month-to-Month,Invoice,6,True,0,5963.5123318977585,496.95936099147985
C03668,Professional,2-Year,PayPal,36,True,0,5943.82792906693,495.3189940889108
C03669,Starter,2-Year,PayPal,53,True,0,1151.0320563283433,95.91933802736195
C03670,Starter,Annual,Credit Card,31,True,0,1299.2191200728644,108.26826000607203
C03671,Starter,Month-to-Month,Invoice,32,False,0,1170.8064168564256,97.56720140470213
C03672,Starter,2-Year,PayPal,40,False,0,1231.7426609371414,102.64522174476178
C03673,Starter,Month-to-Month,Credit Card,59,True,10,1192.978304823364,99.41485873528033
C03674,Starter,Annual,Credit Card,20,False,0,1189.452677034008,99.12105641950068
C03675,Professional,Month-to-Month,PayPal,22,True,0,5940.104332410927,495.0086943675772
C03676,Starter,Annual,Invoice,3,True,0,1172.360305832363,97.69669215269693
C03677,Starter,Annual,Credit Card,8,True,20,978.2446783098312,81.5203898591526
C03678,Enterprise,Annual,Credit Card,45,True,10,23343.008753018818,1945.2507294182349
C03679,Starter,Annual,Invoice,19,True,10,1163.9478249369652,96.99565207808043
C03680,Professional,2-Year,PayPal,31,True,0,6294.759625548089,524.5633021290074
C03681,Starter,Annual,Invoice,32,True,0,1345.1884425615135,112.09903688012612
C03682,Enterprise,Annual,Invoice,15,True,0,24198.39413039311,2016.5328441994259
C03683,Starter,Month-to-Month,PayPal,55,False,0,1368.5564167967068,114.04636806639223
C03684,Professional,Month-to-Month,Credit Card,39,False,0,6629.9381105514685,552.4948425459557
C03685,Starter,Annual,Invoice,31,False,10,1009.4006784015787,84.11672320013156
C03686,Enterprise,Annual,Credit Card,3,True,0,25889.794212639612,2157.482851053301
C03687,Starter,Month-to-Month,Credit Card,51,True,0,977.2159610546366,81.43466342121972
C03688,Professional,Month-to-Month,Credit Card,58,True,0,6721.320492568225,560.1100410473521
C03689,Starter,Month-to-Month,PayPal,32,True,0,1191.4446004364288,99.28705003636907
C03690,Enterprise,Annual,Credit Card,10,True,0,22135.1706101101,1844.5975508425083
C03691,Professional,Month-to-Month,Invoice,28,True,0,4951.494847046248,412.6245705871873
C03692,Starter,Month-to-Month,Invoice,27,True,0,1183.7781419252217,98.64817849376847
C03693,Starter,Month-to-Month,Invoice,48,False,20,1076.6765796182744,89.72304830152287
C03694,Starter,Month-to-Month,PayPal,46,True,20,983.3026348658823,81.94188623882353
C03695,Starter,Annual,Invoice,40,True,0,1152.4672726408858,96.03893938674048
C03696,Starter,2-Year,PayPal,43,True,0,1177.2028584019877,98.10023820016563
C03697,Enterprise,Month-to-Month,Credit Card,31,True,0,27191.860092383275,2265.9883410319394
C03698,Professional,Month-to-Month,Credit Card,51,True,0,6419.3041056823895,534.9420088068658
C03699,Enterprise,Annual,PayPal,34,True,10,21510.094719112796,1792.5078932593997
C03700,Starter,Annual,PayPal,5,False,0,1312.140785163252,109.345065430271
C03701,Professional,Month-to-Month,PayPal,11,True,0,6476.062927355354,539.6719106129461
C03702,Starter,Month-to-Month,Credit Card,7,True,0,1093.3157175995696,91.10964313329747
C03703,Starter,2-Year,PayPal,8,True,0,1158.4590528661786,96.53825440551488
C03704,Professional,Annual,Credit Card,17,True,0,6851.63393805552,570.96949483796
C03705,Starter,2-Year,Credit Card,44,True,0,1281.141822069286,106.76181850577383
C03706,Enterprise,Month-to-Month,Invoice,50,True,10,25428.560910998625,2119.046742583219
C03707,Starter,Annual,Credit Card,39,True,0,1271.8940148844486,105.99116790703738
C03708,Professional,Annual,PayPal,41,False,0,5574.0278134472,464.5023177872667
C03709,Professional,Annual,PayPal,51,True,20,4789.967488383803,399.16395736531695
C03710,Starter,2-Year,PayPal,14,True,0,1294.4837534164362,107.87364611803635
C03711,Starter,Month-to-Month,Credit Card,24,True,20,959.1521943614736,79.92934953012279
C03712,Starter,Annual,Credit Card,30,True,0,1207.2721740237953,100.60601450198294
C03713,Starter,Month-to-Month,Invoice,58,True,20,1155.3632451675599,96.28027043062998
C03714,Professional,Annual,Invoice,51,True,0,5857.7204956608275,488.1433746384023
C03715,Enterprise,Annual,PayPal,52,False,0,24772.63672286964,2064.38639357247
C03716,Starter,Annual,Credit Card,50,True,10,1108.1266460579998,92.34388717149999
C03717,Enterprise,Month-to-Month,PayPal,57,True,10,23572.368717018104,1964.3640597515086
C03718,Starter,Month-to-Month,PayPal,15,True,0,1231.2835415073864,102.6069617922822
C03719,Professional,Month-to-Month,PayPal,53,False,0,6077.681641977564,506.473470164797
C03720,Starter,Month-to-Month,Invoice,53,True,20,1153.4874770182391,96.1239564181866
C03721,Starter,Month-to-Month,PayPal,4,True,0,1187.7169358998592,98.97641132498826
C03722,Starter,2-Year,Invoice,13,True,0,1287.984302971409,107.33202524761742
C03723,Starter,Annual,Credit Card,5,True,0,1045.5527653564,87.12939711303333
C03724,Starter,Annual,PayPal,31,True,0,1200.266336617207,100.02219471810058
C03725,Starter,Annual,Invoice,12,True,0,1188.4461468585641,99.03717890488035
C03726,Starter,Annual,Credit Card,30,True,10,1072.214706874642,89.35122557288683
C03727,Starter,Annual,Invoice,49,False,10,894.1687213328022,74.51406011106685
C03728,Starter,Month-to-Month,PayPal,10,True,20,925.9684731878431,77.16403943232025
C03729,Professional,Month-to-Month,Credit Card,30,True,0,5478.898999297886,456.57491660815714
C03730,Professional,Annual,Credit Card,26,True,0,6651.871760662199,554.32264672185
C03731,Starter,Annual,Credit Card,44,True,0,1096.1940976543683,91.34950813786402
C03732,Starter,Annual,Invoice,6,True,0,1275.376061849739,106.28133848747825
C03733,Professional,Annual,Invoice,27,False,0,6405.2401458699505,533.7700121558292
C03734,Starter,Annual,Invoice,20,True,0,1128.5186699931685,94.04322249943071
C03735,Professional,Annual,Credit Card,28,False,0,5489.760169290016,457.48001410750135
C03736,Starter,2-Year,PayPal,20,True,0,1166.1160251450012,97.17633542875011
C03737,Starter,Annual,PayPal,12,False,0,1152.2284099216138,96.01903416013448
C03738,Starter,Month-to-Month,Credit Card,45,True,20,865.6015629036608,72.13346357530507
C03739,Starter,Month-to-Month,PayPal,21,True,10,1048.0526561505578,87.33772134587981
C03740,Professional,Annual,Credit Card,30,True,10,5568.465991978945,464.03883266491204
C03741,Starter,Annual,PayPal,49,True,10,951.3822612676162,79.28185510563468
C03742,Enterprise,Annual,PayPal,52,True,0,23531.441420324103,1960.9534516936753
C03743,Starter,Month-to-Month,PayPal,10,True,10,1023.2938320847311,85.27448600706093
C03744,Enterprise,Annual,Invoice,51,False,10,21801.640129983753,1816.8033441653126
C03745,Starter,Month-to-Month,Invoice,5,False,0,1426.1525662397469,118.84604718664558
C03746,Starter,2-Year,Credit Card,58,False,10,916.3444440893941,76.3620370074495
C03747,Professional,Annual,Invoice,37,True,0,5936.335231138909,494.6946025949091
C03748,Starter,Month-to-Month,Credit Card,8,False,0,1233.5406707053562,102.79505589211301
C03749,Professional,Month-to-Month,Invoice,30,True,0,5694.083729824015,474.5069774853346
C03750,Starter,Month-to-Month,PayPal,17,True,0,1244.1510491571278,103.67925409642731
C03751,Professional,Month-to-Month,Invoice,3,True,0,5124.362802017277,427.0302335014398
C03752,Starter,Annual,Invoice,21,True,0,1157.988399998514,96.49903333320951
C03753,Professional,Month-to-Month,Invoice,16,True,0,4399.1341557701735,366.5945129808478
C03754,Professional,Annual,Credit Card,32,True,0,5854.316115918244,487.8596763265203
C03755,Professional,Month-to-Month,Credit Card,27,True,20,4208.501252379296,350.7084376982746
C03756,Starter,Month-to-Month,PayPal,51,False,10,1113.8203561049693,92.81836300874744
C03757,Enterprise,Annual,PayPal,6,False,10,24654.403718155125,2054.5336431795936
C03758,Enterprise,Annual,PayPal,42,True,0,24661.79847744094,2055.1498731200786
C03759,Enterprise,Annual,Invoice,16,True,0,23821.744703172357,1985.1453919310297
C03760,Professional,Month-to-Month,PayPal,45,False,0,5687.932767823015,473.99439731858456
C03761,Starter,Month-to-Month,Credit Card,3,True,0,1166.4071497421842,97.20059581184869
C03762,Starter,Month-to-Month,PayPal,54,False,0,1168.2048787762778,97.35040656468982
C03763,Enterprise,Annual,PayPal,40,False,0,24038.720757205894,2003.2267297671578
C03764,Enterprise,Month-to-Month,PayPal,20,True,0,25144.73560620619,2095.394633850516
C03765,Starter,Annual,PayPal,40,True,0,1107.8367432972618,92.31972860810515
C03766,Starter,Annual,PayPal,7,False,0,1337.6882337490267,111.47401947908556
C03767,Enterprise,Month-to-Month,Credit Card,59,False,0,23484.45602861673,1957.0380023847274
C03768,Starter,2-Year,Invoice,11,True,10,1081.5458927025832,90.12882439188193
C03769,Starter,Month-to-Month,PayPal,29,True,0,1354.3237125739795,112.86030938116495
C03770,Enterprise,Annual,Invoice,52,True,10,17002.29663929769,1416.8580532748074
C03771,Professional,Annual,PayPal,3,True,0,4472.695045562011,372.72458713016755
C03772,Enterprise,Month-to-Month,Invoice,21,False,10,22441.273175272352,1870.1060979393626
C03773,Starter,2-Year,Credit Card,53,False,0,1201.016165246526,100.08468043721051
C03774,Starter,Annual,Invoice,32,True,0,1378.3014442412295,114.85845368676912
C03775,Professional,Month-to-Month,PayPal,30,True,0,5324.936311080918,443.7446925900765
C03776,Professional,Annual,Invoice,39,False,20,5033.091134624515,419.42426121870955
C03777,Starter,2-Year,Invoice,11,True,0,1156.8299668559782,96.40249723799819
C03778,Enterprise,Annual,PayPal,17,True,0,26275.522999961693,2189.6269166634743
C03779,Enterprise,Month-to-Month,Invoice,25,True,0,18755.17458834993,1562.9312156958276
C03780,Starter,Annual,PayPal,50,True,0,1168.2476307013314,97.35396922511096
C03781,Starter,Month-to-Month,Credit Card,25,False,0,1287.3775173643353,107.28145978036127
C03782,Starter,Annual,PayPal,9,False,10,994.2027476241417,82.85022896867848
C03783,Starter,Annual,Credit Card,45,True,0,1193.4503422038501,99.45419518365418
C03784,Starter,Month-to-Month,Invoice,29,True,0,1205.9771695637576,100.49809746364646
C03785,Starter,Annual,PayPal,15,True,0,1240.3584204477372,103.3632017039781
C03786,Starter,2-Year,Invoice,19,True,0,1069.2874401864347,89.10728668220288
C03787,Enterprise,Annual,Credit Card,15,False,0,22836.651611123038,1903.0543009269197
C03788,Starter,Annual,Credit Card,39,True,0,1259.3610237854286,104.94675198211905
C03789,Professional,Month-to-Month,Invoice,35,False,0,6446.524034749385,537.2103362291153
C03790,Professional,2-Year,PayPal,56,True,10,5493.133763381881,457.7611469484901
C03791,Professional,Month-to-Month,PayPal,40,True,0,5794.073904602752,482.83949205022935
C03792,Enterprise,Annual,PayPal,13,True,0,24225.329167218697,2018.777430601558
C03793,Professional,Annual,PayPal,16,True,10,5855.052421514304,487.921035126192
C03794,Enterprise,Annual,Credit Card,3,True,0,24483.774224909248,2040.3145187424373
C03795,Starter,Month-to-Month,PayPal,53,True,0,1058.3356332109684,88.19463610091402
C03796,Professional,Annual,Invoice,31,True,0,5325.621540826209,443.8017950688507
C03797,Professional,Annual,Credit Card,55,False,0,6021.975832310121,501.8313193591768
C03798,Enterprise,Month-to-Month,Invoice,1,True,0,20018.508346862807,1668.209028905234
C03799,Starter,Annual,Invoice,35,True,0,1295.0844988952815,107.92370824127346
C03800,Starter,Month-to-Month,Invoice,16,True,0,1088.655838253891,90.72131985449091
C03801,Professional,Month-to-Month,Credit Card,1,True,10,4775.657926452014,397.9714938710012
C03802,Starter,Month-to-Month,PayPal,50,True,0,1402.5520488070931,116.8793374005911
C03803,Professional,Month-to-Month,Invoice,14,True,20,4554.591184184248,379.54926534868736
C03804,Enterprise,Annual,Invoice,7,True,10,22212.139771772836,1851.0116476477363
C03805,Enterprise,Annual,PayPal,23,True,0,25436.907456036166,2119.742288003014
C03806,Starter,Annual,PayPal,35,True,10,1236.7874857070533,103.0656238089211
C03807,Starter,Month-to-Month,PayPal,29,True,0,1128.8527598645405,94.07106332204505
C03808,Professional,Month-to-Month,PayPal,22,False,0,6106.297563501117,508.8581302917598
C03809,Professional,Annual,Invoice,16,False,20,4742.720740440224,395.2267283700187
C03810,Professional,Month-to-Month,Credit Card,29,False,0,7438.991457048604,619.9159547540504
C03811,Professional,Annual,PayPal,6,True,0,4786.6206528927205,398.8850544077267
C03812,Professional,2-Year,PayPal,18,False,0,5903.7076896876615,491.9756408073051
C03813,Starter,Annual,Invoice,29,False,0,1197.9086824801934,99.82572354001611
C03814,Professional,Annual,PayPal,25,False,0,5933.4474466412385,494.45395388676985
C03815,Starter,Annual,Invoice,45,True,0,1026.6349278019468,85.55291065016223
C03816,Starter,2-Year,Invoice,56,True,10,879.7282088073397,73.3106840672783
C03817,Professional,Annual,Invoice,2,False,0,5075.45337925434,422.95444827119496
C03818,Professional,Annual,Invoice,44,False,10,5865.728168168961,488.81068068074677
C03819,Professional,Annual,PayPal,32,True,0,5989.844783962721,499.1537319968934
C03820,Starter,Annual,Credit Card,36,True,0,988.8908615037743,82.4075717919812
C03821,Starter,Annual,PayPal,32,True,0,1371.818859658265,114.31823830485541
C03822,Starter,Annual,Credit Card,41,True,10,1292.0311841752473,107.66926534793727
C03823,Professional,Annual,PayPal,20,False,10,5562.642956456887,463.55357970474057
C03824,Starter,Annual,Invoice,55,True,0,1251.2499929742048,104.2708327478504
C03825,Professional,Annual,PayPal,37,True,0,6053.334384540902,504.44453204507516
C03826,Professional,Annual,Invoice,42,False,10,5061.360093650744,421.78000780422866
C03827,Starter,Month-to-Month,PayPal,38,True,0,980.3634876967288,81.69695730806073
C03828,Enterprise,Annual,Invoice,33,True,0,21401.774966822803,1783.4812472352335
C03829,Enterprise,Month-to-Month,Credit Card,52,False,0,23869.680566729046,1989.1400472274206
C03830,Enterprise,Annual,Invoice,5,True,10,22843.060622953566,1903.5883852461304
C03831,Professional,Annual,PayPal,6,True,0,5860.804695809252,488.40039131743765
C03832,Starter,Annual,Invoice,22,False,0,1188.6103118087617,99.05085931739681
C03833,Starter,Month-to-Month,Credit Card,21,False,0,1205.2887508997967,100.44072924164972
C03834,Professional,Month-to-Month,Credit Card,19,False,0,6063.613826319938,505.30115219332816
C03835,Starter,2-Year,PayPal,43,True,0,1129.5757089412234,94.13130907843528
C03836,Professional,Month-to-Month,Invoice,15,True,10,5623.010204888842,468.5841837407368
C03837,Professional,Month-to-Month,PayPal,34,False,10,4799.382697471782,399.94855812264854
C03838,Starter,Annual,Invoice,47,True,0,1236.7812783788117,103.06510653156765
C03839,Professional,Annual,Credit Card,7,True,0,5089.003508884358,424.0836257403632
C03840,Starter,Annual,PayPal,17,True,20,845.3812128927857,70.44843440773214
C03841,Starter,Annual,Credit Card,44,True,0,1113.9028647519367,92.82523872932806
C03842,Enterprise,Annual,Invoice,44,True,0,24466.88119775055,2038.9067664792126
C03843,Starter,2-Year,Credit Card,5,True,20,982.6397195781674,81.88664329818062
C03844,Professional,Annual,Invoice,52,True,10,4940.638624591684,411.7198853826403
C03845,Starter,Month-to-Month,PayPal,39,False,0,1029.7619935135172,85.81349945945976
C03846,Professional,Annual,Invoice,2,True,0,6723.605719116203,560.3004765930169
C03847,Starter,Annual,Invoice,27,True,0,1208.006436208021,100.66720301733507
C03848,Professional,Annual,PayPal,45,True,20,4734.136337500763,394.51136145839695
C03849,Professional,Month-to-Month,PayPal,24,True,10,5596.59645602523,466.38303800210247
C03850,Enterprise,Annual,Credit Card,41,False,0,21710.51679143911,1809.2097326199257
C03851,Starter,Annual,Invoice,47,False,10,1195.659448127409,99.63828734395075
C03852,Professional,Annual,Invoice,28,False,10,5711.055799629772,475.9213166358143
C03853,Professional,Annual,Credit Card,58,False,0,5829.986819946888,485.832234995574
C03854,Starter,Annual,Invoice,47,False,0,1192.5357642077372,99.37798035064476
C03855,Starter,Month-to-Month,Invoice,1,True,0,1171.2314678861594,97.60262232384662
C03856,Professional,Annual,PayPal,53,True,10,6119.94507747009,509.9954231225075
C03857,Professional,Month-to-Month,PayPal,52,True,0,6258.764610892089,521.5637175743408
C03858,Starter,Annual,PayPal,21,True,0,1265.0865652080754,105.42388043400628
C03859,Starter,Annual,Credit Card,57,True,0,1208.3004713454848,100.69170594545706
C03860,Professional,Annual,PayPal,28,True,0,5999.859289162262,499.98827409685515
C03861,Starter,Month-to-Month,Credit Card,3,True,0,1425.4921835179302,118.79101529316085
C03862,Professional,Month-to-Month,PayPal,30,True,0,5782.402732136756,481.86689434472964
C03863,Starter,Annual,Invoice,1,True,0,1226.3189544155105,102.19324620129254
C03864,Professional,Month-to-Month,Invoice,59,True,0,7236.8211342856675,603.068427857139
C03865,Professional,Month-to-Month,PayPal,51,False,0,6796.208878335793,566.3507398613161
C03866,Professional,Annual,PayPal,52,True,0,6227.5775749815875,518.9647979151323
C03867,Professional,Annual,Credit Card,45,False,0,5094.148893038637,424.51240775321975
C03868,Starter,Annual,Invoice,47,False,0,1460.2557777611771,121.68798148009809
C03869,Starter,2-Year,PayPal,45,True,0,1171.1451930109724,97.59543275091437
C03870,Starter,Month-to-Month,PayPal,18,True,0,1210.0687825549203,100.83906521291003
C03871,Starter,Month-to-Month,Invoice,49,True,0,1323.8177623419947,110.31814686183289
C03872,Enterprise,Annual,PayPal,33,False,10,21154.991687078294,1762.9159739231911
C03873,Professional,Annual,Invoice,15,True,0,6127.60995783223,510.63416315268586
C03874,Starter,Month-to-Month,PayPal,24,True,0,1207.7380882885302,100.64484069071085
C03875,Starter,Annual,Invoice,36,True,0,1156.3687027208618,96.36405856007183
C03876,Starter,Annual,Credit Card,34,True,0,1242.15930060844,103.51327505070333
C03877,Starter,Annual,PayPal,26,False,0,1123.9122291549443,93.65935242957869
C03878,Starter,Month-to-Month,PayPal,51,True,0,1063.6316805868344,88.6359733822362
C03879,Starter,2-Year,PayPal,40,True,0,1264.8998309233943,105.40831924361619
C03880,Starter,Annual,Credit Card,22,True,20,1080.1652853966823,90.01377378305686
C03881,Starter,Month-to-Month,PayPal,16,False,0,1110.8964593676549,92.57470494730457
C03882,Professional,Month-to-Month,PayPal,40,False,0,5683.99650812941,473.66637567745084
C03883,Professional,Month-to-Month,Invoice,42,True,20,4802.321159671324,400.1934299726103
C03884,Professional,Annual,PayPal,16,True,0,6003.55577681909,500.2963147349242
C03885,Starter,Annual,PayPal,5,True,0,963.3394322238992,80.27828601865826
C03886,Professional,Month-to-Month,Invoice,51,True,0,5745.6100014661615,478.80083345551344
C03887,Professional,Annual,Credit Card,6,False,0,7077.140243549426,589.7616869624521
C03888,Starter,Annual,Credit Card,42,True,0,1367.6931488530417,113.97442907108682
C03889,Starter,Month-to-Month,Invoice,24,True,0,1404.5156660783498,117.04297217319582
C03890,Starter,Annual,Credit Card,30,True,0,1274.1134227167558,106.17611855972966
C03891,Starter,Month-to-Month,Credit Card,37,True,10,1022.5502234550422,85.21251862125352
C03892,Starter,Month-to-Month,PayPal,32,True,0,1230.7682001224427,102.56401667687022
C03893,Professional,Annual,PayPal,53,True,20,5087.236689810298,423.93639081752485
C03894,Starter,Month-to-Month,PayPal,19,True,0,1160.4949267793031,96.70791056494193
C03895,Starter,Annual,Credit Card,51,False,0,993.0619417583898,82.75516181319915
C03896,Starter,2-Year,PayPal,45,True,20,1046.9241415391161,87.243678461593
C03897,Professional,Month-to-Month,Credit Card,28,True,10,5157.782317896338,429.8151931580282
C03898,Enterprise,Month-to-Month,PayPal,47,True,10,22953.01330733824,1912.7511089448533
C03899,Enterprise,Annual,Credit Card,8,True,0,20205.417837185607,1683.7848197654673
C03900,Starter,Month-to-Month,Invoice,43,True,10,1010.7038367176515,84.22531972647096
C03901,Starter,Month-to-Month,Invoice,1,True,0,1246.5519111790736,103.87932593158946
C03902,Professional,Annual,PayPal,4,True,10,5740.760289518458,478.39669079320487
C03903,Starter,2-Year,Credit Card,57,True,20,1031.861826942998,85.98848557858317
C03904,Professional,Month-to-Month,Invoice,22,True,0,5958.676666422964,496.55638886858037
C03905,Enterprise,2-Year,Invoice,22,True,0,24462.81797337704,2038.5681644480867
C03906,Professional,Annual,PayPal,30,False,10,5610.431618406648,467.535968200554
C03907,Starter,Annual,PayPal,58,True,0,1238.361771224237,103.19681426868641
C03908,Professional,Annual,Credit Card,27,True,0,6342.708330662408,528.5590275552007
C03909,Enterprise,Month-to-Month,Invoice,27,True,0,21237.063132805702,1769.7552610671419
C03910,Professional,Month-to-Month,Credit Card,13,True,0,7117.946197811902,593.1621831509918
C03911,Starter,Month-to-Month,Credit Card,39,False,0,1177.893998265881,98.15783318882342
C03912,Enterprise,Month-to-Month,PayPal,27,True,0,23772.245065124796,1981.020422093733
C03913,Enterprise,2-Year,Credit Card,39,True,0,23301.506639142863,1941.792219928572
C03914,Enterprise,Annual,Credit Card,38,True,0,24556.20736597902,2046.350613831585
C03915,Starter,Annual,Invoice,57,True,0,1026.9171495660114,85.57642913050096
C03916,Professional,Annual,Credit Card,8,True,0,5707.629811317924,475.635817609827
C03917,Professional,2-Year,Invoice,12,True,10,4369.6217573464,364.13514644553334
C03918,Starter,2-Year,Invoice,24,True,0,1143.8462617962898,95.32052181635748
C03919,Professional,Annual,Credit Card,18,True,10,5485.225924847305,457.10216040394204
C03920,Professional,Month-to-Month,Credit Card,55,False,10,5707.525856946978,475.6271547455815
C03921,Enterprise,Month-to-Month,Invoice,15,True,0,23857.826017561252,1988.1521681301044
C03922,Enterprise,Month-to-Month,Credit Card,16,True,0,24686.366639597818,2057.1972199664847
C03923,Starter,Month-to-Month,Invoice,33,True,10,897.9192309971021,74.82660258309184
C03924,Starter,Month-to-Month,Credit Card,10,False,0,1218.710573079714,101.55921442330951
C03925,Starter,2-Year,Invoice,47,True,0,1350.847510299572,112.57062585829766
C03926,Enterprise,2-Year,Invoice,24,False,0,25113.1428309036,2092.7619025752997
C03927,Starter,Annual,PayPal,45,True,0,1110.4292872855267,92.53577394046056
C03928,Professional,Annual,Credit Card,19,True,0,6101.429617959833,508.45246816331945
C03929,Professional,Annual,Invoice,27,False,0,6818.916231503667,568.2430192919722
C03930,Enterprise,Month-to-Month,Invoice,45,False,0,25366.869696037294,2113.9058080031077
C03931,Starter,2-Year,Credit Card,41,True,0,1271.6118190159934,105.96765158466611
C03932,Professional,Month-to-Month,Credit Card,31,True,20,4422.6220899512,368.55184082926667
C03933,Enterprise,Annual,Credit Card,21,True,0,23130.24866440887,1927.5207220340726
C03934,Professional,Month-to-Month,PayPal,16,True,0,5958.814301680756,496.56785847339637
C03935,Starter,Annual,Credit Card,23,False,10,1275.1460736958788,106.2621728079899
C03936,Starter,Annual,PayPal,14,True,0,1090.4933310298695,90.87444425248913
C03937,Professional,Annual,Credit Card,23,True,0,6155.779830289354,512.9816525241129
C03938,Starter,Month-to-Month,PayPal,41,True,10,1152.706209966334,96.05885083052783
C03939,Professional,Annual,Credit Card,18,True,10,5800.5574045725125,483.37978371437606
C03940,Professional,Annual,PayPal,36,True,0,5850.9343524565,487.57786270470837
C03941,Enterprise,Month-to-Month,Invoice,12,True,0,23217.342737931358,1934.7785614942798
C03942,Starter,Annual,PayPal,56,True,0,1431.3109671912841,119.27591393260701
C03943,Professional,Annual,PayPal,37,False,0,5839.122062070985,486.59350517258207
C03944,Starter,Annual,Invoice,11,True,0,1149.8058824649086,95.81715687207571
C03945,Starter,Month-to-Month,Credit Card,5,True,0,1311.4989268682707,109.29157723902256
C03946,Starter,Annual,Invoice,51,True,0,1215.4057320236764,101.28381100197304
C03947,Professional,Month-to-Month,Invoice,21,True,0,5219.520442083181,434.96003684026505
C03948,Professional,Month-to-Month,Invoice,32,True,0,6587.700440515682,548.9750367096402
C03949,Starter,Month-to-Month,PayPal,29,False,20,921.8202203504502,76.81835169587085
C03950,Starter,Month-to-Month,Invoice,7,False,10,1035.8813658361669,86.3234471530139
C03951,Professional,Annual,Credit Card,36,False,10,6836.521953545107,569.7101627954256
C03952,Professional,Month-to-Month,PayPal,40,True,0,5859.21073702186,488.26756141848836
C03953,Professional,Annual,PayPal,27,False,0,6040.404226096124,503.3670188413437
C03954,Enterprise,Annual,Invoice,6,True,10,23572.511168203615,1964.3759306836346
C03955,Enterprise,Annual,PayPal,38,True,0,21763.010261036266,1813.5841884196889
C03956,Starter,Month-to-Month,Credit Card,54,True,0,1266.9994074412919,105.58328395344098
C03957,Starter,Annual,PayPal,4,True,0,1310.8840775078306,109.24033979231922
C03958,Professional,Annual,Invoice,46,True,0,6795.910138699243,566.3258448916037
C03959,Professional,Month-to-Month,Invoice,35,True,20,5116.5247098133395,426.3770591511116
C03960,Starter,Annual,Invoice,10,True,0,1067.4035677312725,88.95029731093938
C03961,Professional,Month-to-Month,PayPal,54,True,0,6261.760380941661,521.8133650784717
C03962,Starter,Month-to-Month,Invoice,38,True,0,1038.594255344261,86.54952127868842
C03963,Enterprise,2-Year,PayPal,50,False,0,26952.074747001552,2246.006228916796
C03964,Professional,Month-to-Month,Invoice,30,False,0,6644.499024002131,553.7082520001776
C03965,Starter,Annual,Invoice,42,True,10,1104.2696244120398,92.02246870100332
C03966,Starter,Month-to-Month,Invoice,9,True,0,1222.085589446244,101.840465787187
C03967,Starter,2-Year,Credit Card,16,True,10,1079.181009407994,89.9317507839995
C03968,Professional,Month-to-Month,Credit Card,52,True,0,5984.074868272943,498.6729056894119
C03969,Professional,Month-to-Month,Invoice,4,False,0,6580.697286402626,548.3914405335521
C03970,Professional,Annual,Invoice,26,True,10,5231.8328435202275,435.98607029335227
C03971,Starter,Annual,PayPal,29,False,10,1316.714638271214,109.7262198559345
C03972,Starter,Annual,PayPal,28,False,20,976.614236285017,81.38451969041809
C03973,Starter,Annual,Credit Card,11,True,0,1348.9832480210616,112.4152706684218
C03974,Starter,Month-to-Month,PayPal,28,False,0,1001.4089470983357,83.45074559152798
C03975,Starter,Annual,PayPal,44,True,0,1130.73071658954,94.227559715795
C03976,Starter,Annual,PayPal,32,True,0,1309.967494179293,109.16395784827442
C03977,Starter,Annual,PayPal,24,False,0,1238.7235875433785,103.22696562861488
C03978,Professional,Month-to-Month,Credit Card,51,True,0,6017.061150372201,501.4217625310168
C03979,Enterprise,Annual,Credit Card,42,True,10,23888.81316411404,1990.7344303428365
C03980,Starter,2-Year,PayPal,39,True,0,1454.4411649164726,121.20343040970606
C03981,Professional,Annual,PayPal,7,False,0,5306.562972560676,442.213581046723
C03982,Starter,Month-to-Month,Credit Card,18,True,0,1320.1072381626223,110.00893651355186
C03983,Professional,Annual,Invoice,3,False,0,5734.590542969193,477.88254524743274
C03984,Enterprise,Annual,PayPal,44,True,20,20841.264633160474,1736.7720527633728
C03985,Starter,Month-to-Month,Invoice,46,True,0,1145.5144790874026,95.45953992395022
C03986,Starter,Annual,PayPal,20,True,20,1010.8200021162032,84.23500017635027
C03987,Starter,Annual,Credit Card,34,True,20,1019.5455858283555,84.96213215236295
C03988,Professional,Month-to-Month,PayPal,30,True,20,4465.675506900929,372.1396255750774
C03989,Professional,Month-to-Month,Invoice,9,False,10,5143.40107656797,428.6167563806642
C03990,Starter,Month-to-Month,Credit Card,10,True,0,1177.324005613451,98.11033380112092
C03991,Starter,Month-to-Month,PayPal,59,False,0,1004.9676004060585,83.74730003383821
C03992,Enterprise,Month-to-Month,PayPal,6,True,0,25088.95696897143,2090.7464140809525
C03993,Starter,Month-to-Month,Credit Card,17,True,0,1376.7323314658297,114.72769428881914
C03994,Starter,Month-to-Month,PayPal,15,True,10,944.0056118881047,78.66713432400873
C03995,Enterprise,Annual,Credit Card,33,True,10,23021.677096081574,1918.473091340131
C03996,Starter,Annual,PayPal,56,True,0,1241.1702049394262,103.43085041161885
C03997,Enterprise,Annual,Credit Card,59,True,0,22345.817008521488,1862.1514173767907
C03998,Enterprise,Annual,PayPal,54,False,0,28898.160963237962,2408.1800802698303
C03999,Starter,Month-to-Month,Credit Card,13,True,0,1338.0654361643194,111.50545301369328
C04000,Professional,Annual,Credit Card,42,True,0,6743.12796601697,561.9273305014142
C04001,Professional,Month-to-Month,PayPal,44,False,0,6024.30584859888,502.02548738324003
C04002,Enterprise,Annual,Credit Card,55,False,0,20370.134645404363,1697.5112204503637
C04003,Starter,Month-to-Month,PayPal,22,False,0,1220.5487969554279,101.71239974628566
C04004,Professional,Month-to-Month,PayPal,16,False,0,5924.887517906859,493.7406264922383
C04005,Enterprise,Month-to-Month,PayPal,34,True,0,26452.451718974557,2204.370976581213
C04006,Professional,2-Year,Credit Card,3,False,0,5645.187389160938,470.4322824300782
C04007,Enterprise,Month-to-Month,PayPal,8,False,20,21761.962120727203,1813.4968433939337
C04008,Professional,Month-to-Month,Credit Card,20,False,0,5627.30315488947,468.94192957412247
C04009,Enterprise,Month-to-Month,Invoice,47,True,0,25693.904988261904,2141.1587490218253
C04010,Starter,Annual,Invoice,24,False,10,999.3395359363128,83.2782946613594
C04011,Professional,Annual,Invoice,51,True,0,5977.087524230384,498.0906270191986
C04012,Professional,Annual,PayPal,18,True,0,5200.354294344679,433.3628578620566
C04013,Starter,Annual,Credit Card,23,True,0,1208.7315884096176,100.72763236746813
C04014,Starter,Annual,PayPal,1,False,0,1079.0722465837991,89.9226872153166
C04015,Professional,Month-to-Month,Credit Card,59,True,0,6332.976075752353,527.748006312696
C04016,Starter,Month-to-Month,Invoice,51,False,0,1283.5777571809722,106.96481309841435
C04017,Starter,Annual,Invoice,2,True,0,1198.634630672036,99.88621922266968
C04018,Starter,Annual,Invoice,5,True,0,1121.5793852295922,93.46494876913268
C04019,Enterprise,2-Year,PayPal,18,True,0,24972.180624725832,2081.015052060486
C04020,Starter,Annual,PayPal,16,True,0,1314.0635109791253,109.50529258159378
C04021,Professional,Annual,Credit Card,10,True,0,5898.064357441422,491.5053631201185
C04022,Starter,Annual,Credit Card,53,True,0,1148.4617557968418,95.70514631640349
C04023,Professional,Annual,Invoice,29,True,0,5243.907239212761,436.99226993439675
C04024,Professional,Month-to-Month,PayPal,35,True,0,6130.701480792464,510.8917900660387
C04025,Professional,Month-to-Month,PayPal,25,True,0,6635.999605220723,552.999967101727
C04026,Professional,Annual,Credit Card,42,False,0,6857.992997137787,571.499416428149
C04027,Professional,Month-to-Month,Credit Card,57,True,0,6142.387485953316,511.865623829443
C04028,Professional,Month-to-Month,PayPal,24,True,0,5159.326947999332,429.9439123332777
C04029,Starter,2-Year,PayPal,13,True,10,1029.236666874393,85.76972223953275
C04030,Professional,Annual,Credit Card,21,False,0,6702.309556531003,558.5257963775836
C04031,Starter,Annual,PayPal,42,True,0,1298.6534597311381,108.22112164426152
C04032,Starter,Annual,PayPal,43,True,0,1075.9537888879836,89.6628157406653
C04033,Enterprise,Month-to-Month,Invoice,39,True,0,28743.979519601773,2395.331626633481
C04034,Enterprise,Annual,PayPal,34,False,0,21402.37509638646,1783.531258032205
C04035,Starter,Annual,PayPal,19,True,10,1037.950064724562,86.49583872704683
C04036,Enterprise,Annual,PayPal,28,True,0,25207.39615636091,2100.616346363409
C04037,Professional,2-Year,Credit Card,27,True,20,4761.868158765177,396.82234656376477
C04038,Starter,Month-to-Month,Invoice,50,False,0,1160.9958869958737,96.74965724965614
C04039,Starter,Month-to-Month,Credit Card,26,True,0,1201.6236790140051,100.13530658450043
C04040,Enterprise,Annual,Invoice,11,True,10,23814.887601522776,1984.5739667935648
C04041,Professional,Annual,Invoice,49,True,0,7153.827490692522,596.1522908910434
C04042,Starter,Month-to-Month,PayPal,35,False,0,1236.420031227044,103.03500260225367
C04043,Professional,Annual,Invoice,20,False,0,5622.81232448094,468.56769370674505
C04044,Professional,2-Year,Invoice,12,True,20,4850.470066783344,404.205838898612
C04045,Professional,2-Year,PayPal,57,True,0,7184.672766527233,598.7227305439361
C04046,Professional,Annual,PayPal,28,True,0,6487.293138575911,540.6077615479926
C04047,Professional,2-Year,Invoice,2,True,0,6803.718602569605,566.9765502141337
C04048,Professional,2-Year,Credit Card,57,True,0,6498.384373572722,541.5320311310602
C04049,Enterprise,Annual,Invoice,1,False,0,26257.58216087582,2188.131846739652
C04050,Enterprise,Month-to-Month,Credit Card,9,True,0,24112.41263151043,2009.3677192925359
C04051,Professional,Month-to-Month,Credit Card,22,True,0,6864.484486734027,572.0403738945023
C04052,Enterprise,Month-to-Month,Invoice,56,False,10,15484.12899735746,1290.3440831131218
C04053,Enterprise,Annual,Credit Card,51,True,0,25365.68599298009,2113.807166081674
C04054,Starter,Annual,Invoice,40,False,20,1005.9507162218425,83.82922635182021
C04055,Enterprise,Annual,Credit Card,27,True,0,21916.37941297377,1826.3649510811474
C04056,Starter,Month-to-Month,Credit Card,9,False,0,1241.3686889478854,103.44739074565712
C04057,Starter,Month-to-Month,Invoice,7,False,10,1144.2235202587751,95.3519600215646
C04058,Professional,Month-to-Month,PayPal,36,False,0,4961.012176704087,413.4176813920073
C04059,Professional,Month-to-Month,PayPal,54,True,0,6218.843288822753,518.2369407352294
C04060,Professional,Month-to-Month,Invoice,48,True,0,6779.893466602867,564.9911222169056
C04061,Professional,Month-to-Month,Invoice,38,False,0,7009.746914037028,584.1455761697523
C04062,Starter,Month-to-Month,PayPal,50,True,20,1020.3288407808063,85.02740339840052
C04063,Enterprise,Annual,PayPal,2,False,0,23804.407122550183,1983.7005935458485
C04064,Starter,Month-to-Month,Credit Card,43,True,10,1185.545386976372,98.79544891469766
C04065,Enterprise,Annual,Credit Card,5,True,10,19792.666371805943,1649.388864317162
C04066,Starter,Annual,Credit Card,17,True,0,1295.5538051661215,107.9628170971768
C04067,Professional,Month-to-Month,PayPal,37,True,10,5381.478529948913,448.45654416240944
C04068,Starter,Annual,Invoice,58,False,0,1343.0345583880728,111.9195465323394
C04069,Professional,Month-to-Month,Credit Card,35,False,0,5721.869219450137,476.8224349541781
C04070,Starter,Month-to-Month,Invoice,51,True,10,1266.858582023337,105.57154850194475
C04071,Starter,2-Year,PayPal,8,False,0,1347.0747772343705,112.25623143619754
C04072,Starter,Annual,Credit Card,43,True,0,1245.5332188247673,103.79443490206394
C04073,Professional,Annual,PayPal,3,False,0,6178.48304810747,514.8735873422892
C04074,Enterprise,Annual,Invoice,3,False,0,28120.706068270618,2343.3921723558847
C04075,Starter,2-Year,Credit Card,1,True,0,1460.1423620708008,121.67853017256674
C04076,Professional,Month-to-Month,Invoice,24,True,0,5803.594743864086,483.6328953220072
C04077,Professional,Annual,Invoice,45,True,0,5828.336073456552,485.69467278804603
C04078,Starter,Annual,Credit Card,30,False,20,1086.9319886882172,90.5776657240181
C04079,Starter,Month-to-Month,Credit Card,42,True,0,919.5373697455183,76.62811414545986
C04080,Starter,Annual,PayPal,26,False,0,895.9748320546868,74.66456933789057
C04081,Starter,Month-to-Month,Credit Card,38,False,0,1113.2776474534012,92.77313728778343
C04082,Starter,Annual,Credit Card,43,True,10,1117.572976339155,93.13108136159626
C04083,Starter,Annual,Credit Card,40,False,0,1072.2636775884487,89.35530646570406
C04084,Starter,Month-to-Month,Credit Card,51,True,20,844.1243907674118,70.34369923061764
C04085,Professional,Annual,Credit Card,43,True,0,5739.514808209195,478.29290068409955
C04086,Professional,Annual,PayPal,38,False,0,6847.543967006044,570.6286639171703
C04087,Professional,2-Year,Invoice,44,True,0,5794.338565203478,482.8615471002898
C04088,Professional,Month-to-Month,PayPal,50,True,0,6694.902011865939,557.9085009888282
C04089,Starter,Month-to-Month,Invoice,3,True,0,1218.660272019485,101.55502266829042
C04090,Starter,Annual,Credit Card,13,True,0,1392.132383409117,116.01103195075974
C04091,Starter,Month-to-Month,PayPal,36,False,0,1177.554691832803,98.12955765273358
C04092,Professional,Annual,Invoice,41,False,10,5655.0262023852665,471.25218353210556
C04093,Enterprise,Annual,Invoice,48,True,10,22200.198046545556,1850.0165038787964
C04094,Starter,Month-to-Month,Credit Card,12,True,0,1190.2582504696736,99.18818753913946
C04095,Starter,Month-to-Month,Credit Card,20,False,10,1172.726021419441,97.72716845162007
C04096,Professional,Annual,Invoice,39,True,0,6448.915719380921,537.4096432817433
C04097,Professional,Month-to-Month,PayPal,44,True,0,6175.079238386423,514.5899365322019
C04098,Starter,Annual,Invoice,8,False,0,977.0578420610348,81.42148683841957
C04099,Starter,Month-to-Month,PayPal,53,False,0,1066.293607143323,88.85780059527691
C04100,Enterprise,Month-to-Month,PayPal,47,True,20,17538.85667356992,1461.5713894641601
C04101,Starter,Annual,Invoice,2,False,0,1235.6501725189255,102.97084770991046
C04102,Professional,Annual,PayPal,11,True,0,6012.878801160038,501.0732334300032
C04103,Enterprise,Annual,Invoice,56,True,0,22350.95452406239,1862.5795436718656
C04104,Enterprise,Month-to-Month,Invoice,21,True,0,22172.28532313793,1847.6904435948275
C04105,Starter,Annual,Credit Card,37,True,0,1290.3915717213604,107.53263097678003
C04106,Starter,2-Year,Invoice,55,True,0,1120.4018016700868,93.36681680584057
C04107,Starter,Annual,Invoice,6,False,0,910.8496331829826,75.90413609858189
C04108,Professional,Annual,Credit Card,19,False,20,4905.209760743187,408.76748006193225
C04109,Professional,Month-to-Month,Credit Card,30,True,0,5710.68844908132,475.89070409011
C04110,Enterprise,Annual,PayPal,46,False,0,25964.597969508693,2163.716497459058
C04111,Professional,Annual,PayPal,39,True,0,5583.267583994531,465.27229866621093
C04112,Professional,Annual,Credit Card,44,True,0,5894.656516709527,491.22137639246057
C04113,Starter,Annual,Credit Card,49,True,0,1240.3932440215592,103.36610366846327
C04114,Starter,2-Year,Credit Card,36,True,20,754.6904817375995,62.890873478133294
C04115,Starter,Month-to-Month,Invoice,20,True,10,1020.8573385090887,85.0714448757574
C04116,Starter,Annual,Invoice,54,False,10,1002.227139745812,83.518928312151
C04117,Professional,Month-to-Month,Invoice,54,True,0,5743.40733230266,478.6172776918883
C04118,Professional,Annual,Credit Card,10,True,0,5718.959967155597,476.5799972629664
C04119,Starter,Month-to-Month,PayPal,24,False,10,1084.9041145420558,90.40867621183799
C04120,Starter,2-Year,PayPal,33,True,10,1105.0501237513313,92.08751031261095
C04121,Starter,Annual,Invoice,29,True,0,1280.7770398993853,106.73141999161544
C04122,Starter,Month-to-Month,Invoice,55,True,10,1139.8027703200273,94.98356419333561
C04123,Enterprise,Annual,Credit Card,30,True,20,21570.15463346781,1797.5128861223175
C04124,Enterprise,Annual,Credit Card,36,False,0,26434.268540993093,2202.8557117494242
C04125,Starter,Month-to-Month,PayPal,45,True,0,1372.209619610112,114.350801634176
C04126,Professional,Month-to-Month,PayPal,6,True,0,6762.534352218669,563.5445293515558
C04127,Starter,Month-to-Month,Credit Card,58,True,20,914.7245441541796,76.22704534618164
C04128,Starter,Month-to-Month,PayPal,47,True,0,1168.6557631183252,97.38798025986044
C04129,Professional,Annual,PayPal,14,True,0,5888.584028957675,490.71533574647293
C04130,Starter,Annual,Invoice,57,True,0,1346.6819004751083,112.22349170625903
C04131,Starter,Annual,Credit Card,3,True,0,1178.2591557761416,98.18826298134513
C04132,Starter,Annual,Credit Card,24,True,0,1300.2079627132966,108.35066355944139
C04133,Starter,2-Year,Credit Card,19,True,0,980.5647896928755,81.71373247440629
C04134,Starter,Annual,Invoice,38,False,10,860.5488174970067,71.71240145808389
C04135,Starter,Annual,Credit Card,34,False,10,1227.340571401708,102.27838095014233
C04136,Starter,Month-to-Month,PayPal,9,True,10,1142.28220376893,95.19018364741083
C04137,Professional,Month-to-Month,Invoice,30,True,0,6761.469625052946,563.4558020877455
C04138,Starter,Month-to-Month,Invoice,32,True,0,1026.0115694751896,85.50096412293247
C04139,Starter,Annual,Credit Card,13,True,10,1107.6432545691262,92.30360454742718
C04140,Starter,Month-to-Month,PayPal,18,True,0,1031.766020853172,85.98050173776433
C04141,Enterprise,Month-to-Month,Credit Card,44,True,0,26357.213670714107,2196.434472559509
C04142,Starter,Annual,PayPal,53,False,0,1214.1247852820763,101.17706544017302
C04143,Enterprise,Annual,Credit Card,22,True,0,23925.173169934063,1993.7644308278386
C04144,Starter,Annual,PayPal,4,False,0,1315.8034636414093,109.65028863678411
C04145,Enterprise,Annual,PayPal,23,True,0,23996.39238021969,1999.6993650183076
C04146,Starter,Month-to-Month,PayPal,7,True,10,1076.2720025494625,89.68933354578854
C04147,Starter,2-Year,Invoice,44,False,0,1037.2057761541955,86.43381467951629
C04148,Professional,Month-to-Month,Credit Card,55,True,20,5491.448975828503,457.62074798570853
C04149,Professional,2-Year,Credit Card,11,False,0,6122.619031470058,510.21825262250485
C04150,Professional,Annual,Credit Card,39,True,0,6371.864548041487,530.9887123367906
C04151,Starter,Annual,Invoice,58,False,0,1047.5436394475355,87.29530328729463
C04152,Starter,Annual,PayPal,59,False,10,1240.0286486292164,103.33572071910136
C04153,Professional,Annual,Invoice,42,True,20,4920.572497110426,410.0477080925355
C04154,Enterprise,Annual,Invoice,41,False,0,28327.4927430627,2360.624395255225
C04155,Enterprise,2-Year,PayPal,34,True,0,26598.03404593605,2216.5028371613375
C04156,Professional,2-Year,Credit Card,5,True,0,4580.667844389422,381.72232036578515
C04157,Starter,Annual,Invoice,42,True,10,1172.2805111426671,97.69004259522227
C04158,Starter,Annual,PayPal,25,True,0,1318.9317623263833,109.91098019386527
C04159,Professional,Month-to-Month,PayPal,28,True,10,5779.513818985829,481.62615158215243
C04160,Professional,Annual,Credit Card,14,True,0,6165.120741922944,513.760061826912
C04161,Enterprise,Annual,PayPal,27,False,0,23687.09633173041,1973.9246943108674
C04162,Professional,Annual,PayPal,16,True,0,6017.706055426018,501.4755046188348
C04163,Enterprise,Annual,PayPal,27,False,10,24754.890163000488,2062.907513583374
C04164,Professional,Month-to-Month,Credit Card,2,True,0,6919.215751258861,576.601312604905
C04165,Professional,Month-to-Month,Credit Card,19,True,0,5926.69204291114,493.8910035759283
C04166,Professional,Month-to-Month,PayPal,23,False,20,4450.765336581018,370.89711138175153
C04167,Starter,Annual,PayPal,41,False,0,1358.7330298110137,113.22775248425114
C04168,Professional,Month-to-Month,Credit Card,14,False,0,6586.401540194939,548.866795016245
C04169,Enterprise,Annual,Credit Card,47,True,0,24623.757362501543,2051.9797802084618
C04170,Starter,Month-to-Month,Credit Card,51,True,0,1090.0676137783032,90.8389678148586
C04171,Professional,Month-to-Month,Invoice,26,True,0,5020.690644838522,418.3908870698768
C04172,Starter,Month-to-Month,Credit Card,8,True,10,1166.6606180371164,97.2217181697597
C04173,Professional,Month-to-Month,PayPal,27,True,0,5693.877475225658,474.48978960213816
C04174,Professional,Month-to-Month,Credit Card,47,True,0,5678.185872241037,473.18215602008644
C04175,Enterprise,Annual,PayPal,40,True,10,22618.369974764177,1884.8641645636815
C04176,Professional,Month-to-Month,PayPal,28,False,20,4561.733506936893,380.14445891140775
C04177,Starter,Month-to-Month,PayPal,4,False,10,1030.9145607064036,85.90954672553363
C04178,Starter,2-Year,Credit Card,59,True,10,1006.7479036901599,83.89565864084666
C04179,Professional,Month-to-Month,Credit Card,38,True,20,5140.414242765054,428.3678535637545
C04180,Starter,Annual,Credit Card,11,True,10,978.4505677615684,81.53754731346403
C04181,Professional,2-Year,Credit Card,44,True,20,4093.0936015169227,341.09113345974356
C04182,Starter,Annual,Credit Card,24,False,10,977.3609383133036,81.44674485944196
C04183,Enterprise,Annual,Invoice,28,True,0,27456.391882428703,2288.0326568690584
C04184,Starter,Month-to-Month,Credit Card,41,False,0,1130.3485613940481,94.19571344950401
C04185,Enterprise,Annual,Invoice,18,True,20,20144.50226391258,1678.7085219927149
C04186,Professional,Annual,PayPal,49,False,0,5814.692665902584,484.55772215854864
C04187,Starter,Month-to-Month,PayPal,21,True,10,1058.704060408356,88.22533836736301
C04188,Professional,Month-to-Month,PayPal,26,False,0,6824.529925015247,568.7108270846039
C04189,Enterprise,Annual,PayPal,3,True,20,19442.983077283603,1620.2485897736335
C04190,Professional,Month-to-Month,Invoice,59,True,0,7000.29782048467,583.3581517070559
C04191,Starter,Annual,Invoice,13,True,0,1432.676599652856,119.389716637738
C04192,Enterprise,Annual,PayPal,38,True,10,25021.83289291901,2085.1527410765843
C04193,Starter,Month-to-Month,Credit Card,28,True,0,1137.6186787022466,94.80155655852055
C04194,Starter,Month-to-Month,PayPal,14,False,0,1221.1216432857748,101.76013694048123
C04195,Professional,Month-to-Month,PayPal,59,True,0,6889.737497323458,574.1447914436216
C04196,Starter,Annual,Invoice,1,True,0,1295.5551139731292,107.96292616442743
C04197,Professional,Month-to-Month,PayPal,28,False,0,6698.415307276112,558.2012756063426
C04198,Professional,Annual,Invoice,59,True,0,6749.994576421602,562.4995480351334
C04199,Professional,Annual,Invoice,36,True,10,6103.892776273106,508.6577313560922
C04200,Starter,Annual,PayPal,54,False,0,1082.2746032461241,90.18955027051034
C04201,Professional,Month-to-Month,Credit Card,50,True,0,5969.1876596729535,497.4323049727461
C04202,Professional,Annual,Invoice,11,True,10,5053.648011500749,421.1373342917291
C04203,Professional,Month-to-Month,Invoice,43,False,0,5932.942088242478,494.4118406868732
C04204,Professional,Month-to-Month,Invoice,40,True,0,6129.947134533508,510.8289278777923
C04205,Starter,Month-to-Month,PayPal,4,False,0,1212.9480806212498,101.07900671843748
C04206,Professional,Annual,PayPal,34,True,0,5648.742234539442,470.7285195449535
C04207,Professional,2-Year,Invoice,1,True,0,5242.527205283922,436.8772671069935
C04208,Professional,Month-to-Month,Credit Card,56,True,20,4070.205099727723,339.18375831064355
C04209,Professional,Annual,PayPal,10,False,0,7099.1252913131575,591.5937742760965
C04210,Starter,Month-to-Month,Credit Card,17,False,0,1349.0771953175945,112.42309960979954
C04211,Starter,Annual,Credit Card,7,True,0,1241.2851139809525,103.44042616507937
C04212,Professional,Month-to-Month,PayPal,39,True,0,4286.139369952879,357.17828082940656
C04213,Starter,Annual,Invoice,13,True,0,1101.6793224288706,91.80661020240588
C04214,Starter,Annual,Credit Card,22,True,0,1260.2136550536434,105.01780458780361
C04215,Professional,Annual,Invoice,56,False,0,6508.588345352686,542.3823621127239
C04216,Professional,Month-to-Month,Credit Card,58,False,0,5814.082854314084,484.5069045261737
C04217,Starter,Annual,Invoice,1,False,10,1140.1043978988914,95.00869982490762
C04218,Enterprise,Annual,PayPal,28,True,0,23775.808765935446,1981.317397161287
C04219,Starter,Month-to-Month,Credit Card,33,True,10,1202.7104029889647,100.22586691574706
C04220,Professional,Month-to-Month,Credit Card,13,True,0,5977.955663573939,498.16297196449494
C04221,Professional,Annual,Credit Card,1,True,0,5957.593426933258,496.46611891110484
C04222,Starter,Annual,Invoice,38,True,0,1140.1455212788776,95.0121267732398
C04223,Enterprise,Month-to-Month,Credit Card,55,False,10,23232.616231409655,1936.0513526174711
C04224,Starter,Annual,Credit Card,58,True,0,1249.9606777674303,104.16338981395252
C04225,Starter,Annual,Invoice,25,True,0,1061.203656967044,88.433638080587
C04226,Professional,2-Year,Invoice,42,True,10,5609.571296069667,467.4642746724723
C04227,Professional,2-Year,PayPal,21,False,10,5500.902130802206,458.4085109001838
C04228,Enterprise,Annual,Invoice,33,False,0,26312.573048300226,2192.7144206916855
C04229,Starter,Month-to-Month,Credit Card,57,True,0,1189.2205964859365,99.10171637382804
C04230,Starter,Annual,Credit Card,37,False,0,1083.1271492821961,90.26059577351634
C04231,Starter,Annual,PayPal,54,True,0,1145.8026292248371,95.4835524354031
C04232,Professional,2-Year,PayPal,57,True,0,7100.579068924258,591.7149224103548
C04233,Professional,Month-to-Month,Credit Card,34,True,10,5285.1714559640295,440.4309546636691
C04234,Enterprise,Annual,Invoice,3,True,0,26479.92519474201,2206.6604328951676
C04235,Professional,Annual,Credit Card,30,True,0,5177.7706744629895,431.48088953858246
C04236,Enterprise,Month-to-Month,PayPal,55,True,0,24950.280126165377,2079.1900105137815
C04237,Enterprise,Annual,Credit Card,3,True,0,20319.938805843678,1693.3282338203064
C04238,Starter,Month-to-Month,Credit Card,18,True,0,1208.422835270374,100.70190293919784
C04239,Starter,Annual,Credit Card,23,True,0,1111.148714176321,92.59572618136008
C04240,Starter,Annual,PayPal,8,False,0,1089.0606210792848,90.75505175660707
C04241,Starter,2-Year,PayPal,9,True,10,967.3569286025798,80.61307738354832
C04242,Professional,2-Year,PayPal,2,True,0,5871.700562600349,489.30838021669575
C04243,Starter,Month-to-Month,Invoice,2,True,0,971.9396606247627,80.99497171873023
C04244,Starter,Month-to-Month,PayPal,27,True,0,1027.2913021828322,85.60760851523601
C04245,Starter,Annual,Invoice,48,True,10,1090.1119289033052,90.8426607419421
C04246,Starter,Annual,Invoice,39,True,10,891.3111172796332,74.27592643996944
C04247,Starter,Annual,PayPal,36,True,0,1017.4048685719459,84.78373904766217
C04248,Starter,Month-to-Month,Invoice,5,False,0,1414.3995019462272,117.8666251621856
C04249,Starter,Annual,Invoice,1,True,0,1388.5479466027882,115.71232888356569
C04250,Starter,Annual,Credit Card,22,False,0,1100.102192956225,91.67518274635209
C04251,Professional,Month-to-Month,Invoice,10,False,20,4957.9580950013315,413.1631745834443
C04252,Starter,Month-to-Month,Invoice,45,True,0,1101.118537824393,91.75987815203274
C04253,Enterprise,Annual,PayPal,24,True,0,22123.83170171746,1843.6526418097883
C04254,Professional,Annual,Credit Card,59,True,0,4118.6266366669915,343.21888638891596
C04255,Starter,2-Year,Invoice,15,True,0,1383.4494592727278,115.28745493939398
C04256,Professional,Annual,Invoice,33,True,20,5066.192327190075,422.18269393250625
C04257,Starter,Month-to-Month,Invoice,50,True,0,1289.0896146304876,107.42413455254064
C04258,Starter,Annual,PayPal,23,True,0,1263.8816642393344,105.32347201994453
C04259,Professional,Month-to-Month,PayPal,14,True,0,5880.515793163728,490.042982763644
C04260,Enterprise,Annual,Credit Card,18,True,0,22834.327911082393,1902.860659256866
C04261,Enterprise,Month-to-Month,Invoice,25,True,0,23916.977981605683,1993.0814984671404
C04262,Professional,Annual,Credit Card,22,True,0,6879.410302617918,573.2841918848266
C04263,Starter,Annual,PayPal,44,False,0,1202.7678265298464,100.23065221082054
C04264,Starter,Month-to-Month,Invoice,44,True,10,1289.6384017416353,107.46986681180294
C04265,Professional,Month-to-Month,Invoice,37,True,0,5533.841568881123,461.1534640734269
C04266,Professional,Annual,Credit Card,7,True,0,5105.982287066258,425.4985239221882
C04267,Starter,2-Year,Invoice,26,True,20,871.4935109414432,72.62445924512026
C04268,Enterprise,Annual,PayPal,24,True,10,21254.576042801044,1771.2146702334203
C04269,Starter,Annual,Credit Card,13,True,10,1229.9893756947413,102.49911464122845
C04270,Professional,Month-to-Month,Credit Card,41,False,0,5709.177674941897,475.76480624515807
C04271,Enterprise,Month-to-Month,Invoice,6,True,0,20500.64757172198,1708.3872976434984
C04272,Enterprise,Annual,PayPal,21,True,0,24031.293109594277,2002.6077591328565
C04273,Professional,Annual,Invoice,7,True,0,6733.079158238643,561.0899298532203
C04274,Starter,Annual,Credit Card,18,True,10,1079.5189700026767,89.95991416688973
C04275,Starter,Annual,Credit Card,15,True,0,1224.207002562586,102.01725021354883
C04276,Starter,Annual,PayPal,8,True,20,957.4038702990806,79.78365585825672
C04277,Professional,Month-to-Month,Credit Card,52,True,0,5873.662309113686,489.47185909280716
C04278,Professional,Month-to-Month,PayPal,16,True,0,7440.114072724401,620.0095060603668
C04279,Professional,Month-to-Month,Invoice,49,True,0,6788.178627742643,565.6815523118869
C04280,Starter,Month-to-Month,PayPal,3,True,0,1424.8693148736559,118.73910957280465
C04281,Starter,2-Year,Invoice,45,False,10,1391.5498514643198,115.96248762202664
C04282,Professional,Annual,Invoice,9,False,0,6771.86723500243,564.3222695835358
C04283,Enterprise,Annual,Credit Card,52,True,0,22870.3227891959,1905.8602324329916
C04284,Starter,2-Year,Invoice,47,True,20,1044.7636617459673,87.06363847883061
C04285,Professional,2-Year,Credit Card,26,True,20,5717.376607951771,476.4480506626476
C04286,Starter,Annual,PayPal,26,False,20,1011.239123009434,84.26992691745284
C04287,Professional,Annual,PayPal,30,True,0,5792.937389902869,482.7447824919057
C04288,Enterprise,Month-to-Month,Invoice,27,True,10,24567.23727853373,2047.269773211144
C04289,Starter,Annual,PayPal,16,True,20,837.7261628105439,69.81051356754533
C04290,Starter,Month-to-Month,Invoice,48,True,0,1216.9744076513691,101.41453397094743
C04291,Starter,Annual,PayPal,51,True,0,1291.0623449845498,107.58852874871248
C04292,Starter,Month-to-Month,Invoice,4,True,10,1068.3704877378361,89.03087397815301
C04293,Professional,2-Year,Invoice,51,True,10,5737.771309525016,478.14760912708465
C04294,Starter,Month-to-Month,PayPal,19,False,10,1150.4709887795843,95.87258239829869
C04295,Starter,Annual,PayPal,34,False,0,1267.207037678902,105.60058647324183
C04296,Professional,Annual,PayPal,6,False,0,5886.913106008528,490.57609216737734
C04297,Professional,Annual,PayPal,45,True,0,5758.249711340616,479.85414261171803
C04298,Starter,Annual,Invoice,15,False,0,1186.153861313658,98.8461551094715
C04299,Professional,Annual,Invoice,10,False,0,5176.984060623331,431.4153383852776
C04300,Professional,Annual,PayPal,54,False,0,6825.705623761394,568.8088019801162
C04301,Starter,Month-to-Month,PayPal,42,True,0,1264.938181626067,105.41151513550558
C04302,Professional,Month-to-Month,Credit Card,36,True,0,6101.151931408991,508.42932761741594
C04303,Professional,Month-to-Month,Invoice,46,True,0,5593.553782481787,466.12948187348223
C04304,Starter,2-Year,Invoice,40,False,0,1215.465976315634,101.28883135963616
C04305,Professional,Annual,PayPal,6,True,0,6065.250308309533,505.43752569246107
C04306,Professional,Month-to-Month,Credit Card,44,True,0,5738.676483519592,478.22304029329933
C04307,Professional,Annual,PayPal,40,True,10,5967.049925568493,497.25416046404104
C04308,Professional,Annual,Invoice,6,True,0,5321.71101782064,443.47591815172
C04309,Professional,Month-to-Month,Invoice,15,False,20,4362.933327453346,363.5777772877788
C04310,Professional,Annual,Credit Card,29,True,10,6000.2372151469335,500.0197679289111
C04311,Professional,Month-to-Month,PayPal,25,True,0,6902.4736432173995,575.2061369347833
C04312,Starter,Annual,Credit Card,19,False,20,986.7837398425897,82.23197832021582
C04313,Starter,Annual,PayPal,14,True,0,1081.5334447881567,90.12778706567973
C04314,Starter,Month-to-Month,Credit Card,3,False,0,1358.6736660593401,113.22280550494501
C04315,Starter,2-Year,PayPal,50,True,0,1225.3832727520135,102.11527272933445
C04316,Starter,Month-to-Month,PayPal,42,True,0,1214.7778537979043,101.23148781649202
C04317,Starter,Month-to-Month,PayPal,46,True,0,1385.37310625866,115.44775885488833
C04318,Enterprise,Annual,Invoice,14,True,0,26003.511026616317,2166.9592522180264
C04319,Enterprise,Month-to-Month,PayPal,54,True,0,23116.151855561697,1926.3459879634747
C04320,Professional,Month-to-Month,Invoice,39,False,0,5057.71975676935,421.47664639744585
C04321,Enterprise,Month-to-Month,Credit Card,39,True,0,23242.19026305335,1936.8491885877793
C04322,Enterprise,Annual,PayPal,21,True,0,25137.254040720272,2094.7711700600225
C04323,Enterprise,Month-to-Month,Invoice,54,False,10,22977.01781102721,1914.7514842522676
C04324,Starter,Annual,Credit Card,55,True,0,1052.8777908306727,87.73981590255606
C04325,Starter,Month-to-Month,PayPal,11,True,0,1122.077349296988,93.506445774749
C04326,Professional,Month-to-Month,Credit Card,50,True,0,4227.201979735058,352.26683164458814
C04327,Starter,Annual,Invoice,10,True,0,1241.5679953100305,103.4639996091692
C04328,Professional,Month-to-Month,Invoice,15,True,0,4971.544996081322,414.2954163401102
C04329,Starter,Annual,PayPal,30,False,20,915.9939133843525,76.3328261153627
C04330,Starter,Annual,Invoice,44,True,0,1092.281832652123,91.02348605434359
C04331,Starter,2-Year,Invoice,55,True,10,1152.6749313113871,96.05624427594893
C04332,Professional,Month-to-Month,Credit Card,17,True,10,5607.299422015143,467.27495183459524
C04333,Professional,Annual,PayPal,54,True,0,5559.774799658469,463.3145666382058
C04334,Professional,Month-to-Month,PayPal,56,False,20,4874.037616763607,406.1698013969672
C04335,Starter,Annual,PayPal,29,True,0,1281.0594342545128,106.75495285454274
C04336,Professional,2-Year,Credit Card,17,False,20,4945.7657795615005,412.1471482967917
C04337,Professional,2-Year,Invoice,33,True,0,3974.6646941143704,331.2220578428642
C04338,Professional,Month-to-Month,PayPal,38,True,0,7385.119949424273,615.4266624520227
C04339,Starter,Month-to-Month,PayPal,21,False,20,1011.6228378613422,84.30190315511184
C04340,Starter,Annual,Credit Card,47,True,0,1334.8019021273376,111.2334918439448
C04341,Starter,Month-to-Month,Credit Card,51,True,10,1001.9681919453087,83.49734932877573
C04342,Professional,Annual,PayPal,14,False,0,5439.6774932453745,453.3064577704479
C04343,Starter,Month-to-Month,PayPal,10,True,0,1136.370970230369,94.69758085253075
C04344,Starter,Annual,Credit Card,42,True,0,1440.0174799328017,120.00145666106681
C04345,Starter,2-Year,Credit Card,23,True,20,929.4834728956122,77.45695607463435
C04346,Professional,Month-to-Month,Credit Card,39,False,0,5961.79738780825,496.81644898402084
C04347,Professional,Annual,Credit Card,39,True,0,7113.793954361391,592.8161628634492
C04348,Professional,Month-to-Month,Invoice,14,False,0,5783.44975241885,481.95414603490417
C04349,Professional,Month-to-Month,Invoice,47,True,20,4807.527069056344,400.62725575469534
C04350,Starter,Month-to-Month,PayPal,22,False,0,1040.9170605088573,86.74308837573811
C04351,Starter,Month-to-Month,Invoice,52,True,0,1433.4052629871967,119.45043858226639
C04352,Starter,Month-to-Month,Credit Card,41,True,0,1108.889881917824,92.40749015981866
C04353,Starter,Annual,PayPal,28,True,0,1179.3111541021863,98.27592950851552
C04354,Enterprise,Annual,Credit Card,47,True,10,14380.406334769015,1198.3671945640847
C04355,Professional,Month-to-Month,Invoice,9,True,0,5897.6332304081325,491.4694358673444
C04356,Professional,Annual,Credit Card,23,True,10,5358.321532598562,446.5267943832135
C04357,Starter,Annual,PayPal,7,False,0,1150.0151475435557,95.83459562862964
C04358,Starter,Annual,Invoice,24,True,0,991.3603861250679,82.61336551042233
C04359,Starter,Annual,PayPal,43,False,0,1265.4400170432427,105.45333475360356
C04360,Professional,Month-to-Month,Invoice,37,True,10,4373.885151342132,364.49042927851104
C04361,Starter,Annual,Credit Card,59,True,0,1001.1891481854287,83.4324290154524
C04362,Starter,Annual,PayPal,9,False,0,1168.7893355498777,97.39911129582315
C04363,Professional,Month-to-Month,Invoice,38,False,0,6726.938252330909,560.5781876942424
C04364,Enterprise,Annual,Invoice,7,True,10,21496.5152884205,1791.376274035042
C04365,Starter,Month-to-Month,Invoice,23,True,0,1235.749353297421,102.9791127747851
C04366,Starter,Annual,Invoice,25,True,20,895.5467859488944,74.62889882907453
C04367,Starter,Month-to-Month,Credit Card,55,True,0,1119.1817079444127,93.26514232870106
C04368,Professional,Annual,Credit Card,46,False,0,6528.749461616691,544.0624551347242
C04369,Starter,Annual,Invoice,51,True,0,1347.8708295759131,112.32256913132609
C04370,Professional,Month-to-Month,Credit Card,22,True,0,6666.398459966493,555.5332049972077
C04371,Professional,Month-to-Month,Credit Card,54,True,20,5095.94897631787,424.6624146931558
C04372,Starter,2-Year,Invoice,43,True,0,1239.3389300271117,103.27824416892598
C04373,Starter,Annual,Credit Card,7,True,0,1027.8117246167672,85.65097705139726
C04374,Starter,Annual,PayPal,6,False,0,1131.8303493153278,94.31919577627731
C04375,Starter,Annual,PayPal,36,True,0,1114.3483243756557,92.86236036463798
C04376,Starter,Annual,Credit Card,46,True,10,1087.7262205809197,90.64385171507665
C04377,Professional,Month-to-Month,Invoice,22,False,20,5173.635738359355,431.1363115299462
C04378,Professional,Annual,PayPal,35,True,0,5797.595879207167,483.13298993393056
C04379,Starter,Month-to-Month,Credit Card,49,False,0,900.8174111546869,75.0681175962239
C04380,Professional,Month-to-Month,Credit Card,47,True,0,6757.292534196814,563.1077111830679
C04381,Starter,Annual,Invoice,33,True,20,873.8504326242069,72.82086938535058
C04382,Professional,2-Year,Invoice,21,True,20,4395.667799858895,366.3056499882412
C04383,Professional,Month-to-Month,Credit Card,11,False,20,5109.52731247598,425.7939427063316
C04384,Professional,Annual,Invoice,13,False,0,5690.471460466128,474.20595503884397
C04385,Starter,Annual,PayPal,56,True,0,1202.8662161369298,100.23885134474415
C04386,Professional,Month-to-Month,PayPal,3,True,0,6199.746524018495,516.6455436682079
C04387,Professional,2-Year,Credit Card,13,True,0,6089.884162007777,507.49034683398145
C04388,Starter,Annual,Credit Card,50,True,0,1169.9119943191283,97.49266619326069
C04389,Professional,Annual,Invoice,56,False,0,6074.534657078417,506.2112214232014
C04390,Professional,Annual,PayPal,41,True,0,7394.922082083006,616.2435068402505
C04391,Starter,Month-to-Month,Invoice,57,True,0,1355.4616784275447,112.95513986896206
C04392,Starter,Annual,Credit Card,34,True,0,1315.2504190496202,109.60420158746835
C04393,Professional,Annual,Credit Card,28,True,0,6288.296888848791,524.0247407373993
C04394,Starter,Annual,Credit Card,40,False,10,1262.6794543548988,105.22328786290824
C04395,Starter,Month-to-Month,Credit Card,34,True,0,1316.0689947353726,109.67241622794772
C04396,Starter,Annual,Credit Card,32,True,10,1230.5200195981467,102.54333496651223
C04397,Starter,Annual,Credit Card,23,True,0,1371.485926382554,114.29049386521284
C04398,Starter,Annual,Invoice,24,True,10,1163.1514680256032,96.9292890021336
C04399,Starter,Month-to-Month,Invoice,1,True,0,1274.6917711987894,106.22431426656578
C04400,Starter,Annual,Invoice,24,False,0,1172.0088184426113,97.66740153688427
C04401,Professional,Annual,PayPal,3,True,0,7216.010867018819,601.334238918235
C04402,Starter,Annual,Invoice,17,True,20,962.8430781173798,80.23692317644831
C04403,Starter,Month-to-Month,Credit Card,7,False,0,1076.0658181987471,89.67215151656227
C04404,Starter,Annual,Invoice,10,True,0,1253.6875243382513,104.47396036152094
C04405,Starter,Annual,Invoice,19,True,20,948.7034611299977,79.05862176083313
C04406,Starter,Month-to-Month,PayPal,24,True,0,1087.3230455455691,90.61025379546409
C04407,Starter,Month-to-Month,Credit Card,9,True,0,1094.323930013877,91.19366083448976
C04408,Professional,Month-to-Month,PayPal,50,True,20,4850.0046832701855,404.16705693918215
C04409,Starter,Month-to-Month,PayPal,15,True,10,1097.855179356568,91.48793161304734
C04410,Starter,Annual,PayPal,49,True,0,1036.721840867291,86.39348673894091
C04411,Professional,Month-to-Month,Invoice,56,True,20,4635.024115365141,386.2520096137618
C04412,Starter,Month-to-Month,Credit Card,58,True,0,1320.3068767075388,110.02557305896157
C04413,Professional,Annual,Credit Card,22,True,0,4469.448561142496,372.4540467618747
C04414,Professional,Annual,PayPal,58,True,10,5268.88132144798,439.0734434539983
C04415,Starter,Month-to-Month,Credit Card,17,False,0,1203.785836350447,100.31548636253724
C04416,Enterprise,Annual,Credit Card,19,False,0,25587.296361870594,2132.2746968225497
C04417,Enterprise,Month-to-Month,PayPal,9,True,20,18799.323991778878,1566.6103326482398
C04418,Starter,Month-to-Month,Invoice,57,False,0,1153.5168766964916,96.1264063913743
C04419,Enterprise,Annual,PayPal,38,True,0,25466.508216450784,2122.2090180375653
C04420,Professional,Annual,PayPal,19,False,0,5969.309956476472,497.4424963730393
C04421,Enterprise,Annual,Invoice,8,True,0,28242.54722568493,2353.545602140411
C04422,Professional,Annual,Invoice,6,True,0,6372.984577730875,531.0820481442396
C04423,Professional,2-Year,Invoice,49,False,0,6488.532604247487,540.7110503539573
C04424,Starter,2-Year,Invoice,38,False,10,1088.1454649028444,90.6787887419037
C04425,Starter,Annual,PayPal,45,True,10,1283.0623713469154,106.92186427890961
C04426,Starter,Annual,Invoice,21,False,0,1132.807808055091,94.4006506712576
C04427,Starter,Annual,Credit Card,56,True,0,1062.1052996645767,88.50877497204806
C04428,Enterprise,Month-to-Month,PayPal,29,True,0,23775.00111422724,1981.2500928522702
C04429,Starter,Month-to-Month,PayPal,34,True,0,1168.488128808629,97.37401073405242
C04430,Professional,Month-to-Month,Invoice,12,True,0,5917.004589095666,493.0837157579722
C04431,Starter,2-Year,Invoice,39,False,0,1437.3144067101268,119.77620055917724
C04432,Starter,Annual,Credit Card,32,False,0,1105.0789414387827,92.08991178656522
C04433,Professional,Annual,Invoice,6,True,0,5963.253494896155,496.93779124134625
C04434,Starter,Month-to-Month,PayPal,17,True,20,803.2330929346369,66.93609107788642
C04435,Enterprise,Annual,Invoice,32,False,0,28543.19327493772,2378.599439578143
C04436,Starter,Month-to-Month,Credit Card,8,True,0,921.1410321269929,76.7617526772494
C04437,Starter,Annual,PayPal,38,True,0,1217.3411587515116,101.44509656262596
C04438,Starter,Annual,PayPal,29,True,0,1039.0521088498203,86.58767573748503
C04439,Starter,Annual,Invoice,31,True,0,1032.955007322534,86.07958394354449
C04440,Starter,Month-to-Month,Credit Card,19,False,0,1093.980286977775,91.16502391481458
C04441,Starter,Month-to-Month,Credit Card,53,True,0,1067.6821407696034,88.97351173080028
C04442,Professional,Month-to-Month,Invoice,55,True,10,5545.459248679948,462.12160405666236
C04443,Starter,Month-to-Month,PayPal,9,False,10,942.2898020827056,78.5241501735588
C04444,Starter,Annual,PayPal,52,True,0,1324.8447441327799,110.40372867773165
C04445,Professional,Month-to-Month,PayPal,28,True,0,6799.665568285105,566.6387973570921
C04446,Starter,Annual,Invoice,48,True,0,1398.5010148052709,116.54175123377257
C04447,Starter,Annual,PayPal,50,True,0,1016.3645930864927,84.69704942387439
C04448,Professional,Annual,PayPal,51,False,0,5530.671871611875,460.8893226343229
C04449,Professional,Month-to-Month,Invoice,39,True,0,5711.069911851311,475.9224926542759
C04450,Professional,2-Year,PayPal,40,False,0,5661.045859081241,471.7538215901034
C04451,Professional,Annual,Invoice,53,True,0,6481.108047474604,540.0923372895503
C04452,Starter,Annual,Credit Card,31,True,0,1238.1575585836133,103.17979654863444
C04453,Starter,Month-to-Month,Credit Card,19,True,0,1088.6519342913198,90.72099452427665
C04454,Starter,Annual,Invoice,33,False,10,1049.5082968511708,87.45902473759757
C04455,Enterprise,Month-to-Month,Invoice,26,True,20,19136.37200602642,1594.6976671688683
C04456,Starter,Annual,Invoice,45,True,0,1179.4095239443893,98.28412699536578
C04457,Professional,Annual,PayPal,1,True,0,5558.251628818317,463.1876357348597
C04458,Professional,Month-to-Month,PayPal,11,True,0,5334.224738854213,444.51872823785106
C04459,Starter,Month-to-Month,Invoice,2,True,0,1290.172598992621,107.51438324938509
C04460,Starter,2-Year,Invoice,53,True,0,1058.089339946781,88.17411166223174
C04461,Starter,Month-to-Month,PayPal,35,False,0,1284.9350625334635,107.07792187778863
C04462,Starter,Annual,PayPal,13,False,0,1228.5340570006838,102.37783808339032
C04463,Starter,Annual,Invoice,39,True,0,1097.286183414174,91.4405152845145
C04464,Starter,Month-to-Month,PayPal,34,True,10,1135.1094800228022,94.59245666856685
C04465,Professional,Month-to-Month,PayPal,34,True,0,5570.327985603319,464.1939988002766
C04466,Enterprise,Month-to-Month,Credit Card,35,True,0,25356.663763089244,2113.0553135907703
C04467,Professional,Annual,Invoice,32,True,0,5527.654941841047,460.63791182008725
C04468,Professional,Annual,Invoice,45,True,0,6065.449072381896,505.45408936515804
C04469,Starter,Annual,PayPal,12,False,0,1194.1324912779155,99.51104093982629
C04470,Starter,Annual,Credit Card,33,True,20,900.5966199870998,75.04971833225831
C04471,Starter,Annual,Invoice,18,True,10,1045.9870874937778,87.16559062448148
C04472,Starter,Month-to-Month,Invoice,5,False,0,1122.7835904053443,93.56529920044535
C04473,Professional,Annual,PayPal,19,False,0,6702.519953960335,558.5433294966946
C04474,Enterprise,Month-to-Month,Invoice,31,True,0,22319.057827663666,1859.9214856386388
C04475,Starter,Month-to-Month,PayPal,27,True,20,953.1625339172605,79.4302111597717
C04476,Starter,Annual,Credit Card,42,True,20,759.2839960399133,63.27366633665944
C04477,Starter,Annual,Credit Card,38,True,0,1117.5301669834853,93.12751391529044
C04478,Starter,Month-to-Month,Invoice,50,False,20,1020.9420187050082,85.07850155875069
C04479,Professional,Annual,PayPal,15,False,0,6284.953337865739,523.7461114888116
C04480,Professional,Annual,Credit Card,46,False,0,6261.853200894911,521.821100074576
C04481,Professional,Annual,Invoice,56,True,0,5982.711628071515,498.55930233929297
C04482,Professional,Month-to-Month,Invoice,48,True,0,6151.045837587981,512.5871531323318
C04483,Starter,Month-to-Month,Invoice,4,True,10,1235.8974374693753,102.99145312244794
C04484,Enterprise,Annual,PayPal,19,True,0,21781.637837758703,1815.1364864798918
C04485,Professional,Annual,PayPal,21,True,10,6062.221097188116,505.185091432343
C04486,Starter,Annual,Credit Card,40,True,20,875.3596917474619,72.94664097895516
C04487,Starter,Annual,PayPal,57,True,10,1112.6907558109376,92.72422965091147
C04488,Professional,2-Year,PayPal,1,True,0,5486.0983781440755,457.17486484533964
C04489,Starter,Annual,Invoice,20,True,10,1171.5487264290969,97.62906053575807
C04490,Professional,Annual,Invoice,22,True,0,5227.092103087985,435.59100859066547
C04491,Starter,Annual,Credit Card,54,True,10,971.4841015113983,80.95700845928319
C04492,Professional,Annual,Invoice,13,True,0,5932.602963688684,494.38358030739033
C04493,Professional,Month-to-Month,Invoice,41,True,0,5527.298960593426,460.60824671611886
C04494,Professional,Annual,Invoice,1,False,10,5016.414611786955,418.03455098224623
C04495,Enterprise,Annual,PayPal,15,True,10,21344.96331666496,1778.746943055413
C04496,Enterprise,Month-to-Month,Invoice,15,False,20,16797.867430915656,1399.822285909638
C04497,Professional,Annual,Credit Card,14,False,0,6076.805257250512,506.40043810420934
C04498,Starter,Month-to-Month,Credit Card,5,True,0,1244.1785928489655,103.68154940408046
C04499,Starter,Month-to-Month,Invoice,58,True,0,1011.0633628668692,84.25528023890577
C04500,Starter,2-Year,Invoice,49,True,0,1229.3021478752257,102.44184565626881
C04501,Starter,Month-to-Month,Credit Card,6,True,0,1224.3770117075392,102.03141764229493
C04502,Enterprise,Annual,PayPal,41,True,0,25048.20030756895,2087.3500256307457
C04503,Enterprise,Month-to-Month,Invoice,31,False,10,21850.000963914328,1820.8334136595274
C04504,Starter,Annual,Credit Card,52,True,20,993.7634957849378,82.81362464874482
C04505,Starter,Month-to-Month,PayPal,26,False,0,1241.80646205532,103.48387183794334
C04506,Starter,Annual,Credit Card,58,False,0,1229.4464250247233,102.45386875206027
C04507,Starter,Annual,PayPal,25,True,0,1244.6884355974764,103.7240362997897
C04508,Starter,Month-to-Month,Credit Card,51,True,0,1384.935803156875,115.41131692973958
C04509,Professional,Month-to-Month,Credit Card,59,True,10,6107.214177444868,508.9345147870724
C04510,Professional,Annual,PayPal,55,True,0,5931.7690283482825,494.3140856956902
C04511,Enterprise,Month-to-Month,Invoice,53,True,0,22502.62072688897,1875.218393907414
C04512,Starter,Month-to-Month,Credit Card,58,False,0,1352.4550538844449,112.70458782370373
C04513,Starter,Month-to-Month,Invoice,49,True,20,1179.6806890727285,98.30672408939404
C04514,Enterprise,Annual,Credit Card,39,True,10,21538.923390505424,1794.9102825421187
C04515,Starter,Annual,PayPal,40,False,20,1007.9708145131001,83.99756787609168
C04516,Starter,Annual,Invoice,15,True,0,1160.916518271968,96.74304318933066
C04517,Starter,Annual,PayPal,6,True,0,1263.727460655405,105.31062172128374
C04518,Professional,Month-to-Month,PayPal,1,True,0,4810.583555769898,400.8819629808249
C04519,Professional,Annual,Invoice,41,True,0,5685.354904786566,473.7795753988805
C04520,Enterprise,Month-to-Month,Invoice,7,False,0,25736.652003616782,2144.7210003013984
C04521,Starter,2-Year,Invoice,54,False,10,985.502693047307,82.12522442060892
C04522,Professional,Month-to-Month,PayPal,52,True,0,6332.734887918106,527.7279073265089
C04523,Professional,2-Year,PayPal,51,True,0,6312.06798578732,526.0056654822766
C04524,Starter,Annual,PayPal,4,True,10,1142.5470175551782,95.21225146293152
C04525,Enterprise,Month-to-Month,Invoice,1,False,0,22782.35311998573,1898.5294266654776
C04526,Professional,2-Year,Credit Card,41,True,0,6459.147634474725,538.2623028728938
C04527,Enterprise,Month-to-Month,Invoice,2,True,0,28436.20934110707,2369.6841117589224
C04528,Enterprise,Annual,Credit Card,48,True,20,18257.750092779697,1521.479174398308
C04529,Starter,Annual,PayPal,34,False,0,1119.613361242479,93.30111343687325
C04530,Professional,Month-to-Month,Credit Card,35,True,0,5897.810494495204,491.4842078746003
C04531,Starter,Month-to-Month,Invoice,46,True,20,986.4169676441717,82.20141397034764
C04532,Professional,Annual,Invoice,13,False,0,5381.915581920222,448.4929651600185
C04533,Professional,Annual,Invoice,17,True,20,4581.889010836982,381.8240842364152
C04534,Professional,Annual,Credit Card,10,True,0,6873.447181099823,572.7872650916519
C04535,Starter,Annual,Invoice,3,True,0,1336.315830025922,111.35965250216016
C04536,Professional,Month-to-Month,Credit Card,4,False,0,5405.528942562044,450.4607452135037
C04537,Starter,Annual,PayPal,25,True,0,1423.9088374105227,118.65906978421022
C04538,Starter,2-Year,Credit Card,37,True,0,1148.4089980183483,95.70074983486235
C04539,Professional,Month-to-Month,PayPal,43,True,0,6201.275678313147,516.7729731927623
C04540,Starter,Month-to-Month,Credit Card,38,False,0,1205.0006224730187,100.41671853941823
C04541,Starter,Annual,PayPal,29,True,0,1310.2359733041615,109.18633110868012
C04542,Starter,Annual,Invoice,1,True,0,1062.7922063933001,88.56601719944167
C04543,Starter,Month-to-Month,Credit Card,51,True,10,1023.0717965562671,85.2559830463556
C04544,Starter,Annual,PayPal,30,True,0,1089.9934918717413,90.83279098931177
C04545,Professional,2-Year,Invoice,39,False,0,5366.173839765254,447.1811533137712
C04546,Professional,Month-to-Month,Invoice,55,True,0,5554.230882426278,462.85257353552316
C04547,Starter,Annual,PayPal,10,False,0,1099.6920186205284,91.6410015517107
C04548,Starter,Month-to-Month,PayPal,29,False,10,1149.2650600600555,95.77208833833795
C04549,Starter,Month-to-Month,Credit Card,44,False,10,1038.163499011748,86.51362491764566
C04550,Professional,Annual,PayPal,32,True,10,5262.936229884133,438.5780191570111
C04551,Starter,Annual,PayPal,44,True,0,979.7823369844612,81.64852808203842
C04552,Starter,Annual,Invoice,1,True,0,1318.589489193579,109.88245743279826
C04553,Starter,2-Year,PayPal,41,False,0,994.4988490738384,82.87490408948653
C04554,Starter,Month-to-Month,PayPal,17,False,0,1211.4568525127015,100.9547377093918
C04555,Professional,Annual,PayPal,55,True,10,6117.480696706716,509.790058058893
C04556,Starter,Annual,Invoice,12,False,20,1107.582985544111,92.2985821286759
C04557,Starter,Month-to-Month,Invoice,2,False,0,1033.9892721165886,86.16577267638239
C04558,Starter,Annual,Invoice,9,False,0,1178.5031802631293,98.20859835526078
C04559,Enterprise,Annual,Invoice,12,True,0,25848.143748259077,2154.01197902159
C04560,Professional,Annual,Credit Card,25,False,10,5181.290925398823,431.77424378323525
C04561,Starter,Annual,Invoice,57,False,0,1329.6986107147372,110.80821755956144
C04562,Starter,Annual,Invoice,36,True,0,955.4803982486476,79.62336652072064
C04563,Enterprise,2-Year,Credit Card,54,False,20,19492.048382223238,1624.3373651852698
C04564,Starter,Month-to-Month,Credit Card,44,True,10,1128.4754480154347,94.03962066795289
C04565,Enterprise,Annual,Credit Card,50,True,0,21249.898801155094,1770.8249000962578
C04566,Starter,Annual,PayPal,35,False,0,1296.0976401398625,108.00813667832188
C04567,Starter,Month-to-Month,Invoice,22,True,10,969.3594803721471,80.77995669767893
C04568,Professional,Annual,PayPal,33,False,0,6974.09227242988,581.1743560358233
C04569,Professional,Month-to-Month,Credit Card,55,True,10,5225.653709554226,435.4711424628522
C04570,Enterprise,Annual,Credit Card,50,True,0,23617.277290295115,1968.1064408579261
C04571,Professional,Annual,Credit Card,56,True,10,4841.842554559844,403.48687954665365
C04572,Starter,Month-to-Month,Credit Card,21,True,10,1042.190423262944,86.84920193857867
C04573,Professional,Month-to-Month,PayPal,55,False,10,5018.262665047501,418.1885554206251
C04574,Professional,Annual,Credit Card,40,True,0,6181.166108256066,515.0971756880054
C04575,Professional,Month-to-Month,Invoice,51,True,0,6155.224748368809,512.9353956974007
C04576,Starter,Annual,Invoice,22,True,0,1189.415183793505,99.11793198279209
C04577,Starter,Month-to-Month,Invoice,28,False,20,976.3105384490136,81.3592115374178
C04578,Starter,Month-to-Month,PayPal,57,True,0,1068.733676244989,89.06113968708242
C04579,Professional,Month-to-Month,Credit Card,4,False,0,5380.163893013456,448.34699108445466
C04580,Starter,Month-to-Month,PayPal,26,True,0,1344.6608846855652,112.0550737237971
C04581,Starter,Annual,Invoice,23,True,10,999.460822881833,83.28840190681942
C04582,Professional,Annual,Credit Card,48,False,10,5560.510216271805,463.37585135598374
C04583,Starter,Annual,PayPal,49,True,10,831.2677443116369,69.27231202596974
C04584,Professional,Annual,Credit Card,23,True,0,6255.431468689614,521.2859557241345
C04585,Enterprise,Annual,Credit Card,41,False,20,21431.722308050914,1785.976859004243
C04586,Starter,Month-to-Month,PayPal,58,True,0,1214.508564456013,101.20904703800107
C04587,Starter,Month-to-Month,Invoice,8,False,10,1098.364781979438,91.5303984982865
C04588,Starter,Month-to-Month,PayPal,52,False,0,1388.1846365774777,115.68205304812314
C04589,Professional,Annual,PayPal,32,True,0,6170.374577054214,514.1978814211844
C04590,Professional,Annual,Invoice,51,True,0,5589.410986696617,465.7842488913848
C04591,Starter,Annual,PayPal,39,True,0,1147.330177287543,95.61084810729524
C04592,Starter,Annual,Credit Card,44,False,0,1127.0604357341815,93.92170297784845
C04593,Professional,Month-to-Month,Invoice,1,False,0,6584.890403551925,548.7408669626604
C04594,Starter,Annual,PayPal,56,True,0,1354.6735634530821,112.88946362109017
C04595,Professional,Annual,Credit Card,30,True,0,6640.374510614315,553.3645425511929
C04596,Professional,Month-to-Month,Invoice,28,True,0,5562.93529299489,463.5779410829075
C04597,Professional,Annual,PayPal,17,True,10,5438.991496448449,453.24929137070404
C04598,Enterprise,Annual,Invoice,23,True,20,20545.684547414032,1712.1403789511694
C04599,Starter,Annual,Credit Card,38,False,20,847.915976793556,70.65966473279633
C04600,Starter,2-Year,Credit Card,58,False,0,1309.0822416484934,109.09018680404112
C04601,Professional,Annual,Invoice,24,False,10,5859.748494170692,488.3123745142243
C04602,Starter,Annual,Credit Card,22,True,10,1144.8125737194252,95.4010478099521
C04603,Professional,Annual,Credit Card,5,False,0,6492.89331519739,541.0744429331158
C04604,Enterprise,Month-to-Month,Invoice,25,False,0,23801.9567948687,1983.4963995723917
C04605,Enterprise,Month-to-Month,Invoice,52,True,0,21994.429435206785,1832.8691196005655
C04606,Professional,Month-to-Month,PayPal,7,True,0,6702.203881726552,558.5169901438793
C04607,Enterprise,Month-to-Month,PayPal,54,False,10,21698.862143901904,1808.2385119918254
C04608,Starter,2-Year,Invoice,58,False,0,1137.3703332574378,94.78086110478648
C04609,Starter,Annual,Credit Card,22,True,0,1215.4218123768658,101.28515103140548
C04610,Starter,Annual,Credit Card,59,True,0,1214.5658712799511,101.21382260666259
C04611,Starter,Annual,Invoice,44,True,0,1144.4219662910232,95.3684971909186
C04612,Starter,Annual,Invoice,37,False,10,1138.7642745227408,94.89702287689506
C04613,Enterprise,Month-to-Month,Invoice,34,False,0,28598.7010998562,2383.225091654683
C04614,Professional,Annual,Credit Card,36,True,0,5254.077495072307,437.8397912560256
C04615,Professional,Month-to-Month,PayPal,49,True,0,5268.383730685227,439.03197755710227
C04616,Starter,2-Year,PayPal,57,False,0,1348.2161665190026,112.35134720991688
C04617,Starter,Annual,Credit Card,57,False,20,1035.682115791124,86.30684298259366
C04618,Enterprise,Month-to-Month,PayPal,40,False,20,22407.93369518757,1867.3278079322974
C04619,Professional,Month-to-Month,Invoice,20,False,0,7134.164705261479,594.5137254384566
C04620,Professional,Annual,Invoice,37,True,0,6464.558085511244,538.7131737926037
C04621,Enterprise,Month-to-Month,Credit Card,17,False,0,21248.89758282244,1770.7414652352033
C04622,Professional,Annual,Credit Card,52,True,0,6213.4149696698905,517.7845808058242
C04623,Professional,Annual,Invoice,4,False,0,5791.371127747207,482.61426064560055
C04624,Starter,Annual,Invoice,53,True,0,1260.2196984945438,105.01830820787865
C04625,Starter,Annual,Credit Card,50,False,10,1001.1388344470635,83.42823620392195
C04626,Professional,Annual,Credit Card,18,False,0,6331.067976941871,527.5889980784892
C04627,Starter,Month-to-Month,Invoice,28,True,20,1030.5633140556924,85.8802761713077
C04628,Professional,Annual,Invoice,50,True,0,6179.409744691314,514.9508120576095
C04629,Starter,Annual,PayPal,16,True,0,1252.556587956146,104.37971566301216
C04630,Starter,Month-to-Month,PayPal,43,False,0,1290.0420618597423,107.50350515497853
C04631,Starter,Month-to-Month,Invoice,8,False,0,1111.6752592265204,92.63960493554337
C04632,Starter,Month-to-Month,Credit Card,44,False,0,1239.0425981598246,103.25354984665205
C04633,Enterprise,Annual,PayPal,18,True,20,19084.12322047596,1590.3436017063302
C04634,Starter,Month-to-Month,PayPal,54,True,0,1336.748711341406,111.39572594511718
C04635,Professional,Annual,Invoice,50,True,0,6484.9582616155485,540.4131884679624
C04636,Starter,Month-to-Month,Credit Card,29,True,20,907.0364005288817,75.58636671074014
C04637,Starter,Annual,Credit Card,40,True,0,1286.827584487367,107.23563204061391
C04638,Starter,Annual,Invoice,16,False,0,1368.2630839001315,114.02192365834429
C04639,Enterprise,Month-to-Month,Credit Card,30,True,10,22516.105518843236,1876.3421265702698
C04640,Starter,Month-to-Month,Invoice,49,False,0,1163.2812809063935,96.94010674219946
C04641,Professional,Month-to-Month,Credit Card,34,True,0,5361.015656215835,446.75130468465295
C04642,Starter,Annual,Invoice,30,True,0,964.0577885222774,80.33814904352312
C04643,Starter,Annual,Credit Card,21,True,0,1334.248407723816,111.187367310318
C04644,Professional,Month-to-Month,Invoice,22,True,0,5189.958348832942,432.4965290694118
C04645,Professional,Annual,Invoice,47,False,20,4312.763256601365,359.39693805011376
C04646,Professional,Month-to-Month,Credit Card,25,True,0,6062.468777091643,505.20573142430356
C04647,Starter,Annual,Invoice,22,True,0,1237.6107380398128,103.1342281699844
C04648,Starter,Month-to-Month,PayPal,56,False,0,1376.5730064101415,114.71441720084512
C04649,Starter,Annual,Credit Card,28,False,10,1119.8351329734671,93.3195944144556
C04650,Enterprise,Annual,Invoice,39,True,10,21020.65159114499,1751.7209659287491
C04651,Starter,Annual,Credit Card,33,True,0,1167.9603205247438,97.33002671039532
C04652,Enterprise,Month-to-Month,Credit Card,2,True,10,18325.13748248101,1527.0947902067508
C04653,Starter,Month-to-Month,Invoice,4,True,0,1372.9321263261897,114.41101052718248
C04654,Professional,Annual,PayPal,16,True,0,6532.056629708279,544.3380524756899
C04655,Starter,Annual,Credit Card,12,False,10,1109.8793510789785,92.48994592324821
C04656,Starter,Month-to-Month,PayPal,17,True,0,1371.9419071374643,114.32849226145537
C04657,Starter,Annual,PayPal,56,True,10,1196.1135930600024,99.6761327550002
C04658,Starter,Annual,Invoice,36,True,0,1264.7405423778646,105.39504519815539
C04659,Enterprise,Month-to-Month,Invoice,16,False,20,19135.851070608063,1594.6542558840054
C04660,Professional,Annual,Credit Card,39,True,0,6022.714684296665,501.8928903580554
C04661,Professional,2-Year,Invoice,23,True,20,4090.3953707224855,340.8662808935405
C04662,Starter,Month-to-Month,Credit Card,8,True,0,1328.7830292966046,110.73191910805038
C04663,Enterprise,Annual,Credit Card,57,True,0,23528.525696769353,1960.7104747307794
C04664,Starter,Annual,PayPal,9,True,0,1327.9126010598388,110.65938342165323
C04665,Enterprise,2-Year,Invoice,14,True,20,20608.10895821274,1717.342413184395
C04666,Starter,Month-to-Month,Invoice,55,True,0,1212.1976159363617,101.01646799469681
C04667,Starter,2-Year,Credit Card,9,True,0,1300.9351137224794,108.41125947687328
C04668,Enterprise,Month-to-Month,PayPal,47,True,10,19915.967086937824,1659.6639239114854
C04669,Starter,Annual,Invoice,53,False,0,1023.1036769651541,85.25863974709618
C04670,Enterprise,Month-to-Month,PayPal,26,True,0,23636.222121845036,1969.6851768204197
C04671,Starter,Month-to-Month,PayPal,36,False,10,1127.325288077477,93.94377400645641
C04672,Professional,Annual,Credit Card,3,True,0,6515.716192597372,542.9763493831143
C04673,Enterprise,Annual,Invoice,54,False,10,21800.684777672275,1816.7237314726897
C04674,Professional,Month-to-Month,Invoice,10,True,0,5459.22126241874,454.9351052015616
C04675,Professional,Month-to-Month,Invoice,59,True,0,6782.592012492767,565.2160010410639
C04676,Starter,Month-to-Month,PayPal,25,False,0,1157.0645029872358,96.42204191560297
C04677,Starter,Month-to-Month,Invoice,4,False,10,1121.8405754732953,93.48671462277461
C04678,Starter,Month-to-Month,Credit Card,30,False,10,1134.4513496865518,94.53761247387932
C04679,Starter,Month-to-Month,PayPal,50,False,0,1208.3141468759306,100.69284557299422
C04680,Professional,Month-to-Month,Invoice,11,True,0,4834.443324555783,402.87027704631527
C04681,Starter,Annual,PayPal,51,True,0,1119.374732846576,93.28122773721468
C04682,Professional,Annual,PayPal,19,True,10,5651.974294841392,470.99785790344936
C04683,Professional,Month-to-Month,PayPal,50,True,0,6944.142346230388,578.6785288525324
C04684,Starter,Month-to-Month,Credit Card,13,False,0,1281.3993691883593,106.7832807656966
C04685,Enterprise,Annual,Invoice,57,True,10,22650.504153948565,1887.542012829047
C04686,Enterprise,Month-to-Month,Invoice,36,False,10,17304.43032768861,1442.0358606407174
C04687,Starter,Annual,PayPal,3,True,0,1326.8296822319062,110.56914018599218
C04688,Starter,2-Year,Invoice,48,True,10,1179.7667972423844,98.3138997701987
C04689,Starter,Annual,PayPal,14,True,10,1141.527564441868,95.12729703682233
C04690,Professional,Annual,PayPal,10,True,20,4929.545293342267,410.79544111185555
C04691,Starter,Annual,PayPal,38,False,0,1260.6575427069674,105.05479522558062
C04692,Professional,Month-to-Month,Credit Card,40,False,0,6736.801956545682,561.4001630454735
C04693,Starter,Annual,Invoice,27,True,20,954.9344742526112,79.57787285438427
C04694,Professional,Annual,PayPal,24,False,0,6226.060558788081,518.8383798990068
C04695,Professional,Annual,Invoice,16,True,0,5816.038679206125,484.66988993384376
C04696,Enterprise,Annual,Credit Card,10,False,0,24037.794219527266,2003.1495182939389
C04697,Starter,Month-to-Month,Credit Card,54,True,0,1213.7486232200545,101.1457186016712
C04698,Starter,Month-to-Month,PayPal,53,True,0,1273.562847447695,106.13023728730792
C04699,Starter,Month-to-Month,Credit Card,27,True,20,912.2506689177781,76.02088907648151
C04700,Starter,Annual,Credit Card,7,True,0,1185.6889014916237,98.8074084576353
C04701,Starter,Month-to-Month,Credit Card,51,True,0,1239.7852497574315,103.31543747978596
C04702,Enterprise,Month-to-Month,Credit Card,28,True,0,23690.384575037308,1974.1987145864423
C04703,Professional,Annual,Credit Card,26,True,0,6093.815572796462,507.8179643997052
C04704,Starter,Month-to-Month,Credit Card,18,True,0,1057.149028466675,88.09575237222292
C04705,Professional,Annual,Invoice,13,False,20,5064.227254363727,422.01893786364394
C04706,Starter,Month-to-Month,Credit Card,8,False,0,1126.9492384779935,93.9124365398328
C04707,Starter,Annual,Invoice,27,False,0,1034.4313632412834,86.20261360344028
C04708,Professional,Month-to-Month,PayPal,14,True,10,5556.130500432948,463.01087503607897
C04709,Enterprise,Annual,Credit Card,41,True,0,24810.24504308368,2067.5204202569735
C04710,Starter,Annual,Credit Card,44,True,10,1127.015548162754,93.91796234689616
C04711,Professional,Annual,Invoice,6,True,0,6270.102599189088,522.508549932424
C04712,Enterprise,Annual,Credit Card,20,True,10,22513.378393054463,1876.1148660878719
C04713,Starter,Annual,Invoice,54,True,0,1376.2095138191064,114.6841261515922
C04714,Starter,Month-to-Month,Invoice,28,True,10,1170.231350499029,97.51927920825243
C04715,Professional,Annual,Credit Card,23,True,0,6563.12639480367,546.9271995669725
C04716,Professional,Month-to-Month,PayPal,12,True,0,6343.831403653364,528.6526169711136
C04717,Starter,Month-to-Month,PayPal,24,False,0,1303.8948942450613,108.6579078537551
C04718,Starter,Month-to-Month,PayPal,51,False,0,1148.43428551573,95.70285712631083
C04719,Professional,Month-to-Month,Invoice,44,True,20,5111.3440114224795,425.9453342852066
C04720,Professional,2-Year,Invoice,22,True,0,6697.520341469807,558.126695122484
C04721,Professional,Month-to-Month,Credit Card,26,False,0,5873.921341362597,489.49344511354974
C04722,Starter,Month-to-Month,Invoice,22,False,0,1364.9939572602357,113.74949643835298
C04723,Professional,Annual,PayPal,58,False,20,4638.711059918897,386.55925499324144
C04724,Professional,Month-to-Month,Credit Card,7,True,0,6284.36652212802,523.697210177335
C04725,Enterprise,Annual,PayPal,15,True,0,21569.903596632215,1797.491966386018
C04726,Enterprise,2-Year,Credit Card,48,True,0,25925.048691934775,2160.420724327898
C04727,Professional,Month-to-Month,PayPal,30,False,20,5388.060908170319,449.0050756808599
C04728,Enterprise,Month-to-Month,Credit Card,4,False,0,23939.27228513375,1994.9393570944792
C04729,Enterprise,Month-to-Month,PayPal,6,True,0,20805.500105025156,1733.791675418763
C04730,Professional,Annual,Invoice,48,True,0,6022.04465277865,501.8370543982208
C04731,Professional,Month-to-Month,PayPal,47,True,0,5469.073252249689,455.75610435414075
C04732,Professional,Annual,Credit Card,2,False,0,6055.223758423818,504.60197986865154
C04733,Professional,Annual,PayPal,31,False,0,6501.393829309517,541.7828191091264
C04734,Starter,Annual,Invoice,24,True,10,1131.0137678023198,94.25114731685998
C04735,Starter,Month-to-Month,Credit Card,35,True,10,912.3691381495938,76.03076151246616
C04736,Starter,Month-to-Month,Invoice,47,True,10,1044.8634275642494,87.07195229702079
C04737,Starter,Annual,PayPal,31,False,0,1224.74815618266,102.06234634855501
C04738,Starter,Annual,Credit Card,25,False,10,1229.628018890337,102.46900157419475
C04739,Enterprise,Month-to-Month,PayPal,8,True,0,23645.511064973914,1970.4592554144929
C04740,Starter,Annual,Credit Card,12,True,0,1259.7388014306596,104.97823345255496
C04741,Starter,Annual,Invoice,54,True,0,1221.1299588212516,101.76082990177098
C04742,Professional,Month-to-Month,Invoice,58,True,0,5647.8056588925465,470.65047157437886
C04743,Starter,2-Year,Invoice,2,True,0,1145.5467391989537,95.46222826657947
C04744,Professional,Annual,PayPal,15,True,0,5885.244770729404,490.4370642274503
C04745,Starter,Annual,Credit Card,40,False,0,1352.647972604177,112.72066438368142
C04746,Starter,Annual,Invoice,59,False,0,1106.6980850733453,92.22484042277877
C04747,Enterprise,Annual,PayPal,32,True,0,23568.295231206528,1964.024602600544
C04748,Professional,Annual,PayPal,54,True,20,4512.253805395259,376.02115044960493
C04749,Enterprise,Annual,Credit Card,11,True,20,21705.818625990047,1808.8182188325038
C04750,Starter,Annual,Invoice,17,False,20,996.8330158693763,83.06941798911468
C04751,Starter,Month-to-Month,PayPal,54,False,10,1228.030529347974,102.3358774456645
C04752,Professional,Month-to-Month,Invoice,21,True,20,3520.32078901016,293.3600657508467
C04753,Starter,Month-to-Month,Credit Card,22,True,10,1180.1990959941047,98.3499246661754
C04754,Starter,Annual,Invoice,33,True,20,873.6157882842334,72.80131569035278
C04755,Starter,Annual,Invoice,52,True,0,1129.2292980710172,94.1024415059181
C04756,Professional,Annual,PayPal,55,True,10,5297.702565117414,441.47521375978454
C04757,Professional,Annual,PayPal,29,True,0,5988.765661742463,499.0638051452052
C04758,Starter,Month-to-Month,Credit Card,15,True,0,1197.9771294851898,99.83142745709915
C04759,Starter,Month-to-Month,Credit Card,21,True,20,891.7800777864804,74.3150064822067
C04760,Enterprise,Month-to-Month,Credit Card,54,False,0,23748.474026058317,1979.0395021715265
C04761,Starter,Month-to-Month,PayPal,2,True,0,1188.578565708136,99.04821380901133
C04762,Professional,Annual,Credit Card,56,False,0,5008.401961772397,417.3668301476998
C04763,Professional,Annual,Credit Card,42,True,10,5585.932773463897,465.4943977886581
C04764,Professional,Month-to-Month,PayPal,52,True,10,5407.308122771033,450.6090102309194
C04765,Starter,Annual,Credit Card,38,True,0,1223.0668265499623,101.92223554583019
C04766,Enterprise,Annual,PayPal,3,True,0,22806.333508781438,1900.5277923984531
C04767,Starter,Month-to-Month,Credit Card,25,True,20,962.4382168406203,80.20318473671836
C04768,Starter,Annual,PayPal,13,True,10,845.7718524321486,70.48098770267906
C04769,Starter,Month-to-Month,Invoice,24,True,0,1135.3385786379438,94.61154821982865
C04770,Starter,Annual,PayPal,31,False,10,1031.5323678938432,85.96103065782027
C04771,Starter,Month-to-Month,PayPal,15,True,0,1193.992877434825,99.49940645290208
C04772,Enterprise,Annual,PayPal,6,True,0,23928.140983430432,1994.0117486192028
C04773,Starter,Annual,Credit Card,41,False,10,1183.017325435574,98.58477711963117
C04774,Enterprise,2-Year,PayPal,10,False,10,19198.063215609178,1599.8386013007648
C04775,Starter,Annual,PayPal,9,True,0,1286.4885463293574,107.20737886077978
C04776,Starter,Month-to-Month,Credit Card,50,True,0,1440.4103594377882,120.03419661981569
C04777,Starter,Annual,Invoice,41,True,0,1141.446275021909,95.12052291849243
C04778,Professional,Annual,PayPal,56,True,20,5151.811773319634,429.3176477766362
C04779,Professional,Annual,Credit Card,50,True,10,6173.859343983049,514.4882786652541
C04780,Enterprise,2-Year,Invoice,41,True,0,27374.64643187739,2281.2205359897825
C04781,Professional,Annual,PayPal,5,False,0,5825.182487463195,485.4318739552662
C04782,Starter,Annual,Invoice,45,True,0,1329.8754295667156,110.82295246389297
C04783,Starter,Month-to-Month,PayPal,44,True,10,1172.8653061858852,97.73877551549043
C04784,Enterprise,Month-to-Month,PayPal,41,True,0,26893.979591531966,2241.164965960997
C04785,Enterprise,2-Year,Invoice,19,True,0,25656.50057845348,2138.0417148711235
C04786,Starter,2-Year,Invoice,20,True,10,1206.3469752252838,100.52891460210698
C04787,Starter,Month-to-Month,Invoice,33,True,0,1172.8213218498738,97.73511015415615
C04788,Professional,Annual,PayPal,43,True,0,5724.694616191555,477.05788468262955
C04789,Professional,Annual,PayPal,37,False,0,4691.975487806659,390.99795731722156
C04790,Professional,Annual,Credit Card,31,True,0,5746.392939930729,478.86607832756073
C04791,Starter,Annual,Credit Card,39,True,10,1046.5090611671199,87.20908843059333
C04792,Enterprise,Month-to-Month,Credit Card,13,False,0,19671.620356683212,1639.3016963902676
C04793,Starter,Annual,PayPal,55,False,0,1205.3665033452448,100.44720861210374
C04794,Starter,Month-to-Month,Invoice,38,True,0,1328.7043996247862,110.72536663539886
C04795,Starter,Annual,Credit Card,45,False,0,1090.4752903666974,90.87294086389146
C04796,Starter,Annual,PayPal,6,True,0,1424.692832828921,118.72440273574341
C04797,Enterprise,Annual,Invoice,47,True,0,24890.5152140864,2074.2096011738668
C04798,Professional,Annual,Credit Card,8,True,20,5205.292347701078,433.7743623084232
C04799,Professional,Annual,Invoice,43,True,10,5373.595853634929,447.79965446957743
C04800,Starter,Annual,Invoice,10,True,10,983.9143225034244,81.9928602086187
C04801,Professional,Annual,Credit Card,41,True,10,5692.977226512037,474.4147688760031
C04802,Professional,Month-to-Month,Credit Card,4,False,10,5810.314459153555,484.1928715961296
C04803,Starter,2-Year,PayPal,14,True,10,1061.4673275163705,88.4556106263642
C04804,Enterprise,Month-to-Month,Invoice,4,True,0,24612.93603348574,2051.0780027904784
C04805,Starter,Annual,Credit Card,24,True,0,1199.249340584795,99.93744504873291
C04806,Starter,Month-to-Month,Credit Card,47,False,0,1121.9707371270817,93.49756142725681
C04807,Starter,Annual,Invoice,21,False,0,1239.3880769057093,103.28233974214244
C04808,Starter,Month-to-Month,Invoice,10,True,20,892.2798385994972,74.35665321662476
C04809,Starter,2-Year,Invoice,46,False,0,1291.6687338138906,107.63906115115755
C04810,Professional,Month-to-Month,Credit Card,25,False,0,7391.181687351414,615.9318072792845
C04811,Starter,Month-to-Month,Credit Card,6,False,0,1331.9282563676916,110.9940213639743
C04812,Starter,Annual,PayPal,16,True,0,1177.7917290631287,98.14931075526073
C04813,Professional,Month-to-Month,Invoice,57,True,20,4967.780724359449,413.9817270299541
C04814,Starter,Annual,Credit Card,44,True,0,1336.00193983959,111.3334949866325
C04815,Professional,Annual,Credit Card,28,False,10,5347.871229639762,445.65593580331347
C04816,Enterprise,Annual,Invoice,36,False,0,25340.193030094,2111.6827525078334
C04817,Starter,Month-to-Month,Credit Card,33,False,20,1028.9239824330416,85.74366520275346
C04818,Professional,Month-to-Month,Invoice,30,True,0,6157.254598739291,513.104549894941
C04819,Starter,Month-to-Month,Credit Card,36,True,10,1100.5344821944775,91.71120684953979
C04820,Professional,Month-to-Month,Invoice,25,True,0,6630.726089810965,552.5605074842471
C04821,Starter,Month-to-Month,Invoice,13,True,0,1407.9314983271254,117.32762486059379
C04822,Starter,Annual,Credit Card,39,True,0,1189.3101150334728,99.1091762527894
C04823,Starter,Annual,Invoice,15,True,0,1348.842059122988,112.40350492691567
C04824,Professional,Month-to-Month,PayPal,38,False,0,5107.626912959306,425.63557607994215
C04825,Starter,Month-to-Month,PayPal,30,True,0,1258.1066777015287,104.84222314179407
C04826,Starter,Annual,Invoice,14,False,0,938.2408437816066,78.18673698180055
C04827,Enterprise,Month-to-Month,PayPal,50,False,0,22143.335879879156,1845.2779899899297
C04828,Starter,Annual,Credit Card,4,True,0,1075.7042662882334,89.64202219068612
C04829,Professional,Month-to-Month,Credit Card,1,True,0,6982.414676120074,581.8678896766728
C04830,Starter,Annual,Invoice,3,False,20,932.8647162493866,77.73872635411554
C04831,Enterprise,Annual,Credit Card,45,False,0,23883.52584911742,1990.2938207597851
C04832,Starter,2-Year,Credit Card,50,True,0,1173.5684728343317,97.7973727361943
C04833,Starter,Month-to-Month,PayPal,36,True,0,1026.453225029139,85.53776875242825
C04834,Professional,Month-to-Month,Credit Card,4,True,0,6172.125600352212,514.343800029351
C04835,Enterprise,Annual,Credit Card,43,True,0,24182.99364433256,2015.2494703610466
C04836,Professional,2-Year,PayPal,14,True,0,5512.710407021841,459.3925339184868
C04837,Starter,Annual,Invoice,25,False,10,1229.0152861851345,102.41794051542787
C04838,Professional,Annual,Invoice,39,True,20,5447.29584565191,453.9413204709925
C04839,Professional,Month-to-Month,PayPal,3,True,0,5245.393602479224,437.11613353993533
C04840,Enterprise,Month-to-Month,PayPal,7,False,0,22351.765449455932,1862.6471207879943
C04841,Enterprise,Month-to-Month,Credit Card,8,True,0,25127.61581364385,2093.967984470321
C04842,Professional,Annual,Credit Card,44,False,0,5721.006590601512,476.75054921679265
C04843,Professional,Month-to-Month,Invoice,7,True,0,5869.434092864091,489.11950773867426
C04844,Professional,Month-to-Month,Invoice,56,True,10,4850.488094865319,404.20734123877656
C04845,Professional,Annual,PayPal,48,True,0,5395.376347466519,449.6146956222099
C04846,Starter,2-Year,Credit Card,25,True,0,1137.593279464655,94.79943995538792
C04847,Starter,Annual,PayPal,17,False,0,1215.7090260533412,101.3090855044451
C04848,Starter,Annual,Invoice,26,False,20,979.0080868131722,81.58400723443101
C04849,Enterprise,2-Year,Invoice,54,False,0,22039.7770496156,1836.6480874679667
C04850,Starter,Month-to-Month,PayPal,4,True,10,955.9279321414775,79.6606610117898
C04851,Starter,Month-to-Month,Credit Card,49,False,0,1050.9553862906582,87.57961552422152
C04852,Starter,Annual,Credit Card,18,True,0,1318.666193547431,109.88884946228592
C04853,Professional,Annual,PayPal,58,True,0,7275.114078713703,606.2595065594752
C04854,Enterprise,Annual,Invoice,4,True,0,25032.4322582546,2086.0360215212168
C04855,Professional,Month-to-Month,PayPal,17,True,0,4459.820126324498,371.65167719370817
C04856,Starter,Annual,PayPal,47,True,10,1141.3713938277665,95.11428281898054
C04857,Enterprise,Annual,Credit Card,54,True,0,26845.249525312116,2237.104127109343
C04858,Starter,Month-to-Month,Invoice,17,True,0,1122.091878322454,93.50765652687117
C04859,Enterprise,Annual,Invoice,45,True,0,26111.372387084735,2175.947698923728
C04860,Starter,Month-to-Month,Credit Card,25,True,0,1328.5789269592265,110.71491057993553
C04861,Professional,2-Year,Invoice,58,False,10,6096.118299703796,508.00985830864965
C04862,Starter,2-Year,Invoice,3,True,0,1129.691720656857,94.14097672140474
C04863,Enterprise,Annual,Credit Card,12,True,0,24180.243322289934,2015.0202768574945
C04864,Starter,2-Year,Invoice,27,False,0,1221.827239173238,101.81893659776983
C04865,Starter,Month-to-Month,Invoice,17,True,10,1222.3996521781874,101.86663768151561
C04866,Enterprise,Annual,PayPal,54,True,0,23016.980066055767,1918.0816721713138
C04867,Starter,Annual,Invoice,22,False,0,1313.023725196151,109.41864376634591
C04868,Professional,Annual,PayPal,39,True,0,6163.548830509641,513.6290692091368
C04869,Professional,Month-to-Month,PayPal,39,False,0,6575.9875604826975,547.9989633735581
C04870,Professional,Annual,PayPal,58,True,10,5809.4228500980935,484.1185708415078
C04871,Starter,Month-to-Month,Credit Card,43,True,0,1121.3252864051515,93.44377386709596
C04872,Enterprise,Month-to-Month,Credit Card,48,True,0,24645.768449043502,2053.8140374202917
C04873,Enterprise,Annual,Invoice,36,True,0,22342.84882656238,1861.904068880198
C04874,Starter,Annual,PayPal,16,True,0,1197.2195655702026,99.76829713085021
C04875,Starter,Annual,Invoice,37,True,0,1409.77007093658,117.480839244715
C04876,Starter,Annual,Invoice,51,True,10,1034.246204845202,86.18718373710017
C04877,Starter,Month-to-Month,Invoice,54,False,0,1126.6784816155277,93.88987346796064
C04878,Professional,Annual,Invoice,29,False,0,5889.13343393377,490.76111949448085
C04879,Enterprise,Month-to-Month,Invoice,14,False,0,25620.724774805454,2135.0603979004545
C04880,Professional,Annual,PayPal,7,True,20,5120.540619173537,426.71171826446147
C04881,Professional,Annual,PayPal,41,True,0,6216.133643573136,518.011136964428
C04882,Starter,2-Year,PayPal,57,True,0,1104.3630267561782,92.03025222968152
C04883,Starter,Annual,PayPal,28,True,20,936.1547639887729,78.01289699906441
C04884,Professional,Annual,Credit Card,13,False,0,6844.562739466903,570.3802282889086
C04885,Professional,Annual,PayPal,16,True,0,5089.669641869443,424.13913682245357
C04886,Professional,Month-to-Month,PayPal,21,False,0,6155.179623974118,512.9316353311765
C04887,Starter,Month-to-Month,PayPal,4,False,0,1173.7051827975763,97.80876523313135
C04888,Professional,Annual,Credit Card,39,False,0,6280.992567239503,523.4160472699585
C04889,Starter,Month-to-Month,Invoice,35,True,10,1094.5957987078177,91.21631655898481
C04890,Starter,Annual,Credit Card,52,False,0,1019.851288892092,84.98760740767433
C04891,Professional,Month-to-Month,PayPal,15,False,0,6353.101410166998,529.4251175139165
C04892,Starter,Month-to-Month,PayPal,57,False,0,1082.9298975693698,90.24415813078082
C04893,Enterprise,Annual,Credit Card,53,True,0,21164.91482262665,1763.7429018855544
C04894,Starter,Annual,Invoice,26,True,10,1085.4753998201923,90.45628331834935
C04895,Professional,Annual,Credit Card,46,True,0,5753.339527746944,479.4449606455787
C04896,Professional,Month-to-Month,Credit Card,7,False,20,4416.8609750144005,368.07174791786673
C04897,Starter,Month-to-Month,PayPal,18,False,10,1038.0290019755175,86.50241683129313
C04898,Professional,Annual,Credit Card,25,True,10,5004.022990999208,417.00191591660064
C04899,Professional,Annual,Credit Card,37,False,0,6928.053986154425,577.3378321795354
C04900,Enterprise,2-Year,Credit Card,21,False,0,24753.127426536445,2062.760618878037
C04901,Starter,Month-to-Month,Credit Card,52,True,0,1180.995643294701,98.41630360789175
C04902,Starter,2-Year,Credit Card,8,True,0,1291.0511830291248,107.5875985857604
C04903,Starter,Annual,Credit Card,59,True,0,1177.346969820963,98.11224748508026
C04904,Professional,Annual,PayPal,20,False,0,5844.161949496551,487.0134957913792
C04905,Starter,Month-to-Month,PayPal,18,True,20,1049.5967051541331,87.46639209617776
C04906,Starter,Annual,PayPal,53,False,0,1116.7158848262914,93.05965706885762
C04907,Starter,Annual,PayPal,19,True,0,1077.281588949386,89.77346574578218
C04908,Starter,Annual,Credit Card,52,True,0,1278.7113071524539,106.55927559603782
C04909,Professional,Annual,Credit Card,3,True,0,6098.2875773947735,508.1906314495645
C04910,Starter,Annual,Credit Card,55,True,0,1218.5404055480928,101.5450337956744
C04911,Starter,2-Year,Credit Card,38,True,0,1157.9435096187494,96.49529246822912
C04912,Starter,Annual,PayPal,18,True,0,1271.4859204245238,105.95716003537699
C04913,Professional,Annual,PayPal,27,True,0,5177.85739300294,431.4881160835783
C04914,Enterprise,Annual,Credit Card,15,True,0,19351.00704034468,1612.5839200287235
C04915,Professional,Annual,Credit Card,46,True,0,5761.757884161503,480.14649034679195
C04916,Starter,Month-to-Month,Credit Card,56,True,0,1275.5439502722286,106.29532918935239
C04917,Starter,Month-to-Month,Credit Card,21,True,0,1349.351780993611,112.44598174946759
C04918,Starter,Annual,Invoice,22,True,0,1265.7554878772066,105.47962398976722
C04919,Professional,Month-to-Month,Invoice,8,False,0,5446.448747623245,453.87072896860377
C04920,Starter,Annual,Invoice,11,True,0,1090.2469439774852,90.85391199812376
C04921,Enterprise,Annual,Invoice,43,True,10,24214.617899256547,2017.8848249380455
C04922,Enterprise,Annual,Credit Card,12,False,0,26173.10639191316,2181.0921993260968
C04923,Starter,2-Year,Credit Card,48,False,0,1265.9663992306141,105.49719993588451
C04924,Starter,Annual,Credit Card,39,True,20,1048.3744158784616,87.36453465653847
C04925,Starter,Month-to-Month,Invoice,27,True,0,1220.249213669192,101.68743447243266
C04926,Starter,Month-to-Month,Invoice,35,False,0,1175.018383576169,97.91819863134742
C04927,Professional,2-Year,Credit Card,2,False,20,4723.1962071263,393.5996839271916
C04928,Professional,2-Year,Invoice,35,True,0,6382.431502024529,531.8692918353775
C04929,Starter,Annual,PayPal,31,True,20,982.7647444259869,81.8970620354989
C04930,Professional,Month-to-Month,Invoice,8,True,0,4820.721748833337,401.7268124027781
C04931,Professional,Month-to-Month,Invoice,20,True,0,6529.544196336255,544.1286830280212
C04932,Enterprise,Annual,Invoice,8,False,0,25406.071337328376,2117.172611444031
C04933,Professional,Annual,Invoice,4,True,0,6195.528003302128,516.2940002751774
C04934,Professional,Annual,Credit Card,31,True,0,6845.511810246668,570.4593175205556
C04935,Starter,Annual,PayPal,55,False,10,992.7826651605506,82.73188876337922
C04936,Professional,Annual,Credit Card,32,True,0,5360.326585448123,446.69388212067696
C04937,Starter,Month-to-Month,Invoice,13,True,20,1008.0912236919339,84.00760197432783
C04938,Professional,Month-to-Month,Invoice,22,True,0,5545.93211070197,462.16100922516415
C04939,Starter,Annual,Invoice,26,True,10,1259.9830137634096,104.99858448028414
C04940,Starter,Annual,Invoice,17,False,0,1116.8156146851816,93.0679678904318
C04941,Starter,Month-to-Month,Invoice,29,True,0,1113.7699269166906,92.81416057639088
C04942,Starter,Month-to-Month,PayPal,27,True,0,1151.6594633245616,95.97162194371346
C04943,Starter,Annual,Credit Card,56,True,0,1164.3316786473222,97.02763988727685
C04944,Enterprise,Month-to-Month,Invoice,22,False,0,23115.286125170973,1926.2738437642477
C04945,Starter,Annual,PayPal,18,True,0,1168.424870940104,97.36873924500867
C04946,Professional,Annual,Credit Card,5,True,0,5782.617875297323,481.8848229414436
C04947,Starter,Month-to-Month,Credit Card,12,False,0,1013.3028374322419,84.44190311935348
C04948,Starter,Annual,Credit Card,2,False,0,1260.5567043272836,105.04639202727363
C04949,Starter,Month-to-Month,Invoice,42,False,10,1032.9404715770454,86.07837263142045
C04950,Starter,Month-to-Month,Invoice,7,True,0,1181.6394109949088,98.4699509162424
C04951,Starter,Month-to-Month,PayPal,47,True,0,1054.3087744003685,87.85906453336405
C04952,Starter,Annual,PayPal,59,True,20,813.6480402060816,67.8040033505068
C04953,Starter,Annual,Credit Card,26,False,0,1188.7170175652668,99.05975146377223
C04954,Enterprise,Month-to-Month,Invoice,54,False,20,22185.10644221231,1848.758870184359
C04955,Starter,Annual,Credit Card,39,False,20,1105.979198151005,92.16493317925041
C04956,Professional,Month-to-Month,Credit Card,15,False,0,5454.818972603202,454.5682477169335
C04957,Enterprise,Annual,PayPal,48,True,20,17779.125341747447,1481.593778478954
C04958,Professional,Annual,Invoice,54,False,0,6102.110320207671,508.50919335063924
C04959,Enterprise,Annual,PayPal,58,False,20,14081.195097219741,1173.4329247683118
C04960,Starter,Month-to-Month,Invoice,33,False,0,1129.6701467319153,94.13917889432628
C04961,Professional,Month-to-Month,Credit Card,47,False,0,6133.564336324254,511.1303613603545
C04962,Starter,Annual,Credit Card,3,True,10,1055.177759823345,87.93147998527876
C04963,Starter,Month-to-Month,Credit Card,42,True,10,874.8774308251897,72.9064525687658
C04964,Professional,Annual,Invoice,48,True,0,4902.763440631833,408.56362005265277
C04965,Enterprise,Month-to-Month,Credit Card,2,True,0,20565.326854249954,1713.7772378541629
C04966,Enterprise,Annual,Invoice,17,True,0,23814.066081193807,1984.5055067661506
C04967,Starter,Annual,Invoice,1,False,10,989.7188125641763,82.47656771368136
C04968,Starter,Annual,PayPal,36,False,0,1386.8603343159516,115.5716945263293
C04969,Professional,Annual,Credit Card,43,False,10,4678.293502416233,389.85779186801943
C04970,Professional,Annual,PayPal,17,True,0,6736.782565833219,561.3985471527683
C04971,Starter,Month-to-Month,Invoice,2,True,0,1055.639376616834,87.96994805140282
C04972,Starter,Annual,Credit Card,33,True,0,1501.91139475373,125.15928289614418
C04973,Professional,Month-to-Month,Credit Card,29,True,10,5757.589482518211,479.7991235431843
C04974,Professional,Annual,Invoice,6,True,20,3735.79661756989,311.3163847974908
C04975,Starter,Annual,Credit Card,43,False,0,1346.032036632099,112.16933638600825
C04976,Professional,Month-to-Month,Invoice,36,True,20,4578.195103282078,381.5162586068398
C04977,Professional,Annual,Credit Card,24,True,20,5245.39858863403,437.1165490528358
C04978,Enterprise,Month-to-Month,Credit Card,11,True,10,21576.321999626496,1798.026833302208
C04979,Professional,Annual,Invoice,5,False,10,5208.239615149153,434.0199679290961
C04980,Starter,Annual,PayPal,30,False,0,1169.5463103307377,97.46219252756147
C04981,Enterprise,Month-to-Month,Invoice,10,False,0,21188.767543579786,1765.7306286316489
C04982,Starter,Month-to-Month,Credit Card,37,False,0,1147.1094457935628,95.59245381613023
C04983,Enterprise,Annual,Invoice,27,True,10,18808.663838740104,1567.388653228342
C04984,Professional,Month-to-Month,Invoice,27,False,20,4573.410144718696,381.11751205989134
C04985,Enterprise,Month-to-Month,Invoice,24,True,0,24468.150958741913,2039.0125798951594
C04986,Starter,Annual,Credit Card,59,True,10,1194.2359256030193,99.51966046691827
C04987,Professional,Annual,PayPal,58,True,10,6202.738091520084,516.894840960007
C04988,Professional,Month-to-Month,PayPal,54,False,0,5992.527379778169,499.37728164818077
C04989,Professional,Month-to-Month,Credit Card,54,False,0,5324.448554830852,443.70404623590434
C04990,Starter,Annual,PayPal,3,True,10,1074.4158423316649,89.53465352763874
C04991,Starter,Month-to-Month,Invoice,38,True,0,1180.5815312298803,98.38179426915669
C04992,Professional,Annual,Invoice,26,False,0,6790.6328682657695,565.8860723554808
C04993,Starter,Annual,PayPal,45,True,0,1305.0530000739884,108.75441667283236
C04994,Professional,Month-to-Month,PayPal,48,False,10,5525.629032658006,460.4690860548338
C04995,Starter,Annual,PayPal,39,True,0,1382.4844728827272,115.20703940689394
C04996,Enterprise,Annual,Invoice,18,True,10,20506.664682648647,1708.888723554054
C04997,Starter,Annual,Invoice,3,True,0,1275.2255159680667,106.26879299733889
C04998,Starter,Annual,Credit Card,38,True,0,1139.4135525884462,94.95112938237052
C04999,Starter,Annual,Credit Card,42,False,0,1143.414588804813,95.28454906706776
C05000,Professional,Annual,Invoice,48,False,10,4283.189602868623,356.9324669057186
