customer_id,support_tickets_30d,support_tickets_90d,open_tickets,avg_resolution_hours,escalation_count
C00001,0,1,1,56.972647579302624,0
C00002,4,5,0,5.912568788951589,0
C00003,0,0,0,10.343050185195743,0
C00004,0,0,0,6.3865025158361926,0
C00005,3,3,0,61.766491100043424,0
C00006,1,4,0,7.757942747214829,0
C00007,1,2,0,10.202694202268061,0
C00008,0,1,0,20.8226242387241,0
C00009,1,1,3,23.85484563383852,0
C00010,0,1,0,10.82831146176365,0
C00011,0,3,0,9.647168057309722,0
C00012,5,6,0,20.392532247254476,0
C00013,0,2,0,4.66169007409792,0
C00014,5,9,3,36.193553503036874,2
C00015,9,9,1,34.004429222631835,0
C00016,0,1,0,7.891845228531992,0
C00017,1,1,0,6.394214426912027,0
C00018,0,2,0,11.15077669659827,0
C00019,0,1,0,5.23554903169345,0
C00020,0,0,0,13.895869710103256,0
C00021,0,1,0,10.053128858788613,0
C00022,1,2,0,11.16855937186016,0
C00023,0,2,0,1.0,0
C00024,0,2,0,11.757569327567424,0
C00025,0,0,0,16.046561653014006,0
C00026,0,0,0,15.574734205036087,0
C00027,6,6,2,25.339401855674218,0
C00028,1,2,0,3.421145843993692,0
C00029,4,6,1,1.0,0
C00030,1,1,0,16.027307184354992,0
C00031,1,1,0,1.0,0
C00032,0,0,0,12.917480912663843,0
C00033,4,4,0,7.681881145802194,0
C00034,5,7,0,32.9626052397994,0
C00035,4,5,0,89.45737295364464,0
C00036,0,2,0,2.37273509000822,0
C00037,0,0,0,7.577806386699968,0
C00038,0,1,0,11.692186816352153,0
C00039,4,5,3,33.27892392052704,3
C00040,0,1,0,13.51717876879737,0
C00041,1,1,3,86.73313258039404,0
C00042,1,2,0,19.383094879569242,0
C00043,6,8,0,43.14895615606945,0
C00044,1,1,0,33.152674158503764,0
C00045,3,5,0,47.867166493072816,0
C00046,1,2,0,49.36891270718714,0
C00047,0,3,0,13.20992653085296,0
C00048,0,1,0,16.907797157625645,0
C00049,0,1,1,57.7359876253724,0
C00050,1,3,0,4.674328063012011,0
C00051,3,4,1,69.6535425843866,1
C00052,0,1,0,7.660997554016289,0
C00053,1,1,0,11.489119319231207,0
C00054,0,0,0,16.38034620808915,0
C00055,2,2,0,1.0,0
C00056,0,0,0,10.918058089635934,0
C00057,0,1,0,19.50253990544421,0
C00058,1,2,0,6.7213378300256075,0
C00059,1,1,0,14.520154207311293,0
C00060,0,1,0,8.217529570599416,0
C00061,0,1,0,1.0,0
C00062,0,1,0,10.411248087153943,0
C00063,0,1,0,9.388280332581338,0
C00064,0,4,0,11.054722575755072,0
C00065,1,2,1,70.93812166165354,2
C00066,5,5,0,62.94791802840372,0
C00067,1,2,0,11.829339602265867,0
C00068,1,4,0,16.38765212966587,0
C00069,0,0,0,17.813523763059965,0
C00070,0,0,0,7.21996464517888,0
C00071,0,1,2,42.576789456820876,0
C00072,2,2,1,68.6837126469848,0
C00073,0,2,0,5.509178752882543,0
C00074,0,2,0,2.793224488896845,0
C00075,2,4,2,18.42683457719061,0
C00076,1,3,0,10.599678628158307,0
C00077,0,3,0,17.959958177376766,0
C00078,2,3,0,11.681232506537514,0
C00079,1,1,0,43.54334726370349,0
C00080,1,2,0,14.414587338545616,0
C00081,0,2,0,10.942579698494416,0
C00082,0,2,0,1.0,0
C00083,0,1,0,15.143265733987738,0
C00084,0,0,0,1.9185105034855265,0
C00085,0,2,0,14.220337950427723,0
C00086,0,2,0,9.582133923843992,0
C00087,0,2,0,11.873125083290368,0
C00088,1,2,0,4.037942265787725,0
C00089,2,2,3,22.00399695441294,0
C00090,1,3,0,9.959237700291073,0
C00091,3,4,1,49.135543966778016,0
C00092,0,1,0,9.660935001825397,0
C00093,0,1,0,26.45463914099673,0
C00094,2,2,0,17.28942081323146,0
C00095,1,3,0,11.015958799910528,0
C00096,2,4,0,10.81725607428191,0
C00097,2,5,0,4.731198696664752,0
C00098,1,2,0,14.702219022885876,0
C00099,0,3,2,22.33092218566321,0
C00100,5,5,2,54.02564108119451,1
C00101,0,2,0,19.117342538629735,0
C00102,0,1,0,12.625197365696415,0
C00103,1,1,0,11.007763723350262,0
C00104,0,1,0,55.95992927915357,0
C00105,2,2,3,22.10109692599528,3
C00106,1,2,0,11.376354368461717,0
C00107,0,0,0,1.0,0
C00108,1,1,0,34.029883862474264,0
C00109,1,2,0,32.7333965039516,0
C00110,0,0,0,1.0,0
C00111,0,1,0,16.364335041671445,0
C00112,0,2,0,31.048036066490763,0
C00113,1,2,0,14.441312856595731,0
C00114,0,1,0,31.215898963622866,0
C00115,0,1,0,1.2442638635025283,0
C00116,4,4,2,45.20845990033483,1
C00117,4,5,0,52.75600110684751,0
C00118,0,1,0,6.920216984126584,0
C00119,1,1,0,10.700878089842545,0
C00120,2,2,0,38.35879221881616,0
C00121,3,4,3,58.906471304727475,0
C00122,0,2,0,21.009349371914624,0
C00123,0,0,1,46.35423125920935,1
C00124,0,1,0,8.060217784468847,0
C00125,1,1,0,61.97946517454463,0
C00126,1,2,0,12.798268546125481,0
C00127,2,3,0,23.263755474116557,0
C00128,1,2,0,1.5961538555281631,0
C00129,0,0,0,26.720211721578867,0
C00130,3,3,0,18.655773367729545,0
C00131,1,3,0,27.64954327447271,0
C00132,0,0,0,13.905521360981178,0
C00133,0,1,0,11.09105610011337,0
C00134,0,1,0,44.01000441605706,0
C00135,0,3,0,17.079203583850088,0
C00136,0,1,0,12.06640085592967,0
C00137,0,0,0,9.526406416115558,0
C00138,0,3,0,22.168997878996393,0
C00139,0,1,0,11.078242693274248,0
C00140,1,2,0,16.238728966075435,0
C00141,0,0,0,18.147403905269623,0
C00142,4,7,2,39.81623777718254,0
C00143,0,0,0,14.135731594463705,0
C00144,0,1,0,20.991952215840517,0
C00145,1,3,0,10.826167047462688,0
C00146,1,1,0,10.206501315486717,0
C00147,1,2,0,16.18229553701505,0
C00148,1,1,0,38.13950715801786,0
C00149,0,0,0,1.0,0
C00150,0,2,0,9.927345832753911,0
C00151,2,3,0,13.628850776057556,0
C00152,0,1,0,12.782692071761744,0
C00153,0,0,0,19.650676715986492,0
C00154,0,2,0,41.456872230351834,0
C00155,0,2,0,9.866153609445908,0
C00156,0,1,0,12.533236045274496,0
C00157,2,2,0,21.206557483673286,0
C00158,1,1,0,11.194927731986585,0
C00159,1,3,2,4.631600636962297,0
C00160,0,1,0,19.450707971773223,0
C00161,1,2,0,12.261234619206439,0
C00162,0,0,0,15.24448285272038,0
C00163,1,1,0,9.132217108123275,0
C00164,1,1,0,17.754515866876396,0
C00165,0,0,0,9.536810296950742,0
C00166,0,0,0,7.9360371489877695,0
C00167,0,0,0,19.56839256930192,0
C00168,0,1,0,10.534880966163753,0
C00169,3,4,0,27.679092200057624,0
C00170,3,3,0,14.880290115957017,0
C00171,0,0,0,16.599868067075963,0
C00172,0,0,0,54.94129164657265,0
C00173,2,4,2,43.39370679662275,2
C00174,2,3,3,73.41154272704118,0
C00175,2,4,0,16.110400787505583,0
C00176,1,2,0,13.229260400335905,0
C00177,1,2,0,7.019157369852192,0
C00178,1,2,0,39.99027508852623,0
C00179,0,1,0,13.091603706569165,0
C00180,2,4,0,12.58941556238874,0
C00181,4,4,0,64.95376306831179,0
C00182,2,2,0,41.4519107767031,0
C00183,2,2,0,10.431432078658046,0
C00184,1,3,0,14.934037982286513,0
C00185,1,2,0,4.298991246271753,0
C00186,0,3,0,4.161012649234841,0
C00187,0,0,0,61.60189763585416,0
C00188,0,1,0,9.49909209969177,0
C00189,1,2,0,7.806625619092387,0
C00190,4,6,2,73.94211927481189,0
C00191,0,0,0,18.91508448584386,0
C00192,1,2,0,8.492239210434814,0
C00193,0,0,0,10.060960241399489,0
C00194,1,2,0,33.74124333607974,0
C00195,1,1,0,8.231005426373397,0
C00196,5,6,3,33.78452558100699,1
C00197,0,0,0,6.611780662741365,0
C00198,3,4,1,24.52556267982697,5
C00199,0,1,0,10.270673303195577,0
C00200,1,1,0,10.864615387850423,0
C00201,0,1,0,14.09814811764172,0
C00202,2,4,3,57.76295788746342,3
C00203,0,0,0,17.779724507504177,0
C00204,1,1,0,9.271409928045271,0
C00205,4,5,0,36.16919528713106,0
C00206,1,1,0,8.502225134717627,0
C00207,2,3,3,57.809622918112126,0
C00208,2,2,0,11.188029202732292,0
C00209,0,2,0,1.0,0
C00210,0,1,0,51.013990295154656,0
C00211,0,1,0,5.581378545179669,0
C00212,1,2,0,71.09685331941486,0
C00213,1,1,0,22.481043956602168,0
C00214,0,0,0,9.354568274538074,0
C00215,0,0,0,13.552622560774086,0
C00216,0,1,0,15.500539693642642,0
C00217,2,3,0,7.690939814374415,0
C00218,0,2,0,13.234445331822034,0
C00219,1,2,0,17.199378385832432,0
C00220,2,2,1,43.430873197760285,3
C00221,0,1,0,23.176355604597923,0
C00222,2,3,3,66.27304754742896,0
C00223,1,1,1,77.92592678945168,0
C00224,5,7,0,41.753967779098886,0
C00225,0,1,0,10.067987717704447,0
C00226,0,0,1,48.59965967412043,0
C00227,1,1,0,8.158648491855235,0
C00228,1,4,0,6.890162019692816,0
C00229,2,5,3,16.025391317093877,1
C00230,2,2,0,6.248073250445828,0
C00231,0,3,0,10.336649799295026,0
C00232,1,2,0,16.268538385781248,0
C00233,1,4,0,11.874780549928614,0
C00234,1,1,0,7.832746629436684,0
C00235,2,3,1,25.201072769582215,1
C00236,0,1,0,11.901265855132928,0
C00237,0,3,0,13.708561545399998,0
C00238,1,3,0,16.89566644675154,0
C00239,1,3,0,16.782018784259744,0
C00240,0,1,0,4.405228480095914,0
C00241,0,1,0,12.59728427511093,0
C00242,0,1,0,14.278162686496472,0
C00243,0,0,0,11.40377097015289,0
C00244,0,1,0,4.250056031718218,0
C00245,0,1,0,15.847018292283998,0
C00246,1,1,2,45.750466835862944,2
C00247,1,2,0,19.587622500435632,0
C00248,0,2,0,12.440365929364395,0
C00249,2,3,0,34.03108939825529,0
C00250,0,0,0,19.79839567998124,0
C00251,4,6,0,48.66230477443967,0
C00252,0,0,0,10.746629750041611,0
C00253,0,1,0,27.480712648922367,0
C00254,1,3,0,16.347123738239276,0
C00255,0,1,0,17.442074484830478,0
C00256,0,2,0,2.99755888250621,0
C00257,2,3,0,12.20054993361108,0
C00258,0,0,0,10.734559786961144,0
C00259,0,0,0,8.12264313788651,0
C00260,0,2,0,17.307675832427737,0
C00261,0,1,0,54.04650780220044,0
C00262,2,4,0,50.46462587174814,0
C00263,1,3,0,16.65273039194577,0
C00264,1,2,0,7.647771823596998,0
C00265,1,2,0,37.75656945073192,0
C00266,7,9,2,65.58057132316135,1
C00267,0,0,0,19.802415059069105,0
C00268,0,3,0,8.684750661567481,0
C00269,0,0,0,13.12977903491262,0
C00270,0,2,0,25.659771924493544,0
C00271,4,7,1,64.3704104437509,2
C00272,0,2,0,5.649237248375911,0
C00273,1,3,0,1.0,0
C00274,3,7,3,48.65368834083213,3
C00275,0,0,0,15.902808096899957,0
C00276,1,2,0,8.399148829649187,0
C00277,1,1,0,18.104333364526504,0
C00278,0,1,0,5.9638952383436035,0
C00279,0,0,0,11.684146451900736,0
C00280,0,2,0,13.119000543720434,0
C00281,0,0,0,16.239010665966084,0
C00282,2,4,0,16.81747786432063,0
C00283,2,2,2,25.784383687380327,0
C00284,0,2,0,14.032765525727763,0
C00285,0,2,0,5.350084529118149,0
C00286,1,2,0,10.253566204685818,0
C00287,0,0,0,13.305415221944353,0
C00288,0,1,0,13.895659905336927,0
C00289,0,3,0,11.363111117003502,0
C00290,0,1,0,7.885318453293776,0
C00291,4,4,0,65.94954989704968,0
C00292,0,0,0,22.6791626138666,0
C00293,0,1,0,13.831830873374797,0
C00294,1,2,0,12.902624695832536,0
C00295,0,0,0,16.948379151949837,0
C00296,0,2,0,6.927197123232978,0
C00297,1,4,0,45.36303464150762,0
C00298,1,4,0,75.82424203094084,0
C00299,0,1,0,9.141264989776943,0
C00300,1,1,0,14.409593726072842,0
C00301,0,0,0,10.740676347660038,0
C00302,1,1,0,6.327508669005518,0
C00303,0,2,0,13.535121050281482,0
C00304,1,3,0,29.85938811491575,0
C00305,2,6,1,77.04034668045372,0
C00306,0,0,0,6.4743058754687075,0
C00307,0,3,0,21.888256477342694,0
C00308,1,2,0,14.40613510381558,0
C00309,0,0,0,17.904501313557223,0
C00310,4,4,3,39.169804539356704,0
C00311,0,1,0,9.195063453795344,0
C00312,0,0,0,20.632257002670038,0
C00313,2,2,2,35.83983440175834,0
C00314,0,1,0,6.898190762513442,0
C00315,3,4,1,1.0,0
C00316,0,1,0,9.693620032466496,0
C00317,2,2,1,45.30721900591606,1
C00318,2,2,0,10.972295211375826,0
C00319,0,0,0,15.32052683516845,0
C00320,0,1,0,5.247948935894016,0
C00321,0,0,0,7.818836890412855,0
C00322,0,0,0,15.639155738682858,0
C00323,1,2,0,6.761312555937331,0
C00324,0,1,0,55.86874480358824,0
C00325,3,4,0,49.9740365316984,0
C00326,3,6,0,60.223111889836595,0
C00327,0,0,0,42.42285667446326,0
C00328,0,0,0,12.802439497055325,0
C00329,0,0,0,10.42120851155921,0
C00330,0,0,0,14.766226540177403,0
C00331,1,2,0,18.242489884020372,0
C00332,0,3,0,60.753472006824936,0
C00333,0,0,0,71.87159560168189,0
C00334,1,2,0,30.01164710947918,0
C00335,3,3,1,47.40510550986661,0
C00336,0,2,0,1.2993665180579832,0
C00337,2,2,1,13.476531614808152,0
C00338,0,0,0,17.730885029191512,0
C00339,3,4,2,40.4576152010379,0
C00340,0,3,0,8.390452372908516,0
C00341,1,3,0,9.561160332573962,0
C00342,1,1,0,6.315392320072632,0
C00343,0,0,0,18.40509546374112,0
C00344,0,2,0,9.985737582188577,0
C00345,0,0,0,18.590656967895256,0
C00346,1,1,0,33.85273159790442,0
C00347,4,4,3,61.07012771750554,0
C00348,0,1,0,18.712551303372095,0
C00349,3,4,1,29.351379168841156,0
C00350,1,2,0,29.213649061636694,0
C00351,0,1,0,20.55238956540413,0
C00352,0,0,0,14.723747379425049,0
C00353,4,4,1,84.28979839736289,1
C00354,4,4,0,32.17086852100229,0
C00355,3,3,0,13.344713951695704,0
C00356,1,1,0,4.946295851018393,0
C00357,2,5,0,79.77619338516101,0
C00358,0,2,0,6.238571407949933,0
C00359,2,2,0,15.052539259799415,0
C00360,0,3,0,15.400851501802844,0
C00361,1,1,0,5.849336864343506,0
C00362,1,3,0,13.970766760665756,0
C00363,0,1,0,19.539729691930287,0
C00364,1,2,0,44.87953598200864,0
C00365,2,3,0,20.100248848947448,0
C00366,0,1,0,20.343988245671177,0
C00367,4,6,2,45.20562035322361,0
C00368,0,3,0,39.60406044567566,0
C00369,1,2,0,33.52136261608868,0
C00370,1,2,0,17.344585956486135,0
C00371,0,0,0,22.083874755928885,0
C00372,1,2,0,21.29608663388512,0
C00373,1,3,0,49.78790916575598,0
C00374,0,1,0,6.008833732567952,0
C00375,0,3,0,8.006064284023664,0
C00376,0,1,0,21.923757888733906,0
C00377,0,0,0,1.0,0
C00378,2,3,2,66.64334204457958,0
C00379,0,0,0,14.392774525557922,0
C00380,0,3,0,17.742791423416584,0
C00381,2,3,0,73.45301490453485,0
C00382,0,3,0,12.396496121742128,0
C00383,2,2,0,7.36725802794755,0
C00384,1,2,0,59.310561420656256,0
C00385,0,1,0,2.806827715056107,0
C00386,2,4,1,6.737409304469189,3
C00387,0,2,0,9.596768343917994,0
C00388,0,1,0,5.715807215571115,0
C00389,0,2,0,14.788216992105587,0
C00390,1,2,0,49.113598500262675,0
C00391,1,1,0,5.038849855844539,0
C00392,0,1,0,7.5411246390083155,0
C00393,2,2,0,15.762035654925104,0
C00394,0,0,0,8.88102340118238,0
C00395,0,0,0,15.526020336519533,0
C00396,3,4,0,10.31570739446175,0
C00397,0,2,0,14.082362853456576,0
C00398,0,1,0,16.854691992481897,0
C00399,0,0,0,15.810133170524965,0
C00400,0,0,0,69.21664020402582,0
C00401,0,1,0,14.062071038556514,0
C00402,2,4,0,1.0,0
C00403,3,5,0,48.04961393126656,0
C00404,5,6,3,36.484950600072395,2
C00405,0,1,0,1.1975406022984565,0
C00406,0,1,0,13.701489945431096,0
C00407,0,2,0,2.8009605703725136,0
C00408,0,2,0,10.559274855695321,0
C00409,2,4,0,9.45560799943588,0
C00410,0,3,0,24.423126296255223,0
C00411,1,1,1,39.93294770310141,0
C00412,0,1,0,14.268115306768586,0
C00413,0,1,0,5.9192248618939765,0
C00414,1,1,2,34.300497279357195,2
C00415,2,2,0,3.625038778957629,0
C00416,0,0,0,9.024298792380758,0
C00417,4,6,0,11.68346666201072,0
C00418,0,0,0,17.44809700000106,0
C00419,1,2,0,17.14433640863134,0
C00420,2,3,0,10.03396233292832,0
C00421,0,0,0,1.0,0
C00422,0,4,0,58.83386479938757,0
C00423,0,0,0,21.592113022419607,0
C00424,0,1,0,23.95901583018958,0
C00425,1,1,0,12.492624377569872,0
C00426,0,1,0,1.0,0
C00427,2,4,0,3.5537828043989244,0
C00428,3,3,1,64.88722040628981,0
C00429,1,2,0,21.964277274871982,0
C00430,0,2,0,69.66088528764188,0
C00431,1,2,0,10.816309505298022,0
C00432,3,4,1,32.97436454292826,0
C00433,0,4,0,4.6361466941039335,0
C00434,0,0,0,15.160172673295168,0
C00435,0,2,0,57.87671913033267,0
C00436,1,3,0,16.81265826611966,0
C00437,1,1,2,62.784684617457984,0
C00438,1,2,0,16.779644633952344,0
C00439,3,4,0,66.38845121999373,0
C00440,1,1,0,6.170510342925095,0
C00441,1,2,0,1.0,0
C00442,2,5,0,6.845382571617649,0
C00443,0,1,3,23.504921202775634,0
C00444,0,0,0,5.934813628496903,0
C00445,0,1,0,1.0,0
C00446,1,4,0,21.821662927092657,0
C00447,5,9,0,28.797019190099434,0
C00448,1,1,0,16.79044636596207,0
C00449,0,2,0,10.037779832630083,0
C00450,1,1,0,7.590821397520407,0
C00451,0,2,0,15.909877962822762,0
C00452,1,1,0,84.71693454623949,0
C00453,1,3,0,4.421710006091335,0
C00454,5,6,0,75.75310789189115,0
C00455,1,1,0,5.861834885950794,0
C00456,0,1,0,64.61621253328981,0
C00457,0,2,0,10.247932717287624,0
C00458,1,1,0,10.532969245185788,0
C00459,0,0,0,13.696744901763282,0
C00460,0,0,0,64.80782229795881,0
C00461,0,1,0,62.004380623586954,0
C00462,0,1,0,9.916082639317562,0
C00463,3,3,2,43.487420927575414,1
C00464,0,1,0,21.978573687930876,0
C00465,0,2,0,1.0,0
C00466,0,1,0,7.316201196293337,0
C00467,0,1,0,19.040324784293027,0
C00468,1,2,0,13.994970084663994,0
C00469,1,2,0,12.578663733537539,0
C00470,1,2,0,17.998025985010884,0
C00471,3,5,1,53.46739935459966,0
C00472,0,0,0,30.333946736274736,0
C00473,0,1,0,13.260984039082935,0
C00474,0,1,0,6.616101578234135,0
C00475,0,1,0,18.99407934033637,0
C00476,1,1,0,20.405720643177062,0
C00477,0,0,0,2.05349246606802,0
C00478,1,3,0,4.646449139774644,0
C00479,0,0,0,3.2613640018185883,0
C00480,1,1,0,19.9279617489095,0
C00481,1,2,0,16.805117997456637,0
C00482,0,0,0,2.9322405260459306,0
C00483,0,0,0,20.908093927946858,0
C00484,1,2,0,16.83411000667827,0
C00485,0,1,0,33.747329181852784,0
C00486,0,1,0,23.24971304625737,0
C00487,2,3,3,28.993412997504496,0
C00488,1,2,0,9.788140791295575,0
C00489,0,1,0,50.66753833393167,0
C00490,2,4,0,22.834227418658266,0
C00491,0,0,0,1.5020158148773213,0
C00492,2,2,0,21.919238754713867,0
C00493,0,3,0,11.082843582666875,0
C00494,0,1,0,5.143887731957566,0
C00495,2,5,0,21.215400245583194,0
C00496,1,2,0,7.6417024866539,0
C00497,0,2,0,4.57448976545351,0
C00498,0,1,0,15.424090763956357,0
C00499,0,0,0,14.463827696701248,0
C00500,0,5,0,1.0,0
C00501,1,2,0,20.722712941523028,0
C00502,0,1,0,21.333418833132043,0
C00503,1,3,0,21.308310901773616,0
C00504,0,1,0,14.741269803135788,0
C00505,1,1,0,8.130138763521135,0
C00506,0,0,0,8.446957822204554,0
C00507,1,1,0,12.361479734705629,0
C00508,1,2,2,65.52361131338255,0
C00509,2,5,3,70.89887731063902,3
C00510,1,1,0,8.280300106524823,0
C00511,1,1,0,11.628419013816647,0
C00512,6,6,1,44.563594859870385,2
C00513,2,2,0,55.599450399152644,0
C00514,0,0,0,12.480999430009474,0
C00515,0,0,0,22.8332844638091,0
C00516,0,2,0,14.677669297941186,0
C00517,0,1,0,14.439910092952301,0
C00518,1,2,0,11.24181407367726,0
C00519,0,2,0,19.34338966111848,0
C00520,0,0,0,16.513586410194126,0
C00521,0,1,0,17.433677053154085,0
C00522,0,1,0,15.876507439554112,0
C00523,4,6,3,4.558301680975063,1
C00524,0,1,0,80.02144346713209,0
C00525,1,3,0,13.489058877179321,0
C00526,0,1,0,18.686583669024547,0
C00527,0,0,0,16.525414376513407,0
C00528,3,3,0,4.350547683532292,0
C00529,1,2,0,12.875871901006258,0
C00530,0,2,0,43.606968574493976,0
C00531,0,1,0,23.77982048628911,0
C00532,0,2,0,14.205429978103648,0
C00533,1,1,1,40.82128148895117,0
C00534,1,3,0,13.085855575230052,0
C00535,2,3,0,69.82388563409263,0
C00536,0,0,0,13.749890005740326,0
C00537,1,2,2,57.71622478427387,0
C00538,0,2,0,10.3300683888541,0
C00539,1,2,1,29.540009440349053,2
C00540,2,4,0,11.25274231343683,0
C00541,0,2,0,20.192898126423742,0
C00542,4,5,2,86.87262617229021,1
C00543,1,1,0,10.272535359263506,0
C00544,0,0,0,19.03476673397436,0
C00545,0,1,0,25.281345714904237,0
C00546,0,2,0,17.792624022005583,0
C00547,1,3,0,11.63417389469298,0
C00548,1,3,0,8.085632780089483,0
C00549,5,6,3,100.39234108412961,0
C00550,0,3,0,5.085241111306344,0
C00551,0,0,0,10.902486062548228,0
C00552,3,3,0,31.68706558235123,0
C00553,0,0,0,18.539729431409235,0
C00554,1,3,0,9.894981022534544,0
C00555,0,2,0,15.173942081464943,0
C00556,0,0,0,14.181001393898867,0
C00557,0,2,0,11.84018545757709,0
C00558,4,5,1,43.134361924885496,1
C00559,0,0,0,13.912011410861428,0
C00560,0,0,0,11.21358167687068,0
C00561,3,8,3,101.62512465316,4
C00562,2,2,0,23.037598369660632,0
C00563,0,0,0,18.365790318502782,0
C00564,0,0,0,13.62077598519578,0
C00565,0,2,0,16.913747248573493,0
C00566,3,3,1,11.853866273113368,0
C00567,1,3,0,14.885997995530367,0
C00568,3,5,2,6.184505516979442,0
C00569,1,2,2,56.381107009828945,2
C00570,0,2,0,16.269357995175703,0
C00571,2,4,0,1.0,0
C00572,0,2,0,14.036650475947289,0
C00573,2,3,2,51.884769272111654,1
C00574,1,1,0,18.842856613436865,0
C00575,0,4,0,7.069115427278465,0
C00576,0,0,0,11.990947903328287,0
C00577,0,1,0,6.829735072563007,0
C00578,0,1,0,15.017860342110293,0
C00579,1,3,0,16.095356046565275,0
C00580,0,1,0,17.256098532732814,0
C00581,0,2,0,11.88093814328177,0
C00582,2,2,0,18.395790173738938,0
C00583,1,1,0,9.650298883090084,0
C00584,0,1,0,2.6174048712313382,0
C00585,0,0,0,19.213441752418767,0
C00586,3,3,0,3.0998092216180364,0
C00587,0,2,0,12.557506119810322,0
C00588,0,3,0,6.184561852767283,0
C00589,1,5,0,2.857882033240177,0
C00590,6,7,3,1.0,0
C00591,0,1,0,42.759020988678785,0
C00592,6,7,1,80.97348511944722,1
C00593,0,4,0,8.04275220773214,0
C00594,1,2,0,12.295121878858312,0
C00595,1,2,3,60.57859308569683,0
C00596,0,1,0,15.834668723065374,0
C00597,1,2,0,15.156975493809142,0
C00598,3,4,0,52.62101705706341,0
C00599,1,1,0,22.32149058266473,0
C00600,0,0,0,69.30236329589343,0
C00601,0,2,0,16.321289651344753,0
C00602,0,1,0,10.442973552162519,0
C00603,1,3,0,15.138598271465,0
C00604,0,0,0,17.757523582270906,0
C00605,3,5,3,95.45459866237415,0
C00606,1,1,0,20.23611914436121,0
C00607,1,3,0,18.975459754106286,0
C00608,0,1,0,2.8764345078614966,0
C00609,1,2,0,45.69911463120144,0
C00610,1,2,0,47.99914039850704,0
C00611,1,1,0,6.433393706834124,0
C00612,2,2,1,39.49951593126354,0
C00613,3,4,2,42.7633377599539,0
C00614,0,1,0,16.646393140278906,0
C00615,4,4,2,51.07221854761661,0
C00616,2,4,0,59.01256319599255,0
C00617,1,4,1,59.336854445229946,0
C00618,1,1,0,10.418580914523531,0
C00619,2,3,0,14.377519849955299,0
C00620,1,1,0,6.288257019974428,0
C00621,2,3,0,64.8993742147702,0
C00622,0,1,0,5.192134864012452,0
C00623,1,1,0,11.020525337713238,0
C00624,0,0,0,18.06992806506186,0
C00625,0,0,0,4.909209410795999,0
C00626,0,0,0,21.194157027298296,0
C00627,1,3,2,1.0,0
C00628,4,4,0,65.19861681399993,0
C00629,0,0,0,13.617491937014284,0
C00630,3,4,1,46.66476868523714,0
C00631,0,2,0,15.88270881419471,0
C00632,0,1,0,16.621226808008267,0
C00633,0,0,0,12.006218948125124,0
C00634,0,1,1,55.963163627641684,3
C00635,1,2,0,18.472976839977505,0
C00636,0,1,0,10.129816811114846,0
C00637,0,1,0,17.350225205354697,0
C00638,0,1,0,19.58395393252257,0
C00639,7,8,2,66.8569593751217,0
C00640,0,0,0,6.048412225068015,0
C00641,1,1,0,13.972289119775109,0
C00642,0,0,0,34.839744674415435,0
C00643,0,1,0,4.334200280999664,0
C00644,1,1,0,7.661424589184304,0
C00645,0,2,0,52.97333109278005,0
C00646,1,3,1,43.58138392516789,0
C00647,0,0,0,19.15676313279379,0
C00648,2,4,2,63.258123445345106,0
C00649,1,3,0,16.707512452936463,0
C00650,0,1,0,18.719751797025033,0
C00651,0,2,0,3.988298585859802,0
C00652,1,2,0,11.466738035273615,0
C00653,2,3,0,6.766109417208009,0
C00654,2,2,0,6.843148020529124,0
C00655,1,2,0,7.083968386239494,0
C00656,1,3,0,40.329417229681624,0
C00657,1,2,0,17.41428451870466,0
C00658,1,1,0,47.97194449622121,0
C00659,0,2,0,13.236209475726115,0
C00660,3,3,0,9.143335720302769,0
C00661,0,1,0,2.0548624302753637,0
C00662,0,3,0,22.342465159521822,0
C00663,2,4,0,10.151660157987308,0
C00664,0,0,0,4.265081495181132,0
C00665,1,1,1,11.623226499635777,2
C00666,1,3,0,19.876721060869613,0
C00667,1,4,0,19.807842104168213,0
C00668,3,4,0,4.626004038227352,0
C00669,0,0,0,4.3016023640132754,0
C00670,0,0,0,13.27723051032215,0
C00671,0,0,0,19.735107487532975,0
C00672,1,1,0,62.13232952627352,0
C00673,0,0,0,15.03623193696987,0
C00674,2,3,3,47.24376650768805,0
C00675,0,1,0,12.780213436267353,0
C00676,1,4,0,16.678254535648026,0
C00677,1,2,0,10.931677285317724,0
C00678,2,3,0,13.438178815038006,0
C00679,0,3,0,57.524596078194364,0
C00680,1,1,0,77.005293278946,0
C00681,0,2,0,9.818504585469967,0
C00682,0,1,0,6.490347824080885,0
C00683,2,3,1,19.311617812745755,0
C00684,0,0,0,9.853391299933321,0
C00685,0,0,0,7.450292268935524,0
C00686,3,3,2,38.1508264191203,3
C00687,8,11,1,31.971868461368803,0
C00688,2,3,0,1.0,0
C00689,1,2,0,16.106629247335896,0
C00690,0,0,0,20.79895195454434,0
C00691,0,1,0,6.716337980297257,0
C00692,0,3,0,36.194266270296396,0
C00693,0,0,0,15.069833549653277,0
C00694,1,2,0,16.665164502930644,0
C00695,1,5,0,15.544496229197032,0
C00696,6,9,0,47.661000485996325,0
C00697,0,1,0,8.278516685231647,0
C00698,1,2,1,24.52945192071337,0
C00699,1,2,0,56.233290305860464,0
C00700,0,1,0,17.899642988806907,0
C00701,0,0,0,11.088635589006993,0
C00702,0,2,0,9.210040643367599,0
C00703,0,0,0,5.130935535076922,0
C00704,2,4,2,46.12103253826184,0
C00705,0,0,0,10.042296549360994,0
C00706,3,3,3,65.6968410423303,0
C00707,0,1,0,5.436313875075356,0
C00708,0,1,0,19.1539038483945,0
C00709,1,2,0,16.204834699222417,0
C00710,0,0,0,40.24869063472491,0
C00711,0,1,0,12.147100548328334,0
C00712,0,0,0,14.302971739216812,0
C00713,0,1,0,12.748771831384834,0
C00714,1,2,0,22.26514785760598,0
C00715,0,0,0,10.037542524865986,0
C00716,8,9,2,106.69912991215143,0
C00717,3,4,0,19.3916418320533,0
C00718,0,0,0,7.264230045185622,0
C00719,2,3,0,12.306711496732689,0
C00720,2,3,0,5.6561024786532625,0
C00721,0,4,0,47.24871959921201,0
C00722,0,1,0,62.66152629481743,0
C00723,0,1,0,85.08517600561612,0
C00724,1,2,0,55.27752793477706,0
C00725,0,2,0,11.978517391544012,0
C00726,0,1,3,73.5637889732834,1
C00727,1,1,0,2.9439625449919067,0
C00728,3,6,0,64.67302756691477,0
C00729,0,2,0,25.24289148040519,0
C00730,2,4,0,7.6432205682912295,0
C00731,1,1,0,17.18395669958511,0
C00732,1,1,0,10.382511385786211,0
C00733,1,3,0,13.263193387283385,0
C00734,1,2,0,6.476731218257995,0
C00735,1,2,0,12.088294846794657,0
C00736,1,1,0,32.311962574624296,0
C00737,0,2,0,15.445419635127442,0
C00738,0,0,0,17.5723024789089,0
C00739,0,1,0,22.889164460182247,0
C00740,1,1,0,2.0145630898979228,0
C00741,0,1,0,4.2905278101472,0
C00742,1,4,3,29.579374492540115,2
C00743,0,0,0,12.294543579644563,0
C00744,0,0,0,12.360430511778947,0
C00745,0,2,0,14.391624289634724,0
C00746,4,7,0,30.534353861417166,0
C00747,0,2,0,6.314520781332817,0
C00748,1,3,0,10.68767313908407,0
C00749,0,1,0,8.38955397825524,0
C00750,0,3,0,16.86420006418926,0
C00751,0,1,0,9.773776150659124,0
C00752,0,2,0,5.0195263139410216,0
C00753,2,2,0,16.709966889965393,0
C00754,1,2,0,23.350966885550783,0
C00755,7,7,0,65.0762601114669,0
C00756,0,0,0,12.670352952565224,0
C00757,1,3,0,13.871966678199605,0
C00758,1,1,0,2.366055107709574,0
C00759,0,3,0,7.047247402490526,0
C00760,0,1,0,17.795653404749487,0
C00761,0,1,0,14.219337351663773,0
C00762,1,1,0,12.683787032978303,0
C00763,0,0,0,18.73867783982121,0
C00764,2,4,0,96.79231152044656,0
C00765,1,2,0,7.782123254307479,0
C00766,1,1,0,10.658069639704816,0
C00767,0,2,0,11.135004381549475,0
C00768,4,8,3,15.69783707007521,0
C00769,1,1,0,15.837503370939082,0
C00770,3,4,3,95.59042766172918,0
C00771,0,0,0,9.805405650734624,0
C00772,0,0,0,13.31610027668199,0
C00773,0,1,0,15.467534173249204,0
C00774,0,1,0,6.715955826416921,0
C00775,0,0,0,4.202321024430962,0
C00776,1,2,0,47.51559153690306,0
C00777,0,1,0,5.645305865981051,0
C00778,0,0,0,1.0,0
C00779,0,1,0,13.19689658434411,0
C00780,1,2,2,40.46118845939666,2
C00781,1,1,0,9.405017851102027,0
C00782,2,3,0,8.176872883454024,0
C00783,0,0,0,5.846949763757482,0
C00784,0,0,0,12.049979993622413,0
C00785,4,4,3,62.63341936559937,0
C00786,1,4,0,13.4977166582228,0
C00787,0,1,0,11.056122495628227,0
C00788,0,2,0,17.53085041864101,0
C00789,0,0,0,9.111321779756455,0
C00790,1,1,0,7.7503215560350665,0
C00791,1,2,0,11.547247353655543,0
C00792,2,2,2,60.21806260293516,0
C00793,3,6,0,43.3311545401244,0
C00794,2,2,0,47.39448958229834,0
C00795,0,0,0,47.92895542436651,0
C00796,1,2,0,10.02928646811353,0
C00797,0,1,0,6.343771331851811,0
C00798,0,0,0,44.3996823296252,0
C00799,1,2,0,21.079259957241575,0
C00800,0,0,0,8.059410803369538,0
C00801,1,1,0,60.683671356639636,0
C00802,3,3,3,7.646562345828826,0
C00803,0,3,0,11.236159359407088,0
C00804,1,2,0,13.516111400292717,0
C00805,1,2,0,23.257859418490423,0
C00806,0,1,0,1.0,0
C00807,0,1,0,68.49526150803283,0
C00808,0,0,0,8.975347611827761,0
C00809,1,3,0,20.409872452843338,0
C00810,7,7,1,28.034693595694574,2
C00811,0,2,0,2.773150649575797,0
C00812,0,2,0,4.698746634145091,0
C00813,0,4,0,11.673777917707495,0
C00814,3,4,1,21.326105300608916,0
C00815,3,4,0,41.1530603251266,0
C00816,0,2,0,7.298227143548142,0
C00817,0,1,0,15.719456502727743,0
C00818,3,5,3,62.25546437266558,2
C00819,0,2,0,13.84851215542312,0
C00820,2,4,0,9.370083642490794,0
C00821,0,2,0,20.6249329847315,0
C00822,1,1,0,9.949106536064024,0
C00823,1,2,0,24.505906170775678,0
C00824,1,3,1,51.45520151960552,1
C00825,1,3,0,18.86008650337582,0
C00826,4,4,0,63.219260383919774,0
C00827,1,1,0,63.94941860193475,0
C00828,1,1,0,7.631283468383536,0
C00829,1,3,3,77.16231067852576,1
C00830,0,0,0,20.707664940237414,0
C00831,1,1,0,10.55469790720129,0
C00832,0,0,0,7.47997877693912,0
C00833,0,3,0,13.843326523999638,0
C00834,0,0,0,11.524505560461535,0
C00835,1,3,0,18.911721446605497,0
C00836,0,0,0,21.91055854012025,0
C00837,0,2,0,8.007944673294656,0
C00838,0,1,0,77.37112771210015,0
C00839,0,2,0,42.89152718894242,0
C00840,0,0,0,14.769592134493527,0
C00841,0,2,0,14.27697733185093,0
C00842,0,0,0,8.079732734751069,0
C00843,2,3,0,10.724142321218055,0
C00844,0,1,0,18.160591745042364,0
C00845,0,0,0,67.64019076496182,0
C00846,0,1,0,68.00339167456139,0
C00847,0,0,0,7.409248485308635,0
C00848,0,1,0,7.577639522208976,0
C00849,0,0,0,9.887522284260681,0
C00850,0,3,0,51.71631343329217,0
C00851,3,3,3,38.33353766370448,1
C00852,2,2,0,13.871651468227979,0
C00853,0,4,0,12.437111614058603,0
C00854,0,0,0,8.066925399711645,0
C00855,3,4,2,53.273490859017954,0
C00856,3,3,3,46.941173649611024,0
C00857,3,3,3,74.54385818459635,0
C00858,1,1,0,3.037609975267113,0
C00859,1,4,0,24.82629544456324,0
C00860,2,3,1,39.28335395555312,0
C00861,4,5,1,67.98689897249577,0
C00862,0,0,0,11.070315694575772,0
C00863,0,2,0,39.72724602016291,0
C00864,4,5,3,6.479244901428132,1
C00865,1,1,2,78.63146978605536,0
C00866,2,3,0,68.1747308501575,0
C00867,0,0,0,17.196948237446794,0
C00868,0,0,0,62.145179844713155,0
C00869,0,3,0,6.378357421431656,0
C00870,0,0,0,8.376488528282401,0
C00871,1,2,0,6.2746404685708725,0
C00872,1,1,0,10.81843959191085,0
C00873,0,1,0,11.860406225726113,0
C00874,0,1,0,15.144057796378245,0
C00875,1,1,0,4.302892304550541,0
C00876,0,1,0,9.81031891586034,0
C00877,0,1,0,16.183086911390795,0
C00878,7,8,0,59.77762956565418,0
C00879,1,1,0,1.1127984609191177,0
C00880,1,4,0,56.499207953511245,0
C00881,0,2,0,10.97157553297045,0
C00882,0,3,0,3.1962528452168097,0
C00883,0,1,0,8.971987423404858,0
C00884,6,7,0,50.338313878403554,0
C00885,0,2,0,1.0,0
C00886,0,3,0,12.690488056502103,0
C00887,0,0,0,32.40459744048141,0
C00888,0,3,0,30.60112632670192,0
C00889,0,0,0,15.83530791344549,0
C00890,0,2,0,5.261125175760412,0
C00891,1,2,0,10.574670851933451,0
C00892,1,3,0,9.17372440371137,0
C00893,4,4,3,26.26739341604311,1
C00894,1,2,0,9.709728075163063,0
C00895,2,2,0,18.930402183174387,0
C00896,1,1,0,13.723167495799455,0
C00897,1,1,0,13.873271725830334,0
C00898,1,2,2,50.813470206617225,0
C00899,4,4,2,21.274995579956652,0
C00900,0,1,0,47.80152638769047,0
C00901,1,5,0,19.409590377539097,0
C00902,2,2,3,67.29561976724415,0
C00903,0,1,0,12.97562273875052,0
C00904,0,1,0,26.8067174010457,0
C00905,2,4,0,13.979409181961012,0
C00906,1,1,0,6.071374862005521,0
C00907,5,7,3,86.85482833539609,0
C00908,2,3,1,4.253031151237806,3
C00909,1,2,1,24.49380957937165,1
C00910,0,0,0,6.235710989201104,0
C00911,0,1,0,7.600773472469571,0
C00912,1,1,1,27.972332793414726,1
C00913,1,1,0,4.548674285673822,0
C00914,0,0,0,9.938814575514613,0
C00915,0,1,0,21.85024752485775,0
C00916,0,1,0,13.49770921494431,0
C00917,4,5,2,23.735158812187926,0
C00918,1,5,0,7.296568697659383,0
C00919,0,1,0,7.614192005404279,0
C00920,0,2,0,14.023064466942914,0
C00921,1,2,0,12.065759801723011,0
C00922,0,1,0,17.91449172544271,0
C00923,0,1,0,9.81251198960986,0
C00924,4,7,1,49.25003283398817,5
C00925,8,8,0,19.417980821443614,0
C00926,1,1,0,7.681165233409441,0
C00927,0,2,0,62.213094112269886,0
C00928,4,5,0,50.197170290497084,0
C00929,0,0,0,14.97928397048096,0
C00930,1,2,0,3.754704557546475,0
C00931,2,2,2,30.135141444958663,0
C00932,1,2,0,13.570537648487619,0
C00933,0,0,0,15.747081070462919,0
C00934,1,1,0,60.099488047982774,0
C00935,0,0,0,10.071646449162703,0
C00936,3,3,0,42.21487317747096,0
C00937,0,2,0,35.63299327510819,0
C00938,1,3,0,34.382521860783086,0
C00939,0,3,0,16.83867281061509,0
C00940,4,6,1,40.86913681944631,0
C00941,0,2,0,13.08708015102436,0
C00942,1,1,0,59.89785797893218,0
C00943,0,0,0,4.11235404088951,0
C00944,0,0,0,14.505356022814718,0
C00945,0,1,0,15.241685451976785,0
C00946,0,1,0,9.048793747677026,0
C00947,0,1,0,10.805439424171428,0
C00948,1,2,0,22.35996733221471,0
C00949,0,0,0,19.951921014863,0
C00950,2,3,0,9.43159475358549,0
C00951,0,2,0,14.763625489426628,0
C00952,0,1,0,16.94402654657542,0
C00953,0,0,0,9.756346846380495,0
C00954,2,2,1,25.035904609051038,0
C00955,1,4,0,13.488786682816139,0
C00956,0,2,0,9.584100160271277,0
C00957,0,1,0,6.743025239597533,0
C00958,1,2,0,10.529144225633843,0
C00959,0,0,0,11.555288485117373,0
C00960,2,3,0,21.647468121294466,0
C00961,0,0,0,7.905032190461204,0
C00962,0,2,0,12.703233874580988,0
C00963,0,0,0,3.8272451215867953,0
C00964,1,2,0,10.189961649419043,0
C00965,0,1,0,25.36642683537778,0
C00966,0,0,0,18.24038440405517,0
C00967,0,2,0,46.670114919923684,0
C00968,1,6,0,11.648500249415893,0
C00969,4,5,2,35.59336601346324,0
C00970,4,5,3,51.92783767478726,0
C00971,4,4,3,83.27399319812346,2
C00972,0,2,0,4.713646064492717,0
C00973,0,1,0,14.80006105068035,0
C00974,0,2,0,20.577908420583974,0
C00975,2,2,1,37.150346755993176,0
C00976,0,1,0,8.820702523693859,0
C00977,0,0,0,12.654357232338597,0
C00978,0,0,0,10.064971810339312,0
C00979,1,1,0,12.147609450759386,0
C00980,5,5,0,50.66850246822001,0
C00981,0,1,0,16.39914763685073,0
C00982,0,2,0,18.964712391325417,0
C00983,0,0,0,14.5623223529765,0
C00984,0,0,0,3.0996061060120415,0
C00985,0,0,0,12.802435093765297,0
C00986,1,1,0,12.710752174010718,0
C00987,1,1,0,53.960359586831146,0
C00988,0,2,0,42.579852532507935,0
C00989,0,0,0,21.542548253538186,0
C00990,1,2,1,44.06246726595326,0
C00991,0,0,0,14.12503146324752,0
C00992,1,4,0,18.187044416600678,0
C00993,0,0,0,21.762247380475422,0
C00994,1,5,0,11.498394239526117,0
C00995,0,2,0,11.121029701701508,0
C00996,0,0,0,10.68040764524863,0
C00997,0,1,0,21.406844103947343,0
C00998,0,1,0,3.0482546134172477,0
C00999,0,1,0,13.434116442842734,0
C01000,0,0,0,22.219766145318772,0
C01001,0,3,0,9.18724860765754,0
C01002,0,2,0,11.469879794324743,0
C01003,6,8,3,8.371897858362047,1
C01004,0,2,0,56.67666668809695,0
C01005,1,2,0,11.461400890074467,0
C01006,1,1,0,6.6273185769952745,0
C01007,1,1,0,21.058745535078188,0
C01008,1,1,0,43.985742701878515,0
C01009,0,1,0,5.706912509097126,0
C01010,0,1,0,11.443878821906953,0
C01011,0,0,0,36.958726109506884,0
C01012,0,2,0,13.173913385880644,0
C01013,1,4,0,8.191194773921701,0
C01014,3,3,0,86.74534562792365,0
C01015,0,2,0,60.34068512789189,0
C01016,1,2,0,1.0,0
C01017,2,4,1,55.21910149295546,0
C01018,0,0,0,13.660573848300258,0
C01019,1,1,0,18.580132443853277,0
C01020,1,1,0,7.464814848658751,0
C01021,0,1,0,13.521779752788913,0
C01022,0,1,0,17.601040009597483,0
C01023,0,0,0,10.127657583633834,0
C01024,1,1,1,21.735145576196665,0
C01025,1,1,0,13.798889438729923,0
C01026,0,0,0,7.99679640368653,0
C01027,1,1,0,9.07128837973689,0
C01028,1,1,0,13.840441832907665,0
C01029,1,3,0,3.249863534227014,0
C01030,1,3,0,19.649051807890174,0
C01031,0,1,0,7.870538037989215,0
C01032,0,0,0,11.31815696972948,0
C01033,0,0,0,23.6067745233787,0
C01034,3,3,1,35.787602348344095,0
C01035,1,2,0,10.345640443303502,0
C01036,0,1,0,7.697716966545846,0
C01037,0,0,0,9.58192061086198,0
C01038,1,3,0,8.813041617530834,0
C01039,1,1,0,7.418193787207529,0
C01040,0,1,0,32.143026318610666,0
C01041,0,1,0,6.9843241952883135,0
C01042,2,5,2,33.29909034107711,4
C01043,0,2,0,12.342980050909961,0
C01044,0,4,0,17.58065377955177,0
C01045,4,5,3,56.22758582687358,1
C01046,0,3,0,1.2446587420957513,0
C01047,0,0,0,41.199396956299935,0
C01048,0,1,0,13.793325477714284,0
C01049,0,1,0,73.12313679984007,0
C01050,0,2,0,18.75621011971812,0
C01051,1,2,0,14.614591389824778,0
C01052,1,1,0,2.5016408290588323,0
C01053,0,0,0,23.189851562804,0
C01054,1,1,0,14.197845003275194,0
C01055,4,5,1,50.17384892979619,4
C01056,1,1,0,25.477979828546253,0
C01057,0,2,0,1.0,0
C01058,0,0,0,12.241701428143335,0
C01059,1,3,0,46.79179992849606,0
C01060,7,8,3,68.00328744927886,0
C01061,0,5,0,9.199843812979509,0
C01062,0,0,0,6.001231080058874,0
C01063,2,3,3,73.38145064135475,0
C01064,1,3,0,7.548406788428592,0
C01065,0,2,0,22.109147365934398,0
C01066,2,3,0,11.024201261570683,0
C01067,1,1,0,8.267174693776827,0
C01068,0,1,0,8.962821092392112,0
C01069,0,0,0,12.665787335166371,0
C01070,0,1,0,13.582639558934332,0
C01071,1,2,0,18.871417902152828,0
C01072,0,0,0,14.94352260272451,0
C01073,2,4,0,13.25481529865841,0
C01074,1,2,0,9.518310280154864,0
C01075,0,1,0,11.340293924634251,0
C01076,0,1,0,8.992689204688224,0
C01077,0,2,0,14.427679376107244,0
C01078,0,0,0,15.652793588431978,0
C01079,1,3,0,3.4984902349186644,0
C01080,0,0,0,15.671393030993436,0
C01081,0,1,0,9.727503667410796,0
C01082,4,6,1,63.943337214399214,3
C01083,0,0,0,13.460367826873707,0
C01084,1,2,0,26.93593006737926,0
C01085,1,1,0,16.422342000009408,0
C01086,2,4,3,84.5525716309827,1
C01087,0,1,0,28.65047986152351,0
C01088,1,4,0,2.580195221903981,0
C01089,2,4,0,17.214613969361228,0
C01090,0,0,0,3.120280334731989,0
C01091,2,2,0,8.154068137321342,0
C01092,1,1,0,16.487026937641616,0
C01093,1,2,0,15.119172096093958,0
C01094,8,10,2,31.452448482741207,0
C01095,0,3,0,19.23390549946579,0
C01096,0,0,0,9.074640121232779,0
C01097,4,5,2,26.29620483972374,2
C01098,2,2,0,21.97541441714018,0
C01099,0,1,0,13.062904879005162,0
C01100,1,2,0,14.861043151936482,0
C01101,0,2,0,21.884775162810875,0
C01102,0,2,0,22.420829546646036,0
C01103,0,0,0,17.194294885205778,0
C01104,1,1,0,13.331533142610002,0
C01105,0,1,0,25.82424523182396,0
C01106,1,2,0,51.841387278258146,0
C01107,5,6,2,1.0,0
C01108,5,5,2,1.0,4
C01109,3,3,2,104.87533283855973,0
C01110,0,1,0,24.875406638140376,0
C01111,0,3,0,13.636650949069764,0
C01112,0,0,0,16.12585182441432,0
C01113,0,0,0,5.839159185461522,0
C01114,1,2,0,10.394541617395626,0
C01115,2,3,0,11.963316359111893,0
C01116,0,2,0,50.002768565514415,0
C01117,1,3,0,8.485880323833552,0
C01118,0,1,0,27.959704309860694,0
C01119,1,2,0,21.06251206694222,0
C01120,0,0,0,1.0,0
C01121,0,1,0,7.988795365245836,0
C01122,2,3,3,93.91830272039527,3
C01123,7,8,2,84.26556862657432,1
C01124,1,1,0,10.752440065883041,0
C01125,2,4,1,12.65349906994588,1
C01126,0,0,0,10.402707765313863,0
C01127,0,3,0,16.96405438770352,0
C01128,1,1,0,12.362433053905947,0
C01129,0,1,0,30.84499881879235,0
C01130,0,1,0,13.469552495324578,0
C01131,0,0,0,11.590195953863137,0
C01132,0,1,0,2.9525877887491383,0
C01133,0,1,0,20.383863537491095,0
C01134,0,2,0,10.673429652058015,0
C01135,0,1,0,72.6014215851792,0
C01136,0,2,0,6.154561743173186,0
C01137,2,2,3,61.00371575066289,0
C01138,3,3,3,95.10396625651855,3
C01139,0,0,0,15.449064093252344,0
C01140,0,0,0,15.519534068448088,0
C01141,1,5,0,13.889864931113737,0
C01142,2,4,0,12.317423266479608,0
C01143,1,2,0,8.994836574116224,0
C01144,1,3,0,16.208714726285063,0
C01145,0,1,0,11.659692934448287,0
C01146,0,1,0,8.514113294759268,0
C01147,1,1,0,15.683537326060334,0
C01148,0,1,0,4.9813032806695645,0
C01149,2,2,3,83.16873426821157,0
C01150,0,1,0,10.286048460624205,0
C01151,1,3,0,5.585755361155302,0
C01152,0,1,0,7.322540484092425,0
C01153,0,1,0,19.336997701271038,0
C01154,0,0,0,38.48372063897028,0
C01155,1,2,0,8.204553998727103,0
C01156,0,0,0,12.862782537126112,0
C01157,3,4,0,15.158881450480152,0
C01158,2,2,0,16.095864147697966,0
C01159,0,1,0,78.95488465335112,0
C01160,0,1,0,62.13529820663991,0
C01161,5,6,0,51.42947162322656,0
C01162,1,1,2,86.51993108773492,2
C01163,0,1,0,12.42655941015349,0
C01164,0,1,0,11.813535667991323,0
C01165,2,3,0,9.883148624087097,0
C01166,1,1,0,9.726226110740514,0
C01167,1,1,0,8.422831708413463,0
C01168,1,5,2,24.266540243201934,0
C01169,0,0,0,24.675680096944692,0
C01170,0,1,0,1.6141497235424094,0
C01171,2,2,0,22.090707343702455,0
C01172,0,0,0,62.39942073041155,0
C01173,0,0,0,24.74139688483568,0
C01174,0,0,0,12.624196801853326,0
C01175,0,1,0,5.555571488703549,0
C01176,1,1,0,8.014325107301921,0
C01177,0,1,3,92.40404584669946,1
C01178,5,5,1,36.83040300331637,3
C01179,0,0,0,15.494138236588862,0
C01180,0,2,0,9.192603941492784,0
C01181,3,3,0,67.95779019414063,0
C01182,0,1,0,10.92839842405744,0
C01183,0,0,0,5.689306334466769,0
C01184,0,0,0,18.84325400565232,0
C01185,1,1,0,11.04372516318308,0
C01186,0,0,1,73.69158788643446,1
C01187,0,0,0,16.900190067203482,0
C01188,4,5,0,33.20909524656733,0
C01189,0,1,0,22.20534792565227,0
C01190,0,0,0,20.78180623206908,0
C01191,0,3,0,9.694376116862124,0
C01192,7,8,2,51.97536653685496,0
C01193,0,1,0,8.437818197985958,0
C01194,0,0,0,16.701895002295842,0
C01195,1,2,0,2.825476773173742,0
C01196,0,0,0,15.577361667378838,0
C01197,0,0,0,21.33881275179748,0
C01198,4,6,0,40.912275626114244,0
C01199,1,1,0,20.750480282069624,0
C01200,0,1,0,59.2245446040196,0
C01201,1,2,0,8.901086661410236,0
C01202,2,3,0,2.004740258685871,0
C01203,0,1,0,9.004765060565802,0
C01204,0,1,0,49.23293744763645,0
C01205,0,1,0,64.1501831399376,0
C01206,1,1,0,5.008003874291861,0
C01207,0,1,0,73.54308283130743,0
C01208,0,0,0,9.695348002814262,0
C01209,0,0,0,10.86251632954886,0
C01210,1,1,0,8.92545162638614,0
C01211,0,2,0,7.383714798822758,0
C01212,0,2,0,9.097189674639454,0
C01213,2,3,0,13.52571809645721,0
C01214,1,2,0,15.08594756804181,0
C01215,0,2,0,19.71564258879632,0
C01216,1,2,0,7.946421934738393,0
C01217,0,2,0,41.157333480156325,0
C01218,1,2,0,10.110243774937096,0
C01219,1,3,0,7.135261035851524,0
C01220,7,8,3,45.65571302245282,1
C01221,4,6,1,51.581057659597235,0
C01222,5,6,2,68.51452526345896,1
C01223,0,0,0,17.756502713049134,0
C01224,0,1,0,16.779908978615133,0
C01225,0,0,0,9.230592948851339,0
C01226,2,5,0,4.769510900433954,0
C01227,0,2,0,15.379561361973671,0
C01228,1,1,0,11.122099749999558,0
C01229,0,0,0,21.732499051033038,0
C01230,4,5,0,47.74549747963989,0
C01231,0,1,0,9.838968072058524,0
C01232,3,5,0,15.976532361127227,0
C01233,5,6,2,25.127945862753506,1
C01234,1,1,0,108.77122769647278,0
C01235,0,1,0,10.243278165638257,0
C01236,0,1,0,9.655878439849312,0
C01237,0,1,0,17.337834868240165,0
C01238,1,1,0,13.8905892791194,0
C01239,0,0,0,8.946017632854534,0
C01240,0,2,0,4.217709872739922,0
C01241,5,8,0,85.9504382650052,0
C01242,1,1,0,29.852546259678295,0
C01243,0,0,0,14.60423041911719,0
C01244,0,0,0,11.389844932991025,0
C01245,0,0,0,25.970682370467145,0
C01246,0,0,0,8.312403254540904,0
C01247,0,0,0,16.467532765972166,0
C01248,2,2,0,40.22779589295192,0
C01249,0,1,0,23.566447443455658,0
C01250,1,3,0,22.053304745841803,0
C01251,2,3,0,11.213986083015147,0
C01252,1,3,0,12.155427434175504,0
C01253,1,2,0,79.72544891461453,0
C01254,0,1,0,76.26525816586698,0
C01255,0,0,0,6.540246074459454,0
C01256,5,6,2,44.696684242683574,0
C01257,1,3,0,4.197310603126377,0
C01258,0,0,0,14.994790249143458,0
C01259,0,1,0,21.05286454403889,0
C01260,0,2,0,19.416005285171714,0
C01261,0,3,0,8.99846354680489,0
C01262,0,1,0,13.436018296384837,0
C01263,0,2,0,12.887076595672427,0
C01264,3,6,2,41.35014010188804,0
C01265,0,0,0,14.25217788660783,0
C01266,4,5,2,18.548103951789873,0
C01267,0,0,0,96.14098139229262,0
C01268,0,2,0,10.672841726609578,0
C01269,0,1,0,21.446944126447775,0
C01270,4,6,0,36.534959626409446,0
C01271,0,3,0,6.468299669025387,0
C01272,0,1,0,3.560754736719222,0
C01273,1,2,2,65.40371961651879,0
C01274,1,3,2,107.2036986001562,0
C01275,4,4,0,72.3446530858469,0
C01276,0,1,0,6.771854501310287,0
C01277,1,1,0,19.841733683667428,0
C01278,0,0,0,14.501286358621122,0
C01279,0,0,0,13.296196790446881,0
C01280,0,1,0,13.840846083803639,0
C01281,1,1,0,12.656917290887774,0
C01282,0,1,0,37.18661086599808,0
C01283,0,0,0,2.8145759085183197,0
C01284,1,2,0,6.679096421586291,0
C01285,0,1,0,2.6885925647442868,0
C01286,2,2,0,16.841545600196497,0
C01287,0,0,0,2.5494114062946576,0
C01288,0,2,0,26.215214056008932,0
C01289,0,1,0,11.35264545514488,0
C01290,5,10,1,11.993728225771122,0
C01291,0,2,0,15.275219234634472,0
C01292,0,0,0,14.749369318176996,0
C01293,0,1,0,3.1384899429330737,0
C01294,3,3,0,6.935331497714107,0
C01295,0,3,0,11.2809617268809,0
C01296,1,1,0,63.5328738441519,0
C01297,0,1,0,98.17080746836513,0
C01298,4,5,1,25.385963819165564,0
C01299,2,3,3,35.34017613493076,0
C01300,0,2,2,78.36276129850935,2
C01301,0,0,0,1.4487169339936692,0
C01302,1,4,0,10.33383385289655,0
C01303,1,1,0,10.194827357527798,0
C01304,0,0,0,10.945011155701767,0
C01305,0,0,0,1.0,0
C01306,1,2,0,70.60192669908999,0
C01307,1,4,0,9.060544603417743,0
C01308,1,2,0,9.882008177142094,0
C01309,1,2,3,25.327093448323165,0
C01310,0,1,0,7.36108489001436,0
C01311,0,0,0,23.313702532275435,0
C01312,1,2,0,11.571868781613507,0
C01313,0,0,0,9.004584834938857,0
C01314,1,1,0,13.352237582988424,0
C01315,4,5,2,47.82504756976184,0
C01316,0,1,0,78.14514158852117,0
C01317,0,0,0,7.035880908967393,0
C01318,1,2,0,9.18402587810493,0
C01319,1,4,0,9.121940908574418,0
C01320,2,3,3,71.7058874279409,0
C01321,0,0,0,12.522501433301684,0
C01322,2,3,0,14.673569986437183,0
C01323,5,7,3,49.49716471384272,0
C01324,0,2,0,37.852724468821535,0
C01325,1,3,1,40.00543607548933,0
C01326,0,0,0,21.912942909952235,0
C01327,1,2,0,3.281352419581152,0
C01328,0,0,0,14.709064140633858,0
C01329,0,1,0,14.969174501779282,0
C01330,0,2,0,1.299057227115071,0
C01331,0,0,0,5.765699068467015,0
C01332,1,2,0,7.929424752908455,0
C01333,1,2,0,8.276940759325825,0
C01334,0,1,0,36.53492058858199,0
C01335,4,5,2,55.660694354476064,0
C01336,0,0,0,21.679931801374273,0
C01337,0,0,0,12.335729249996733,0
C01338,0,1,0,45.387999288410874,0
C01339,1,2,0,1.0,0
C01340,0,1,0,9.298165370257143,0
C01341,1,1,0,26.71319506550533,0
C01342,1,1,0,6.6033623244614486,0
C01343,2,3,1,21.987949929327637,2
C01344,1,1,0,7.415006284677206,0
C01345,0,2,0,2.89822584922525,0
C01346,1,1,0,6.745322441652305,0
C01347,0,0,0,4.470163088382216,0
C01348,0,2,0,8.610283199393823,0
C01349,0,0,0,19.21330539231115,0
C01350,0,3,0,22.85667749871348,0
C01351,1,2,0,42.645220392381674,0
C01352,1,2,0,1.0,0
C01353,0,2,0,12.050410406124357,0
C01354,0,0,0,11.126062791711636,0
C01355,1,2,1,24.421418882843508,0
C01356,5,7,1,70.34918393559335,1
C01357,1,3,0,12.222439561701743,0
C01358,0,1,0,77.62804982695071,0
C01359,0,1,0,9.07478452024818,0
C01360,0,0,0,16.81337997237456,0
C01361,0,1,0,3.570698120568572,0
C01362,0,2,0,56.31514113828997,0
C01363,0,0,0,10.04886881862213,0
C01364,5,5,1,56.66774122834836,2
C01365,5,6,1,45.90731482707545,4
C01366,0,1,0,15.293312456667373,0
C01367,0,3,0,16.013542635843027,0
C01368,0,1,0,1.1853224783341734,0
C01369,5,5,2,41.80281922559889,0
C01370,0,1,0,11.364874172185083,0
C01371,1,3,0,15.18997694978702,0
C01372,1,3,0,5.120544747885994,0
C01373,0,1,0,2.832436747492938,0
C01374,2,2,1,48.99989100737068,1
C01375,0,1,0,13.883869630705185,0
C01376,2,3,0,8.443773637155104,0
C01377,0,2,0,19.10103817158374,0
C01378,0,1,0,10.407151700710289,0
C01379,2,2,0,9.928020566148728,0
C01380,0,0,0,20.868697048155546,0
C01381,0,1,0,16.80623737878386,0
C01382,0,0,0,8.010782962859965,0
C01383,0,1,0,10.972066928889891,0
C01384,0,0,0,6.974728488882646,0
C01385,3,5,2,31.97605506335701,0
C01386,1,4,0,14.841026357670124,0
C01387,0,0,0,21.026029744767804,0
C01388,0,2,0,12.441697662462087,0
C01389,2,2,3,45.309547695263234,2
C01390,0,1,0,7.209156847767537,0
C01391,1,2,0,9.865399680040895,0
C01392,3,4,1,66.77402279493309,2
C01393,0,0,0,23.839392365637643,0
C01394,0,1,0,74.90146038432815,0
C01395,0,0,0,12.22063694183888,0
C01396,9,10,2,26.358611012807298,0
C01397,0,4,0,9.65142034200956,0
C01398,3,4,1,43.89914132495296,1
C01399,0,5,0,38.90238870325304,0
C01400,1,5,0,14.84396109828281,0
C01401,1,4,0,10.68522566593866,0
C01402,1,4,3,83.58495899988264,0
C01403,0,2,0,8.323879462004253,0
C01404,4,5,2,67.9604390852799,2
C01405,1,1,0,8.772927199000899,0
C01406,1,3,0,23.400502825093543,0
C01407,1,2,0,8.34836462116953,0
C01408,3,3,1,33.50308770041363,0
C01409,5,7,2,49.90024808684205,0
C01410,3,4,3,24.009333354778242,0
C01411,0,2,0,1.0,0
C01412,4,5,3,68.30857709292836,1
C01413,0,0,0,7.794595178122975,0
C01414,0,2,0,17.4148991030282,0
C01415,0,2,0,17.286076129849008,0
C01416,4,6,1,33.414945004077644,1
C01417,2,3,0,17.992549882451794,0
C01418,0,1,0,17.56614843826975,0
C01419,2,2,0,13.058860311534618,0
C01420,0,1,0,16.83083617694454,0
C01421,0,1,0,13.269797056442185,0
C01422,0,3,0,12.223545191977069,0
C01423,1,3,0,14.615866791481237,0
C01424,0,3,0,5.041585871739127,0
C01425,0,1,0,21.074983898197384,0
C01426,0,1,0,2.045168035031919,0
C01427,0,2,0,11.133738174176326,0
C01428,0,1,0,59.362565575170535,0
C01429,1,3,0,11.9361364775601,0
C01430,0,0,0,9.596604095486267,0
C01431,0,0,0,5.744642142444809,0
C01432,0,1,0,33.18792780377591,0
C01433,0,1,0,11.13740775481296,0
C01434,1,3,0,17.004429983134987,0
C01435,0,0,0,15.000244906187449,0
C01436,2,4,0,9.475424111224466,0
C01437,1,2,0,63.636363607014815,0
C01438,0,1,0,9.603163813128592,0
C01439,1,3,0,14.089545210839605,0
C01440,1,2,0,64.12188076827012,0
C01441,1,1,0,9.473748077593694,0
C01442,1,2,0,19.52351570126597,0
C01443,0,0,0,37.1511998580451,0
C01444,0,1,0,63.02544358226139,0
C01445,2,4,0,14.528291249616323,0
C01446,2,4,1,54.288451335138966,0
C01447,0,1,0,6.208369429069042,0
C01448,0,0,0,15.139913738602171,0
C01449,0,0,0,5.0844098569819725,0
C01450,0,1,2,27.191330981763493,0
C01451,1,2,0,8.157566225179865,0
C01452,0,0,0,4.885110777484651,0
C01453,0,2,0,9.285106989505032,0
C01454,1,2,0,7.0916640663521955,0
C01455,0,0,0,9.577625649908317,0
C01456,5,6,0,79.59186095663517,0
C01457,0,1,0,16.42980875457252,0
C01458,1,1,0,3.0187179080641844,0
C01459,1,1,0,13.976566719517706,0
C01460,0,1,0,10.492123115927768,0
C01461,0,2,0,8.742103785744172,0
C01462,0,0,0,19.153215954571248,0
C01463,3,4,3,31.092168206315563,3
C01464,1,1,0,22.33894071794249,0
C01465,0,0,0,12.855383650761862,0
C01466,2,2,0,1.0,0
C01467,1,2,0,14.323406739290672,0
C01468,0,0,0,8.63700524362336,0
C01469,1,3,1,39.29527686907956,0
C01470,2,3,0,47.17986066278978,0
C01471,0,0,0,13.189209780120182,0
C01472,0,0,0,58.34130096064386,0
C01473,0,1,0,49.92328434505848,0
C01474,0,0,0,13.17459819810641,0
C01475,0,2,0,6.018450749869257,0
C01476,1,3,0,5.5343015178326525,0
C01477,1,2,0,8.600475091297698,0
C01478,1,3,0,6.644804768874762,0
C01479,2,2,0,45.64804074386162,0
C01480,0,1,0,3.3757470734710804,0
C01481,1,1,0,8.40429996149997,0
C01482,0,1,0,1.0,0
C01483,1,2,0,1.904442640107618,0
C01484,1,1,0,4.153673616886458,0
C01485,5,6,0,54.215396981636076,0
C01486,0,1,0,21.73317562051022,0
C01487,1,1,0,75.5454128629319,0
C01488,0,0,0,18.08020251345507,0
C01489,5,6,3,30.46365419490708,0
C01490,0,3,0,18.390141238329612,0
C01491,3,4,0,2.3183325679540907,0
C01492,0,0,0,9.733260643074694,0
C01493,1,3,0,13.348944006424537,0
C01494,0,1,0,12.061678726077554,0
C01495,0,1,0,12.209843774295623,0
C01496,1,1,0,1.5363695845128547,0
C01497,1,1,0,6.206475235740944,0
C01498,0,4,0,3.1180707005159363,0
C01499,0,0,0,22.794625155899922,0
C01500,0,0,0,11.16041816581468,0
C01501,1,1,0,8.607980151481588,0
C01502,1,1,0,14.819173924814162,0
C01503,1,1,1,51.766910608137295,0
C01504,0,3,0,18.809474600582604,0
C01505,0,0,0,14.972817383145376,0
C01506,0,1,0,22.8061190420946,0
C01507,1,1,0,7.27918376520096,0
C01508,0,0,0,4.12174421048767,0
C01509,2,3,0,12.34197177186627,0
C01510,1,1,0,12.659993808703831,0
C01511,0,0,0,5.531524448714168,0
C01512,0,1,0,61.79172784921334,0
C01513,0,0,0,12.17629764491403,0
C01514,3,4,3,1.4889839656697745,4
C01515,1,1,0,18.59441262643127,0
C01516,0,1,0,13.777447154992508,0
C01517,0,1,0,16.417443667180308,0
C01518,0,1,0,1.0457471517367285,0
C01519,0,1,0,96.4652431520815,0
C01520,0,3,0,14.477297205962934,0
C01521,0,1,0,14.73828199333619,0
C01522,0,0,0,6.498593723002587,0
C01523,1,3,0,5.764499169634147,0
C01524,0,2,0,20.313454023128408,0
C01525,0,0,0,47.584251792362856,0
C01526,1,2,0,8.275967505859523,0
C01527,0,1,0,12.039809835933424,0
C01528,1,3,0,47.33691439158416,0
C01529,0,1,0,10.29159034489046,0
C01530,0,2,0,20.864881849670308,0
C01531,0,1,0,21.32980976026036,0
C01532,0,1,0,10.383235188434407,0
C01533,0,0,0,7.534267804757812,0
C01534,0,0,0,14.54410858555667,0
C01535,6,6,0,63.82269990302443,0
C01536,1,2,0,15.886665457402296,0
C01537,0,3,0,6.848218852153325,0
C01538,1,2,0,20.77144163570485,0
C01539,0,1,0,19.96443498537601,0
C01540,1,2,0,4.369732743210856,0
C01541,0,0,0,9.837683202888538,0
C01542,0,1,0,13.009128858143333,0
C01543,3,3,0,11.79141187328363,0
C01544,2,2,1,7.276400189691344,0
C01545,1,2,0,11.033326586118745,0
C01546,0,0,0,40.81735476454625,0
C01547,1,3,0,6.853589951143847,0
C01548,1,2,0,9.335566268781063,0
C01549,0,1,0,6.367310180104939,0
C01550,1,1,0,13.708916050807758,0
C01551,0,1,0,14.36283581724717,0
C01552,3,6,3,18.14315050996812,0
C01553,1,1,0,11.075495121753272,0
C01554,0,0,0,16.469046349215915,0
C01555,0,1,0,13.5750822295803,0
C01556,0,1,0,6.538853448593517,0
C01557,1,4,1,24.842132151718,0
C01558,0,0,0,10.469285992998467,0
C01559,0,1,0,5.153654749593688,0
C01560,1,4,0,1.0,0
C01561,3,8,3,24.27005131405008,0
C01562,0,1,0,6.546419495873032,0
C01563,0,3,0,24.168227583156337,0
C01564,1,2,0,67.0086212641547,0
C01565,1,1,1,46.03661105200253,1
C01566,5,5,0,90.84513300567869,0
C01567,2,2,3,16.54898584295453,1
C01568,1,3,0,6.742558933049951,0
C01569,0,0,0,18.19283798766475,0
C01570,1,2,0,8.629413352862652,0
C01571,1,2,1,35.22897204347967,0
C01572,5,7,0,47.92880441336605,0
C01573,0,1,0,25.049517468463364,0
C01574,1,2,0,18.59019313424058,0
C01575,0,0,0,12.693422252076273,0
C01576,0,0,0,33.609934223465444,0
C01577,1,1,0,5.843602911820735,0
C01578,0,3,0,22.72218736728885,0
C01579,0,1,0,11.549203569980019,0
C01580,0,1,0,4.742713865769998,0
C01581,2,3,3,60.20232823756356,3
C01582,3,4,0,13.36038456180019,0
C01583,2,2,3,49.77396699515029,0
C01584,0,1,0,15.675055543300303,0
C01585,3,4,0,24.43245599938028,0
C01586,1,3,0,54.4653616662695,0
C01587,1,2,0,55.79124431723856,0
C01588,3,4,0,90.15554311800425,0
C01589,0,0,0,14.0466515457439,0
C01590,0,0,0,25.324927693100907,0
C01591,8,11,2,1.0,0
C01592,1,1,0,1.0,0
C01593,0,0,0,11.540485170530005,0
C01594,0,1,0,8.98624456705437,0
C01595,4,6,3,75.6719240270246,0
C01596,0,1,0,7.916464035961292,0
C01597,0,3,0,14.43966663452828,0
C01598,0,0,0,16.711775919576326,0
C01599,0,2,0,7.2983571171541115,0
C01600,5,6,0,40.655713890541726,0
C01601,1,1,0,75.09330587383425,0
C01602,1,2,3,58.3693495758415,0
C01603,0,0,0,36.4893628312521,0
C01604,0,0,0,8.140710787057149,0
C01605,0,0,0,83.4199002606736,0
C01606,0,0,0,10.717284921609618,0
C01607,1,3,0,38.7410569239498,0
C01608,1,3,0,21.858238581838282,0
C01609,0,1,0,15.348499923839897,0
C01610,0,0,0,14.24206120165697,0
C01611,0,1,3,55.69942161117665,2
C01612,0,0,0,13.865142797007556,0
C01613,0,1,0,13.696931868603519,0
C01614,0,0,0,11.01799259307861,0
C01615,1,1,0,9.392608570179668,0
C01616,5,6,1,53.38407016861191,0
C01617,0,2,0,9.378884495257417,0
C01618,1,1,0,11.468456500353483,0
C01619,1,1,0,11.016997344769365,0
C01620,2,3,0,14.284413499127965,0
C01621,0,1,0,16.57307954137439,0
C01622,1,1,0,9.793197411440762,0
C01623,1,4,0,5.261801830390512,0
C01624,2,3,2,27.71677744483769,0
C01625,2,4,0,4.991079021899335,0
C01626,0,0,0,3.522913970613704,0
C01627,0,2,0,20.32826975871973,0
C01628,1,2,0,5.129523955736177,0
C01629,1,2,0,20.253092247031404,0
C01630,0,2,0,11.136572501382823,0
C01631,2,5,0,50.787946579075786,0
C01632,0,2,0,8.974854578181272,0
C01633,0,0,0,4.157895026039799,0
C01634,0,1,0,3.73248016075755,0
C01635,1,2,1,28.289740453055515,0
C01636,1,2,0,12.033556690364641,0
C01637,4,5,0,54.23355865336555,0
C01638,2,3,2,45.54978947744002,2
C01639,0,2,0,12.726171317482468,0
C01640,3,4,2,38.72735970542969,0
C01641,0,1,0,47.19343273530518,0
C01642,0,0,0,15.032312780180373,0
C01643,1,1,0,3.010379700184693,0
C01644,6,6,0,54.41946309425777,0
C01645,0,0,0,10.439354487534198,0
C01646,1,2,0,1.0,0
C01647,3,3,1,60.41434173680031,0
C01648,2,3,2,63.47475316637188,1
C01649,0,2,0,6.625369529856014,0
C01650,0,1,0,9.83078781290845,0
C01651,4,6,1,35.31555489445974,0
C01652,3,4,0,62.763102188272896,0
C01653,1,1,0,72.1266279670234,0
C01654,0,1,0,23.05149361638276,0
C01655,0,1,0,1.0,0
C01656,1,4,0,20.854076156633802,0
C01657,0,4,0,15.472191791136634,0
C01658,1,1,0,73.19773644385171,0
C01659,0,1,0,18.439626162846196,0
C01660,1,2,0,11.483002479557532,0
C01661,0,1,0,6.682927643965332,0
C01662,1,3,0,2.5232478972725296,0
C01663,0,1,0,10.389271409427018,0
C01664,0,0,0,15.697307509785356,0
C01665,1,1,0,17.786083983318505,0
C01666,0,1,0,12.280527061115613,0
C01667,1,1,0,6.962859673555575,0
C01668,1,1,0,5.425233354843488,0
C01669,0,1,0,7.208784154616417,0
C01670,4,4,2,11.149057571601205,2
C01671,1,1,0,22.365400838181774,0
C01672,0,0,0,6.377794459188172,0
C01673,0,0,0,14.78041024722248,0
C01674,6,8,1,87.4611063316473,3
C01675,0,0,0,19.463136118692702,0
C01676,1,4,0,16.790603705801484,0
C01677,0,1,0,42.682039885218316,0
C01678,0,0,0,42.190864961358095,0
C01679,5,5,1,61.56046094606283,0
C01680,0,1,0,12.85172099272016,0
C01681,0,1,0,18.78802297242349,0
C01682,0,1,0,16.710258817037307,0
C01683,0,0,0,16.828852549701537,0
C01684,1,1,0,49.300480854017096,0
C01685,1,4,0,3.9979085262132923,0
C01686,0,1,0,76.05597814489727,0
C01687,1,1,0,14.381544982967288,0
C01688,0,0,0,11.149905971655837,0
C01689,1,1,0,18.74174545631547,0
C01690,6,7,1,59.81752442603374,0
C01691,0,0,0,9.890343036841456,0
C01692,5,6,0,1.0,0
C01693,1,2,0,11.28440951495595,0
C01694,0,0,0,18.916525207826567,0
C01695,0,1,0,18.465224975007484,0
C01696,0,1,0,66.26861684036376,0
C01697,1,1,0,13.542209353965127,0
C01698,0,1,0,12.954063268040604,0
C01699,1,2,0,95.54133068493748,0
C01700,1,1,0,12.742765521096045,0
C01701,0,0,0,14.632509925313919,0
C01702,1,2,0,10.803881272913543,0
C01703,0,2,0,15.04121948509075,0
C01704,0,1,0,12.334588588959761,0
C01705,1,2,0,12.239989722959194,0
C01706,5,7,1,55.585635799882624,2
C01707,2,2,3,59.41356697096619,0
C01708,0,0,0,17.461988266414604,0
C01709,0,0,0,17.72386095732394,0
C01710,0,2,0,15.148087120397186,0
C01711,0,1,0,15.144651168965236,0
C01712,1,4,0,10.337800466389137,0
C01713,4,4,3,14.802671973534359,2
C01714,0,0,0,4.421631529007347,0
C01715,0,1,0,11.08232665549868,0
C01716,3,4,2,18.11115344068162,0
C01717,5,5,1,29.309842662754676,0
C01718,0,1,0,12.472868544413304,0
C01719,2,2,0,10.36870791408416,0
C01720,0,0,0,20.03229492452063,0
C01721,4,4,1,43.70805870014418,0
C01722,4,5,3,88.68154552886443,2
C01723,0,1,0,22.69346073700221,0
C01724,2,3,0,9.496250554798245,0
C01725,0,1,0,16.126688244347445,0
C01726,1,4,0,11.763581923889253,0
C01727,0,3,0,13.125381942823731,0
C01728,3,3,1,62.23723966236349,0
C01729,0,2,0,13.870834246258674,0
C01730,2,2,0,32.7593143129764,0
C01731,0,1,0,9.250115713967055,0
C01732,5,8,0,15.062463480962002,0
C01733,0,0,0,80.57737322678295,0
C01734,2,3,0,11.660163715943021,0
C01735,0,1,0,13.49874202150728,0
C01736,0,0,0,15.492368543570516,0
C01737,0,2,0,13.734640431229842,0
C01738,0,1,0,12.753281351760046,0
C01739,1,2,0,15.438505991355491,0
C01740,1,2,0,17.49415208306703,0
C01741,0,1,0,23.331612344094044,0
C01742,0,0,0,8.197794081682224,0
C01743,0,4,0,5.418384410732536,0
C01744,1,3,0,13.465328754800918,0
C01745,0,1,0,10.050343143991608,0
C01746,2,4,0,11.581371521000229,0
C01747,1,2,0,15.504471349136788,0
C01748,0,3,0,50.48763469894251,0
C01749,1,2,0,21.029571552153833,0
C01750,4,5,0,69.86685983804901,0
C01751,2,4,0,10.350859853564636,0
C01752,1,2,0,12.213295292893742,0
C01753,1,3,0,52.98484798069242,0
C01754,0,3,0,47.97952228597789,0
C01755,0,2,0,10.876226723777588,0
C01756,0,2,0,4.188972240186316,0
C01757,1,3,0,8.72323292527857,0
C01758,2,2,0,8.26223940591011,0
C01759,1,1,0,74.07309553661233,0
C01760,5,6,3,51.57953009639038,1
C01761,0,0,0,13.742026638045132,0
C01762,3,4,3,51.46340590226156,0
C01763,0,1,0,4.251485564408176,0
C01764,3,3,0,55.09229195459107,0
C01765,0,1,0,9.881478776768354,0
C01766,5,5,2,12.102011841508272,0
C01767,2,4,0,30.471018684780475,0
C01768,1,3,3,87.04497105710689,3
C01769,6,6,0,70.22020849302001,0
C01770,0,3,0,10.20072143248063,0
C01771,1,2,0,10.858751789745181,0
C01772,1,2,2,17.58432869337576,0
C01773,1,3,0,8.686390203598023,0
C01774,2,5,2,61.51751699996033,0
C01775,0,0,0,16.428211971994898,0
C01776,0,1,0,22.216514421703053,0
C01777,0,1,0,8.831296999403708,0
C01778,2,2,0,4.6847059962894875,0
C01779,0,1,0,15.70052928167239,0
C01780,1,3,0,50.15685989633087,0
C01781,0,2,0,1.0953274066959864,0
C01782,0,0,0,1.4532075931619275,0
C01783,1,1,0,45.5781030230003,0
C01784,0,3,0,15.67521514827472,0
C01785,0,1,0,11.167701644145133,0
C01786,0,3,0,64.70263687811197,0
C01787,2,3,3,18.5825793217465,1
C01788,0,1,0,13.261293174971085,0
C01789,1,1,0,19.847392769640926,0
C01790,3,6,1,55.61045738368757,1
C01791,0,0,0,11.111938511090734,0
C01792,2,2,2,72.01060445623244,0
C01793,4,5,1,29.278094793868522,2
C01794,3,4,3,45.8129897172287,0
C01795,0,3,0,86.82655949781173,0
C01796,2,4,0,15.646596965585282,0
C01797,0,1,0,12.243613471481414,0
C01798,0,1,0,12.305733382443108,0
C01799,0,0,0,16.498035810463506,0
C01800,1,2,0,18.385035135262687,0
C01801,0,1,0,8.323049564831202,0
C01802,0,1,0,11.431691759053585,0
C01803,0,1,0,12.294534125543478,0
C01804,1,2,0,15.937842467315667,0
C01805,0,1,0,15.923345560613393,0
C01806,0,0,0,19.601946414510145,0
C01807,4,4,0,2.641702635129114,0
C01808,4,4,0,95.96866666125666,0
C01809,2,3,2,31.967535166703474,2
C01810,1,1,0,1.0,0
C01811,0,2,0,9.356876614533475,0
C01812,0,2,0,1.0,0
C01813,0,3,0,67.0662129229568,0
C01814,2,6,0,11.79627179563176,0
C01815,4,4,0,65.73667135393646,0
C01816,0,2,0,1.0,0
C01817,1,1,0,20.228740107513545,0
C01818,0,0,0,9.846433727301886,0
C01819,7,7,0,16.956739717254663,0
C01820,0,0,0,8.385635592283993,0
C01821,0,0,0,1.0,0
C01822,0,1,0,3.1892291432711506,0
C01823,3,3,1,72.30056072868189,0
C01824,0,1,0,12.833918666960612,0
C01825,1,2,0,16.349111461729038,0
C01826,0,1,0,1.0,0
C01827,1,2,0,14.97190404573486,0
C01828,0,0,0,16.766198860277964,0
C01829,0,1,0,13.439813041016485,0
C01830,2,4,0,44.644661385656036,0
C01831,1,1,0,13.54739906838274,0
C01832,1,1,0,11.46818840308033,0
C01833,3,4,0,19.602699598672192,0
C01834,0,2,0,20.330217404319068,0
C01835,0,0,0,15.576043810295609,0
C01836,0,1,0,17.948509486162802,0
C01837,0,0,0,14.822162302539336,0
C01838,0,2,0,71.36191719595875,0
C01839,3,3,2,34.139575306555535,5
C01840,1,3,0,11.559406471420935,0
C01841,0,1,0,12.943785361474932,0
C01842,1,1,0,21.64784595326732,0
C01843,1,1,0,21.64707250245838,0
C01844,1,2,0,42.62675952545788,0
C01845,0,1,0,9.787218096639725,0
C01846,0,2,0,7.007285353740681,0
C01847,4,4,1,44.43474502068884,0
C01848,0,1,0,17.6777254606976,0
C01849,0,0,0,53.48165566680546,0
C01850,1,2,0,16.526144923716448,0
C01851,1,2,0,1.4249048468516232,0
C01852,1,1,0,8.62459364179328,0
C01853,0,2,0,10.420682627832242,0
C01854,1,5,0,23.238745462411153,0
C01855,0,2,0,5.946701781484652,0
C01856,0,1,0,11.266373129679657,0
C01857,0,2,0,8.702376092113076,0
C01858,1,5,0,1.972144543737981,0
C01859,1,3,0,31.46835173696041,0
C01860,0,0,0,4.955399169027817,0
C01861,1,1,1,50.01401650056863,0
C01862,2,2,1,48.04698128470288,1
C01863,2,4,1,47.28777054549671,0
C01864,0,0,0,85.07875706865237,0
C01865,0,1,0,6.17465743090686,0
C01866,0,0,0,5.848487197420473,0
C01867,1,3,0,6.4124294242311946,0
C01868,0,2,0,7.276449130752717,0
C01869,1,2,0,16.202586976136992,0
C01870,1,2,0,9.633057836340136,0
C01871,0,1,0,10.044274426724792,0
C01872,3,3,1,21.5800392687811,3
C01873,0,1,0,5.857541461905347,0
C01874,1,1,0,5.2860922236915036,0
C01875,0,0,0,8.554532905522343,0
C01876,0,1,0,9.303256172488624,0
C01877,2,5,0,8.714228220345362,0
C01878,1,4,0,10.45295947580062,0
C01879,0,1,0,16.87428021103474,0
C01880,3,4,0,22.369214082379152,0
C01881,0,2,0,12.384839107854477,0
C01882,0,3,0,80.26050226916088,0
C01883,0,0,0,17.930249443661296,0
C01884,0,1,0,10.436628977893925,0
C01885,0,2,0,1.0,0
C01886,2,4,0,32.68240726784744,0
C01887,0,0,0,87.06155729596783,0
C01888,3,3,0,40.2708297875528,0
C01889,0,0,0,20.732733693416527,0
C01890,1,2,0,62.61711735875705,0
C01891,0,0,0,12.353582000162987,0
C01892,1,1,0,19.18819133202929,0
C01893,0,1,0,16.319192538626602,0
C01894,5,7,1,87.02181964943823,0
C01895,0,1,0,11.358788804426263,0
C01896,6,7,1,49.28881647472732,0
C01897,0,3,0,52.93808542238291,0
C01898,0,0,0,11.293666997732375,0
C01899,1,2,0,18.311004971127492,0
C01900,0,1,0,57.188298401353464,0
C01901,0,0,0,7.1033943236456185,0
C01902,1,1,0,13.20021051244473,0
C01903,0,1,0,20.43861002038586,0
C01904,2,5,0,12.0559174380047,0
C01905,1,2,0,20.003320525874546,0
C01906,1,1,0,45.77556992294244,0
C01907,0,0,0,3.330090896640563,0
C01908,0,2,0,2.5490377292397213,0
C01909,1,4,0,19.066185024212555,0
C01910,0,0,0,14.554847605468485,0
C01911,1,2,0,36.323877371719284,0
C01912,1,1,0,14.138973989663763,0
C01913,1,1,0,5.262971208149764,0
C01914,0,2,0,14.241299576452235,0
C01915,2,3,0,63.289573599927856,0
C01916,1,1,0,17.21427782278281,0
C01917,2,2,3,26.45360882253477,1
C01918,3,3,1,60.23210189701527,0
C01919,0,1,0,47.834805882422565,0
C01920,0,2,0,10.948179353476817,0
C01921,0,3,0,24.74727605196675,0
C01922,0,1,0,15.092546638906803,0
C01923,2,3,0,15.389129703489399,0
C01924,3,3,1,75.0850784174521,1
C01925,0,0,0,12.612297578169139,0
C01926,0,0,0,1.8721385934629886,0
C01927,3,5,3,56.10374181010063,0
C01928,0,2,0,11.580157521795929,0
C01929,0,2,0,6.212403366478049,0
C01930,1,3,2,17.228354096740176,1
C01931,0,0,0,14.556388605267685,0
C01932,0,1,0,29.543899680821955,0
C01933,1,2,0,16.9609897696062,0
C01934,1,3,0,3.087603093459414,0
C01935,2,5,0,6.079963914301905,0
C01936,1,1,0,9.497822235274665,0
C01937,0,1,0,9.203155576993556,0
C01938,0,0,0,10.404441884618938,0
C01939,0,2,0,22.385741421970117,0
C01940,0,0,0,7.212746888609434,0
C01941,3,3,0,25.387347721588753,0
C01942,0,0,0,30.369165979646674,0
C01943,0,4,0,13.562939532226492,0
C01944,1,3,0,10.410756994485705,0
C01945,5,5,2,7.878242931341049,2
C01946,1,1,0,6.752781511460916,0
C01947,0,3,0,10.243633079399377,0
C01948,3,3,0,38.392166544106345,0
C01949,0,0,0,14.08480055209742,0
C01950,0,2,0,26.12201065411046,0
C01951,1,5,0,15.296158415677503,0
C01952,8,9,2,31.23010119862946,1
C01953,1,1,0,13.349593698859907,0
C01954,0,1,0,13.51351307840122,0
C01955,0,0,0,13.47574848314726,0
C01956,0,1,0,18.29363064993486,0
C01957,0,1,0,1.0,0
C01958,0,0,0,12.53741698300278,0
C01959,0,2,0,65.80184581271166,0
C01960,2,2,0,74.73980662912459,0
C01961,0,1,0,52.863877944841896,0
C01962,2,3,0,8.529922549116742,0
C01963,0,2,0,17.30252151976326,0
C01964,0,0,0,12.13409381396831,0
C01965,0,1,0,10.329927822928,0
C01966,1,1,0,1.0,0
C01967,0,1,0,1.0,0
C01968,0,2,0,18.173565759939567,0
C01969,0,0,0,7.470414826301787,0
C01970,2,2,0,4.326210340222175,0
C01971,0,1,0,11.033715684036705,0
C01972,0,0,0,6.632473606393306,0
C01973,0,0,0,22.052226123563727,0
C01974,0,2,0,7.110426456419097,0
C01975,0,0,0,21.421127995890608,0
C01976,1,1,0,11.077063510606138,0
C01977,0,1,0,17.617200559967976,0
C01978,0,1,0,12.134645077912264,0
C01979,0,2,0,49.1594039945032,0
C01980,1,2,0,14.057288894115894,0
C01981,0,0,0,17.03559075682463,0
C01982,0,1,0,16.420644293519068,0
C01983,1,1,0,15.795634105037625,0
C01984,1,1,0,33.74410657293609,0
C01985,4,4,3,61.78502707589014,2
C01986,0,0,0,17.780205418710835,0
C01987,0,0,0,22.53382547462028,0
C01988,1,1,0,10.211969674926873,0
C01989,2,3,0,2.708143325272518,0
C01990,1,1,0,14.814388957185358,0
C01991,4,4,3,46.28490550131209,2
C01992,0,0,0,10.253258526189068,0
C01993,1,1,0,20.101471847018793,0
C01994,0,1,0,1.0,0
C01995,3,5,3,33.8825699940414,0
C01996,0,1,0,45.57031133320078,0
C01997,1,1,0,2.9307015386713697,0
C01998,1,3,0,17.47833404927661,0
C01999,0,0,0,15.501198539734258,0
C02000,2,2,1,35.654813502475704,0
C02001,0,0,0,16.163894953466563,0
C02002,5,6,0,90.09192267478413,0
C02003,0,1,0,1.0,0
C02004,4,4,1,50.68512677865978,1
C02005,0,0,0,4.61465214212755,0
C02006,0,1,0,17.01833564360942,0
C02007,2,4,0,15.352406923993112,0
C02008,1,2,0,14.16523884864537,0
C02009,1,2,3,1.0,0
C02010,0,0,0,13.272633482347487,0
C02011,0,0,0,14.674971363578507,0
C02012,4,4,2,87.42204198971248,0
C02013,1,3,0,58.92726262091962,0
C02014,3,4,0,1.5943403512002625,0
C02015,0,0,0,19.116929592547493,0
C02016,0,1,0,72.52439778313502,0
C02017,1,1,0,21.29997718795441,0
C02018,0,0,0,14.840031230746739,0
C02019,0,0,0,6.623971059154856,0
C02020,0,1,0,13.277387117597845,0
C02021,0,2,0,4.763850099031595,0
C02022,2,5,0,69.6800630441272,0
C02023,2,2,0,70.54774422412834,0
C02024,1,2,0,66.51369510121877,0
C02025,2,5,0,88.88595730500548,0
C02026,1,4,0,23.47830025854282,0
C02027,0,2,0,8.08286080404807,0
C02028,2,3,3,25.382861811506867,0
C02029,0,0,0,11.086527285440685,0
C02030,1,2,0,11.952112953596567,0
C02031,0,1,0,49.63874627500086,0
C02032,1,3,0,18.262969349105845,0
C02033,2,3,0,83.92877011279485,0
C02034,4,4,2,66.90344365644856,1
C02035,0,0,0,14.629355948905907,0
C02036,1,3,0,16.182013641454255,0
C02037,2,6,0,11.656136870374102,0
C02038,0,1,0,49.545362816752444,0
C02039,0,0,0,12.756410607815269,0
C02040,0,1,0,19.634538637047005,0
C02041,0,1,0,21.370209806217822,0
C02042,2,4,0,59.92585926877699,0
C02043,1,2,0,20.145795151192967,0
C02044,1,5,0,14.75377304673467,0
C02045,1,1,0,7.977475705407018,0
C02046,0,0,0,12.190401905303135,0
C02047,0,1,0,12.38667808728734,0
C02048,2,5,0,38.53318021995956,0
C02049,1,2,0,53.99165070593483,0
C02050,0,0,0,18.241961950292634,0
C02051,0,0,0,10.89491886933475,0
C02052,0,1,0,23.9757917937473,0
C02053,1,4,3,80.23827586866182,2
C02054,0,1,0,56.225487467883454,0
C02055,0,1,0,18.526865825436673,0
C02056,2,3,3,16.356654421578853,3
C02057,0,2,0,6.966160307860214,0
C02058,1,1,0,12.078104487008726,0
C02059,1,1,0,11.17114678149191,0
C02060,3,4,1,13.697106183603935,0
C02061,0,1,0,10.595726137811036,0
C02062,1,3,0,5.77515463138948,0
C02063,0,0,0,2.61310859290586,0
C02064,0,1,0,16.734168746630793,0
C02065,0,2,0,10.005774352094651,0
C02066,0,3,0,5.311668447320719,0
C02067,0,0,0,12.156336531069478,0
C02068,1,1,3,8.08156735947884,3
C02069,2,2,3,74.12471718177096,1
C02070,0,1,0,14.860767035608278,0
C02071,0,1,0,41.91620447480177,0
C02072,5,8,3,21.74595074634752,0
C02073,1,1,0,13.852116758206803,0
C02074,0,0,0,9.046804255141382,0
C02075,0,1,0,9.243107334039486,0
C02076,1,2,0,15.933090814774214,0
C02077,0,0,0,38.132646788719704,0
C02078,1,3,0,24.54601276924017,0
C02079,1,1,0,12.925646050697035,0
C02080,0,1,0,17.345923456685554,0
C02081,0,1,0,18.609562121878696,0
C02082,0,1,0,11.171993904979209,0
C02083,0,3,0,7.100164223706108,0
C02084,2,5,0,54.13596171410127,0
C02085,5,6,0,68.77894494706784,0
C02086,1,6,0,11.73393351814934,0
C02087,1,1,0,16.815175712964134,0
C02088,0,2,0,59.082752493808506,0
C02089,2,5,0,10.802842214155433,0
C02090,1,2,0,11.950891132234034,0
C02091,0,3,0,18.454350236563513,0
C02092,0,1,0,1.5726989630095574,0
C02093,1,2,0,9.9488786069309,0
C02094,5,6,2,66.26203534512932,0
C02095,1,3,0,16.493399636407524,0
C02096,0,2,0,7.289644688283108,0
C02097,0,0,0,20.881531560033057,0
C02098,2,2,2,18.862950960722998,0
C02099,0,2,0,7.5755941338479875,0
C02100,5,7,2,17.106425288459327,0
C02101,0,3,0,1.0,0
C02102,0,1,0,13.226029198259033,0
C02103,0,0,0,72.12889682445783,0
C02104,6,7,0,52.388917438607905,0
C02105,0,3,0,43.6761459123717,0
C02106,0,1,0,14.279330874308053,0
C02107,3,4,2,29.464803913252084,0
C02108,0,0,0,11.87986272837881,0
C02109,1,3,0,12.663904271503263,0
C02110,0,0,0,13.921590045698256,0
C02111,1,3,0,9.69735238404386,0
C02112,0,0,0,3.4776414549814234,0
C02113,1,2,0,16.871076391111558,0
C02114,3,4,2,3.605551033593194,3
C02115,2,3,0,12.9535163788029,0
C02116,2,4,0,23.58965369120931,0
C02117,0,1,0,46.565704511119584,0
C02118,0,1,0,7.935362430934864,0
C02119,0,1,0,8.929897817240896,0
C02120,0,0,0,7.513823896595848,0
C02121,0,0,0,18.55005492395384,0
C02122,0,1,0,7.709668509539942,0
C02123,0,1,0,77.12912807522353,0
C02124,0,0,0,10.808070181491926,0
C02125,1,2,0,47.01012162220338,0
C02126,2,2,3,55.59108665927397,1
C02127,0,2,0,7.358411177914873,0
C02128,1,2,0,70.8503880434972,0
C02129,1,1,0,21.189421734148503,0
C02130,1,3,0,5.293814384041504,0
C02131,1,2,0,25.424565566257137,0
C02132,1,1,0,3.640833013682215,0
C02133,0,2,0,5.142543337204339,0
C02134,1,3,0,5.72089950744312,0
C02135,3,4,0,32.32064799840188,0
C02136,0,3,0,21.738336763026112,0
C02137,2,3,0,14.497091896683674,0
C02138,3,4,0,31.732705392704265,0
C02139,0,1,0,13.08409636837261,0
C02140,1,3,0,16.712130264030097,0
C02141,1,2,0,19.316703750854018,0
C02142,1,2,0,26.374343482705243,0
C02143,0,1,0,11.159534645496594,0
C02144,0,4,0,12.57226334209524,0
C02145,0,2,0,8.755509228200312,0
C02146,0,0,0,18.576747711677648,0
C02147,0,1,0,11.95342360289811,0
C02148,2,2,0,18.74377660928414,0
C02149,2,3,3,52.74767693397795,0
C02150,1,2,0,62.782804907341294,0
C02151,0,2,0,1.0,0
C02152,1,2,0,12.151204763623396,0
C02153,0,1,0,16.450588859704197,0
C02154,5,6,1,48.48047767700989,0
C02155,0,2,0,17.15839433464896,0
C02156,3,5,1,10.472567146910784,0
C02157,0,0,0,21.812983674182703,0
C02158,1,3,0,14.319800872985592,0
C02159,5,5,2,58.83047625120171,1
C02160,0,1,0,10.735828691030346,0
C02161,1,1,0,14.986463961979585,0
C02162,1,2,0,8.576578759571373,0
C02163,0,1,0,9.626210006811775,0
C02164,1,2,0,8.89198531772316,0
C02165,1,1,1,67.04474044087367,0
C02166,0,0,0,1.0,0
C02167,0,0,0,6.789898344582179,0
C02168,2,3,0,43.07017597363537,0
C02169,0,0,0,20.496210243060407,0
C02170,0,0,0,15.450901733656618,0
C02171,0,1,0,21.677264726481887,0
C02172,0,2,0,8.377832702267826,0
C02173,0,1,0,21.75473919679516,0
C02174,0,2,0,9.043939589498187,0
C02175,0,1,0,15.797360785655535,0
C02176,3,4,3,16.079813729656692,0
C02177,0,3,0,16.34188410849602,0
C02178,0,0,0,7.502264837043288,0
C02179,0,4,0,16.252231524185653,0
C02180,0,1,0,1.0,0
C02181,2,4,0,12.31490151745654,0
C02182,0,0,0,13.010204518059536,0
C02183,1,4,0,47.15456075358071,0
C02184,0,1,0,15.059164044122209,0
C02185,0,1,0,6.0047932195900895,0
C02186,0,0,0,3.4565449869441416,0
C02187,1,1,0,11.130110725378463,0
C02188,1,3,0,10.620001306396002,0
C02189,1,3,0,17.29110665893259,0
C02190,0,1,0,6.4777065702215,0
C02191,1,2,0,10.882736287634739,0
C02192,1,2,0,1.4046148646220509,0
C02193,0,1,0,17.87814913250234,0
C02194,1,3,0,3.711503773677933,0
C02195,0,1,0,7.654662176498121,0
C02196,3,4,1,92.38187858205326,1
C02197,0,0,0,67.01410166930816,0
C02198,2,2,2,49.88857867197232,0
C02199,3,4,0,18.27376013616342,0
C02200,0,0,0,10.327609998110878,0
C02201,2,5,0,4.025232382522487,0
C02202,0,2,0,10.939406805432395,0
C02203,1,2,0,9.136042844213698,0
C02204,0,0,0,2.1533843148610483,0
C02205,0,1,0,24.512155038130757,0
C02206,0,0,0,12.677181892363846,0
C02207,0,1,0,9.795952315790597,0
C02208,0,3,0,14.729444722925576,0
C02209,1,2,0,16.16450698398352,0
C02210,0,1,0,19.143525998838776,0
C02211,1,1,0,5.125215783885101,0
C02212,0,1,0,9.600176535169886,0
C02213,0,3,0,7.302971385771048,0
C02214,0,2,0,16.348238550188974,0
C02215,0,1,0,1.0,0
C02216,1,3,0,10.190447700974554,0
C02217,0,1,0,82.35421739270461,0
C02218,1,2,0,21.405771079382014,0
C02219,2,3,1,20.796705644150634,0
C02220,1,1,0,6.999381934879043,0
C02221,0,2,0,87.14583746008717,0
C02222,6,9,3,26.573409693510854,0
C02223,3,5,3,57.34402685556739,0
C02224,0,0,0,14.89357791568907,0
C02225,0,0,0,17.3655929183866,0
C02226,0,1,0,11.956937214913811,0
C02227,1,2,0,1.0,0
C02228,0,2,0,25.551331621646785,0
C02229,0,0,0,36.35004110561294,0
C02230,0,0,0,35.757371873474966,0
C02231,1,1,0,1.8631106765663628,0
C02232,0,1,0,6.558456833763664,0
C02233,1,1,0,8.519552011808852,0
C02234,0,2,0,12.808388747919697,0
C02235,0,1,0,11.571696080686287,0
C02236,0,2,0,18.632508038522204,0
C02237,5,6,0,48.828938951450056,0
C02238,0,1,0,40.31068059781583,0
C02239,2,2,0,14.493298148471077,0
C02240,1,2,0,20.179569842389323,0
C02241,0,1,0,12.945492979945547,0
C02242,0,3,0,7.335478249461034,0
C02243,0,0,0,1.5503964715391216,0
C02244,0,2,0,3.2309480708253027,0
C02245,1,2,0,3.8889755618381,0
C02246,3,3,1,54.215280000284395,0
C02247,1,3,0,17.350963433850545,0
C02248,1,2,3,58.757005073079064,0
C02249,1,2,0,13.181333678224723,0
C02250,0,0,0,19.611001986767118,0
C02251,3,3,3,101.6372966306526,2
C02252,1,3,0,14.159357610265054,0
C02253,1,1,0,6.839665084212272,0
C02254,0,2,0,9.811199614378548,0
C02255,3,3,0,49.57805015005545,0
C02256,4,7,3,58.370160510787116,0
C02257,2,2,0,17.560206940249437,0
C02258,2,2,0,63.50427468651844,0
C02259,3,3,2,49.822808400994006,0
C02260,0,1,0,22.683352387406888,0
C02261,0,0,0,19.93260857925178,0
C02262,6,7,3,60.87514275558187,1
C02263,0,2,0,7.534325768681542,0
C02264,0,0,0,14.584794546973516,0
C02265,1,4,0,14.199192002399895,0
C02266,2,3,0,13.2590465175636,0
C02267,2,3,0,81.97935295446695,0
C02268,1,3,0,12.658312310171725,0
C02269,0,3,0,18.3863400184323,0
C02270,0,3,0,1.0,0
C02271,2,2,0,10.09885015504102,0
C02272,0,0,0,17.520280058244886,0
C02273,1,2,0,18.148280539108637,0
C02274,1,1,0,20.020655614410696,0
C02275,0,1,0,16.489325721006608,0
C02276,0,0,0,16.340049571437294,0
C02277,5,5,0,26.36209206167157,0
C02278,0,0,0,12.52154430963878,0
C02279,0,1,0,20.16411472888806,0
C02280,0,1,0,40.911624436844136,0
C02281,0,0,0,9.588638881064483,0
C02282,0,0,0,4.972139466442441,0
C02283,2,3,0,34.43368027049986,0
C02284,0,0,0,5.594375364618233,0
C02285,0,1,0,10.622644035743924,0
C02286,0,1,0,6.527061701129645,0
C02287,3,4,2,31.859329633605864,1
C02288,1,3,0,79.18257625822342,0
C02289,0,0,0,1.7784518803707865,0
C02290,0,0,0,6.950942518585235,0
C02291,0,1,0,11.472736808242372,0
C02292,0,0,0,6.451736877273753,0
C02293,1,1,0,10.848452997536912,0
C02294,1,3,0,13.047945827902188,0
C02295,1,1,0,13.82560361535134,0
C02296,3,3,1,54.99332304546326,0
C02297,0,0,0,16.739679460247665,0
C02298,0,2,0,20.995010749133662,0
C02299,0,2,0,7.44674553003275,0
C02300,1,1,0,6.320967055090438,0
C02301,0,0,0,12.389826815606696,0
C02302,1,2,0,16.197179843347964,0
C02303,0,0,0,6.885203932937631,0
C02304,0,1,0,10.77398263465138,0
C02305,0,0,0,15.954796714449472,0
C02306,0,2,0,6.5246155985975705,0
C02307,0,1,0,23.957072835083324,0
C02308,2,3,0,49.00914202258862,0
C02309,0,2,0,8.360118295216513,0
C02310,1,1,0,16.75854655420971,0
C02311,0,2,0,11.490843043751351,0
C02312,0,1,0,27.072429205441257,0
C02313,1,1,0,12.202931139143796,0
C02314,1,1,0,6.460443855413403,0
C02315,1,3,0,9.545203155320308,0
C02316,3,3,3,63.955998832282454,0
C02317,4,4,2,72.93339154363315,0
C02318,0,2,0,20.113100064455644,0
C02319,0,0,0,3.8994671124303597,0
C02320,1,2,0,45.08265351427334,0
C02321,1,2,0,6.746769810960205,0
C02322,1,3,0,35.534016724147975,0
C02323,5,5,2,85.42132060081515,0
C02324,1,1,0,8.838335904846442,0
C02325,1,2,2,30.019108866543977,1
C02326,6,6,1,4.947224589201284,0
C02327,0,1,0,1.0,0
C02328,0,3,0,15.982356104347156,0
C02329,2,3,0,13.35884345116088,0
C02330,0,1,0,20.33389312735327,0
C02331,0,0,0,7.578507207121631,0
C02332,1,1,0,8.357361994405178,0
C02333,0,0,0,13.337943152735612,0
C02334,2,2,0,15.003703995891296,0
C02335,6,6,2,80.32933649417069,1
C02336,1,2,0,3.2009729149246287,0
C02337,1,1,0,10.000547256481168,0
C02338,2,2,0,47.95471886399474,0
C02339,1,2,0,6.691011871519567,0
C02340,4,5,3,52.10304730995919,1
C02341,1,4,0,5.1780698939170655,0
C02342,2,2,1,83.6768950396997,2
C02343,3,3,0,12.117279140952775,0
C02344,1,3,0,78.18167193988353,0
C02345,0,1,0,1.0,0
C02346,1,2,0,13.381116480905487,0
C02347,0,1,0,11.756433308653515,0
C02348,1,1,2,33.98543468393727,0
C02349,0,1,0,22.719597451459485,0
C02350,1,1,0,10.236615855012017,0
C02351,0,1,0,19.275999398525574,0
C02352,1,2,0,9.03606196736379,0
C02353,1,2,0,69.8443429358307,0
C02354,0,4,0,9.517629224438299,0
C02355,0,1,0,23.99327513463794,0
C02356,0,0,0,11.66097362828825,0
C02357,0,0,0,19.908933090993088,0
C02358,0,1,0,19.21837923908138,0
C02359,0,1,0,5.321012193002277,0
C02360,0,3,2,39.185868498678474,0
C02361,0,2,0,4.019287011411583,0
C02362,0,0,0,9.884895192995488,0
C02363,0,2,0,13.21472512517401,0
C02364,0,1,0,17.60397647465436,0
C02365,0,0,0,7.724886125605821,0
C02366,0,0,0,17.324765731498395,0
C02367,1,1,0,10.268527209685814,0
C02368,1,2,0,13.60863301686213,0
C02369,1,1,0,7.293957275959783,0
C02370,2,3,0,6.826672872782701,0
C02371,0,0,0,9.543350531638643,0
C02372,2,4,0,10.197992088861739,0
C02373,1,3,0,16.437454295471632,0
C02374,6,6,1,13.458649134266992,0
C02375,0,0,0,17.406606756727182,0
C02376,1,2,0,19.808105618301827,0
C02377,1,3,0,27.846177910259446,0
C02378,1,1,0,10.027857477967641,0
C02379,0,2,0,11.857806158548554,0
C02380,0,1,0,9.0026971290202,0
C02381,5,7,1,54.64491530654929,2
C02382,0,2,0,51.26192826667555,0
C02383,1,1,1,55.45491544000513,1
C02384,0,1,0,13.680175039056437,0
C02385,3,5,2,24.232904607862086,0
C02386,3,4,0,14.122486989897503,0
C02387,5,6,3,67.14131054922655,0
C02388,1,1,0,4.555242554348837,0
C02389,0,2,0,20.937354452599543,0
C02390,0,1,0,13.674569502449271,0
C02391,0,0,0,1.0,0
C02392,0,0,0,21.4803463750649,0
C02393,0,0,0,39.55919628955841,0
C02394,3,5,3,64.09797999151911,1
C02395,6,7,0,51.52930231770401,0
C02396,4,6,1,67.96658628392895,0
C02397,0,3,0,12.11116722471079,0
C02398,1,2,0,9.117012688960616,0
C02399,0,0,0,9.121183902799027,0
C02400,1,1,0,16.741480237189904,0
C02401,3,6,2,82.82311719768894,0
C02402,0,0,3,44.74473362229221,1
C02403,0,0,0,14.769923637652631,0
C02404,4,5,0,85.17829126653524,0
C02405,0,1,0,18.836354158303397,0
C02406,0,0,0,5.49313545006844,0
C02407,3,4,0,54.4644439744218,0
C02408,0,0,0,19.842314732802937,0
C02409,1,2,0,17.65360389076777,0
C02410,0,1,0,22.63641755035695,0
C02411,0,1,0,8.051326394040656,0
C02412,0,1,0,20.553550982352917,0
C02413,1,2,0,23.801678029049263,0
C02414,3,3,2,43.5583347214339,1
C02415,2,4,1,56.714034623033164,0
C02416,0,0,0,6.913723275997778,0
C02417,0,0,0,115.68390110347543,0
C02418,0,0,0,10.670167481144727,0
C02419,2,3,0,65.93570012371399,0
C02420,0,1,0,11.003249623943185,0
C02421,0,0,0,53.57644582577605,0
C02422,0,1,0,17.49790350293893,0
C02423,2,3,0,19.35739760011692,0
C02424,7,7,0,60.65600009266985,0
C02425,0,1,0,7.556848947727421,0
C02426,1,1,0,71.73015775682798,0
C02427,1,1,0,19.83314854030686,0
C02428,1,3,0,8.581558084034445,0
C02429,0,2,0,1.0,0
C02430,3,3,3,42.949869286854124,0
C02431,5,6,2,50.90259076331576,2
C02432,1,3,0,4.848640724315456,0
C02433,0,0,0,46.108738385934885,0
C02434,0,1,0,7.533354040557163,0
C02435,3,4,1,52.32388449993968,0
C02436,0,1,0,17.22386346306341,0
C02437,1,1,0,12.519285131965006,0
C02438,0,0,0,23.85082933532126,0
C02439,0,1,0,23.177224052795353,0
C02440,1,3,0,3.4082308883385988,0
C02441,0,3,0,14.812203741336269,0
C02442,1,1,0,16.26792909534688,0
C02443,0,1,0,20.274427136431704,0
C02444,0,2,0,12.850938789448577,0
C02445,0,0,0,20.288042027121712,0
C02446,5,6,2,66.27294607141201,0
C02447,1,2,0,1.3643997397119563,0
C02448,5,7,2,53.5446508656647,0
C02449,1,1,0,21.235084756904804,0
C02450,0,0,0,17.00870112930523,0
C02451,0,0,0,18.651578104466644,0
C02452,0,1,0,17.57258885875293,0
C02453,0,0,0,16.522866283601793,0
C02454,0,1,0,14.579059639072064,0
C02455,1,2,0,4.190088503114438,0
C02456,0,1,0,1.8913344001888959,0
C02457,1,1,0,13.76430989678861,0
C02458,0,0,0,4.258409968582063,0
C02459,3,4,2,89.13887082796292,1
C02460,1,2,0,15.673203359170609,0
C02461,2,3,0,30.32792698094161,0
C02462,1,1,0,5.551658495725059,0
C02463,1,2,0,19.550161353372182,0
C02464,1,1,0,15.750508581405136,0
C02465,2,4,0,47.69555114410873,0
C02466,0,0,0,19.584487527543004,0
C02467,1,3,0,11.071519557180585,0
C02468,0,2,0,5.075076327753916,0
C02469,2,4,3,31.13071270914788,3
C02470,0,2,0,15.450744231915374,0
C02471,0,0,0,5.6134161484485485,0
C02472,1,1,0,16.594107874402297,0
C02473,0,1,0,14.780526376488552,0
C02474,1,3,0,15.717786879573538,0
C02475,1,2,0,77.98293116271276,0
C02476,1,1,0,3.048487227367218,0
C02477,1,2,0,13.143163947782126,0
C02478,0,0,0,14.754210380013404,0
C02479,0,0,0,10.3904034682156,0
C02480,0,1,0,14.686547282077271,0
C02481,0,2,0,9.510273672037313,0
C02482,0,0,0,14.540025147269077,0
C02483,1,2,0,16.064700456957063,0
C02484,3,6,3,59.480632595370885,1
C02485,0,2,0,70.28039805710017,0
C02486,2,2,0,16.332347848191418,0
C02487,1,2,0,17.41501461303782,0
C02488,1,3,0,11.57146616680699,0
C02489,0,1,0,4.736279240449424,0
C02490,1,2,0,55.582919961627,0
C02491,0,0,0,16.235919533845486,0
C02492,1,1,1,92.01699800532506,0
C02493,2,2,0,14.839346950802087,0
C02494,0,1,0,35.718502333864386,0
C02495,1,5,0,15.360464051815725,0
C02496,1,1,0,11.111449876059382,0
C02497,0,2,0,4.439541732977684,0
C02498,0,2,0,21.104623995383285,0
C02499,2,4,0,58.41694216255138,0
C02500,4,6,3,31.768854544860147,0
C02501,2,2,2,48.041587557459884,0
C02502,0,0,0,14.549539109119682,0
C02503,0,1,0,38.96159847922081,0
C02504,1,2,0,22.37579822499441,0
C02505,0,2,0,10.385665229313254,0
C02506,0,2,0,20.162177500634094,0
C02507,0,1,0,12.802355593540863,0
C02508,1,3,0,13.498088185539167,0
C02509,2,3,0,53.35233014826219,0
C02510,0,0,0,10.442864021553328,0
C02511,0,0,0,14.252084798781093,0
C02512,1,2,0,8.808816556749232,0
C02513,1,2,0,4.36456327891467,0
C02514,0,2,0,16.880902679888358,0
C02515,1,1,0,14.357413905994386,0
C02516,2,5,0,5.64167069490296,0
C02517,1,2,0,10.028939459779732,0
C02518,1,2,0,6.403584270750485,0
C02519,1,3,1,61.35276732073372,1
C02520,0,0,0,68.17552988872212,0
C02521,1,1,0,20.373804551112308,0
C02522,0,2,0,57.49347816997406,0
C02523,0,0,0,12.119473735219815,0
C02524,2,2,0,8.426233746875319,0
C02525,4,6,1,92.81359064482915,0
C02526,0,1,0,10.799911214894916,0
C02527,3,3,0,77.94739220862778,0
C02528,0,3,0,14.050103114700828,0
C02529,0,1,0,9.595212768675555,0
C02530,0,0,0,10.614032597867842,0
C02531,0,1,0,4.594159794125112,0
C02532,0,1,0,14.141556063422106,0
C02533,2,3,0,1.0,0
C02534,2,3,0,8.29970107608705,0
C02535,0,2,0,1.2996135572840224,0
C02536,0,1,0,17.226796626073295,0
C02537,0,3,0,17.726222333248685,0
C02538,0,2,0,10.312331227072738,0
C02539,0,0,0,18.41944399466812,0
C02540,0,0,0,14.426236716742537,0
C02541,1,2,1,3.036951918064652,0
C02542,0,1,0,12.338756715089914,0
C02543,2,3,0,13.801314423993954,0
C02544,0,0,0,1.0,0
C02545,0,3,0,17.763625090178035,0
C02546,4,7,2,62.97296080341279,0
C02547,1,1,0,13.911026381124227,0
C02548,0,0,0,7.144236958116467,0
C02549,0,1,0,30.17811194997353,0
C02550,1,1,0,11.729146098571967,0
C02551,0,1,0,67.42769331294146,0
C02552,1,1,3,87.12675310134529,0
C02553,3,3,0,48.82401862309564,0
C02554,1,1,0,12.521706899577833,0
C02555,0,2,0,8.134597153246798,0
C02556,1,5,0,13.571184017078986,0
C02557,0,2,0,21.353497158741913,0
C02558,5,5,2,66.06838652319242,0
C02559,0,2,0,16.743773033310408,0
C02560,0,1,0,19.799715554335652,0
C02561,0,2,0,15.092031874334614,0
C02562,0,0,0,48.541370105995355,0
C02563,0,2,0,61.08434908007334,0
C02564,0,1,0,22.901806971661824,0
C02565,0,0,0,7.8865208603548815,0
C02566,1,2,2,51.23467170055356,1
C02567,1,2,0,15.677592683603926,0
C02568,1,1,0,1.0,0
C02569,0,3,0,22.545572618639092,0
C02570,3,4,3,10.943199370998144,1
C02571,0,0,0,8.945137967123364,0
C02572,0,0,0,5.716508094511067,0
C02573,2,2,0,35.055079128314176,0
C02574,0,1,0,6.49942558498317,0
C02575,1,4,0,3.608777023971907,0
C02576,0,2,0,14.93000973305033,0
C02577,3,6,0,1.0,0
C02578,1,3,0,4.525942137356658,0
C02579,0,1,0,11.030158697490897,0
C02580,1,1,0,14.452021308720777,0
C02581,2,2,0,10.079058088331657,0
C02582,0,2,0,3.892601382814716,0
C02583,2,5,0,13.510238935544802,0
C02584,2,4,0,15.247755023541096,0
C02585,2,2,0,84.64191932730589,0
C02586,3,4,0,14.177870306288117,0
C02587,0,2,0,16.30583458391542,0
C02588,2,2,0,1.0,0
C02589,0,0,0,15.222434299270928,0
C02590,0,1,0,71.1165282575338,0
C02591,0,1,0,1.0,0
C02592,1,2,0,4.998914691917202,0
C02593,1,1,0,3.8886180159331083,0
C02594,0,0,0,9.44244163249644,0
C02595,0,0,0,5.709810683902564,0
C02596,2,2,0,10.835758866041646,0
C02597,1,1,0,48.14952079381527,0
C02598,0,0,0,15.444153961416053,0
C02599,4,5,0,54.695161194360885,0
C02600,0,2,0,8.996413252254614,0
C02601,0,2,0,8.715165247012271,0
C02602,1,1,0,54.94225882110682,0
C02603,3,3,1,10.79026391091844,2
C02604,0,1,0,15.703382248852328,0
C02605,2,3,0,13.894646040323218,0
C02606,0,0,0,1.0,0
C02607,4,6,2,79.53786837166726,2
C02608,4,6,2,41.61571962839616,0
C02609,0,0,0,11.130233424596188,0
C02610,0,0,0,11.58063147979264,0
C02611,0,0,0,17.288549180320608,0
C02612,0,1,0,17.02994252869484,0
C02613,1,2,0,18.60690771258563,0
C02614,0,0,0,22.1533959276255,0
C02615,1,2,0,20.876132935000456,0
C02616,1,2,0,76.05118797735722,0
C02617,0,2,0,9.7451367607292,0
C02618,1,1,0,8.77188752243222,0
C02619,1,1,0,3.8066156467516734,0
C02620,0,1,0,12.177189005683992,0
C02621,0,1,0,15.25749683366918,0
C02622,0,0,0,14.041166384693286,0
C02623,0,0,0,17.934613047723214,0
C02624,0,0,0,4.884648760013218,0
C02625,1,1,0,9.114661890966897,0
C02626,2,2,3,27.525844460989557,1
C02627,0,1,0,5.698842268358148,0
C02628,1,3,0,11.089773843162233,0
C02629,0,1,0,8.633963048228063,0
C02630,1,2,0,4.437378831664914,0
C02631,0,1,0,6.237943277326126,0
C02632,0,4,0,64.29939836634574,0
C02633,1,2,0,23.903730623471105,0
C02634,1,1,0,11.11079636409958,0
C02635,1,1,0,9.008915570386602,0
C02636,0,1,0,5.01387908879283,0
C02637,0,1,0,55.41033393613106,0
C02638,1,1,0,10.910266833928606,0
C02639,0,1,0,15.077783468631539,0
C02640,2,2,0,15.281311215040077,0
C02641,2,2,0,7.666862428425618,0
C02642,1,4,0,16.605868597777466,0
C02643,0,0,0,14.009967962886034,0
C02644,4,4,0,46.43619295765063,0
C02645,0,0,0,9.97632025492187,0
C02646,5,6,1,50.3068713847845,1
C02647,2,2,0,1.0,0
C02648,0,2,0,15.567849927936631,0
C02649,0,0,0,16.836559587821647,0
C02650,0,0,0,12.829013662509677,0
C02651,0,1,0,10.258011395785784,0
C02652,1,1,0,11.020989053475287,0
C02653,0,0,0,10.721144697032553,0
C02654,0,0,0,1.0,0
C02655,0,4,0,10.715003898367655,0
C02656,0,1,0,10.899275974078922,0
C02657,0,2,0,14.651160095748349,0
C02658,1,2,0,42.190908516525845,0
C02659,0,1,0,18.074685560839143,0
C02660,4,7,3,1.0,0
C02661,0,2,0,25.19356581115931,0
C02662,0,1,0,19.57233872454219,0
C02663,0,0,0,4.855147267879789,0
C02664,0,2,0,13.812100461908043,0
C02665,0,1,0,13.633358706207714,0
C02666,0,0,0,11.571122587258863,0
C02667,0,1,0,5.355380813104979,0
C02668,0,0,0,47.8465006498148,0
C02669,0,1,0,11.146831197482776,0
C02670,1,2,0,16.5924637891803,0
C02671,1,2,0,5.47199992635651,0
C02672,1,1,0,1.1120013295478728,0
C02673,0,0,0,1.0,0
C02674,3,4,3,36.336958281491604,0
C02675,1,2,0,9.923140463537905,0
C02676,0,4,0,10.142228321115745,0
C02677,0,2,0,2.5606590417686235,0
C02678,0,1,0,13.101551322629943,0
C02679,2,2,0,6.024812802347176,0
C02680,0,2,0,84.78195007172597,0
C02681,0,3,0,10.267985710144945,0
C02682,1,3,0,13.19492613500085,0
C02683,0,0,0,10.4607879278213,0
C02684,0,3,0,17.328065970646968,0
C02685,1,4,3,63.70140927926158,0
C02686,2,5,2,69.95672250301514,0
C02687,0,3,0,54.10823215129949,0
C02688,0,1,0,12.325516627606797,0
C02689,0,0,0,13.74592540932532,0
C02690,0,2,0,13.804738245510336,0
C02691,1,2,0,10.957128274379402,0
C02692,0,1,0,9.443014476515213,0
C02693,0,1,0,8.027458425837926,0
C02694,0,2,0,5.6309421982793415,0
C02695,0,0,0,4.445534888139583,0
C02696,0,3,0,17.122208840824158,0
C02697,0,0,0,24.04088699241507,0
C02698,4,6,3,55.62076006416029,0
C02699,0,0,0,1.0,0
C02700,1,4,0,15.698249122385674,0
C02701,1,2,0,19.451760374295244,0
C02702,1,3,0,4.61043055449243,0
C02703,5,6,3,79.56195219927929,0
C02704,0,2,0,15.521924788744652,0
C02705,0,0,0,21.515180706546282,0
C02706,1,2,0,14.101483746627299,0
C02707,1,3,0,14.56748006488643,0
C02708,4,4,2,48.343978680681715,1
C02709,4,4,3,20.266391210528216,0
C02710,0,0,0,17.394863538138722,0
C02711,2,2,0,48.10956304169747,0
C02712,1,4,0,6.80083997673423,0
C02713,1,2,0,17.732566037339705,0
C02714,2,2,0,7.997788755132135,0
C02715,1,3,0,16.108286305801812,0
C02716,1,2,0,6.808471469852002,0
C02717,2,2,0,10.190587693528377,0
C02718,0,0,0,1.0,0
C02719,0,0,0,3.794249676351514,0
C02720,0,3,0,4.294999535478125,0
C02721,0,0,0,2.9756747227541016,0
C02722,1,1,0,11.288929330931378,0
C02723,1,2,0,1.0,0
C02724,2,3,0,14.207852954692221,0
C02725,4,5,0,9.730460225084741,0
C02726,0,0,0,1.7952303578056288,0
C02727,2,3,0,14.743874465226401,0
C02728,1,1,0,19.61007543245361,0
C02729,0,0,0,18.201068778871594,0
C02730,1,2,0,8.778948162339072,0
C02731,1,2,0,7.377520539865156,0
C02732,1,4,0,79.32554582354398,0
C02733,0,1,0,13.840226941365104,0
C02734,0,1,0,7.9463437093949025,0
C02735,1,1,0,8.054254191443704,0
C02736,0,0,0,2.3985689031377557,0
C02737,1,1,2,44.86490234975493,0
C02738,1,3,0,16.979980154532605,0
C02739,2,3,0,74.06039796310182,0
C02740,1,1,0,6.481500748377535,0
C02741,4,4,1,63.27638140751331,1
C02742,1,2,0,8.392898816559104,0
C02743,0,0,0,78.0250660046755,0
C02744,0,0,0,3.6588494103409985,0
C02745,0,0,0,12.648999426835244,0
C02746,0,1,0,16.296002528508048,0
C02747,1,2,0,8.44287037187458,0
C02748,0,0,0,3.361964482416086,0
C02749,0,0,0,12.327841207527648,0
C02750,0,1,0,21.32261097078814,0
C02751,0,1,0,15.989681875750248,0
C02752,2,2,0,6.086213201178024,0
C02753,0,0,0,12.757944154739839,0
C02754,1,2,0,12.771071526865846,0
C02755,5,7,0,54.93651760106459,0
C02756,3,4,2,35.17560294664983,0
C02757,1,3,0,8.2192800388518,0
C02758,0,2,0,11.81454490996918,0
C02759,4,6,0,11.994635817959756,0
C02760,0,1,0,1.0,0
C02761,0,1,0,12.397093828101186,0
C02762,2,2,0,48.48119349682192,0
C02763,4,5,1,34.448438957938656,0
C02764,3,3,0,19.376322981641575,0
C02765,1,2,1,10.312696297578306,0
C02766,3,5,1,71.03879051505534,0
C02767,2,3,0,12.944538086687405,0
C02768,2,2,0,16.824092078491255,0
C02769,1,2,0,11.213227490992768,0
C02770,1,2,0,8.37968459343798,0
C02771,0,1,0,14.213520398269257,0
C02772,0,2,0,11.33735176806383,0
C02773,3,5,0,84.24008947435738,0
C02774,3,4,1,1.0,0
C02775,0,1,0,49.71667283614946,0
C02776,1,3,3,106.9966059001111,3
C02777,0,0,0,1.0,0
C02778,1,1,0,17.736686995721776,0
C02779,1,1,0,11.609105098971293,0
C02780,3,5,0,17.35744831344895,0
C02781,0,0,0,3.548211596409484,0
C02782,1,1,0,8.500399601279264,0
C02783,0,2,0,15.993786294163398,0
C02784,1,1,1,44.513280891266064,0
C02785,4,4,3,61.38959102623609,0
C02786,0,3,0,8.678469620826668,0
C02787,1,2,0,12.762448088996237,0
C02788,0,2,0,13.80817282471455,0
C02789,2,2,0,20.234334785533527,0
C02790,0,0,0,56.84326500797788,0
C02791,0,1,0,9.310880665499578,0
C02792,0,2,0,12.308618080184665,0
C02793,0,1,0,19.311951091990068,0
C02794,0,1,0,16.350138301872427,0
C02795,1,3,3,50.540405044349626,0
C02796,0,0,0,5.656000988259739,0
C02797,1,3,3,67.01512568194156,0
C02798,0,2,0,5.0555093815134375,0
C02799,0,1,0,16.37518095388932,0
C02800,0,1,0,6.222707626196224,0
C02801,6,10,2,17.51802636193772,0
C02802,0,0,0,5.895227638682408,0
C02803,1,1,0,39.36581507955773,0
C02804,3,3,0,19.039275026804013,0
C02805,1,2,0,20.494017490775846,0
C02806,1,2,0,16.49815953246889,0
C02807,0,0,0,12.488615838080392,0
C02808,1,1,1,23.632639029572765,0
C02809,0,0,0,10.55023332534267,0
C02810,0,0,0,19.61196593794063,0
C02811,0,0,0,10.549145119603708,0
C02812,1,3,0,11.037081224035767,0
C02813,0,1,0,12.068538664925898,0
C02814,1,5,0,10.231953570316628,0
C02815,3,3,0,48.30776179338779,0
C02816,0,0,0,28.089964436377905,0
C02817,0,2,0,5.168344559711086,0
C02818,1,4,0,10.022151997592786,0
C02819,1,5,0,7.504732715712093,0
C02820,1,1,0,12.941962071391927,0
C02821,0,2,0,9.921718578799796,0
C02822,0,0,0,10.734225295743634,0
C02823,3,5,3,37.565004021503185,0
C02824,1,2,3,1.0,0
C02825,1,2,0,8.782969587716217,0
C02826,1,3,0,14.206321087272798,0
C02827,0,1,0,11.480858484141951,0
C02828,0,0,0,21.266139932292745,0
C02829,1,1,0,11.50193896825973,0
C02830,0,4,0,22.10781409435243,0
C02831,0,1,0,48.015262617648276,0
C02832,0,1,0,11.184574701782816,0
C02833,0,1,0,10.84818514495658,0
C02834,3,3,3,26.331690079429706,0
C02835,0,0,0,1.0,0
C02836,2,4,2,36.22816647851752,0
C02837,0,1,0,6.3483194783525425,0
C02838,0,4,0,13.511739366536956,0
C02839,2,3,1,57.51023193432346,0
C02840,0,1,0,14.602221275872225,0
C02841,2,3,2,42.54645382462738,2
C02842,0,0,0,3.4869337552711297,0
C02843,1,3,3,52.10932183713756,0
C02844,1,4,0,5.615499794812724,0
C02845,1,4,0,15.08097166476633,0
C02846,1,2,0,8.964583887993172,0
C02847,1,3,0,2.8285679386629354,0
C02848,0,0,0,43.92462391777086,0
C02849,1,1,0,14.00055181703235,0
C02850,0,0,0,3.745899623260673,0
C02851,0,0,0,17.048740618458233,0
C02852,0,0,0,12.321011703213774,0
C02853,0,3,0,18.795775560754983,0
C02854,0,0,0,7.850594464020823,0
C02855,0,1,0,19.013240332402127,0
C02856,0,0,0,11.653285574417353,0
C02857,0,1,0,10.932701945185881,0
C02858,0,2,0,5.919512532184019,0
C02859,2,4,3,31.119143764909705,1
C02860,1,3,0,17.237938709352274,0
C02861,0,3,0,14.769497819514378,0
C02862,2,4,0,38.54113349498148,0
C02863,2,4,2,62.11079081846195,0
C02864,4,5,3,44.22272979357379,1
C02865,2,4,0,44.65825770356737,0
C02866,0,1,0,3.329450692600153,0
C02867,1,2,0,10.988367859452762,0
C02868,0,1,0,10.810390394871588,0
C02869,0,0,0,2.206523513681491,0
C02870,1,3,0,12.346799967161456,0
C02871,2,2,1,42.0937767230174,1
C02872,1,2,0,5.256657478154812,0
C02873,0,0,0,1.4968563409321156,0
C02874,0,0,0,15.399269803539022,0
C02875,3,5,0,8.694449009093255,0
C02876,0,0,0,7.2860803514965795,0
C02877,6,6,1,11.691589339307676,0
C02878,8,10,0,35.72874508261363,0
C02879,1,1,0,19.424055991135404,0
C02880,0,1,0,1.0,0
C02881,0,0,0,11.92444057683886,0
C02882,0,1,0,20.19111571023007,0
C02883,0,1,0,92.9839346259664,0
C02884,1,1,0,36.74519669725543,0
C02885,0,0,0,40.67377224681441,0
C02886,0,2,3,56.750208700291374,0
C02887,1,3,0,99.6904861302657,0
C02888,2,3,0,19.925350263009246,0
C02889,6,6,1,13.086300402981557,0
C02890,0,3,0,19.44710866394334,0
C02891,1,2,1,1.0,1
C02892,5,5,0,14.105481608015452,0
C02893,2,5,0,18.244480530338222,0
C02894,1,1,0,54.27816647366367,0
C02895,0,2,0,3.3329596093729847,0
C02896,1,3,2,63.92646549906267,1
C02897,1,2,0,12.169909293749619,0
C02898,0,0,0,11.722834278690915,0
C02899,2,3,0,19.72337883393491,0
C02900,0,1,0,19.348425238739825,0
C02901,0,1,0,18.757675519878802,0
C02902,3,4,0,11.287805619608287,0
C02903,0,1,0,12.845836544038818,0
C02904,0,0,0,17.376951690392822,0
C02905,3,4,0,60.413098440302235,0
C02906,0,1,0,15.803777435476047,0
C02907,1,3,0,6.197479582924282,0
C02908,0,0,0,21.552017915838128,0
C02909,0,2,0,4.110816795696218,0
C02910,1,1,0,82.00995450247946,0
C02911,0,1,0,11.376706904074517,0
C02912,1,2,0,9.876754090077839,0
C02913,1,1,0,5.881254298959766,0
C02914,0,0,0,22.254564109990913,0
C02915,1,2,0,18.678729049103296,0
C02916,0,0,0,14.618871940988324,0
C02917,0,0,0,1.0,0
C02918,1,3,0,18.868358647553755,0
C02919,0,0,0,52.49418322753056,0
C02920,3,5,3,68.06755418207379,0
C02921,0,2,0,17.76670212434238,0
C02922,0,3,0,13.768224935520909,0
C02923,0,3,0,6.690035758921763,0
C02924,0,0,0,3.5515739434643017,0
C02925,2,2,1,53.49987041149028,0
C02926,5,5,1,26.135786132361197,1
C02927,0,0,0,8.543082758604964,0
C02928,1,1,0,13.74828243465554,0
C02929,0,0,0,15.62373992397022,0
C02930,0,2,0,10.211234704489035,0
C02931,2,3,0,16.689957194348587,0
C02932,2,2,0,40.31885383734834,0
C02933,3,3,2,55.20685910252543,0
C02934,1,1,0,61.795440079769335,0
C02935,0,1,0,17.07358593920288,0
C02936,2,2,0,16.77964532217657,0
C02937,1,1,1,27.660259337985877,1
C02938,0,1,0,7.8619511439141005,0
C02939,0,1,0,7.161523766209465,0
C02940,0,1,0,14.161149220755599,0
C02941,1,2,0,10.304281062465861,0
C02942,0,1,0,15.5418016919793,0
C02943,2,3,0,10.974224850871938,0
C02944,2,2,2,41.226256140811735,0
C02945,1,2,0,17.741368234191064,0
C02946,0,1,0,20.963571928861096,0
C02947,9,10,3,41.63917831149044,3
C02948,2,3,3,50.79085489139371,1
C02949,0,1,0,18.98745265976352,0
C02950,3,4,0,10.598835878611395,0
C02951,0,1,0,12.348255539025278,0
C02952,0,1,0,35.694365897182664,0
C02953,4,4,1,27.055638686939663,0
C02954,0,1,0,11.581285064400682,0
C02955,2,2,0,70.180280150069,0
C02956,0,3,0,11.848610945626534,0
C02957,1,3,0,12.212102471522696,0
C02958,0,3,0,22.894540650135987,0
C02959,0,0,0,12.041667776295082,0
C02960,1,2,0,10.831648015819871,0
C02961,0,0,0,12.527211637121969,0
C02962,0,3,0,16.89908303949386,0
C02963,1,2,0,14.777566729030523,0
C02964,0,0,0,8.073893946393095,0
C02965,0,1,0,87.10823425210945,0
C02966,0,1,0,3.7204769651992677,0
C02967,3,4,1,48.792196229466306,0
C02968,1,2,0,11.858959039304063,0
C02969,1,4,0,40.90760261834495,0
C02970,1,1,0,9.895164490106543,0
C02971,1,1,0,9.729989344720117,0
C02972,0,0,0,9.019385949148415,0
C02973,0,3,0,7.530515990607247,0
C02974,0,0,0,14.607652963648405,0
C02975,0,0,0,10.211692349676726,0
C02976,5,6,0,24.07923109167331,0
C02977,1,4,3,42.96579832459493,0
C02978,0,1,0,25.59406821041894,0
C02979,0,0,0,34.6335584085498,0
C02980,0,0,0,8.944655605192343,0
C02981,1,1,0,76.67946117332062,0
C02982,0,2,0,12.094244652946537,0
C02983,1,1,0,6.011600747844488,0
C02984,0,1,0,16.465005626790557,0
C02985,0,0,0,4.409899959551421,0
C02986,0,1,0,12.617429192757605,0
C02987,0,2,0,10.631558586355702,0
C02988,0,2,0,37.938319280198314,0
C02989,0,0,0,17.12982241025136,0
C02990,1,3,0,12.365969919766304,0
C02991,0,1,0,8.697046527745,0
C02992,1,2,0,9.011379995599224,0
C02993,0,1,0,16.720877597230906,0
C02994,0,1,0,4.401747834634686,0
C02995,0,0,0,8.21326230539385,0
C02996,0,2,0,4.2602867754656515,0
C02997,0,1,0,11.809432422177178,0
C02998,0,0,0,23.054728288777174,0
C02999,2,5,0,6.094930127718207,0
C03000,0,1,0,14.902493182046607,0
C03001,5,7,0,63.05110266838093,0
C03002,1,1,0,15.906118448204424,0
C03003,0,2,0,7.323371892963255,0
C03004,0,3,0,19.92639934097594,0
C03005,0,1,0,37.753211763795065,0
C03006,1,1,0,11.157884226491724,0
C03007,0,1,0,26.57079479047539,0
C03008,2,4,0,18.022729580973312,0
C03009,0,0,0,9.810254575488674,0
C03010,0,1,0,6.892895589163372,0
C03011,1,2,0,14.021659207953356,0
C03012,0,1,0,11.851646657527183,0
C03013,3,5,0,2.060436332359867,0
C03014,0,0,0,7.671664511280161,0
C03015,0,1,0,24.648318080138015,0
C03016,1,3,0,15.027724096710745,0
C03017,1,2,0,43.6900959673795,0
C03018,0,1,0,10.756170397847969,0
C03019,0,2,0,19.215604936781318,0
C03020,1,4,0,25.97702718946435,0
C03021,1,3,2,63.18715842351291,0
C03022,0,1,0,9.776280311968804,0
C03023,0,1,0,8.747879478733608,0
C03024,0,0,0,42.94816007960607,0
C03025,1,2,0,12.246246085126412,0
C03026,1,1,0,56.59423990931552,0
C03027,0,3,0,27.71356654638001,0
C03028,1,2,1,55.417934212139905,2
C03029,0,0,0,15.452926156501853,0
C03030,0,1,0,1.0,0
C03031,1,2,0,16.476544796640475,0
C03032,2,2,0,11.923248688974496,0
C03033,0,0,0,20.05204274284589,0
C03034,0,2,0,6.1525091264463185,0
C03035,1,1,0,16.650193400999456,0
C03036,0,0,0,21.07700925249636,0
C03037,0,1,0,18.207953544328873,0
C03038,0,2,0,10.001520789677674,0
C03039,1,2,3,28.955830464741016,0
C03040,2,3,0,9.490137528385318,0
C03041,5,5,3,47.55433117626934,0
C03042,0,1,0,12.601867195742905,0
C03043,2,3,0,19.613242854565335,0
C03044,1,1,0,10.892608034611186,0
C03045,0,0,0,1.0,0
C03046,1,1,0,19.049664306451284,0
C03047,1,1,0,7.102344070906329,0
C03048,1,4,1,41.82058201101141,2
C03049,8,11,1,43.757279724963226,0
C03050,0,2,0,12.376263482026072,0
C03051,0,1,0,17.79182907352881,0
C03052,1,3,0,15.945424466632103,0
C03053,0,2,0,1.0,0
C03054,1,2,0,9.965456607483492,0
C03055,0,0,0,22.56372421028805,0
C03056,0,1,0,16.38587543840036,0
C03057,1,3,0,16.52837823482081,0
C03058,0,0,0,7.856205654404663,0
C03059,2,2,2,35.88789969951689,0
C03060,1,3,0,39.61509207707622,0
C03061,0,0,0,12.978986840496122,0
C03062,1,1,0,7.6949880269837,0
C03063,1,2,0,21.095304629877305,0
C03064,2,3,0,19.477219768404694,0
C03065,6,6,2,8.794795929845577,0
C03066,0,1,0,10.840920856677268,0
C03067,0,0,0,20.46554470660132,0
C03068,0,0,0,55.72286069537395,0
C03069,1,2,0,9.767382689845135,0
C03070,2,2,2,48.18979314341656,0
C03071,0,3,0,20.762571990562023,0
C03072,0,1,0,14.370977439570275,0
C03073,0,0,0,20.201764818543694,0
C03074,0,2,0,10.741941553549227,0
C03075,0,1,0,19.926969049149548,0
C03076,0,1,0,102.01651928686992,0
C03077,3,3,0,9.78710863118255,0
C03078,1,1,0,14.67719790060852,0
C03079,0,1,0,19.088017668185593,0
C03080,1,6,3,2.9436127578998565,0
C03081,0,4,0,8.016863872042109,0
C03082,1,1,0,17.32652926787179,0
C03083,1,1,0,15.068172959408544,0
C03084,0,0,0,7.929109385176731,0
C03085,5,5,3,71.69723689341805,1
C03086,0,0,0,16.60538075216818,0
C03087,5,6,1,40.60492822894763,1
C03088,5,5,1,42.86638885845309,0
C03089,3,3,0,8.525787260547006,0
C03090,0,0,0,89.77742398266923,0
C03091,3,3,2,31.96928363657217,0
C03092,3,4,0,62.16769618900082,0
C03093,0,0,0,5.1458878479716486,0
C03094,5,6,0,52.45137525719369,0
C03095,0,2,0,16.575534617192538,0
C03096,8,8,2,59.030523251605985,0
C03097,0,1,0,13.75842529995023,0
C03098,0,1,0,15.580070909156342,0
C03099,1,2,0,11.653280728628944,0
C03100,0,0,0,25.261052651922213,0
C03101,0,0,0,65.48811437501935,0
C03102,0,0,1,54.74204778004879,1
C03103,0,3,0,15.269348044323142,0
C03104,1,2,0,14.134871679403716,0
C03105,1,2,0,12.615470454156677,0
C03106,0,0,0,22.13291954686508,0
C03107,1,2,0,18.17299269503911,0
C03108,1,1,0,49.21058239580552,0
C03109,2,4,0,53.865494116470586,0
C03110,0,0,0,18.057729773221546,0
C03111,0,1,0,14.93327155899484,0
C03112,0,0,0,14.262328949608618,0
C03113,0,1,0,7.652374138759269,0
C03114,2,3,3,57.61754223714241,3
C03115,1,1,0,24.64691187451005,0
C03116,2,3,0,12.20789875165763,0
C03117,0,2,0,10.149795163708404,0
C03118,1,1,0,12.93938884932896,0
C03119,0,0,0,1.0,0
C03120,0,2,0,5.605685582248398,0
C03121,1,2,0,82.12429030226512,0
C03122,0,1,0,8.062444685245396,0
C03123,0,0,0,8.599788587354658,0
C03124,6,6,1,19.501280972272205,2
C03125,0,1,0,2.278524298578075,0
C03126,2,4,1,64.78853600210482,0
C03127,0,2,0,20.52254737145219,0
C03128,1,1,0,11.703236786755573,0
C03129,0,0,0,16.42833703749048,0
C03130,3,3,1,79.73547588144368,0
C03131,0,0,0,24.196331617134152,0
C03132,2,2,0,72.23844552346924,0
C03133,1,3,0,13.383849508943728,0
C03134,1,1,0,7.611198917442751,0
C03135,0,0,0,15.254556343430865,0
C03136,1,2,0,4.472810888630793,0
C03137,3,4,3,42.45579276271462,1
C03138,3,4,2,49.65032705719037,0
C03139,1,2,0,12.742311328033646,0
C03140,1,1,0,9.102429408132268,0
C03141,0,2,0,64.97804215023157,0
C03142,2,3,0,48.65092583007957,0
C03143,0,1,0,11.114932678862322,0
C03144,1,2,0,6.817218754447286,0
C03145,2,2,0,69.24028701797525,0
C03146,1,2,0,13.370456864655907,0
C03147,0,0,0,13.87576000337523,0
C03148,1,2,0,8.808165709983447,0
C03149,0,0,0,17.23520178502107,0
C03150,2,2,0,13.170451137309646,0
C03151,0,1,0,6.062819567683802,0
C03152,0,1,0,19.937305845433794,0
C03153,0,3,0,37.39536318970347,0
C03154,0,1,0,20.17286048189346,0
C03155,0,1,0,17.86826588392517,0
C03156,0,1,0,50.72238096940257,0
C03157,1,1,0,21.06511806141765,0
C03158,0,1,0,7.211276164144897,0
C03159,1,4,1,33.656998663323044,2
C03160,0,1,0,7.397362327062402,0
C03161,0,2,0,3.3722312207363956,0
C03162,0,2,0,6.568394984158737,0
C03163,0,0,0,7.272914123285836,0
C03164,0,2,0,22.720862125964114,0
C03165,0,0,0,12.478347429680788,0
C03166,2,2,0,7.821546413270584,0
C03167,0,1,0,20.20181026866166,0
C03168,0,0,0,99.12619553741214,0
C03169,0,1,0,43.67564274564705,0
C03170,1,4,0,19.440193414867633,0
C03171,2,4,0,13.651432466228014,0
C03172,0,1,0,56.69694025148672,0
C03173,0,1,0,11.564849331934287,0
C03174,2,3,0,11.859187682212363,0
C03175,0,3,2,16.095320216082126,3
C03176,0,0,0,15.712524372903014,0
C03177,0,0,0,13.69688509440228,0
C03178,1,2,0,25.677586945816213,0
C03179,0,0,0,1.4406810182434828,0
C03180,0,0,0,5.556475856196472,0
C03181,1,1,0,14.404676781059276,0
C03182,0,2,0,16.28958772165003,0
C03183,4,5,1,51.20885087223205,0
C03184,1,2,0,12.386139730247537,0
C03185,1,2,0,26.227934225508598,0
C03186,1,3,0,12.1545636392927,0
C03187,2,3,0,12.782188818186668,0
C03188,0,0,0,8.388677378314805,0
C03189,0,3,0,6.373109789914146,0
C03190,0,2,0,11.941925491767451,0
C03191,0,2,0,1.0,0
C03192,2,3,0,12.06825101873175,0
C03193,0,2,0,11.049755187598665,0
C03194,0,2,0,1.0,0
C03195,0,5,0,65.5951826979634,0
C03196,0,0,0,14.051096207946447,0
C03197,0,1,0,20.345869534400645,0
C03198,2,4,0,9.227037231972218,0
C03199,1,2,0,26.865893861270173,0
C03200,1,4,0,11.955260780499481,0
C03201,0,1,0,20.58769688613014,0
C03202,0,0,0,1.0,0
C03203,0,3,0,11.165273113094173,0
C03204,2,2,0,15.651356515232152,0
C03205,0,3,0,18.390188182625465,0
C03206,0,0,0,13.3578870034754,0
C03207,0,0,0,22.11398357805811,0
C03208,0,0,0,12.962070832694462,0
C03209,1,2,0,15.422620786920763,0
C03210,1,1,0,1.0,0
C03211,0,0,0,16.640010676854896,0
C03212,0,2,3,25.324902972730555,1
C03213,0,0,0,10.671153833418504,0
C03214,1,4,0,16.080725155018584,0
C03215,1,3,0,10.140378914014532,0
C03216,5,6,1,88.08915464956269,4
C03217,0,1,0,26.03236499409381,0
C03218,0,0,0,20.26896528248663,0
C03219,8,9,2,43.98754970875862,0
C03220,3,3,1,35.11151763855999,2
C03221,0,0,0,10.623382710659312,0
C03222,0,3,0,24.285090318891783,0
C03223,3,4,2,44.321625553783164,1
C03224,2,2,0,1.0,0
C03225,0,3,0,10.250642954163961,0
C03226,0,1,0,9.42493003849006,0
C03227,0,1,0,9.026571215277748,0
C03228,1,1,0,14.99808301776403,0
C03229,2,4,0,5.327655299813717,0
C03230,1,2,0,17.349736877002748,0
C03231,2,3,0,4.330774226089886,0
C03232,0,0,0,10.98283285940523,0
C03233,0,1,0,9.838401674434866,0
C03234,8,9,3,57.801925965243385,0
C03235,2,2,0,10.435519553806175,0
C03236,0,0,0,4.803583693294035,0
C03237,0,0,0,9.174362659059314,0
C03238,0,1,0,1.0,0
C03239,1,1,0,17.015502167338965,0
C03240,0,1,0,17.057498827367745,0
C03241,5,6,3,29.34232009672636,0
C03242,0,0,0,4.6205429616534675,0
C03243,2,5,0,3.9384570470903917,0
C03244,2,7,0,65.70847424145019,0
C03245,2,2,0,70.65451577048955,0
C03246,2,3,2,40.711239608681424,1
C03247,0,0,0,14.943651379664725,0
C03248,2,2,2,50.12734129035333,0
C03249,0,1,0,9.699437109112719,0
C03250,0,0,0,20.717072398896125,0
C03251,0,0,0,1.0,0
C03252,0,1,0,61.45407506444444,0
C03253,0,1,0,10.92735021037565,0
C03254,0,1,0,9.02034037963946,0
C03255,1,4,0,13.206325891144559,0
C03256,3,3,0,26.97771013768557,0
C03257,0,1,0,18.202509589357472,0
C03258,0,1,0,2.385990269286344,0
C03259,0,2,0,7.507863585167597,0
C03260,3,3,3,58.86846842276006,0
C03261,1,4,0,5.509026968911231,0
C03262,0,2,0,15.696281686070732,0
C03263,1,2,0,17.34695699261568,0
C03264,0,0,0,15.020489575345284,0
C03265,0,3,0,11.764378729004923,0
C03266,1,1,0,27.14698584620931,0
C03267,1,1,0,8.317692107357292,0
C03268,2,4,0,10.759883436356617,0
C03269,1,1,0,30.460038507005706,0
C03270,2,3,2,64.41888245783696,0
C03271,1,3,0,12.898924147187273,0
C03272,0,1,0,6.9538923659737915,0
C03273,0,1,0,12.356940631163518,0
C03274,4,4,3,47.36865403904263,2
C03275,0,2,0,78.28313419854078,0
C03276,1,3,0,10.125482373211423,0
C03277,3,4,2,29.21196161561019,0
C03278,0,2,0,3.4084041283859143,0
C03279,1,2,1,67.5285892242582,0
C03280,2,4,2,2.79987040553074,0
C03281,0,2,0,12.415769469547548,0
C03282,3,3,2,62.91037316970136,1
C03283,1,2,0,7.704177977539151,0
C03284,1,3,0,23.524305376959425,0
C03285,2,6,0,1.0,0
C03286,3,6,1,13.712513855002598,0
C03287,1,1,0,5.242967624235418,0
C03288,3,5,3,31.72739167148635,1
C03289,0,2,0,15.029387703329446,0
C03290,0,0,0,11.08635638261986,0
C03291,0,0,0,10.224690834615869,0
C03292,0,1,0,51.34256869474105,0
C03293,1,2,0,7.756221553328344,0
C03294,2,2,2,88.41914080508963,0
C03295,0,0,0,55.46857927062938,0
C03296,1,2,0,46.532098249806154,0
C03297,0,0,0,10.035575104465202,0
C03298,0,3,0,18.9275840899332,0
C03299,4,4,2,52.76529650609913,0
C03300,0,1,0,13.874543638954224,0
C03301,3,4,3,88.38119936116686,0
C03302,1,3,0,8.838450490445313,0
C03303,0,0,0,14.469819251839896,0
C03304,4,4,2,55.98259046718901,1
C03305,4,4,0,41.37633351202155,0
C03306,0,0,0,14.46400451076139,0
C03307,0,1,0,7.57661531607435,0
C03308,3,3,3,34.51209093420061,1
C03309,0,0,0,23.43784912974577,0
C03310,0,0,0,8.69692000780973,0
C03311,0,0,0,21.916219692957306,0
C03312,0,0,0,4.640389087535809,0
C03313,1,1,0,11.851312293291391,0
C03314,0,2,0,16.2494983770024,0
C03315,3,3,2,37.10433145849731,0
C03316,3,5,1,79.61180734311807,2
C03317,1,3,0,12.659698877599379,0
C03318,1,3,0,13.932411821872966,0
C03319,0,1,0,54.185843230238135,0
C03320,0,1,0,1.0,0
C03321,3,4,3,70.68700861103414,1
C03322,0,0,0,18.36903662762174,0
C03323,1,2,0,12.300531635227342,0
C03324,0,3,0,7.401243749295643,0
C03325,1,1,0,11.96847628518755,0
C03326,0,1,0,8.02809039546451,0
C03327,0,3,0,17.452493981860385,0
C03328,0,1,0,4.834838448743363,0
C03329,3,4,0,29.115126853000962,0
C03330,1,2,0,18.568919518448205,0
C03331,1,2,0,18.8879918375861,0
C03332,0,0,0,11.836287282118171,0
C03333,0,1,0,10.247178241040626,0
C03334,0,1,0,15.124870680659363,0
C03335,1,1,0,27.767371513684864,0
C03336,1,2,3,27.75663420392155,0
C03337,0,1,0,8.01446215107206,0
C03338,1,3,0,8.350121232263952,0
C03339,1,2,0,28.11904927246364,0
C03340,5,7,1,61.263327947103306,0
C03341,0,2,0,16.5157470117784,0
C03342,0,0,0,11.24890348230091,0
C03343,0,1,0,12.140983268383243,0
C03344,1,2,0,13.982010166395895,0
C03345,2,4,0,19.870154757511987,0
C03346,5,7,2,2.818472260717222,0
C03347,4,6,2,26.76678049353208,2
C03348,1,4,0,23.90222199559711,0
C03349,1,2,0,10.07166791595184,0
C03350,2,2,0,13.517840034209904,0
C03351,2,2,1,52.10085614955695,0
C03352,0,1,0,15.681810194099759,0
C03353,4,4,1,12.082822260076973,0
C03354,0,3,0,1.0,0
C03355,0,3,0,11.182794258386933,0
C03356,2,2,0,17.75728722554857,0
C03357,0,0,0,12.02725879354479,0
C03358,2,3,0,11.735041161743968,0
C03359,0,1,0,22.312438300340943,0
C03360,4,6,0,68.22615373754147,0
C03361,1,2,2,37.34093693712123,2
C03362,0,2,0,16.733631600217322,0
C03363,0,2,0,44.97933213844199,0
C03364,4,4,0,35.737479145817254,0
C03365,5,5,0,78.74594062200421,0
C03366,1,2,0,1.0,0
C03367,0,0,0,18.66758482951412,0
C03368,1,3,0,12.137136864493394,0
C03369,1,1,0,7.083316778874963,0
C03370,3,5,1,22.787299704153114,0
C03371,2,4,0,35.96446031523517,0
C03372,1,1,0,34.038802260401276,0
C03373,2,3,0,11.17722218352472,0
C03374,0,1,0,15.676606155856499,0
C03375,0,0,0,15.184173179458552,0
C03376,0,2,0,11.37573564337303,0
C03377,1,2,0,10.352993227486415,0
C03378,0,0,0,12.76069440050497,0
C03379,0,1,0,18.310626860628368,0
C03380,1,1,0,22.078497310724487,0
C03381,2,3,0,10.579620311456148,0
C03382,4,4,1,14.02589157337951,2
C03383,0,1,0,8.68958909393289,0
C03384,4,6,0,38.282787552343635,0
C03385,3,4,1,88.26523337841685,1
C03386,1,2,0,1.8896064094189882,0
C03387,3,4,2,55.36795660870502,2
C03388,0,0,0,2.6466228135615886,0
C03389,3,3,3,68.10831252565033,0
C03390,1,1,2,18.98473833517591,0
C03391,3,5,3,54.33716938795379,0
C03392,0,0,0,17.954926429628856,0
C03393,3,4,2,70.03086979768477,0
C03394,4,5,2,71.06706999027931,2
C03395,3,5,0,68.49286829439629,0
C03396,0,2,0,16.15468846265573,0
C03397,0,3,0,15.650694820215248,0
C03398,1,2,0,6.6510711132882925,0
C03399,0,0,0,43.59167766734599,0
C03400,0,0,0,15.487835873808182,0
C03401,4,5,2,63.37182355900215,0
C03402,0,0,0,12.780462016106611,0
C03403,1,2,0,10.917507033245093,0
C03404,0,1,0,9.16740098298976,0
C03405,0,1,0,1.0,0
C03406,2,5,0,12.102202073839326,0
C03407,1,2,0,15.220659991445471,0
C03408,0,3,0,11.268381040955077,0
C03409,0,1,0,6.57848432474995,0
C03410,1,3,0,23.769572867764445,0
C03411,0,2,0,10.847295084639025,0
C03412,0,0,0,10.389536891844312,0
C03413,0,2,0,15.564885398459644,0
C03414,0,1,0,5.6681250658250075,0
C03415,0,0,0,16.444199402802326,0
C03416,1,2,0,13.216571743571862,0
C03417,0,1,0,18.048473215989898,0
C03418,0,1,0,13.940549014374863,0
C03419,0,1,0,2.278561271977562,0
C03420,2,2,0,6.3347799742348965,0
C03421,1,2,0,18.235648289226702,0
C03422,1,3,0,11.208274614458087,0
C03423,1,2,0,2.722083159733627,0
C03424,0,0,0,12.834832187564603,0
C03425,4,5,1,42.54660562322155,0
C03426,0,0,0,21.708237259973863,0
C03427,0,2,0,1.0207391036962914,0
C03428,4,4,1,28.001957378370605,0
C03429,0,2,0,13.65990069350533,0
C03430,0,1,0,3.846814895508931,0
C03431,0,2,0,11.748744448041096,0
C03432,2,3,0,29.470782800131303,0
C03433,4,4,3,61.589978372734286,1
C03434,0,0,0,9.167211048342466,0
C03435,1,2,0,35.074411695984516,0
C03436,2,2,3,65.85638125594883,0
C03437,2,3,0,42.08298196804589,0
C03438,4,4,3,40.38584791013933,0
C03439,0,3,0,28.790382432505467,0
C03440,0,1,0,21.499509886828147,0
C03441,1,1,0,58.80005543820434,0
C03442,1,1,0,2.1494916973114453,0
C03443,0,1,0,75.1983861745467,0
C03444,0,0,0,16.286288734328675,0
C03445,0,0,0,16.53391463513016,0
C03446,1,3,3,30.767091392184696,0
C03447,0,2,0,13.558593674418281,0
C03448,0,2,0,27.230615548950606,0
C03449,1,3,0,12.773230266638626,0
C03450,0,4,0,21.09938049709986,0
C03451,0,1,0,12.235536911794517,0
C03452,1,1,0,10.480981818925459,0
C03453,2,7,0,85.04496216983638,0
C03454,1,1,0,1.1229477976713191,0
C03455,1,3,0,12.618079260379329,0
C03456,0,0,0,15.469111137744555,0
C03457,0,0,0,14.083488616861953,0
C03458,2,3,1,60.42697395049808,2
C03459,0,1,0,16.79290603910117,0
C03460,1,3,0,18.291836976197082,0
C03461,2,2,0,37.67518489739293,0
C03462,0,2,0,21.296523350720516,0
C03463,0,3,0,25.308490358752245,0
C03464,0,1,0,20.383477497608613,0
C03465,0,0,0,20.01253340852919,0
C03466,2,3,0,7.777155656333011,0
C03467,4,5,0,41.689977171460995,0
C03468,1,2,0,2.542014896877454,0
C03469,1,1,0,19.50373778982535,0
C03470,0,0,0,18.820894628377566,0
C03471,3,4,0,46.325728954531094,0
C03472,2,2,1,50.66087953339263,2
C03473,1,4,0,5.659388395665971,0
C03474,0,1,0,9.83002993777939,0
C03475,0,0,0,15.187560639195523,0
C03476,1,2,0,15.91487090676787,0
C03477,2,4,0,16.80917596756077,0
C03478,0,2,0,18.675367133025023,0
C03479,0,1,0,14.836279903366899,0
C03480,0,2,0,8.120476166869611,0
C03481,0,0,0,16.76482902973097,0
C03482,0,2,0,13.544416839901992,0
C03483,0,0,0,19.02606560022535,0
C03484,0,0,0,9.694505832283852,0
C03485,0,1,0,10.279291217495224,0
C03486,0,1,0,11.63524492579429,0
C03487,1,2,0,98.51771683455335,0
C03488,0,0,0,18.184442523716342,0
C03489,0,0,0,18.509267911555362,0
C03490,0,1,0,78.23903332359868,0
C03491,3,4,1,30.257718982109406,0
C03492,1,1,0,8.822286800985848,0
C03493,0,1,0,17.893904534513204,0
C03494,0,4,3,29.038261451923837,0
C03495,0,1,0,9.000433120463777,0
C03496,0,1,0,21.995154018665975,0
C03497,2,2,0,7.826754037710613,0
C03498,0,0,0,8.556742754793532,0
C03499,1,2,0,9.338013867260662,0
C03500,0,1,0,12.62872348863636,0
C03501,1,2,0,19.676945405417424,0
C03502,6,7,0,36.97017125633098,0
C03503,0,4,0,41.47433764218637,0
C03504,1,4,1,60.88923132530622,0
C03505,0,1,0,7.643600832107892,0
C03506,1,1,0,16.82680977020288,0
C03507,1,1,0,8.182003902359764,0
C03508,0,1,0,3.3610449489626752,0
C03509,0,2,0,9.722817540289968,0
C03510,1,2,0,9.130932883042995,0
C03511,2,5,0,21.727799368396937,0
C03512,1,2,0,8.757160888044801,0
C03513,4,4,2,40.53367700878038,1
C03514,1,2,0,14.816017047017903,0
C03515,0,0,0,10.825421132733016,0
C03516,4,4,3,62.761795758400325,0
C03517,2,2,0,7.984679158379897,0
C03518,1,2,2,21.64476220761054,0
C03519,4,4,0,40.91140770905522,0
C03520,0,0,0,13.741040365656835,0
C03521,2,2,3,32.72232890178381,1
C03522,1,2,0,24.256305448806412,0
C03523,0,0,0,14.963478673053086,0
C03524,5,5,0,58.428565288259975,0
C03525,0,1,0,16.886463402112014,0
C03526,3,3,0,50.87207437919722,0
C03527,1,4,0,13.382683478794522,0
C03528,0,2,0,18.020738646427255,0
C03529,0,1,0,14.867518466838337,0
C03530,0,0,0,7.096881450991615,0
C03531,0,1,0,109.37120439203315,0
C03532,5,6,0,96.98445858682362,0
C03533,0,2,0,10.727898098379185,0
C03534,2,2,2,40.50745418453239,0
C03535,0,0,0,69.88338869301522,0
C03536,5,5,3,44.77583951472646,3
C03537,0,0,0,2.5597934910171602,0
C03538,0,0,0,17.161116723212476,0
C03539,0,4,0,11.33385128986976,0
C03540,0,1,0,1.0,0
C03541,4,5,1,45.65072037340934,1
C03542,0,3,0,15.860428800754539,0
C03543,0,0,0,17.80436712585759,0
C03544,0,1,0,10.957193626019116,0
C03545,3,5,0,54.54300269286466,0
C03546,1,2,0,10.936100094523944,0
C03547,1,2,0,18.549716075572675,0
C03548,0,1,0,16.15457956298743,0
C03549,1,4,0,13.568870586933821,0
C03550,1,2,0,21.097163431328905,0
C03551,2,3,0,10.535204712327797,0
C03552,0,0,0,7.299883260656793,0
C03553,0,0,1,33.156148224443854,0
C03554,1,2,0,3.709931957989822,0
C03555,1,2,0,10.733572130527929,0
C03556,0,1,0,111.0762476858914,0
C03557,0,1,0,17.280069749651652,0
C03558,0,1,0,9.425738462756987,0
C03559,0,4,0,15.437414160891059,0
C03560,0,1,0,142.9227582610304,0
C03561,0,1,0,5.077514211036057,0
C03562,0,0,0,53.692939326841724,0
C03563,0,0,0,10.72096577729021,0
C03564,0,0,0,10.130776624641408,0
C03565,2,3,2,41.1161146869253,3
C03566,0,0,0,52.77775142102654,0
C03567,1,3,0,29.56708156505225,0
C03568,0,0,1,61.93773162579477,0
C03569,1,3,0,19.740535136718147,0
C03570,0,1,0,44.591716927111904,0
C03571,2,4,0,14.661774122666335,0
C03572,2,2,0,1.0,0
C03573,2,3,0,15.728452297902685,0
C03574,1,3,3,45.047857690675755,0
C03575,0,1,0,73.19334774085954,0
C03576,0,1,0,12.07225052669991,0
C03577,1,1,0,1.0,0
C03578,1,4,0,21.046983087327703,0
C03579,1,2,0,8.615714303397018,0
C03580,0,2,0,6.381109742529942,0
C03581,0,0,0,7.592794080181881,0
C03582,0,1,0,1.0,0
C03583,2,3,1,1.0,0
C03584,0,0,0,19.524307056637028,0
C03585,8,8,3,21.260618850746006,0
C03586,1,2,0,18.895853376027638,0
C03587,0,1,0,8.184563043812908,0
C03588,1,1,0,3.3115668268217195,0
C03589,1,2,0,12.20039329188195,0
C03590,1,2,1,41.55395164696368,0
C03591,0,3,0,20.87775600247329,0
C03592,0,0,0,13.479562616821156,0
C03593,1,1,0,6.726922407943521,0
C03594,0,0,0,22.606142826975137,0
C03595,0,2,0,9.951276038199863,0
C03596,0,3,0,5.654875081819956,0
C03597,0,3,0,14.128446477652417,0
C03598,1,3,3,16.59510951213799,1
C03599,0,0,0,11.972802047246965,0
C03600,3,4,1,83.85921594989361,5
C03601,0,1,0,14.143198750113646,0
C03602,0,0,0,11.055873930070412,0
C03603,0,1,0,14.553682778330899,0
C03604,0,0,0,48.63286362307107,0
C03605,1,2,0,17.612592649407688,0
C03606,0,1,0,13.37535929744399,0
C03607,0,0,0,13.10162553214369,0
C03608,0,1,0,18.26852680137987,0
C03609,0,2,0,8.213611276814948,0
C03610,3,3,0,38.076561507857946,0
C03611,1,3,0,11.63610154824407,0
C03612,1,1,0,29.83034938871092,0
C03613,0,1,0,12.150942761915788,0
C03614,0,0,0,4.428532734415622,0
C03615,0,2,0,10.513201289499879,0
C03616,3,3,2,46.512388281190084,0
C03617,0,2,0,8.544363427832884,0
C03618,0,0,0,9.373826971633777,0
C03619,0,1,0,17.18511475413406,0
C03620,1,2,0,8.272082762023249,0
C03621,0,0,0,13.378287815272875,0
C03622,2,2,0,16.52998846135481,0
C03623,1,1,0,10.716708813570497,0
C03624,0,1,0,18.33636604899873,0
C03625,0,0,0,7.127364650381039,0
C03626,0,1,0,1.0,0
C03627,7,7,0,65.6176182169805,0
C03628,0,1,0,16.32048152300027,0
C03629,0,3,0,2.193201692195405,0
C03630,5,5,3,26.089842430350835,1
C03631,0,1,0,7.508562298367309,0
C03632,2,3,0,29.60414615890937,0
C03633,0,4,0,19.667249717681344,0
C03634,0,1,0,16.04032399378558,0
C03635,4,4,2,26.715287218159055,1
C03636,2,2,0,10.037573850108284,0
C03637,1,2,0,92.96987472658753,0
C03638,0,0,0,15.001124541278113,0
C03639,1,2,0,9.96841669112379,0
C03640,1,2,1,26.288179411235628,1
C03641,1,4,0,14.801330780324763,0
C03642,0,0,0,16.54768006016564,0
C03643,1,2,0,9.972208264840068,0
C03644,0,2,0,9.713725275945519,0
C03645,0,1,0,13.896402395057848,0
C03646,3,4,3,42.48364235130813,0
C03647,5,6,3,52.48222859932777,0
C03648,2,2,0,7.506358198472196,0
C03649,2,3,0,74.09903489867129,0
C03650,4,5,2,32.3130849406285,2
C03651,0,0,0,11.590483478155381,0
C03652,0,1,0,16.994453342998206,0
C03653,0,3,0,18.911884640001112,0
C03654,2,3,0,12.17369247264869,0
C03655,3,4,3,51.13877442706132,0
C03656,0,0,0,23.466220252449993,0
C03657,0,3,0,14.892106304877204,0
C03658,2,5,0,12.882412441034385,0
C03659,0,0,0,14.89760409618511,0
C03660,1,3,0,16.79271715825481,0
C03661,0,1,0,43.911709032972105,0
C03662,0,0,0,17.141801330870464,0
C03663,3,3,0,9.728954437503264,0
C03664,5,5,0,79.1316831145246,0
C03665,2,3,2,94.97727509265343,0
C03666,1,1,0,11.829296912905999,0
C03667,0,0,0,22.406758894175713,0
C03668,1,2,0,4.435430143285671,0
C03669,1,1,0,11.448519812534041,0
C03670,0,1,0,17.159066478765812,0
C03671,1,2,0,55.16553075779925,0
C03672,1,3,0,20.0542577338056,0
C03673,0,0,0,12.970208479890509,0
C03674,1,4,0,11.250814176600944,0
C03675,0,0,0,15.436678824484652,0
C03676,1,2,3,28.348626357300645,0
C03677,0,2,0,44.54591598750993,0
C03678,0,1,0,13.939740499027673,0
C03679,0,0,0,4.689384009384449,0
C03680,4,5,0,10.044607523617408,0
C03681,0,0,0,5.302026126625569,0
C03682,0,1,0,30.30287419677746,0
C03683,1,1,0,10.439360895561771,0
C03684,0,2,0,15.318960607902323,0
C03685,1,3,0,9.64448184188187,0
C03686,0,1,0,17.079516303099393,0
C03687,0,0,0,17.992015743791203,0
C03688,0,0,0,14.486286745365295,0
C03689,0,1,0,13.71571744233331,0
C03690,1,1,0,20.65306103565279,0
C03691,0,0,0,9.652678156531879,0
C03692,0,0,0,18.102698584346165,0
C03693,0,1,0,8.085243822654103,0
C03694,0,1,0,35.30862826770256,0
C03695,1,3,0,13.2196998916502,0
C03696,1,2,0,13.806010405196243,0
C03697,0,0,0,2.5673166136084173,0
C03698,0,1,0,18.71398504845719,0
C03699,0,0,0,7.919458118729148,0
C03700,0,0,0,15.140305618524499,0
C03701,4,5,2,66.06371860262104,0
C03702,0,2,0,16.559813535703796,0
C03703,0,0,0,12.42054951198469,0
C03704,0,0,0,9.039367045238565,0
C03705,0,2,2,44.50685627134816,0
C03706,6,6,3,62.90078542546465,0
C03707,6,9,1,69.28381306066144,0
C03708,4,4,2,28.85999279118395,0
C03709,1,1,0,8.188271400575012,0
C03710,0,0,0,15.362004044634135,0
C03711,1,3,0,15.70709433879718,0
C03712,0,0,0,71.09657729866751,0
C03713,0,0,0,4.740775522418289,0
C03714,0,1,0,12.57559241563067,0
C03715,0,1,2,68.11687510878336,0
C03716,4,5,3,95.08555721475722,0
C03717,2,2,0,24.622202681996328,0
C03718,0,0,0,21.7037867282711,0
C03719,4,5,3,18.12014103382844,0
C03720,0,0,0,16.90848308735238,0
C03721,0,0,0,55.379947435577755,0
C03722,1,1,0,14.606735389578013,0
C03723,1,2,0,25.88740649495632,0
C03724,0,0,0,12.355260076679164,0
C03725,4,5,3,40.079377361731424,0
C03726,2,2,0,1.4385402342635185,0
C03727,0,1,0,13.245986830693791,0
C03728,0,3,0,20.085907948699727,0
C03729,1,1,0,10.48637252560395,0
C03730,0,3,0,14.230268888026403,0
C03731,1,1,0,13.113029480933236,0
C03732,1,1,0,12.661758585649462,0
C03733,2,3,2,75.8586317873233,0
C03734,1,1,0,9.61604646410079,0
C03735,3,4,0,88.05425568731445,0
C03736,0,0,0,19.531331805401468,0
C03737,2,2,0,4.646022202431791,0
C03738,0,3,0,16.304657345898036,0
C03739,3,3,1,75.42408085967811,1
C03740,0,1,0,4.5842875947044295,0
C03741,0,1,0,60.548517976326806,0
C03742,0,3,0,10.164791953114738,0
C03743,1,4,2,99.36777574012712,1
C03744,1,1,0,8.170766353991652,0
C03745,4,8,1,44.69592185245638,0
C03746,1,3,1,28.98221725918386,0
C03747,0,0,0,10.96548825639751,0
C03748,0,1,0,32.517300254956666,0
C03749,0,1,0,7.181954976372101,0
C03750,0,0,0,12.994956967125473,0
C03751,0,1,0,15.290985581355102,0
C03752,0,0,0,5.332101685836733,0
C03753,8,10,3,66.49434475618847,0
C03754,0,1,0,13.868090926109627,0
C03755,0,2,0,12.089063974774717,0
C03756,3,3,0,6.59613812612129,0
C03757,2,3,3,45.82434477173302,0
C03758,1,1,0,10.052178800642885,0
C03759,0,2,0,6.624038923970163,0
C03760,0,0,0,9.256138389735403,0
C03761,0,1,0,16.356208544760324,0
C03762,1,2,0,10.546685235586644,0
C03763,0,3,0,7.0189571127011945,0
C03764,3,3,0,41.51174810904176,0
C03765,3,3,3,42.9776222752404,2
C03766,2,2,3,9.745032428386928,0
C03767,1,4,0,4.329325537402567,0
C03768,0,1,0,9.31737261844858,0
C03769,0,0,0,2.8897701544273104,0
C03770,0,1,0,17.57575133510042,0
C03771,1,1,3,25.146750841268783,0
C03772,2,3,0,20.69188531703091,0
C03773,2,5,1,33.89483916607335,0
C03774,2,3,0,17.529075794046054,0
C03775,0,2,0,14.966207034309388,0
C03776,0,3,0,18.266152656872812,0
C03777,3,4,3,73.44213308843942,0
C03778,0,0,0,5.002115042502302,0
C03779,0,0,0,16.750664929342307,0
C03780,2,4,0,13.596854190849873,0
C03781,0,1,0,6.708572955281521,0
C03782,0,2,0,6.614834195344478,0
C03783,0,1,0,10.817055191002014,0
C03784,0,1,0,8.601304202477644,0
C03785,0,0,0,13.328106351223994,0
C03786,1,3,0,10.145464477013723,0
C03787,0,1,0,25.537885580716686,0
C03788,0,2,0,11.233319187113644,0
C03789,0,1,0,8.512073482740572,0
C03790,0,1,0,14.478024060075747,0
C03791,0,0,0,8.522609491906596,0
C03792,1,1,0,14.69157558585912,0
C03793,1,1,0,10.404024118020493,0
C03794,2,4,0,11.292245886109384,0
C03795,1,2,0,3.903650482568537,0
C03796,0,0,0,88.432177907935,0
C03797,4,6,1,38.023743693749324,2
C03798,1,2,3,33.59818295023863,2
C03799,4,4,0,31.764836114660802,0
C03800,1,5,0,21.89555365986819,0
C03801,1,2,1,31.24722566598822,0
C03802,0,3,0,19.590363912879035,0
C03803,0,2,0,21.108573323137588,0
C03804,0,1,0,8.75825105791666,0
C03805,0,1,0,1.0267497841390707,0
C03806,1,3,0,5.791307901172797,0
C03807,0,0,0,18.29735780690423,0
C03808,0,1,0,14.061139272093882,0
C03809,1,2,0,72.94962260916401,0
C03810,2,2,3,26.90409302237941,0
C03811,1,3,1,49.939930962792054,0
C03812,0,4,0,12.555919274904113,0
C03813,2,3,1,55.815505575098015,0
C03814,0,1,0,56.8491138532033,0
C03815,0,3,0,8.346006160996954,0
C03816,0,0,0,13.000226354046719,0
C03817,0,1,0,7.1559287606722,0
C03818,1,2,0,18.626042380627258,0
C03819,1,2,0,12.973917877462377,0
C03820,0,1,0,9.82777950778316,0
C03821,0,2,0,6.508582694225867,0
C03822,1,1,2,96.91214444990435,1
C03823,0,1,0,19.927114663913912,0
C03824,1,2,0,10.894150451742217,0
C03825,2,2,0,54.581183998080206,0
C03826,2,2,0,1.087429621975744,0
C03827,0,0,0,18.512790844990292,0
C03828,4,6,0,30.812329654658267,0
C03829,0,2,0,13.484802695660042,0
C03830,0,0,0,9.87995773718823,0
C03831,1,3,0,30.222350266610178,0
C03832,2,2,0,24.824476694371178,0
C03833,3,3,0,14.073563122662478,0
C03834,0,0,0,67.0080035181081,0
C03835,2,5,2,72.96117242657544,1
C03836,0,2,0,41.21841362131658,0
C03837,1,1,3,66.87172716219143,0
C03838,1,1,0,18.230716585339835,0
C03839,0,1,0,12.854395596754914,0
C03840,1,1,0,7.012144205003926,0
C03841,0,0,0,89.48258195127531,0
C03842,2,4,1,64.54959533125364,2
C03843,0,0,1,60.96914552697853,0
C03844,0,0,0,9.061699012677149,0
C03845,0,1,0,14.771015024165006,0
C03846,4,4,3,19.490724766526235,1
C03847,1,3,0,11.926320141210773,0
C03848,1,4,0,2.1706594851939727,0
C03849,1,2,3,47.90265783142767,1
C03850,7,8,1,58.62143590150324,0
C03851,0,0,0,18.270636609973785,0
C03852,0,0,0,10.558410529696907,0
C03853,1,2,0,18.506462158194438,0
C03854,4,4,2,64.36237643560327,0
C03855,0,0,0,17.471778046228177,0
C03856,2,3,0,27.408275355790014,0
C03857,4,6,3,59.83353318456567,0
C03858,2,3,0,11.640765973498056,0
C03859,1,2,0,11.475369795710343,0
C03860,0,1,0,1.0,0
C03861,0,0,0,11.712060069167604,0
C03862,0,1,0,12.80299517776447,0
C03863,3,5,0,3.06907021259817,0
C03864,4,7,3,86.82741732454471,0
C03865,1,1,0,17.326103925683647,0
C03866,0,0,0,24.104470050952003,0
C03867,0,0,0,2.2468804608225224,0
C03868,0,2,0,25.13766307677002,0
C03869,0,1,0,17.358533697051396,0
C03870,0,1,0,21.103228242959133,0
C03871,1,1,0,16.43576244757932,0
C03872,2,2,0,17.318091535199212,0
C03873,2,3,0,16.317490043807283,0
C03874,0,2,1,87.65323434575896,1
C03875,0,1,0,13.769623230381008,0
C03876,1,1,0,20.770757822648683,0
C03877,0,0,0,11.72785365535471,0
C03878,1,1,0,16.056886936465915,0
C03879,1,2,0,18.999117194350085,0
C03880,0,0,0,55.63878274343632,0
C03881,0,1,0,13.24442265436514,0
C03882,1,2,0,3.06383561308359,0
C03883,2,4,3,87.62289833351142,1
C03884,2,3,0,12.15687855702061,0
C03885,3,3,0,7.580671541110803,0
C03886,0,0,0,30.466969685468815,0
C03887,0,1,0,17.94256481574409,0
C03888,0,1,0,15.638138103157274,0
C03889,1,2,0,13.03685842290176,0
C03890,0,1,0,9.568255126989914,0
C03891,9,10,0,32.82653186310672,0
C03892,3,3,2,46.94251068243204,0
C03893,1,3,0,16.020277869066884,0
C03894,0,1,0,14.000119821132365,0
C03895,3,3,0,13.366669497113168,0
C03896,0,4,0,19.106009341854417,0
C03897,1,2,0,11.384477610141003,0
C03898,1,1,0,41.20021075994493,0
C03899,0,5,0,54.926640134692256,0
C03900,1,1,0,9.993183890480333,0
C03901,1,2,0,9.890517035392296,0
C03902,4,5,2,24.309082965975286,0
C03903,0,2,0,6.320173799445027,0
C03904,5,7,3,32.438888124468946,0
C03905,0,0,0,18.584693549442505,0
C03906,1,3,0,13.89956240156149,0
C03907,1,1,0,17.762458200863044,0
C03908,0,1,0,13.889277148527274,0
C03909,0,1,0,10.053977346686914,0
C03910,5,6,1,25.19057132138376,1
C03911,1,2,0,8.277540593952818,0
C03912,0,1,0,6.662633534792487,0
C03913,0,0,0,12.149630712097622,0
C03914,0,2,0,16.459819099960114,0
C03915,0,0,0,5.233722446089834,0
C03916,1,3,0,10.676060455812568,0
C03917,0,0,0,11.240403876558169,0
C03918,2,3,1,20.120867747496227,0
C03919,1,2,0,33.59859925906728,0
C03920,2,4,1,39.72067130323487,2
C03921,5,5,0,78.90892122153348,0
C03922,1,1,0,50.856141530410746,0
C03923,0,1,2,4.320557471805962,0
C03924,0,2,0,17.22146381736703,0
C03925,0,3,0,10.057278376380866,0
C03926,1,1,0,11.27491155396059,0
C03927,2,2,1,57.80819321510458,3
C03928,0,0,0,19.82782448174779,0
C03929,0,0,0,24.401806013061925,0
C03930,1,2,1,33.48367568083179,2
C03931,2,4,0,1.0,0
C03932,0,1,0,46.629627095684896,0
C03933,1,4,0,23.712644469990046,0
C03934,0,0,0,17.665132345693763,0
C03935,0,1,0,12.67934897321191,0
C03936,0,2,0,6.438853367180637,0
C03937,1,2,3,31.33755449478117,1
C03938,1,5,0,13.760597429802658,0
C03939,1,2,0,12.326402637182376,0
C03940,0,0,0,12.389723745789983,0
C03941,7,7,2,34.47600489110164,0
C03942,0,2,0,9.156233995801301,0
C03943,0,0,0,3.9065656545445435,0
C03944,1,3,0,5.345933296374545,0
C03945,0,1,0,16.07234159420543,0
C03946,1,2,0,54.332859553802734,0
C03947,1,3,0,10.689958793293801,0
C03948,0,2,0,34.94403167395826,0
C03949,0,0,0,10.69430374798912,0
C03950,3,6,0,66.9958417148834,0
C03951,0,2,0,11.962969097894351,0
C03952,0,0,0,10.123207008841417,0
C03953,0,2,0,21.530274458508636,0
C03954,2,3,0,9.216287091532505,0
C03955,0,2,0,85.60415666079595,0
C03956,0,2,0,11.347347757150999,0
C03957,1,3,0,20.00677590204273,0
C03958,0,1,0,5.887174241001859,0
C03959,1,3,0,8.045624048643344,0
C03960,2,3,2,53.24095714622772,0
C03961,0,0,0,16.430881180148152,0
C03962,0,1,0,15.130594013478543,0
C03963,0,3,0,11.571708392923856,0
C03964,2,4,0,42.26257287946445,0
C03965,0,1,0,60.8920359174883,0
C03966,1,3,0,7.613004271038923,0
C03967,0,0,0,14.681491463055114,0
C03968,1,3,2,56.200456848987834,2
C03969,1,2,0,16.227561273427025,0
C03970,0,1,0,10.45081195734329,0
C03971,1,1,0,4.888825291131003,0
C03972,1,1,0,12.636783771246797,0
C03973,0,1,0,49.86859880606431,0
C03974,0,1,0,22.371179441169303,0
C03975,0,2,0,13.623397013113049,0
C03976,2,4,0,13.489613036750749,0
C03977,0,1,0,15.0677448445159,0
C03978,0,3,0,7.968908308546899,0
C03979,1,4,0,21.653972935052643,0
C03980,5,5,1,50.93248510257298,3
C03981,2,2,0,1.8647216724626468,0
C03982,0,0,0,8.93616482186086,0
C03983,0,1,0,14.017377307412737,0
C03984,1,5,0,5.525413860603769,0
C03985,1,2,0,2.0453497645415872,0
C03986,0,2,0,14.120917961444738,0
C03987,0,0,0,68.90479701265936,0
C03988,0,0,0,4.089405586072662,0
C03989,0,1,0,18.560739536208608,0
C03990,0,0,0,24.762164103973465,0
C03991,0,1,0,16.514380657799695,0
C03992,0,3,0,9.343103381244774,0
C03993,0,0,0,57.39173555040765,0
C03994,0,1,0,20.349010044231015,0
C03995,5,5,3,45.88374903424698,0
C03996,1,4,0,7.465963757227812,0
C03997,0,3,0,13.652756225094537,0
C03998,1,3,0,12.468204132450602,0
C03999,0,2,0,11.371446071020877,0
C04000,0,1,0,11.287836301984028,0
C04001,0,1,0,6.8138945281949495,0
C04002,1,1,0,15.573194024158326,0
C04003,0,0,0,14.433374548076074,0
C04004,0,0,0,25.588841687264047,0
C04005,0,1,0,2.582548581135825,0
C04006,0,0,2,56.596142856791964,0
C04007,0,3,3,55.71818808045516,0
C04008,2,3,0,11.758690425464959,0
C04009,0,1,0,59.83023756225035,0
C04010,1,2,0,8.37703057067094,0
C04011,2,5,0,20.55010260509387,0
C04012,0,0,0,12.317593447305224,0
C04013,1,2,0,52.76500569125041,0
C04014,0,1,0,11.978841829649419,0
C04015,1,1,0,14.908773672483376,0
C04016,0,0,0,15.419377755672253,0
C04017,2,3,3,18.463227220091404,0
C04018,1,2,0,109.7677435152815,0
C04019,2,3,2,57.4325882618946,2
C04020,0,0,0,10.76698592356343,0
C04021,1,3,0,1.7305920900329497,0
C04022,0,1,0,16.965744267363988,0
C04023,1,2,0,17.451433938008638,0
C04024,0,0,0,17.353142343174916,0
C04025,1,2,0,9.847966254738523,0
C04026,3,3,1,60.035425459919516,0
C04027,2,3,0,11.871127908268397,0
C04028,2,3,0,6.593909226185473,0
C04029,0,1,0,11.951728484336929,0
C04030,0,1,0,14.468236603245016,0
C04031,0,2,0,12.737984266823693,0
C04032,2,2,1,66.59621042804298,1
C04033,2,4,0,71.38514232444766,0
C04034,0,0,0,17.911740448638916,0
C04035,0,2,0,10.225156951148836,0
C04036,1,2,0,45.037565251845145,0
C04037,1,1,0,9.67474321638466,0
C04038,5,6,2,1.0,0
C04039,4,5,0,50.122526669489275,0
C04040,0,2,0,33.50939399315561,0
C04041,0,4,0,17.338524528204324,0
C04042,1,1,0,16.56062609709997,0
C04043,0,0,0,11.828039420864762,0
C04044,0,1,0,16.513951818807865,0
C04045,1,2,3,62.57179999658608,0
C04046,5,6,3,92.52551116509741,0
C04047,1,1,0,15.135708742130044,0
C04048,1,2,0,12.391301327450954,0
C04049,2,2,0,14.661932196994147,0
C04050,0,0,0,8.86782462431254,0
C04051,2,2,0,10.30645618433647,0
C04052,0,0,0,9.065919033251962,0
C04053,0,0,0,8.791974277748125,0
C04054,0,0,0,2.540043106708321,0
C04055,0,0,0,43.29840911039894,0
C04056,1,2,0,7.491551766292547,0
C04057,1,1,0,1.3786962539398324,0
C04058,2,3,1,20.44579942263797,0
C04059,0,0,0,13.051371777635127,0
C04060,1,2,0,61.58972649082814,0
C04061,1,3,0,7.0142499897330195,0
C04062,0,3,0,12.713461013889352,0
C04063,0,1,0,14.122377573403183,0
C04064,3,4,0,5.408080261497259,0
C04065,1,2,0,18.947449143176545,0
C04066,1,2,0,16.111114062232794,0
C04067,2,3,0,10.597945219713916,0
C04068,0,2,0,14.760854426408777,0
C04069,1,3,0,13.260017202787253,0
C04070,0,0,0,5.072414652687819,0
C04071,1,1,0,4.546181782422167,0
C04072,0,0,0,18.20664170244998,0
C04073,0,1,0,25.586341474917948,0
C04074,0,0,0,18.22683063129677,0
C04075,1,2,0,6.406547409303126,0
C04076,1,3,0,11.91543707881849,0
C04077,1,3,0,17.119079695036177,0
C04078,3,4,2,74.05424627405839,0
C04079,0,0,0,19.574702702302908,0
C04080,1,5,0,15.541005573426194,0
C04081,0,2,0,19.490974395609307,0
C04082,2,2,3,34.891008776573834,0
C04083,3,3,2,44.98915020572304,0
C04084,2,2,0,35.84992428745614,0
C04085,0,0,0,15.802418855912471,0
C04086,2,4,0,6.819746710871893,0
C04087,2,3,0,1.0,0
C04088,0,2,0,11.268716912414087,0
C04089,0,2,0,11.479468653379922,0
C04090,0,1,0,14.586851460182888,0
C04091,0,0,2,29.842922688955234,2
C04092,3,3,3,36.72962025083006,1
C04093,0,1,0,7.894001471293859,0
C04094,4,5,1,42.83490512973517,0
C04095,1,2,2,73.36933087532847,0
C04096,0,1,0,26.01366653807843,0
C04097,1,1,0,12.11900469252126,0
C04098,6,8,1,86.35338734472008,1
C04099,0,1,0,3.972835785491087,0
C04100,3,3,0,59.368922216182966,0
C04101,0,2,0,9.93934906666338,0
C04102,1,4,0,10.608279877405586,0
C04103,0,1,0,18.626758947019535,0
C04104,0,1,0,13.553233485071464,0
C04105,1,1,0,75.24236387634377,0
C04106,0,1,0,12.3481611438712,0
C04107,0,1,0,7.381766558964328,0
C04108,1,2,3,27.584197414578632,0
C04109,3,5,3,82.16914208666451,2
C04110,5,6,2,66.93490140087945,0
C04111,1,3,0,5.969548259204374,0
C04112,1,2,0,17.31713563967984,0
C04113,0,0,0,16.83283728470691,0
C04114,0,0,0,12.90033677570266,0
C04115,1,2,0,1.0,0
C04116,0,0,0,11.513284371263225,0
C04117,1,2,0,10.695428585085033,0
C04118,0,0,0,9.285266585300553,0
C04119,1,2,0,8.711795935273383,0
C04120,1,5,0,15.836986124946383,0
C04121,0,0,0,14.726139191721506,0
C04122,2,2,0,6.751155098670713,0
C04123,2,2,1,62.72596709547774,0
C04124,1,1,0,15.337931992206038,0
C04125,0,3,0,14.996762351666213,0
C04126,0,0,0,15.692486319437254,0
C04127,0,0,0,1.6155436047583525,0
C04128,0,2,0,16.19500338435747,0
C04129,1,2,0,8.51252683077394,0
C04130,3,3,1,54.811528686811414,0
C04131,4,6,3,105.26071108036639,0
C04132,1,2,3,26.185496933294633,0
C04133,0,0,0,18.520723943574918,0
C04134,1,2,0,32.48812077011766,0
C04135,0,3,0,15.528650148103834,0
C04136,1,2,0,35.4461727693773,0
C04137,0,0,3,76.85645568154922,1
C04138,0,2,0,3.4548443195562974,0
C04139,0,1,0,19.19316115826812,0
C04140,0,1,0,30.066573600395714,0
C04141,0,1,0,45.39738857085517,0
C04142,0,0,0,19.875837061140718,0
C04143,0,0,0,7.285810622887871,0
C04144,0,1,0,56.119893264579396,0
C04145,3,4,0,96.30603922039171,0
C04146,4,4,2,66.12307654998494,1
C04147,0,0,0,12.74141791553811,0
C04148,0,1,0,12.712114750636156,0
C04149,5,10,1,62.727469112086396,2
C04150,0,0,0,7.020231658456859,0
C04151,1,4,0,4.536136913146844,0
C04152,1,4,2,35.842963625319946,3
C04153,0,1,0,71.89416269268506,0
C04154,0,1,0,17.403251556156288,0
C04155,2,2,0,17.797963998661388,0
C04156,6,7,1,52.136181393537754,1
C04157,0,1,0,18.279280885268737,0
C04158,0,1,0,7.693767259299127,0
C04159,5,5,1,85.84712241279362,1
C04160,0,0,0,8.384936725769114,0
C04161,4,8,0,7.675887641494255,0
C04162,1,2,0,19.42553225108871,0
C04163,0,0,0,8.200682754850888,0
C04164,0,2,0,10.436053522487333,0
C04165,1,1,0,29.676980818909882,0
C04166,0,1,0,8.528553773888728,0
C04167,1,1,0,12.69784983487352,0
C04168,0,1,0,17.879140130575966,0
C04169,1,1,0,9.482401641748503,0
C04170,0,1,0,83.76309402066806,0
C04171,0,2,0,16.38674815271626,0
C04172,1,1,3,53.02583789716974,0
C04173,0,1,0,1.0,0
C04174,0,1,0,9.295977239477706,0
C04175,0,1,0,19.935560499871624,0
C04176,0,0,0,52.40068094515632,0
C04177,1,2,0,4.609188693897107,0
C04178,0,1,0,4.1883617922308405,0
C04179,1,2,0,14.900350303637921,0
C04180,2,2,3,8.755462854384191,0
C04181,0,1,0,24.26376175985174,0
C04182,0,1,0,13.69968334654791,0
C04183,0,2,0,11.903857497065852,0
C04184,0,1,0,6.683183992258652,0
C04185,3,5,3,13.913460551800966,1
C04186,0,4,0,17.26599874538708,0
C04187,0,0,0,10.108077839914829,0
C04188,1,3,1,57.5628172123951,2
C04189,0,1,0,5.217324826293881,0
C04190,0,1,0,15.881780587109734,0
C04191,1,2,0,45.395329836812465,0
C04192,0,0,0,12.755350921756197,0
C04193,2,3,3,48.88367469462408,0
C04194,2,3,0,13.380370509367722,0
C04195,0,1,0,3.027300483400989,0
C04196,0,0,0,4.757100971253077,0
C04197,2,2,3,96.51939044151263,0
C04198,1,3,0,5.786184837362029,0
C04199,1,5,0,14.574647524583803,0
C04200,0,2,0,13.094598849800498,0
C04201,1,4,0,8.22323653557555,0
C04202,0,1,0,15.681792378075532,0
C04203,0,3,0,9.350421300056308,0
C04204,1,5,0,3.870852484434936,0
C04205,0,2,0,5.756719776114954,0
C04206,0,0,0,9.088476024726397,0
C04207,1,1,0,13.730483126907316,0
C04208,0,1,0,10.145630465414179,0
C04209,0,0,0,11.69267740322746,0
C04210,5,5,1,17.145142097167323,0
C04211,0,0,0,8.312845643146181,0
C04212,1,3,0,67.27241230983326,0
C04213,6,7,0,45.337421010020975,0
C04214,1,2,3,102.17508838181803,1
C04215,0,1,0,57.09017714997249,0
C04216,1,3,0,9.325702380871533,0
C04217,0,0,0,1.0,0
C04218,0,1,0,7.6374540370777675,0
C04219,2,5,3,35.40293398845522,0
C04220,1,3,0,12.383977280440583,0
C04221,1,4,0,65.31071490707815,0
C04222,1,2,0,3.5765267026912397,0
C04223,1,2,2,62.11794895866368,0
C04224,0,0,0,34.05410443390112,0
C04225,0,0,0,11.96520381277114,0
C04226,1,2,0,63.90140224152938,0
C04227,2,2,0,15.643248747403165,0
C04228,0,4,0,54.65876370775574,0
C04229,1,3,3,49.872959052806195,2
C04230,3,3,3,36.53427366959077,0
C04231,0,1,0,7.90551059729091,0
C04232,1,3,0,12.833006969423556,0
C04233,1,1,0,25.69709177391726,0
C04234,0,2,0,29.10045079461273,0
C04235,0,1,0,6.806736165783919,0
C04236,0,0,0,16.212203342822626,0
C04237,1,2,0,1.607986456175336,0
C04238,1,2,0,10.049536696038613,0
C04239,3,5,0,79.26567740403095,0
C04240,0,0,0,14.13468693716294,0
C04241,0,0,0,12.999467473954004,0
C04242,2,4,2,28.373633401824613,2
C04243,0,1,0,18.422233041640705,0
C04244,0,0,0,4.8589204085281725,0
C04245,0,1,0,12.197581537320875,0
C04246,1,3,0,7.388782615719129,0
C04247,0,1,0,11.776300244463918,0
C04248,1,1,0,70.41962677550059,0
C04249,0,1,0,16.37549362336901,0
C04250,1,1,0,16.52410064802985,0
C04251,6,7,1,50.75448911803161,0
C04252,2,2,1,23.176102042212868,0
C04253,0,0,0,15.701606145038284,0
C04254,0,1,0,9.039418928024148,0
C04255,0,1,0,47.09729602509739,0
C04256,1,1,0,7.451702020816794,0
C04257,0,1,0,11.138383864311933,0
C04258,1,1,0,1.0,0
C04259,0,0,0,65.46677376723292,0
C04260,2,2,1,95.7241966901264,1
C04261,1,1,0,6.281825152562997,0
C04262,0,2,0,10.910158246061922,0
C04263,1,2,0,79.35911071565064,0
C04264,0,1,0,8.663900282499984,0
C04265,1,1,0,1.0,0
C04266,0,0,0,8.28401517115855,0
C04267,0,1,0,15.906408202962949,0
C04268,0,1,0,12.841575036283515,0
C04269,1,2,0,5.216192661279898,0
C04270,0,1,0,5.013619107214643,0
C04271,1,2,0,15.029835639690022,0
C04272,1,3,0,19.33130170608363,0
C04273,0,0,0,17.23427002663349,0
C04274,2,2,0,24.209065124499887,0
C04275,0,0,0,6.036359571173622,0
C04276,0,2,0,19.179904906428543,0
C04277,0,2,0,12.751955209121189,0
C04278,2,2,3,40.61612152926059,0
C04279,3,3,1,27.394819435186154,1
C04280,0,0,0,12.306654593050501,0
C04281,0,0,0,8.956850417030381,0
C04282,0,1,0,16.827344859058783,0
C04283,0,0,0,20.258501220487904,0
C04284,3,5,3,47.83498740129401,2
C04285,0,1,0,43.59424508359039,0
C04286,0,2,0,8.901439428045988,0
C04287,0,0,0,10.150292539888515,0
C04288,0,1,0,3.005163285742114,0
C04289,1,1,0,8.336875012651781,0
C04290,1,2,0,12.983441507393746,0
C04291,0,0,0,23.765808800676837,0
C04292,0,1,0,6.127399511704112,0
C04293,0,1,0,48.37962009923122,0
C04294,3,5,1,54.03566435114232,4
C04295,0,1,0,18.4934794518824,0
C04296,3,4,0,17.711560078835127,0
C04297,5,6,2,53.85685772856389,1
C04298,0,2,0,12.002035030279568,0
C04299,1,3,0,7.375958326946967,0
C04300,3,4,3,42.5335176329953,0
C04301,1,3,0,16.651327342092948,0
C04302,1,1,0,17.89861710965529,0
C04303,0,0,0,16.859860058097315,0
C04304,7,8,2,54.655524342432734,0
C04305,1,2,0,56.85306982712657,0
C04306,0,1,0,9.861893647301432,0
C04307,0,3,0,12.827390922753004,0
C04308,0,1,0,15.510387302530862,0
C04309,3,3,2,87.89373014100872,0
C04310,0,0,0,72.03919390403411,0
C04311,1,3,0,1.0,0
C04312,1,2,1,94.65688458913135,1
C04313,3,4,1,43.61257994697078,0
C04314,0,1,0,2.7844909811255025,0
C04315,1,2,3,25.27096143442209,2
C04316,1,2,0,7.656624701066564,0
C04317,1,1,0,62.422734088868296,0
C04318,1,1,0,10.013550989489572,0
C04319,0,2,0,11.168987768955203,0
C04320,3,3,1,1.0,3
C04321,0,1,0,6.936428259868618,0
C04322,1,5,0,46.13600511118583,0
C04323,2,3,0,10.802449283245927,0
C04324,0,1,0,1.0,0
C04325,0,0,0,19.497630108613862,0
C04326,1,1,0,2.921809803110426,0
C04327,1,2,0,5.771308863829034,0
C04328,0,3,0,9.41209920025205,0
C04329,0,2,0,11.90544633476224,0
C04330,0,0,0,17.337241073010908,0
C04331,2,2,0,12.173383980916242,0
C04332,0,0,0,17.097738621826878,0
C04333,0,1,0,20.22318829940534,0
C04334,0,2,0,7.2347337511381395,0
C04335,0,2,0,11.645758993020852,0
C04336,0,0,0,8.653784043901165,0
C04337,3,6,0,2.9643316858437174,0
C04338,0,1,0,7.522908421154595,0
C04339,2,4,1,26.936310106097814,0
C04340,2,2,3,31.87410993348744,1
C04341,0,0,0,64.2177701834418,0
C04342,1,3,0,10.052001129311229,0
C04343,2,3,0,6.163090225591745,0
C04344,4,5,0,46.809131416356216,0
C04345,0,1,0,22.125635742607102,0
C04346,0,0,0,19.205695931027968,0
C04347,1,2,3,48.450286546940575,0
C04348,0,2,0,5.74236255499324,0
C04349,0,1,0,11.519433290894533,0
C04350,2,2,2,73.27553155581538,0
C04351,0,0,0,82.33158291402077,0
C04352,2,2,0,1.0,0
C04353,0,2,0,19.07880628072379,0
C04354,1,2,0,17.995394592304358,0
C04355,0,0,0,58.49447840287115,0
C04356,1,1,0,36.71012560249426,0
C04357,2,2,0,16.31544591950818,0
C04358,0,0,0,10.846266552232034,0
C04359,1,1,0,6.965401436882231,0
C04360,3,4,3,58.919654037325934,0
C04361,0,2,0,15.472355947355467,0
C04362,1,1,0,10.41960710945596,0
C04363,1,1,0,20.39893977453574,0
C04364,0,0,0,69.36972359707178,0
C04365,1,2,0,60.3103164134324,0
C04366,0,3,0,12.445375645813202,0
C04367,0,1,0,10.821133087823963,0
C04368,0,0,0,10.748454256089651,0
C04369,0,1,0,13.70734605966481,0
C04370,1,1,0,15.29547474467757,0
C04371,5,6,3,63.004658938042255,0
C04372,0,1,0,15.103824806085255,0
C04373,4,4,2,1.0,0
C04374,1,3,1,1.0374015132705665,0
C04375,2,3,0,7.161829623577076,0
C04376,0,1,0,8.164139706154106,0
C04377,4,4,2,65.74627083011649,0
C04378,1,1,0,8.541893379385572,0
C04379,0,1,0,11.112330928006356,0
C04380,1,2,0,10.283561038410237,0
C04381,0,1,0,14.658996384950374,0
C04382,1,3,0,16.981739522173793,0
C04383,1,4,0,20.16720927490546,0
C04384,1,3,0,15.720862778790584,0
C04385,1,4,0,13.508374940662181,0
C04386,0,2,0,66.19620251464701,0
C04387,0,2,0,13.49604511969745,0
C04388,0,1,0,14.967684337830768,0
C04389,0,1,0,10.28782003036295,0
C04390,0,0,0,8.442151596442642,0
C04391,0,3,0,18.78823178003917,0
C04392,3,5,0,20.49552490739985,0
C04393,1,2,0,12.172764715976651,0
C04394,1,2,0,12.262416604956632,0
C04395,0,1,0,17.76667049233246,0
C04396,1,2,0,13.749709089564284,0
C04397,0,0,0,18.393512366995857,0
C04398,0,0,0,3.0739721821719304,0
C04399,0,1,0,21.889128617655867,0
C04400,4,6,1,33.180503030921905,0
C04401,2,3,2,67.00142225436544,0
C04402,1,1,0,13.18900040655308,0
C04403,2,2,0,22.005296621910766,0
C04404,0,3,0,11.562208503170844,0
C04405,1,1,0,11.702732004817243,0
C04406,0,0,0,7.192898584312244,0
C04407,2,2,0,18.911784571454156,0
C04408,3,4,3,23.220217814097207,0
C04409,1,2,0,7.335392162531115,0
C04410,0,0,0,13.407084016221607,0
C04411,6,6,0,32.89943277299757,0
C04412,0,0,0,12.288946102468259,0
C04413,0,0,0,1.6008771662409895,0
C04414,1,1,0,17.932926707622755,0
C04415,0,0,0,12.687015098389894,0
C04416,0,1,0,89.09668722204293,0
C04417,0,3,0,14.36657425555749,0
C04418,0,1,0,6.685469508417823,0
C04419,1,1,2,53.273705721163125,1
C04420,0,1,0,6.179797762987384,0
C04421,0,1,0,7.683710246670592,0
C04422,1,1,0,10.943075079806432,0
C04423,0,0,0,17.413663505318272,0
C04424,1,4,0,10.669416397251084,0
C04425,0,0,0,23.050821563773297,0
C04426,0,2,0,1.0,0
C04427,1,4,0,3.6746108716823365,0
C04428,3,5,0,45.52214354941928,0
C04429,0,2,0,7.866705696521004,0
C04430,0,1,0,57.715515968563295,0
C04431,1,2,0,18.820566286651786,0
C04432,1,2,0,3.7410255236145904,0
C04433,1,4,0,3.7479105968395725,0
C04434,6,6,0,22.584649246699158,0
C04435,1,2,0,9.870906901246187,0
C04436,1,1,0,13.671883988120795,0
C04437,1,2,0,16.143279520006242,0
C04438,0,0,0,9.230233120340529,0
C04439,2,3,2,23.67959867909495,0
C04440,0,1,0,20.058394486129927,0
C04441,0,2,0,19.735124917025992,0
C04442,0,0,0,16.459895089694356,0
C04443,1,1,2,41.85596001773666,0
C04444,0,2,0,53.800659148109396,0
C04445,0,2,0,19.088046469592626,0
C04446,0,2,0,11.586976636301987,0
C04447,1,2,0,9.23088409793856,0
C04448,1,2,0,9.511722388436596,0
C04449,0,0,0,25.022744054449632,0
C04450,0,2,0,14.589844595276949,0
C04451,0,0,0,11.600354756930482,0
C04452,0,0,0,7.420033015161795,0
C04453,1,1,0,10.169926727787187,0
C04454,5,5,2,97.09928058321273,2
C04455,1,1,0,15.306380650024886,0
C04456,1,3,0,47.40629317255815,0
C04457,0,0,0,2.078124919496709,0
C04458,1,1,0,11.496990639292546,0
C04459,7,7,3,45.83729377808344,1
C04460,0,0,0,16.731054468019288,0
C04461,0,0,0,10.980210367105645,0
C04462,0,1,0,13.626939942308741,0
C04463,0,0,0,1.0,0
C04464,1,5,0,15.55130719514028,0
C04465,1,2,0,4.322432450822159,0
C04466,1,2,0,19.395050573738388,0
C04467,1,1,0,8.79118092213363,0
C04468,1,2,0,12.883760503467842,0
C04469,1,1,0,6.163923373791964,0
C04470,3,4,3,1.0,0
C04471,0,0,0,9.80218608613966,0
C04472,0,1,0,1.0,0
C04473,0,4,0,70.16594173802588,0
C04474,0,0,0,2.830892877373726,0
C04475,0,1,0,9.237596957827495,0
C04476,0,0,0,18.885372953513777,0
C04477,0,1,0,22.70102491596625,0
C04478,1,4,0,16.72407590356705,0
C04479,0,2,0,11.1439676140288,0
C04480,0,0,0,10.123075316454822,0
C04481,1,2,0,1.0,0
C04482,0,0,0,11.505753954590809,0
C04483,0,0,0,21.16150905361676,0
C04484,1,3,0,6.952590928303203,0
C04485,0,0,0,8.134729449103475,0
C04486,0,2,0,16.701904682682624,0
C04487,0,1,0,6.905077923810436,0
C04488,3,4,0,49.133462201562075,0
C04489,0,4,0,50.186863668076406,0
C04490,2,4,0,9.883538350640077,0
C04491,3,4,1,26.247889249056698,1
C04492,0,1,0,14.902825585514584,0
C04493,0,0,0,19.285173999885316,0
C04494,0,3,0,15.324471880276317,0
C04495,2,3,0,15.223306715708489,0
C04496,1,1,0,25.884420141065355,0
C04497,0,1,0,24.727439273443423,0
C04498,0,1,0,18.512969343414902,0
C04499,0,1,0,36.83944244123945,0
C04500,0,1,0,1.0,0
C04501,2,4,1,80.09285636914237,0
C04502,0,0,0,22.46638661401147,0
C04503,2,3,0,24.605536631536403,0
C04504,2,4,2,77.95633072760856,2
C04505,0,1,0,10.97384193945544,0
C04506,1,1,0,24.173735670743632,0
C04507,2,2,0,14.60767745320161,0
C04508,4,4,0,44.77765082702484,0
C04509,0,0,0,5.790209867473829,0
C04510,1,1,0,16.692186225925013,0
C04511,1,2,0,9.266347625965802,0
C04512,0,0,0,5.847222455564539,0
C04513,1,2,1,48.214004125655784,0
C04514,4,4,1,71.93635908455809,0
C04515,2,3,1,41.34629684058125,0
C04516,3,5,0,15.542814544479995,0
C04517,0,0,0,49.596968463001744,0
C04518,0,2,0,5.32400391634361,0
C04519,1,3,0,10.042506350898677,0
C04520,2,3,0,34.547541443074266,0
C04521,4,7,0,51.24466653857152,0
C04522,0,2,0,7.111054608652455,0
C04523,3,4,2,61.107065746296236,3
C04524,4,6,0,56.97667889833903,0
C04525,0,1,0,1.0,0
C04526,2,4,3,42.475152997085445,0
C04527,2,3,0,14.884408949969554,0
C04528,1,2,0,59.79100199462775,0
C04529,0,1,0,11.31780426365167,0
C04530,0,1,0,21.079882061871228,0
C04531,0,1,0,15.926227694110779,0
C04532,1,2,0,69.79421472783328,0
C04533,4,4,1,28.009366081201065,0
C04534,4,4,1,49.22563629277487,0
C04535,0,3,0,11.227666250642358,0
C04536,1,3,0,20.63450546217942,0
C04537,0,1,0,14.137554033715066,0
C04538,4,7,1,63.1864561824039,0
C04539,0,3,0,74.3779941007985,0
C04540,1,3,0,7.297533474916408,0
C04541,0,0,0,10.15464825660328,0
C04542,0,2,0,7.586534047615676,0
C04543,1,2,0,14.126160202552862,0
C04544,0,0,0,22.85610133981702,0
C04545,1,1,0,17.197086057656072,0
C04546,0,0,0,23.276182985898217,0
C04547,0,2,0,7.253701732529114,0
C04548,0,1,0,10.932046735972142,0
C04549,0,1,0,11.517887078330784,0
C04550,0,1,0,14.367988715329282,0
C04551,0,2,0,10.906378186329983,0
C04552,0,1,0,8.193367089041935,0
C04553,0,0,0,6.466714335810066,0
C04554,0,4,0,9.968427070887735,0
C04555,0,1,0,16.48048333632406,0
C04556,0,0,0,14.868360379422203,0
C04557,0,1,0,8.631012475514542,0
C04558,0,0,0,17.108727711612445,0
C04559,4,5,0,74.9958589327978,0
C04560,0,1,0,8.099697780973202,0
C04561,3,5,0,25.441054602133974,0
C04562,0,1,0,3.115513750585718,0
C04563,2,3,0,10.169374035553023,0
C04564,0,0,0,2.807673598316825,0
C04565,0,2,0,13.472439037508734,0
C04566,1,2,0,7.321800788693969,0
C04567,0,3,0,11.952593085297002,0
C04568,0,1,0,6.429265043373964,0
C04569,1,2,2,52.188241891490904,1
C04570,2,3,3,81.35212774075274,0
C04571,2,5,0,16.414779338438827,0
C04572,0,1,0,2.3946449983983804,0
C04573,2,2,2,65.42803155138239,0
C04574,0,1,0,82.58666216125485,0
C04575,1,1,0,13.956214610262393,0
C04576,0,0,0,14.485812540212834,0
C04577,2,3,0,16.86200217066257,0
C04578,0,0,0,5.986656137953438,0
C04579,1,2,0,10.623362962658648,0
C04580,0,1,0,5.389690790277781,0
C04581,1,1,0,10.952542636729513,0
C04582,1,3,0,5.401982858654023,0
C04583,0,0,0,5.780553153475616,0
C04584,0,3,0,20.603590028017745,0
C04585,1,1,0,16.509654507923734,0
C04586,2,2,0,10.818470119222464,0
C04587,0,0,0,13.247924725770204,0
C04588,1,3,2,13.313375524654106,1
C04589,1,2,0,27.99164052528207,0
C04590,1,1,0,8.757411993685356,0
C04591,1,1,0,5.767934555240966,0
C04592,0,1,0,10.190965846355494,0
C04593,0,0,0,18.964528546887333,0
C04594,1,1,3,22.9411805173348,3
C04595,0,1,0,10.967203563037806,0
C04596,0,2,0,2.4955692516705223,0
C04597,1,1,0,7.964443909999098,0
C04598,1,4,0,69.03680137673516,0
C04599,0,0,0,13.911057004245801,0
C04600,1,2,0,17.109217260102234,0
C04601,2,3,0,18.875954766692324,0
C04602,6,8,3,20.737857765958886,1
C04603,3,5,0,41.62775140262189,0
C04604,0,1,0,14.771741829441615,0
C04605,0,3,0,14.750787699852186,0
C04606,0,3,0,15.57602084406988,0
C04607,0,1,0,12.383812730141917,0
C04608,0,1,0,4.495090801638662,0
C04609,0,0,0,16.48343708541558,0
C04610,0,0,0,7.33432212379424,0
C04611,0,0,0,7.364725391317794,0
C04612,0,0,0,1.0,0
C04613,1,3,0,17.395665083570705,0
C04614,4,6,3,83.60782588743642,1
C04615,5,7,0,54.49959346104708,0
C04616,0,1,0,15.170261733204322,0
C04617,0,1,0,11.86804579682936,0
C04618,1,3,0,5.007536425911994,0
C04619,0,2,0,13.92009374821181,0
C04620,0,2,0,13.753330115984923,0
C04621,3,5,2,12.85812264384252,0
C04622,0,2,0,14.925981032934668,0
C04623,6,8,1,7.589413888496303,2
C04624,1,2,0,12.443354666786426,0
C04625,0,0,0,19.539576171464354,0
C04626,0,3,0,5.8370186779987066,0
C04627,0,2,0,10.39962206122123,0
C04628,2,3,0,28.107268017757825,0
C04629,2,2,0,1.0,0
C04630,1,4,0,4.248242141025651,0
C04631,0,1,0,14.462471570182258,0
C04632,0,1,0,12.123252569465917,0
C04633,0,0,0,99.3792764465074,0
C04634,0,2,0,56.9460122990015,0
C04635,1,1,0,70.61929486111495,0
C04636,1,2,1,78.15879584412521,0
C04637,0,0,0,14.169646278020029,0
C04638,0,0,0,7.848755924232117,0
C04639,0,3,0,12.238531717422616,0
C04640,2,5,0,11.626876697986521,0
C04641,1,3,0,58.389865659077486,0
C04642,1,2,0,10.26895118768456,0
C04643,0,2,0,5.080348900356235,0
C04644,2,4,2,76.5909791202497,0
C04645,0,1,0,11.147440193390105,0
C04646,1,1,0,6.833169616557554,0
C04647,0,2,0,12.738752003976312,0
C04648,4,5,2,24.87069373785158,0
C04649,2,5,0,21.937047428627935,0
C04650,3,5,2,48.017749314671015,0
C04651,0,1,0,17.354657616679084,0
C04652,0,0,0,12.878637957020846,0
C04653,0,0,0,12.850743086066576,0
C04654,1,2,0,9.44003473714198,0
C04655,3,4,0,32.56388758942289,0
C04656,1,2,0,11.690271517030064,0
C04657,3,4,3,39.98382047142357,1
C04658,1,2,0,6.572886175103281,0
C04659,1,2,0,9.654531080303677,0
C04660,0,0,0,20.941312745638264,0
C04661,0,2,0,3.7106040056687313,0
C04662,0,0,3,47.1699761335751,1
C04663,0,0,0,11.030898823417624,0
C04664,0,0,0,11.030465163427953,0
C04665,0,4,0,16.26336346615354,0
C04666,0,3,0,6.634395366813934,0
C04667,0,5,0,17.222686735547313,0
C04668,2,2,0,13.310983471810552,0
C04669,1,3,0,21.891946016496163,0
C04670,0,1,0,14.078325691739035,0
C04671,0,3,0,17.598146613815523,0
C04672,0,1,0,8.940562685439064,0
C04673,0,0,0,13.12663002273042,0
C04674,1,2,0,11.178674759791255,0
C04675,0,2,0,12.131306922844942,0
C04676,1,2,0,1.4259168626143222,0
C04677,0,1,0,5.661108550131342,0
C04678,1,2,3,59.683738505644705,1
C04679,2,3,0,12.50921307833586,0
C04680,3,3,0,2.456922293215971,0
C04681,0,3,3,67.79166915782668,0
C04682,0,0,0,13.753991423979551,0
C04683,1,2,0,26.62229747926712,0
C04684,2,3,3,71.9327602899811,0
C04685,1,1,0,8.016663561936664,0
C04686,0,1,0,7.526280756189762,0
C04687,0,0,0,11.552814127463298,0
C04688,0,1,0,16.486207696994473,0
C04689,0,0,0,22.39489023372351,0
C04690,0,0,0,7.3524969298202745,0
C04691,0,1,0,12.504630074670139,0
C04692,0,0,0,9.984794334989328,0
C04693,0,1,0,32.925523841811184,0
C04694,1,3,0,15.095794797747569,0
C04695,3,3,1,33.792957556960936,0
C04696,1,4,0,10.887246002742277,0
C04697,0,0,0,2.262049457973726,0
C04698,0,0,0,13.696373464365717,0
C04699,0,1,0,18.113752913051144,0
C04700,4,7,0,69.05294718967998,0
C04701,1,2,0,9.62317601755019,0
C04702,2,2,3,48.58181913533409,0
C04703,3,3,0,56.49933981515054,0
C04704,0,1,0,18.107442210322407,0
C04705,0,0,0,24.117672935006112,0
C04706,1,2,0,1.227531017685152,0
C04707,0,1,0,10.419570754675828,0
C04708,1,3,0,6.567553619293662,0
C04709,4,6,1,47.63209554567988,0
C04710,0,0,0,17.142764093395435,0
C04711,0,1,0,13.911137768692582,0
C04712,0,1,0,9.994174496385318,0
C04713,3,5,0,33.80832035968993,0
C04714,3,6,0,51.83896529529569,0
C04715,0,1,0,6.017958300527937,0
C04716,0,1,0,15.068038062392606,0
C04717,0,1,0,11.849295120506527,0
C04718,2,2,0,22.88723722135484,0
C04719,2,2,2,62.250472191274014,0
C04720,2,2,3,53.100826738094064,0
C04721,0,0,0,5.8326026359103835,0
C04722,0,0,0,4.20820900244764,0
C04723,1,2,0,5.259615054170589,0
C04724,1,1,0,25.982798944628044,0
C04725,2,2,0,51.8174566730911,0
C04726,2,3,0,19.764786720097387,0
C04727,2,2,0,19.08559913185431,0
C04728,0,0,0,14.792884560209277,0
C04729,0,2,0,8.912399541162188,0
C04730,1,1,0,18.89716149086768,0
C04731,1,2,0,14.621047875554579,0
C04732,3,5,2,54.65480644812356,0
C04733,1,2,0,9.759341976043688,0
C04734,1,3,0,6.572887798302867,0
C04735,1,1,2,20.55271242634455,3
C04736,0,0,0,21.995751780157356,0
C04737,1,1,0,6.666866770035424,0
C04738,2,3,1,65.23924263587277,1
C04739,0,1,0,15.824877510982434,0
C04740,2,2,3,54.96887546785182,0
C04741,0,2,0,18.089251851464173,0
C04742,0,0,0,6.671866384140869,0
C04743,4,6,0,36.356468452603494,0
C04744,0,0,0,11.75222305313576,0
C04745,4,5,0,8.695279117763356,0
C04746,0,1,0,19.48049637789628,0
C04747,0,1,0,8.798390353459027,0
C04748,0,0,0,19.348331498047806,0
C04749,0,2,0,7.187001423697516,0
C04750,1,3,0,13.688956213800738,0
C04751,0,2,0,7.323448249663967,0
C04752,0,0,0,71.50066591705242,0
C04753,1,1,1,84.86509084191147,2
C04754,0,0,0,15.345692651417604,0
C04755,3,3,3,53.87484130419625,0
C04756,1,2,0,19.820785327984765,0
C04757,4,4,3,93.40019339852535,3
C04758,2,2,3,28.305930083340435,4
C04759,1,2,0,3.3681581662515967,0
C04760,1,2,0,14.098295898747132,0
C04761,1,2,0,32.03814236016463,0
C04762,1,2,3,60.861942096952546,1
C04763,0,0,0,11.068819328829722,0
C04764,0,1,0,16.069989219719602,0
C04765,0,0,0,8.567444443835559,0
C04766,2,5,0,33.789670923948194,0
C04767,1,3,0,19.637963980569644,0
C04768,0,0,0,15.900037337779551,0
C04769,0,1,0,18.648738292907083,0
C04770,3,5,3,71.85236358878721,0
C04771,0,0,0,1.0,0
C04772,2,4,3,67.20428429543637,1
C04773,0,0,0,26.380403378121347,0
C04774,1,3,0,8.934103006009128,0
C04775,1,2,0,17.434239984532155,0
C04776,0,1,0,13.154298273142679,0
C04777,1,2,0,31.152082003438224,0
C04778,1,3,0,87.39145119649528,0
C04779,1,2,0,11.029787627434464,0
C04780,3,5,1,74.29674983335852,2
C04781,0,0,0,7.2908675252653214,0
C04782,6,6,1,21.004315483008437,1
C04783,0,2,0,12.658789157470364,0
C04784,1,2,0,29.296302380678238,0
C04785,1,2,0,13.069918647990116,0
C04786,2,3,0,13.628718890749813,0
C04787,1,1,0,16.827418011890046,0
C04788,0,2,3,48.33509960669814,0
C04789,0,3,0,76.32369410779583,0
C04790,1,2,0,13.814658517466345,0
C04791,5,7,2,24.566681168519132,0
C04792,1,1,1,62.13871093803084,0
C04793,0,1,0,5.3907808192419004,0
C04794,4,4,3,96.50267946167675,0
C04795,0,1,0,6.958376262237169,0
C04796,4,5,0,36.01805145017086,0
C04797,1,1,0,20.21900393756187,0
C04798,1,2,0,9.995121281624858,0
C04799,1,2,0,65.87685587957714,0
C04800,0,1,0,11.74866608750351,0
C04801,1,3,0,11.111204989201855,0
C04802,1,2,0,6.023308116145694,0
C04803,0,1,0,10.47977506301893,0
C04804,1,4,0,10.875026539183438,0
C04805,0,1,0,16.32108900055809,0
C04806,1,3,0,8.002031493847923,0
C04807,0,0,0,3.2187975000935563,0
C04808,4,4,1,66.78887029332621,0
C04809,1,2,0,21.89064175989784,0
C04810,0,0,0,7.349211096623849,0
C04811,4,4,0,42.917542086175644,0
C04812,0,0,0,19.304050576773523,0
C04813,1,2,0,7.8142598423529135,0
C04814,1,2,0,3.5579543415268695,0
C04815,0,1,0,4.111759367776143,0
C04816,0,1,0,6.427638790132031,0
C04817,0,0,0,30.68816209579583,0
C04818,1,2,1,48.28373536315757,0
C04819,2,2,3,52.02672707620491,0
C04820,1,1,0,3.496535726978003,0
C04821,0,1,2,25.43743382643352,1
C04822,0,1,0,21.052115639482718,0
C04823,0,1,0,41.495848886284435,0
C04824,5,5,2,66.51587593462517,2
C04825,0,0,0,17.488263257432543,0
C04826,2,3,0,10.938504055453508,0
C04827,1,2,0,18.43248742709069,0
C04828,3,3,0,15.681316829496803,0
C04829,3,3,2,62.31922701947281,1
C04830,4,4,1,12.36528803332505,0
C04831,1,2,0,21.26504316651344,0
C04832,1,4,0,7.521521686119798,0
C04833,0,0,0,23.840228234838595,0
C04834,1,1,0,4.065576251246463,0
C04835,1,2,0,17.49779746817056,0
C04836,2,3,0,95.43193752099577,0
C04837,3,4,0,51.17296579234481,0
C04838,0,0,0,13.002254181214306,0
C04839,4,8,0,44.25789938248191,0
C04840,1,1,0,59.12431005405919,0
C04841,1,3,0,11.072001345818103,0
C04842,2,3,0,11.055052828587936,0
C04843,0,0,0,64.0044675667619,0
C04844,0,1,0,12.814640563480557,0
C04845,0,1,0,18.96998725279611,0
C04846,0,1,0,15.716403211097028,0
C04847,1,3,0,6.499483156230602,0
C04848,4,5,2,37.9748751749036,0
C04849,0,1,0,15.22983244742597,0
C04850,1,5,0,9.019246372205252,0
C04851,3,4,2,77.61909734109489,3
C04852,5,5,0,35.43305475119635,0
C04853,0,0,0,8.573623801081125,0
C04854,1,1,0,14.256423114163496,0
C04855,0,0,0,78.49191322674983,0
C04856,1,2,0,5.178150123448331,0
C04857,0,1,0,14.034405353390724,0
C04858,1,2,0,38.86339820146302,0
C04859,0,1,0,7.800991456439369,0
C04860,3,3,2,21.885474612703756,0
C04861,1,1,0,20.19081603819328,0
C04862,0,0,0,1.7227682505992252,0
C04863,1,1,0,6.212716698453519,0
C04864,0,0,0,42.41774838303198,0
C04865,0,0,0,22.68412761833318,0
C04866,0,1,0,19.247201264633343,0
C04867,0,4,0,18.782303780715115,0
C04868,5,5,0,41.263533545463304,0
C04869,2,2,0,7.7823504970266235,0
C04870,0,2,0,67.68947021451453,0
C04871,0,2,0,35.094109720441196,0
C04872,1,3,0,9.264473631351166,0
C04873,0,2,0,15.500763956146402,0
C04874,1,2,0,16.569040213185815,0
C04875,1,2,0,12.537514617227513,0
C04876,3,5,3,69.93533768712629,0
C04877,0,1,0,14.251198664373169,0
C04878,5,5,0,35.834679876007456,0
C04879,1,2,1,49.66546536890958,0
C04880,0,1,0,16.57604789637606,0
C04881,0,0,0,20.986481841551317,0
C04882,0,1,0,47.557913302441925,0
C04883,1,3,0,1.0,0
C04884,1,1,0,21.64620622078802,0
C04885,1,3,0,17.169462552710648,0
C04886,0,0,0,3.3307219329237228,0
C04887,0,2,0,17.376888935926882,0
C04888,1,1,0,11.189239532492005,0
C04889,1,4,1,47.526589641297996,0
C04890,0,1,0,8.303153849672864,0
C04891,0,1,0,8.12085758307666,0
C04892,1,3,0,27.908369542429988,0
C04893,1,3,0,8.299552563563722,0
C04894,0,0,0,8.7971695529493,0
C04895,1,1,0,14.107970007376835,0
C04896,0,2,0,25.95174131887172,0
C04897,0,0,0,21.870334028923832,0
C04898,0,0,0,9.854479007553039,0
C04899,0,1,0,8.967065254078518,0
C04900,2,3,0,22.817426663516706,0
C04901,0,0,0,9.975699783549477,0
C04902,0,3,0,11.380078965191764,0
C04903,0,1,0,14.391504378037068,0
C04904,3,3,0,31.84835919436954,0
C04905,2,5,0,2.4465175500330414,0
C04906,2,3,0,12.614001597090176,0
C04907,1,2,0,19.17819901149978,0
C04908,1,3,0,10.33167553495307,0
C04909,0,2,0,7.452971535543501,0
C04910,0,0,0,14.977885266625828,0
C04911,0,0,0,10.371448813557905,0
C04912,0,0,0,8.536884024279946,0
C04913,0,1,0,9.669087509954641,0
C04914,0,0,0,12.872704720504702,0
C04915,3,4,1,27.35078503396636,3
C04916,0,0,0,16.174601232415156,0
C04917,1,1,0,17.1857660806385,0
C04918,0,0,0,8.45880105448225,0
C04919,0,2,0,14.31811380202783,0
C04920,1,1,0,16.178170797552394,0
C04921,0,1,0,61.171608049284615,0
C04922,1,1,1,72.28049087923583,0
C04923,1,3,0,10.439376815220108,0
C04924,0,0,0,13.611578582341131,0
C04925,2,2,2,25.44161107686679,1
C04926,1,4,2,59.90900973328197,0
C04927,0,0,0,22.602278301723437,0
C04928,2,5,3,31.06742168415512,0
C04929,0,1,0,13.989715307904417,0
C04930,0,2,0,19.442181029739373,0
C04931,3,5,1,66.94248076741312,0
C04932,1,3,0,4.971638540717949,0
C04933,4,4,0,63.399338743032274,0
C04934,2,3,0,10.722097236007471,0
C04935,1,3,0,56.82688482571818,0
C04936,0,2,0,1.0,0
C04937,0,1,0,83.23778421252746,0
C04938,2,2,0,1.8635270341018924,0
C04939,0,3,0,14.494872564618701,0
C04940,0,0,0,46.53995854773046,0
C04941,0,0,0,13.472534499741364,0
C04942,2,3,3,38.48327709413565,1
C04943,0,0,0,12.36292245453056,0
C04944,0,1,0,4.983358682729847,0
C04945,0,3,0,14.616278193600373,0
C04946,2,2,0,11.78981037297806,0
C04947,1,2,0,69.67078813836962,0
C04948,3,5,2,26.703565486767612,0
C04949,2,3,1,91.15787285962755,0
C04950,0,0,0,13.24110245811369,0
C04951,0,0,0,24.15295442573415,0
C04952,0,1,0,1.0,0
C04953,0,1,0,34.921689817402736,0
C04954,6,8,1,1.0,0
C04955,4,6,0,72.15903834564558,0
C04956,0,0,0,20.150751636546982,0
C04957,0,1,0,100.39202311987492,0
C04958,2,3,0,63.95619197472473,0
C04959,0,2,0,87.19823895498173,0
C04960,0,2,0,6.487925962880887,0
C04961,0,2,0,32.58049689111118,0
C04962,6,7,2,39.4343729647905,2
C04963,1,1,0,18.55763739568622,0
C04964,0,0,0,10.021292153302372,0
C04965,1,4,0,12.923326520852065,0
C04966,0,1,0,16.567585636071733,0
C04967,2,4,3,7.235278961556652,2
C04968,1,1,0,19.17713871283414,0
C04969,1,3,0,57.405593546194154,0
C04970,0,2,1,34.81190556010654,0
C04971,2,2,2,68.40792448209143,0
C04972,0,0,0,12.059104972050367,0
C04973,0,1,0,10.87840706014568,0
C04974,0,1,0,14.525793365250644,0
C04975,3,4,0,1.0,0
C04976,0,1,0,19.211882171301138,0
C04977,0,2,0,15.539497490561427,0
C04978,0,3,0,24.354710664274684,0
C04979,0,1,0,13.086989073418337,0
C04980,0,0,0,15.904618010109074,0
C04981,5,6,2,68.7918308515337,0
C04982,0,0,0,6.141143100831559,0
C04983,0,1,0,17.82071137800191,0
C04984,1,2,0,5.0219094926551975,0
C04985,0,1,0,6.164584559757598,0
C04986,1,2,0,116.69971538435775,0
C04987,1,1,0,6.014810457845416,0
C04988,0,1,0,5.427441554152549,0
C04989,0,0,0,3.717487299479407,0
C04990,0,0,0,8.846965071248887,0
C04991,1,1,0,18.599665184976054,0
C04992,3,6,1,66.96895100275658,0
C04993,0,0,0,10.680149621397659,0
C04994,0,0,0,5.0468073164516,0
C04995,1,3,0,22.810407799901427,0
C04996,2,3,0,71.42258562835138,0
C04997,1,2,0,6.318468130584904,0
C04998,0,2,0,55.502492993821804,0
C04999,3,3,1,110.84485550893089,2
C05000,0,2,0,10.465184677916486,0
